mtllib VIIC.mtl
o bowPlanes
v -0.35 4.768371586472142e-08 1.0093996185302743
v -0.35 0.002389047683715839 0.9913236185302736
v -0.45 4.768371586472142e-08 1.0053156185302718
v -0.45 0.002379447683715785 0.9873126185302752
v -0.35 0.009217547683715743 0.9379976185302752
v -0.45 0.009180147683715889 0.9342036185302725
v -0.35 0.019574447683715857 0.8520996185302749
v -0.45 0.0194952476837158 0.8486536185302747
v -0.35 0.0322183476837159 0.7379356185302726
v -0.45 0.03208804768371576 0.7349506185302737
v -0.35 0.045785647683715736 0.6012306185302734
v -0.45 0.0456005476837158 0.598799618530272
v -0.35 0.058850847683715735 0.4488376185302734
v -0.45 0.058612847683715774 0.4470216185302718
v -0.35 0.06987404768371586 0.2884006185302752
v -0.45 0.06959144768371583 0.28723361853027285
v -0.35 0.07719664768371581 0.127961618530275
v -0.45 0.07688424768371571 0.12744561853027392
v -0.35 0.07923604768371573 -0.024429381469726508
v -0.45 0.07891544768371572 -0.024332381469726272
v -0.35 0.07487334768371579 -0.16113638146972775
v -0.45 0.0745704476837159 -0.16048438146972543
v -0.35 0.06383324768371579 -0.2753003814697266
v -0.45 0.0635750476837158 -0.27418738146972643
v -0.35 0.04679234768371576 -0.3611983814697268
v -0.45 0.046603047683715815 -0.3597373814697278
v -0.35 0.02506824768371585 -0.41452238146972675
v -0.45 0.024966947683715768 -0.41284538146972594
v -0.35 4.768371586472142e-08 -0.4326003814697259
v -0.45 4.768371586472142e-08 -0.4308493814697272
v -0.35 -0.02506825231628418 -0.41452238146972675
v -0.45 -0.024966952316284097 -0.41284538146972594
v -0.35 -0.04679235231628409 -0.3611983814697268
v -0.45 -0.046603052316284144 -0.3597373814697278
v -0.35 -0.06383325231628412 -0.2753003814697266
v -0.45 -0.06357505231628413 -0.27418738146972643
v -0.35 -0.07487335231628411 -0.16113638146972775
v -0.45 -0.07457045231628423 -0.16048438146972543
v -0.35 -0.07923605231628428 -0.024429381469726508
v -0.45 -0.07891545231628427 -0.024332381469726272
v -0.35 -0.07719655231628408 0.127961618530275
v -0.45 -0.07688425231628426 0.12744561853027392
v -0.35 -0.06987405231628419 0.2884006185302752
v -0.45 -0.06959145231628416 0.28723361853027285
v -0.35 -0.058850852316284286 0.4488376185302734
v -0.45 -0.0586128523162841 0.4470216185302718
v -0.35 -0.04578565231628429 0.6012306185302734
v -0.45 -0.045600552316284126 0.598799618530272
v -0.35 -0.03221835231628423 0.7379356185302726
v -0.45 -0.03208805231628409 0.7349506185302737
v -0.35 -0.019574452316284185 0.8520996185302749
v -0.45 -0.01949525231628413 0.8486536185302747
v -0.35 -0.009217452316284236 0.9379976185302752
v -0.45 -0.009180152316284218 0.9342036185302725
v -0.35 -0.002389052316284168 0.9913236185302736
v -0.45 -0.002379452316284114 0.9873126185302752
v -0.55 4.768371586472142e-08 1.001233618530275
v -0.55 0.002369747683715895 0.9833026185302742
v -0.55 0.009142847683715871 0.9304096185302733
v -0.55 0.019416047683715743 0.8452076185302744
v -0.55 0.03195774768371584 0.7319656185302748
v -0.55 0.04541524768371574 0.5963646185302736
v -0.55 0.058374747683715755 0.44520561853027374
v -0.55 0.06930874768371575 0.286065618530273
v -0.55 0.07657194768371589 0.12692661853027332
v -0.55 0.07859494768371578 -0.024232381469726505
v -0.55 0.0742675476837158 -0.15983238146972667
v -0.55 0.06331684768371582 -0.27307338146972526
v -0.55 0.04641374768371587 -0.3582763814697252
v -0.55 0.02486554768371585 -0.41116938146972615
v -0.55 4.768371586472142e-08 -0.42910038146972695
v -0.55 -0.02486555231628418 -0.41116938146972615
v -0.55 -0.046413752316284196 -0.3582763814697252
v -0.55 -0.06331685231628414 -0.27307338146972526
v -0.55 -0.07426755231628412 -0.15983238146972667
v -0.55 -0.0785949523162841 -0.024232381469726505
v -0.55 -0.07657195231628422 0.12692661853027332
v -0.55 -0.06930875231628408 0.286065618530273
v -0.55 -0.058374752316284084 0.44520561853027374
v -0.55 -0.04541525231628407 0.5963646185302736
v -0.55 -0.03195775231628417 0.7319656185302748
v -0.55 -0.01941605231628407 0.8452076185302744
v -0.55 -0.0091428523162842 0.9304096185302733
v -0.55 -0.0023697523162842238 0.9833026185302742
v -0.65 4.768371586472142e-08 0.9971496185302726
v -0.65 0.0023600476837157824 0.9792916185302722
v -0.65 0.009105547683715853 0.926614618530273
v -0.65 0.019336847683715908 0.841759618530272
v -0.65 0.031827447683715926 0.7289806185302723
v -0.65 0.045230047683715746 0.5939326185302747
v -0.65 0.058136747683715795 0.44338961853027214
v -0.65 0.06902614768371573 0.2849006185302727
v -0.65 0.0762597476837159 0.12640961853027477
v -0.65 0.07827444768371583 -0.024133381469727766
v -0.65 0.07396474768371575 -0.1591803814697279
v -0.65 0.06305864768371583 -0.27195938146972765
v -0.65 0.04622444768371592 -0.35681538146972613
v -0.65 0.024764047683715873 -0.40949238146972533
v -0.65 4.768371586472142e-08 -0.42734938146972823
v -0.65 -0.024764052316284202 -0.40949238146972533
v -0.65 -0.04622445231628425 -0.35681538146972613
v -0.65 -0.06305865231628416 -0.27195938146972765
v -0.65 -0.07396475231628408 -0.1591803814697279
v -0.65 -0.07827445231628416 -0.024133381469727766
v -0.65 -0.07625975231628424 0.12640961853027477
v -0.65 -0.06902615231628428 0.2849006185302727
v -0.65 -0.05813665231628429 0.44338961853027214
v -0.65 -0.045230052316284075 0.5939326185302747
v -0.65 -0.031827452316284255 0.7289806185302723
v -0.65 -0.019336852316284237 0.841759618530272
v -0.65 -0.009105552316284182 0.926614618530273
v -0.65 -0.0023601523162841698 0.9792916185302722
v -0.75 4.768371586472142e-08 0.9930666185302748
v -0.75 0.0023504476837157284 0.9752826185302723
v -0.75 0.009068247683715835 0.9228206185302739
v -0.75 0.01925764768371585 0.8383126185302743
v -0.75 0.03169704768371573 0.7259956185302734
v -0.75 0.04504494768371581 0.5915016185302733
v -0.75 0.057898647683715776 0.4415736185302741
v -0.75 0.06874344768371587 0.2837336185302739
v -0.75 0.07594744768371586 0.12589261853027267
v -0.75 0.07795394768371589 -0.024034381469725474
v -0.75 0.07366184768371586 -0.15852938146972662
v -0.75 0.06280044768371584 -0.2708453814697265
v -0.75 0.04603514768371575 -0.3553543814697271
v -0.75 0.02466274768371579 -0.40781638146972554
v -0.75 4.768371586472142e-08 -0.425600381469728
v -0.75 -0.02466275231628412 -0.40781638146972554
v -0.75 -0.04603515231628408 -0.3553543814697271
v -0.75 -0.06280045231628417 -0.2708453814697265
v -0.75 -0.0736618523162842 -0.15852938146972662
v -0.75 -0.07795395231628421 -0.024034381469725474
v -0.75 -0.07594745231628419 0.12589261853027267
v -0.75 -0.0687434523162842 0.2837336185302739
v -0.75 -0.057898652316284105 0.4415736185302741
v -0.75 -0.04504495231628414 0.5915016185302733
v -0.75 -0.03169705231628428 0.7259956185302734
v -0.75 -0.01925765231628418 0.8383126185302743
v -0.75 -0.009068252316284164 0.9228206185302739
v -0.75 -0.0023504523162842794 0.9752826185302723
v -0.85 4.768371586472142e-08 0.9889836185302734
v -0.85 0.002340747683715838 0.9712716185302739
v -0.85 0.009031047683715876 0.9190256185302736
v -0.85 0.019178547683715852 0.834865618530273
v -0.85 0.03156674768371581 0.7230106185302745
v -0.85 0.04485964768371575 0.5890696185302744
v -0.85 0.05766054768371576 0.43975861853027354
v -0.85 0.06846084768371585 0.28256561853027407
v -0.85 0.07563514768371582 0.12537361853027207
v -0.85 0.07763334768371588 -0.023935381469726735
v -0.85 0.07335884768371592 -0.15787738146972785
v -0.85 0.06254224768371586 -0.2697313814697253
v -0.85 0.04584594768371586 -0.35389338146972804
v -0.85 0.024561247683715814 -0.4061393814697283
v -0.85 4.768371586472142e-08 -0.42384938146972573
v -0.85 -0.024561252316284143 -0.4061393814697283
v -0.85 -0.04584595231628419 -0.35389338146972804
v -0.85 -0.06254215231628413 -0.2697313814697253
v -0.85 -0.07335895231628409 -0.15787738146972785
v -0.85 -0.07763335231628421 -0.023935381469726735
v -0.85 -0.07563515231628415 0.12537361853027207
v -0.85 -0.06846085231628418 0.28256561853027407
v -0.85 -0.057660552316284086 0.43975861853027354
v -0.85 -0.04485965231628408 0.5890696185302744
v -0.85 -0.03156675231628414 0.7230106185302745
v -0.85 -0.01917855231628418 0.834865618530273
v -0.85 -0.009031052316284205 0.9190256185302736
v -0.85 -0.002340752316284167 0.9712716185302739
v -0.95 4.768371586472142e-08 0.9848996185302745
v -0.95 0.002331147683715784 0.967262618530274
v -0.95 0.008993747683715858 0.9152316185302745
v -0.95 0.019099347683715795 0.8314196185302727
v -0.95 0.031436447683715896 0.720025618530272
v -0.95 0.04467434768371592 0.586637618530272
v -0.95 0.0574225476837158 0.437944618530274
v -0.95 0.06817814768371577 0.28140061853027376
v -0.95 0.07532284768371578 0.12485661853027352
v -0.95 0.07731284768371571 -0.0238383814697265
v -0.95 0.07305594768371582 -0.15722438146972806
v -0.95 0.062283847683715754 -0.2686173814697277
v -0.95 0.04565664768371591 -0.35243238146972544
v -0.95 0.024459847683715896 -0.4044603814697254
v -0.95 4.768371586472142e-08 -0.4221003814697255
v -0.95 -0.024459852316284225 -0.4044603814697254
v -0.95 -0.04565665231628424 -0.35243238146972544
v -0.95 -0.06228385231628408 -0.2686173814697277
v -0.95 -0.07305595231628415 -0.15722438146972806
v -0.95 -0.07731285231628426 -0.0238383814697265
v -0.95 -0.0753228523162841 0.12485661853027352
v -0.95 -0.0681781523162841 0.28140061853027376
v -0.95 -0.057422552316284126 0.437944618530274
v -0.95 -0.04467435231628425 0.586637618530272
v -0.95 -0.031436452316284225 0.720025618530272
v -0.95 -0.019099352316284124 0.8314196185302727
v -0.95 -0.008993752316284187 0.9152316185302745
v -0.95 -0.002331152316284113 0.967262618530274
v -1.05 4.768371586472142e-08 0.9808156185302721
v -1.05 0.0023214476837158937 0.9632506185302745
v -1.05 0.00895644768371584 0.9114376185302717
v -1.05 0.0190200476837159 0.8279696185302718
v -1.05 0.03130604768371592 0.7170396185302721
v -1.05 0.044489147683715924 0.5842056185302731
v -1.05 0.05718444768371578 0.4361286185302724
v -1.05 0.06789544768371591 0.28023361853027495
v -1.05 0.07501054768371573 0.12433861853027395
v -1.05 0.07699224768371593 -0.023738381469726733
v -1.05 0.07275304768371571 -0.15657238146972574
v -1.05 0.06202564768371577 -0.267505381469725
v -1.05 0.04546734768371574 -0.35097038146972537
v -1.05 0.024358547683715814 -0.4027843814697256
v -1.05 4.768371586472142e-08 -0.4203493814697268
v -1.05 -0.024358552316284143 -0.4027843814697256
v -1.05 -0.04546735231628407 -0.35097038146972537
v -1.05 -0.0620256523162841 -0.267505381469725
v -1.05 -0.07275305231628426 -0.15657238146972574
v -1.05 -0.07699225231628426 -0.023738381469726733
v -1.05 -0.07501055231628428 0.12433861853027395
v -1.05 -0.06789545231628424 0.28023361853027495
v -1.05 -0.05718445231628411 0.4361286185302724
v -1.05 -0.04448915231628425 0.5842056185302731
v -1.05 -0.03130605231628425 0.7170396185302721
v -1.05 -0.01902005231628423 0.8279696185302718
v -1.05 -0.00895645231628417 0.9114376185302717
v -1.05 -0.0023214523162842227 0.9632506185302745
v -1.15 4.768371586472142e-08 0.9767346185302728
v -1.15 0.0023118476837158397 0.9592416185302746
v -1.15 0.008919147683715822 0.9076426185302751
v -1.15 0.018940947683715903 0.8245236185302751
v -1.15 0.031175747683715782 0.7140536185302722
v -1.15 0.044304047683715764 0.5817736185302742
v -1.15 0.05694634768371576 0.43431261853027436
v -1.15 0.06761274768371583 0.2790656185302751
v -1.15 0.07469834768371575 0.12382161853027185
v -1.15 0.07667184768371582 -0.02364038146972547
v -1.15 0.07245024768371588 -0.15592238146972548
v -1.15 0.06176744768371578 -0.2663913814697274
v -1.15 0.045278047683715794 -0.34951038146972735
v -1.15 0.024257047683715838 -0.4011073814697248
v -1.15 4.768371586472142e-08 -0.41860038146972656
v -1.15 -0.024257052316284167 -0.4011073814697248
v -1.15 -0.04527805231628412 -0.34951038146972735
v -1.15 -0.06176745231628411 -0.2663913814697274
v -1.15 -0.07245025231628421 -0.15592238146972548
v -1.15 -0.07667185231628415 -0.02364038146972547
v -1.15 -0.07469835231628408 0.12382161853027185
v -1.15 -0.06761275231628416 0.2790656185302751
v -1.15 -0.05694635231628409 0.43431261853027436
v -1.15 -0.04430405231628409 0.5817736185302742
v -1.15 -0.03117575231628411 0.7140536185302722
v -1.15 -0.018940952316284232 0.8245236185302751
v -1.15 -0.008919152316284151 0.9076426185302751
v -1.15 -0.0023118523162841687 0.9592416185302746
v -1.25 4.768371586472142e-08 0.9726496185302729
v -1.25 0.002302047683715891 0.9552306185302726
v -1.25 0.008881847683715804 0.9038486185302723
v -1.25 0.018861747683715846 0.8210776185302748
v -1.25 0.031045447683715865 0.7110696185302743
v -1.25 0.04411874768371593 0.5793396185302733
v -1.25 0.0567083476837158 0.43249661853027277
v -1.25 0.06733014768371581 0.2779006185302748
v -1.25 0.07438604768371593 0.1233046185302733
v -1.25 0.07635124768371582 -0.023540381469725702
v -1.25 0.07214734768371578 -0.15527038146972671
v -1.25 0.061509247683715795 -0.26527738146972624
v -1.25 0.045088747683715846 -0.34804738146972625
v -1.25 0.02415564768371592 -0.39943038146972754
v -1.25 4.768371586472142e-08 -0.41684938146972783
v -1.25 -0.02415565231628425 -0.39943038146972754
v -1.25 -0.045088752316284175 -0.34804738146972625
v -1.25 -0.061509252316284124 -0.26527738146972624
v -1.25 -0.07214735231628411 -0.15527038146972671
v -1.25 -0.07635125231628415 -0.023540381469725702
v -1.25 -0.0743859523162842 0.1233046185302733
v -1.25 -0.06733015231628414 0.2779006185302748
v -1.25 -0.05670835231628413 0.43249661853027277
v -1.25 -0.04411875231628426 0.5793396185302733
v -1.25 -0.031045452316284194 0.7110696185302743
v -1.25 -0.018861752316284175 0.8210776185302748
v -1.25 -0.008881852316284133 0.9038486185302723
v -1.25 -0.00230205231628422 0.9552306185302726
v -1.35 4.768371586472142e-08 0.968566618530275
v -1.35 0.0022923476837157786 0.9512216185302727
v -1.35 0.008844647683715845 0.9000526185302746
v -1.35 0.018782647683715847 0.8176306185302735
v -1.35 0.03091504768371589 0.7080836185302744
v -1.35 0.04393354768371571 0.5769076185302744
v -1.35 0.05647024768371578 0.4306816185302722
v -1.35 0.06704744768371573 0.27673361853027245
v -1.35 0.07407364768371583 0.1227856185302727
v -1.35 0.07603074768371587 -0.023440381469725935
v -1.35 0.0718444476837159 -0.15461738146972692
v -1.35 0.06125104768371581 -0.2641643814697261
v -1.35 0.0448994476837159 -0.3465863814697272
v -1.35 0.02405414768371572 -0.39775438146972775
v -1.35 4.768371586472142e-08 -0.4151003814697276
v -1.35 -0.024054152316284272 -0.39775438146972775
v -1.35 -0.04489945231628423 -0.3465863814697272
v -1.35 -0.06125105231628414 -0.2641643814697261
v -1.35 -0.07184445231628422 -0.15461738146972692
v -1.35 -0.0760307523162842 -0.023440381469725935
v -1.35 -0.07407365231628416 0.1227856185302727
v -1.35 -0.06704745231628428 0.27673361853027245
v -1.35 -0.05647025231628411 0.4306816185302722
v -1.35 -0.04393355231628426 0.5769076185302744
v -1.35 -0.03091505231628422 0.7080836185302744
v -1.35 -0.018782652316284176 0.8176306185302735
v -1.35 -0.008844652316284174 0.9000526185302746
v -1.35 -0.0022923523162841075 0.9512216185302727
v -1.45 4.768371586472142e-08 0.9644836185302736
v -1.45 0.0022827476837157246 0.9472096185302732
v -1.45 0.008807347683715827 0.8962596185302729
v -1.45 0.018703347683715732 0.8141846185302732
v -1.45 0.030784747683715752 0.7050996185302729
v -1.45 0.043748347683715716 0.574476618530273
v -1.45 0.05623224768371582 0.42886561853027416
v -1.45 0.06676484768371571 0.2755656185302726
v -1.45 0.07376144768371584 0.12226961853027518
v -1.45 0.07571014768371587 -0.023342381469728224
v -1.45 0.07154154768371579 -0.15396538146972816
v -1.45 0.06099284768371582 -0.2630503814697249
v -1.45 0.04471014768371573 -0.34512538146972815
v -1.45 0.02395284768371586 -0.39607838146972796
v -1.45 4.768371586472142e-08 -0.41334938146972533
v -1.45 -0.02395285231628419 -0.39607838146972796
v -1.45 -0.04471015231628428 -0.34512538146972815
v -1.45 -0.06099285231628415 -0.2630503814697249
v -1.45 -0.07154155231628412 -0.15396538146972816
v -1.45 -0.0757101523162842 -0.023342381469728224
v -1.45 -0.07376145231628417 0.12226961853027518
v -1.45 -0.06676485231628426 0.2755656185302726
v -1.45 -0.05623225231628415 0.42886561853027416
v -1.45 -0.04374835231628427 0.574476618530273
v -1.45 -0.03078475231628408 0.7050996185302729
v -1.45 -0.018703352316284283 0.8141846185302732
v -1.45 -0.008807252316284098 0.8962596185302729
v -1.45 -0.0022827523162842756 0.9472096185302732
v -1.55 4.768371586472142e-08 0.9603996185302748
v -1.55 0.002273047683715834 0.9432006185302733
v -1.55 0.00877004768371581 0.8924656185302737
v -1.55 0.018624147683715897 0.8107356185302734
v -1.55 0.030654447683715835 0.702113618530273
v -1.55 0.04356314768371572 0.5720446185302741
v -1.55 0.0559941476837158 0.42704961853027257
v -1.55 0.06648214768371585 0.2744006185302723
v -1.55 0.0734491476837158 0.12174961853027355
v -1.55 0.07538964768371592 -0.02324438146972696
v -1.55 0.07123874768371574 -0.15331438146972687
v -1.55 0.06073454768371578 -0.2619363814697273
v -1.55 0.04452084768371578 -0.34366438146972556
v -1.55 0.023851347683715884 -0.3944003814697261
v -1.55 4.768371586472142e-08 -0.4116003814697251
v -1.55 -0.023851352316284213 -0.3944003814697261
v -1.55 -0.04452085231628411 -0.34366438146972556
v -1.55 -0.06073455231628411 -0.2619363814697273
v -1.55 -0.07123875231628407 -0.15331438146972687
v -1.55 -0.07538965231628425 -0.02324438146972696
v -1.55 -0.07344915231628413 0.12174961853027355
v -1.55 -0.06648215231628418 0.2744006185302723
v -1.55 -0.05599415231628413 0.42704961853027257
v -1.55 -0.04356315231628427 0.5720446185302741
v -1.55 -0.030654452316284164 0.702113618530273
v -1.55 -0.018624152316284226 0.8107356185302734
v -1.55 -0.00876995231628408 0.8924656185302737
v -1.55 -0.002273052316284163 0.9432006185302733
v -1.65 4.768371586472142e-08 0.9563156185302724
v -1.65 0.00226344768371578 0.9391896185302748
v -1.65 0.008732647683715733 0.8886696185302725
v -1.65 0.0185450476837159 0.8072896185302731
v -1.65 0.03052404768371586 0.6991296185302751
v -1.65 0.04337784768371589 0.5696126185302717
v -1.65 0.05575594768371572 0.4252336185302745
v -1.65 0.06619954768371583 0.2732336185302735
v -1.65 0.07313694768371581 0.121232618530275
v -1.65 0.07506904768371592 -0.02314538146972822
v -1.65 0.07093584768371586 -0.1526623814697281
v -1.65 0.06047634768371579 -0.26082238146972614
v -1.65 0.04433164768371589 -0.3422033814697265
v -1.65 0.023749947683715744 -0.3927233814697253
v -1.65 4.768371586472142e-08 -0.4098493814697264
v -1.65 -0.023749952316284073 -0.3927233814697253
v -1.65 -0.04433165231628422 -0.3422033814697265
v -1.65 -0.06047635231628412 -0.26082238146972614
v -1.65 -0.07093585231628419 -0.1526623814697281
v -1.65 -0.07506905231628425 -0.02314538146972822
v -1.65 -0.07313695231628414 0.121232618530275
v -1.65 -0.06619955231628416 0.2732336185302735
v -1.65 -0.055755952316284274 0.4252336185302745
v -1.65 -0.043377852316284216 0.5696126185302717
v -1.65 -0.03052405231628419 0.6991296185302751
v -1.65 -0.018545052316284227 0.8072896185302731
v -1.65 -0.008732652316284284 0.8886696185302725
v -1.65 -0.002263452316284109 0.9391896185302748
v -1.75 4.768371586472142e-08 0.952234618530273
v -1.75 0.00225374768371589 0.9351806185302749
v -1.75 0.008695347683715715 0.8848766185302743
v -1.75 0.01846584768371584 0.8038426185302718
v -1.75 0.03039374768371572 0.6961436185302752
v -1.75 0.04319264768371589 0.5671806185302728
v -1.75 0.05551794768371576 0.42341761853027293
v -1.75 0.06591674768371591 0.27206561853027367
v -1.75 0.07282454768371571 0.1207156185302729
v -1.75 0.07474854768371575 -0.02304638146972593
v -1.75 0.07063294768371575 -0.15201038146972579
v -1.75 0.06021804768371575 -0.25970838146972497
v -1.75 0.04414234768371572 -0.34074238146972746
v -1.75 0.023648647683715884 -0.39104638146972803
v -1.75 4.768371586472142e-08 -0.40810038146972616
v -1.75 -0.023648652316284213 -0.39104638146972803
v -1.75 -0.04414235231628427 -0.34074238146972746
v -1.75 -0.060218052316284076 -0.25970838146972497
v -1.75 -0.07063295231628408 -0.15201038146972579
v -1.75 -0.07474855231628408 -0.02304638146972593
v -1.75 -0.07282455231628426 0.1207156185302729
v -1.75 -0.06591675231628424 0.27206561853027367
v -1.75 -0.05551795231628409 0.42341761853027293
v -1.75 -0.04319265231628422 0.5671806185302728
v -1.75 -0.030393752316284273 0.6961436185302752
v -1.75 -0.01846585231628417 0.8038426185302718
v -1.75 -0.008695352316284266 0.8848766185302743
v -1.75 -0.002253752316284219 0.9351806185302749
v -1.85 4.768371586472142e-08 0.9481506185302742
v -1.85 0.002244147683715836 0.9311696185302729
v -1.85 0.008658147683715756 0.8810806185302731
v -1.85 0.018386647683715784 0.8003956185302741
v -1.85 0.030263447683715805 0.6931596185302737
v -1.85 0.043007447683715894 0.5647466185302719
v -1.85 0.055279847683715744 0.42160261853027237
v -1.85 0.0656341476837159 0.27090061853027336
v -1.85 0.07251224768371589 0.12019761853027333
v -1.85 0.0744280476837158 -0.02294738146972719
v -1.85 0.07033004768371587 -0.151357381469726
v -1.85 0.05995984768371576 -0.25859438146972735
v -1.85 0.043953047683715774 -0.3392803814697274
v -1.85 0.023547147683715908 -0.38937038146972824
v -1.85 4.768371586472142e-08 -0.40634938146972743
v -1.85 -0.023547152316284237 -0.38937038146972824
v -1.85 -0.0439530523162841 -0.3392803814697274
v -1.85 -0.05995985231628409 -0.25859438146972735
v -1.85 -0.0703300523162842 -0.151357381469726
v -1.85 -0.07442805231628413 -0.02294738146972719
v -1.85 -0.07251225231628422 0.12019761853027333
v -1.85 -0.06563415231628422 0.27090061853027336
v -1.85 -0.05527985231628407 0.42160261853027237
v -1.85 -0.04300745231628422 0.5647466185302719
v -1.85 -0.030263452316284134 0.6931596185302737
v -1.85 -0.018386652316284113 0.8003956185302741
v -1.85 -0.008658152316284085 0.8810806185302731
v -1.85 -0.0022441523162841648 0.9311696185302729
v -1.95 4.768371586472142e-08 0.9440666185302717
v -1.95 0.0022344476837157234 0.927159618530272
v -1.95 0.008620847683715738 0.8772866185302739
v -1.95 0.018307447683715727 0.7969476185302717
v -1.95 0.03013304768371583 0.6901736185302738
v -1.95 0.0428222476837159 0.562314618530273
v -1.95 0.055041747683715725 0.4197866185302743
v -1.95 0.06535144768371581 0.26973361853027455
v -1.95 0.0722000476837159 0.11967961853027376
v -1.95 0.07410754768371586 -0.0228483814697249
v -1.95 0.07002714768371576 -0.15070738146972573
v -1.95 0.059701647683715775 -0.25748238146972824
v -1.95 0.043763747683715826 -0.3378203814697258
v -1.95 0.023445747683715767 -0.3876933814697274
v -1.95 4.768371586472142e-08 -0.4046003814697272
v -1.95 -0.023445752316284096 -0.3876933814697274
v -1.95 -0.043763752316284155 -0.3378203814697258
v -1.95 -0.059701652316284104 -0.25748238146972824
v -1.95 -0.07002715231628409 -0.15070738146972573
v -1.95 -0.07410755231628419 -0.0228483814697249
v -1.95 -0.07220005231628424 0.11967961853027376
v -1.95 -0.06535145231628414 0.26973361853027455
v -1.95 -0.055041752316284276 0.4197866185302743
v -1.95 -0.042822252316284226 0.562314618530273
v -1.95 -0.0301329523162841 0.6901736185302738
v -1.95 -0.01830745231628428 0.7969476185302717
v -1.95 -0.008620852316284289 0.8772866185302739
v -1.95 -0.0022344523162842744 0.927159618530272
v -2.05 4.768371586472142e-08 0.9399836185302739
v -2.05 0.0022248476837158915 0.9231496185302746
v -2.05 0.00858354768371572 0.8734916185302737
v -2.05 0.018228247683715892 0.793500618530274
v -2.05 0.030002747683715913 0.6871876185302739
v -2.05 0.0426370476837159 0.5598826185302741
v -2.05 0.054803747683715764 0.41797061853027273
v -2.05 0.06506884768371579 0.2685666185302722
v -2.05 0.07188774768371586 0.11916161853027418
v -2.05 0.07378694768371585 -0.022750381469727188
v -2.05 0.06972434768371572 -0.15005538146972697
v -2.05 0.05944344768371579 -0.25636838146972707
v -2.05 0.04357444768371588 -0.33635938146972677
v -2.05 0.02334434768371585 -0.3860163814697266
v -2.05 4.768371586472142e-08 -0.40284938146972493
v -2.05 -0.023344352316284178 -0.3860163814697266
v -2.05 -0.04357445231628421 -0.33635938146972677
v -2.05 -0.05944345231628412 -0.25636838146972707
v -2.05 -0.06972435231628427 -0.15005538146972697
v -2.05 -0.07378695231628418 -0.022750381469727188
v -2.05 -0.07188775231628419 0.11916161853027418
v -2.05 -0.06506885231628412 0.2685666185302722
v -2.05 -0.05480375231628409 0.41797061853027273
v -2.05 -0.04263695231628417 0.5598826185302741
v -2.05 -0.030002752316284242 0.6871876185302739
v -2.05 -0.01822825231628422 0.793500618530274
v -2.05 -0.00858355231628427 0.8734916185302737
v -2.05 -0.0022248523162842204 0.9231496185302746
v -2.15 4.768371586472142e-08 0.935899618530275
v -2.15 0.002215147683715779 0.9191396185302736
v -2.15 0.008546247683715924 0.8696976185302745
v -2.15 0.018149147683715894 0.7900546185302737
v -2.15 0.029872447683715775 0.684202618530275
v -2.15 0.042451847683715904 0.5574516185302727
v -2.15 0.054565647683715746 0.4161546185302747
v -2.15 0.06478614768371571 0.2674006185302744
v -2.15 0.07157544768371582 0.11864461853027208
v -2.15 0.07346644768371591 -0.022651381469724896
v -2.15 0.06942144768371583 -0.14940238146972717
v -2.15 0.0591852476837158 -0.2552543814697259
v -2.15 0.04338514768371593 -0.3348983814697277
v -2.15 0.02324294768371593 -0.3843383814697283
v -2.15 4.768371586472142e-08 -0.40110038146972826
v -2.15 -0.02324295231628426 -0.3843383814697283
v -2.15 -0.04338515231628426 -0.3348983814697277
v -2.15 -0.05918525231628413 -0.2552543814697259
v -2.15 -0.06942145231628416 -0.14940238146972717
v -2.15 -0.07346645231628424 -0.022651381469724896
v -2.15 -0.07157545231628415 0.11864461853027208
v -2.15 -0.06478615231628426 0.2674006185302744
v -2.15 -0.054565652316284075 0.4161546185302747
v -2.15 -0.04245185231628423 0.5574516185302727
v -2.15 -0.029872452316284104 0.684202618530275
v -2.15 -0.018149152316284223 0.7900546185302737
v -2.15 -0.008546252316284253 0.8696976185302745
v -2.15 -0.002215152316284108 0.9191396185302736
v -2.25 4.768371586472142e-08 0.9318156185302726
v -2.25 0.0022054476837158887 0.9151296185302726
v -2.25 0.008509047683715742 0.8659036185302718
v -2.25 0.01806984768371578 0.7866076185302724
v -2.25 0.0297420476837158 0.6812176185302725
v -2.25 0.04226664768371591 0.5550196185302738
v -2.25 0.054327647683715785 0.4143396185302741
v -2.25 0.06450354768371591 0.26623361853027205
v -2.25 0.07126314768371578 0.11812761853027354
v -2.25 0.0731458476837159 -0.022552381469726157
v -2.25 0.06911854768371573 -0.14875038146972486
v -2.25 0.05892694768371576 -0.2541403814697283
v -2.25 0.04319584768371576 -0.3334373814697251
v -2.25 0.02314154768371579 -0.3826613814697275
v -2.25 4.768371586472142e-08 -0.399349381469726
v -2.25 -0.02314155231628412 -0.3826613814697275
v -2.25 -0.04319585231628409 -0.3334373814697251
v -2.25 -0.05892695231628409 -0.2541403814697283
v -2.25 -0.06911845231628422 -0.14875038146972486
v -2.25 -0.07314585231628423 -0.022552381469726157
v -2.25 -0.0712631523162841 0.11812761853027354
v -2.25 -0.06450355231628424 0.26623361853027205
v -2.25 -0.054327652316284114 0.4143396185302741
v -2.25 -0.04226665231628424 0.5550196185302738
v -2.25 -0.02974195231628407 0.6812176185302725
v -2.25 -0.018069852316284107 0.7866076185302724
v -2.25 -0.008509052316284071 0.8659036185302718
v -2.25 -0.0022054523162842177 0.9151296185302726
v -2.35 4.768371586472142e-08 0.9277326185302748
v -2.35 0.0021958476837158347 0.9111196185302717
v -2.35 0.008471747683715725 0.8621086185302751
v -2.35 0.01799074768371578 0.7831616185302721
v -2.35 0.029611747683715883 0.6782326185302736
v -2.35 0.04208134768371585 0.5525876185302749
v -2.35 0.054089547683715766 0.41252361853027253
v -2.35 0.06422094768371589 0.26506661853027325
v -2.35 0.07095084768371573 0.11760961853027396
v -2.35 0.07282534768371574 -0.022453381469727418
v -2.35 0.06881554768371578 -0.14810038146972815
v -2.35 0.05866874768371577 -0.25302738146972814
v -2.35 0.04300654768371581 -0.3319763814697261
v -2.35 0.023040147683715873 -0.3809853814697277
v -2.35 4.768371586472142e-08 -0.39760038146972576
v -2.35 -0.0230401523162842 -0.3809853814697277
v -2.35 -0.04300655231628414 -0.3319763814697261
v -2.35 -0.0586687523162841 -0.25302738146972814
v -2.35 -0.06881555231628411 -0.14810038146972815
v -2.35 -0.07282535231628429 -0.022453381469727418
v -2.35 -0.07095085231628429 0.11760961853027396
v -2.35 -0.06422095231628422 0.26506661853027325
v -2.35 -0.054089552316284095 0.41252361853027253
v -2.35 -0.04208135231628418 0.5525876185302749
v -2.35 -0.029611752316284212 0.6782326185302736
v -2.35 -0.01799075231628411 0.7831616185302721
v -2.35 -0.008471752316284276 0.8621086185302751
v -2.35 -0.0021958523162841637 0.9111196185302717
v -2.45 4.768371586472142e-08 0.9236506185302744
v -2.45 0.0021861476837157223 0.9071086185302732
v -2.45 0.008434447683715929 0.8583146185302724
v -2.45 0.017911547683715723 0.7797126185302723
v -2.45 0.029481447683715745 0.6752476185302747
v -2.45 0.0418960476837158 0.5501556185302725
v -2.45 0.05385144768371575 0.4107076185302745
v -2.45 0.06393814768371575 0.2639006185302719
v -2.45 0.07063864768371575 0.11709261853027186
v -2.45 0.07250484768371579 -0.022354381469725126
v -2.45 0.0685126476837159 -0.1474473814697248
v -2.45 0.058410547683715786 -0.25191338146972697
v -2.45 0.04281734768371592 -0.33051538146972703
v -2.45 0.022938747683715732 -0.3793083814697269
v -2.45 4.768371586472142e-08 -0.39584938146972704
v -2.45 -0.022938752316284283 -0.3793083814697269
v -2.45 -0.04281735231628425 -0.33051538146972703
v -2.45 -0.058410552316284114 -0.25191338146972697
v -2.45 -0.06851265231628423 -0.1474473814697248
v -2.45 -0.07250485231628412 -0.022354381469725126
v -2.45 -0.07063865231628408 0.11709261853027186
v -2.45 -0.06393815231628408 0.2639006185302719
v -2.45 -0.053851452316284076 0.4107076185302745
v -2.45 -0.041896152316284185 0.5501556185302725
v -2.45 -0.029481452316284074 0.6752476185302747
v -2.45 -0.017911552316284274 0.7797126185302723
v -2.45 -0.008434452316284258 0.8583146185302724
v -2.45 -0.0021861523162842733 0.9071086185302732
v -2.55 4.768371586472142e-08 0.919566618530272
v -2.55 0.002176447683715832 0.9030996185302733
v -2.55 0.008397047683715853 0.8545196185302721
v -2.55 0.017832447683715724 0.7762656185302745
v -2.55 0.029351147683715828 0.6722626185302722
v -2.55 0.04171094768371586 0.5477216185302751
v -2.55 0.05361344768371579 0.4088916185302729
v -2.55 0.0636554476837159 0.2627336185302731
v -2.55 0.07032634768371593 0.11657361853027481
v -2.55 0.07218434768371584 -0.022256381469727415
v -2.55 0.06820984768371585 -0.14679538146972604
v -2.55 0.0581523476837158 -0.2507993814697258
v -2.55 0.04262804768371575 -0.32905338146972696
v -2.55 0.022837247683715756 -0.3776323814697271
v -2.55 4.768371586472142e-08 -0.3941003814697268
v -2.55 -0.022837252316284085 -0.3776323814697271
v -2.55 -0.04262805231628408 -0.32905338146972696
v -2.55 -0.05815235231628413 -0.2507993814697258
v -2.55 -0.06820985231628418 -0.14679538146972604
v -2.55 -0.07218435231628417 -0.022256381469727415
v -2.55 -0.07032635231628426 0.11657361853027481
v -2.55 -0.06365545231628422 0.2627336185302731
v -2.55 -0.053613452316284116 0.4088916185302729
v -2.55 -0.04171095231628419 0.5477216185302751
v -2.55 -0.029351152316284157 0.6722626185302722
v -2.55 -0.017832352316284217 0.7762656185302745
v -2.55 -0.00839715231628424 0.8545196185302721
v -2.55 -0.002176452316284161 0.9030996185302733
v -2.65 4.768371586472142e-08 0.8355256185302729
v -2.65 0.0019018476837158182 0.821134618530273
v -2.65 0.0073375476837158615 0.7786846185302743
v -2.65 0.015582347683715803 0.7103066185302751
v -2.65 0.025647747683715805 0.6194226185302725
v -2.65 0.03644814768371574 0.510597618530273
v -2.65 0.04684874768371583 0.3892846185302723
v -2.65 0.055623847683715866 0.2615666185302743
v -2.65 0.061452947683715786 0.13384861853027274
v -2.65 0.06307644768371579 0.0125346185302746
v -2.65 0.059603547683715785 -0.0962903814697249
v -2.65 0.05081494768371586 -0.18717238146972548
v -2.65 0.03724944768371574 -0.2555523814697267
v -2.65 0.019955847683715833 -0.29800238146972546
v -2.65 4.768371586472142e-08 -0.31239038146972575
v -2.65 -0.01995585231628416 -0.29800238146972546
v -2.65 -0.03724945231628407 -0.2555523814697267
v -2.65 -0.05081495231628419 -0.18717238146972548
v -2.65 -0.059603552316284114 -0.0962903814697249
v -2.65 -0.06307645231628412 0.0125346185302746
v -2.65 -0.061452952316284115 0.13384861853027274
v -2.65 -0.055623852316284195 0.2615666185302743
v -2.65 -0.04684875231628416 0.3892846185302723
v -2.65 -0.03644815231628429 0.510597618530273
v -2.65 -0.025647752316284134 0.6194226185302725
v -2.65 -0.015582352316284132 0.7103066185302751
v -2.65 -0.0073375523162841905 0.7786846185302743
v -2.65 -0.0019018523162841472 0.821134618530273
v -2.75 4.768371586472142e-08 0.2623996185302744
v -2.75 0.00010784768371574494 0.2623496185302727
v -2.75 0.00041614768371589506 0.26220161853027335
v -2.75 0.0008837476837157965 0.2619626185302728
v -2.75 0.0014544476837157205 0.2616466185302748
v -2.75 0.0020669476837158474 0.2612686185302735
v -2.75 0.0026568476837158794 0.2608456185302721
v -2.75 0.0031545476837158137 0.26040061853027296
v -2.75 0.003485047683715825 0.2599546185302728
v -2.75 0.0035771476837158644 0.25953261853027243
v -2.75 0.0033801476837158617 0.25915361853027363
v -2.75 0.0028817476837157407 0.2588366185302746
v -2.75 0.0021125476837158264 0.2585986185302751
v -2.75 0.0011317476837158225 0.2584496185302747
v -2.75 4.768371586472142e-08 0.25839961853027305
v -2.75 -0.0011317523162841514 0.2584496185302747
v -2.75 -0.0021125523162841553 0.2585986185302751
v -2.75 -0.0028817523162840697 0.2588366185302746
v -2.75 -0.0033801523162841907 0.25915361853027363
v -2.75 -0.0035771523162841934 0.25953261853027243
v -2.75 -0.003485052316284154 0.2599546185302728
v -2.75 -0.0031545523162841427 0.26040061853027296
v -2.75 -0.0026568523162842084 0.2608456185302721
v -2.75 -0.0020669523162841763 0.2612686185302735
v -2.75 -0.0014544523162842715 0.2616466185302748
v -2.75 -0.0008836523162842891 0.2619626185302728
v -2.75 -0.000416152316284224 0.26220161853027335
v -2.75 -0.00010785231628407388 0.2623496185302727
v -0.35 4.768371586472142e-08 0.2884006185302752
v -2.75 4.768371586472142e-08 0.26040061853027296
v 0.35 4.768371586472142e-08 1.0093996185302743
v 0.45 4.768371586472142e-08 1.0053156185302718
v 0.35 0.002389047683715839 0.9913236185302736
v 0.45 0.002379447683715785 0.9873126185302752
v 0.35 0.009217547683715743 0.9379976185302752
v 0.45 0.009180147683715889 0.9342036185302725
v 0.35 0.019574447683715857 0.8520996185302749
v 0.45 0.0194952476837158 0.8486536185302747
v 0.35 0.0322183476837159 0.7379356185302726
v 0.45 0.03208804768371576 0.7349506185302737
v 0.35 0.045785647683715736 0.6012306185302734
v 0.45 0.0456005476837158 0.598799618530272
v 0.35 0.058850847683715735 0.4488376185302734
v 0.45 0.058612847683715774 0.4470216185302718
v 0.35 0.06987404768371586 0.2884006185302752
v 0.45 0.06959144768371583 0.28723361853027285
v 0.35 0.07719664768371581 0.127961618530275
v 0.45 0.07688424768371571 0.12744561853027392
v 0.35 0.07923604768371573 -0.024429381469726508
v 0.45 0.07891544768371572 -0.024332381469726272
v 0.35 0.07487334768371579 -0.16113638146972775
v 0.45 0.0745704476837159 -0.16048438146972543
v 0.35 0.06383324768371579 -0.2753003814697266
v 0.45 0.0635750476837158 -0.27418738146972643
v 0.35 0.04679234768371576 -0.3611983814697268
v 0.45 0.046603047683715815 -0.3597373814697278
v 0.35 0.02506824768371585 -0.41452238146972675
v 0.45 0.024966947683715768 -0.41284538146972594
v 0.35 4.768371586472142e-08 -0.4326003814697259
v 0.45 4.768371586472142e-08 -0.4308493814697272
v 0.35 -0.02506825231628418 -0.41452238146972675
v 0.45 -0.024966952316284097 -0.41284538146972594
v 0.35 -0.04679235231628409 -0.3611983814697268
v 0.45 -0.046603052316284144 -0.3597373814697278
v 0.35 -0.06383325231628412 -0.2753003814697266
v 0.45 -0.06357505231628413 -0.27418738146972643
v 0.35 -0.07487335231628411 -0.16113638146972775
v 0.45 -0.07457045231628423 -0.16048438146972543
v 0.35 -0.07923605231628428 -0.024429381469726508
v 0.45 -0.07891545231628427 -0.024332381469726272
v 0.35 -0.07719655231628408 0.127961618530275
v 0.45 -0.07688425231628426 0.12744561853027392
v 0.35 -0.06987405231628419 0.2884006185302752
v 0.45 -0.06959145231628416 0.28723361853027285
v 0.35 -0.058850852316284286 0.4488376185302734
v 0.45 -0.0586128523162841 0.4470216185302718
v 0.35 -0.04578565231628429 0.6012306185302734
v 0.45 -0.045600552316284126 0.598799618530272
v 0.35 -0.03221835231628423 0.7379356185302726
v 0.45 -0.03208805231628409 0.7349506185302737
v 0.35 -0.019574452316284185 0.8520996185302749
v 0.45 -0.01949525231628413 0.8486536185302747
v 0.35 -0.009217452316284236 0.9379976185302752
v 0.45 -0.009180152316284218 0.9342036185302725
v 0.35 -0.002389052316284168 0.9913236185302736
v 0.45 -0.002379452316284114 0.9873126185302752
v 0.55 4.768371586472142e-08 1.001233618530275
v 0.55 0.002369747683715895 0.9833026185302742
v 0.55 0.009142847683715871 0.9304096185302733
v 0.55 0.019416047683715743 0.8452076185302744
v 0.55 0.03195774768371584 0.7319656185302748
v 0.55 0.04541524768371574 0.5963646185302736
v 0.55 0.058374747683715755 0.44520561853027374
v 0.55 0.06930874768371575 0.286065618530273
v 0.55 0.07657194768371589 0.12692661853027332
v 0.55 0.07859494768371578 -0.024232381469726505
v 0.55 0.0742675476837158 -0.15983238146972667
v 0.55 0.06331684768371582 -0.27307338146972526
v 0.55 0.04641374768371587 -0.3582763814697252
v 0.55 0.02486554768371585 -0.41116938146972615
v 0.55 4.768371586472142e-08 -0.42910038146972695
v 0.55 -0.02486555231628418 -0.41116938146972615
v 0.55 -0.046413752316284196 -0.3582763814697252
v 0.55 -0.06331685231628414 -0.27307338146972526
v 0.55 -0.07426755231628412 -0.15983238146972667
v 0.55 -0.0785949523162841 -0.024232381469726505
v 0.55 -0.07657195231628422 0.12692661853027332
v 0.55 -0.06930875231628408 0.286065618530273
v 0.55 -0.058374752316284084 0.44520561853027374
v 0.55 -0.04541525231628407 0.5963646185302736
v 0.55 -0.03195775231628417 0.7319656185302748
v 0.55 -0.01941605231628407 0.8452076185302744
v 0.55 -0.0091428523162842 0.9304096185302733
v 0.55 -0.0023697523162842238 0.9833026185302742
v 0.65 4.768371586472142e-08 0.9971496185302726
v 0.65 0.0023600476837157824 0.9792916185302722
v 0.65 0.009105547683715853 0.926614618530273
v 0.65 0.019336847683715908 0.841759618530272
v 0.65 0.031827447683715926 0.7289806185302723
v 0.65 0.045230047683715746 0.5939326185302747
v 0.65 0.058136747683715795 0.44338961853027214
v 0.65 0.06902614768371573 0.2849006185302727
v 0.65 0.0762597476837159 0.12640961853027477
v 0.65 0.07827444768371583 -0.024133381469727766
v 0.65 0.07396474768371575 -0.1591803814697279
v 0.65 0.06305864768371583 -0.27195938146972765
v 0.65 0.04622444768371592 -0.35681538146972613
v 0.65 0.024764047683715873 -0.40949238146972533
v 0.65 4.768371586472142e-08 -0.42734938146972823
v 0.65 -0.024764052316284202 -0.40949238146972533
v 0.65 -0.04622445231628425 -0.35681538146972613
v 0.65 -0.06305865231628416 -0.27195938146972765
v 0.65 -0.07396475231628408 -0.1591803814697279
v 0.65 -0.07827445231628416 -0.024133381469727766
v 0.65 -0.07625975231628424 0.12640961853027477
v 0.65 -0.06902615231628428 0.2849006185302727
v 0.65 -0.05813665231628429 0.44338961853027214
v 0.65 -0.045230052316284075 0.5939326185302747
v 0.65 -0.031827452316284255 0.7289806185302723
v 0.65 -0.019336852316284237 0.841759618530272
v 0.65 -0.009105552316284182 0.926614618530273
v 0.65 -0.0023601523162841698 0.9792916185302722
v 0.75 4.768371586472142e-08 0.9930666185302748
v 0.75 0.0023504476837157284 0.9752826185302723
v 0.75 0.009068247683715835 0.9228206185302739
v 0.75 0.01925764768371585 0.8383126185302743
v 0.75 0.03169704768371573 0.7259956185302734
v 0.75 0.04504494768371581 0.5915016185302733
v 0.75 0.057898647683715776 0.4415736185302741
v 0.75 0.06874344768371587 0.2837336185302739
v 0.75 0.07594744768371586 0.12589261853027267
v 0.75 0.07795394768371589 -0.024034381469725474
v 0.75 0.07366184768371586 -0.15852938146972662
v 0.75 0.06280044768371584 -0.2708453814697265
v 0.75 0.04603514768371575 -0.3553543814697271
v 0.75 0.02466274768371579 -0.40781638146972554
v 0.75 4.768371586472142e-08 -0.425600381469728
v 0.75 -0.02466275231628412 -0.40781638146972554
v 0.75 -0.04603515231628408 -0.3553543814697271
v 0.75 -0.06280045231628417 -0.2708453814697265
v 0.75 -0.0736618523162842 -0.15852938146972662
v 0.75 -0.07795395231628421 -0.024034381469725474
v 0.75 -0.07594745231628419 0.12589261853027267
v 0.75 -0.0687434523162842 0.2837336185302739
v 0.75 -0.057898652316284105 0.4415736185302741
v 0.75 -0.04504495231628414 0.5915016185302733
v 0.75 -0.03169705231628428 0.7259956185302734
v 0.75 -0.01925765231628418 0.8383126185302743
v 0.75 -0.009068252316284164 0.9228206185302739
v 0.75 -0.0023504523162842794 0.9752826185302723
v 0.85 4.768371586472142e-08 0.9889836185302734
v 0.85 0.002340747683715838 0.9712716185302739
v 0.85 0.009031047683715876 0.9190256185302736
v 0.85 0.019178547683715852 0.834865618530273
v 0.85 0.03156674768371581 0.7230106185302745
v 0.85 0.04485964768371575 0.5890696185302744
v 0.85 0.05766054768371576 0.43975861853027354
v 0.85 0.06846084768371585 0.28256561853027407
v 0.85 0.07563514768371582 0.12537361853027207
v 0.85 0.07763334768371588 -0.023935381469726735
v 0.85 0.07335884768371592 -0.15787738146972785
v 0.85 0.06254224768371586 -0.2697313814697253
v 0.85 0.04584594768371586 -0.35389338146972804
v 0.85 0.024561247683715814 -0.4061393814697283
v 0.85 4.768371586472142e-08 -0.42384938146972573
v 0.85 -0.024561252316284143 -0.4061393814697283
v 0.85 -0.04584595231628419 -0.35389338146972804
v 0.85 -0.06254215231628413 -0.2697313814697253
v 0.85 -0.07335895231628409 -0.15787738146972785
v 0.85 -0.07763335231628421 -0.023935381469726735
v 0.85 -0.07563515231628415 0.12537361853027207
v 0.85 -0.06846085231628418 0.28256561853027407
v 0.85 -0.057660552316284086 0.43975861853027354
v 0.85 -0.04485965231628408 0.5890696185302744
v 0.85 -0.03156675231628414 0.7230106185302745
v 0.85 -0.01917855231628418 0.834865618530273
v 0.85 -0.009031052316284205 0.9190256185302736
v 0.85 -0.002340752316284167 0.9712716185302739
v 0.95 4.768371586472142e-08 0.9848996185302745
v 0.95 0.002331147683715784 0.967262618530274
v 0.95 0.008993747683715858 0.9152316185302745
v 0.95 0.019099347683715795 0.8314196185302727
v 0.95 0.031436447683715896 0.720025618530272
v 0.95 0.04467434768371592 0.586637618530272
v 0.95 0.0574225476837158 0.437944618530274
v 0.95 0.06817814768371577 0.28140061853027376
v 0.95 0.07532284768371578 0.12485661853027352
v 0.95 0.07731284768371571 -0.0238383814697265
v 0.95 0.07305594768371582 -0.15722438146972806
v 0.95 0.062283847683715754 -0.2686173814697277
v 0.95 0.04565664768371591 -0.35243238146972544
v 0.95 0.024459847683715896 -0.4044603814697254
v 0.95 4.768371586472142e-08 -0.4221003814697255
v 0.95 -0.024459852316284225 -0.4044603814697254
v 0.95 -0.04565665231628424 -0.35243238146972544
v 0.95 -0.06228385231628408 -0.2686173814697277
v 0.95 -0.07305595231628415 -0.15722438146972806
v 0.95 -0.07731285231628426 -0.0238383814697265
v 0.95 -0.0753228523162841 0.12485661853027352
v 0.95 -0.0681781523162841 0.28140061853027376
v 0.95 -0.057422552316284126 0.437944618530274
v 0.95 -0.04467435231628425 0.586637618530272
v 0.95 -0.031436452316284225 0.720025618530272
v 0.95 -0.019099352316284124 0.8314196185302727
v 0.95 -0.008993752316284187 0.9152316185302745
v 0.95 -0.002331152316284113 0.967262618530274
v 1.05 4.768371586472142e-08 0.9808156185302721
v 1.05 0.0023214476837158937 0.9632506185302745
v 1.05 0.00895644768371584 0.9114376185302717
v 1.05 0.0190200476837159 0.8279696185302718
v 1.05 0.03130604768371592 0.7170396185302721
v 1.05 0.044489147683715924 0.5842056185302731
v 1.05 0.05718444768371578 0.4361286185302724
v 1.05 0.06789544768371591 0.28023361853027495
v 1.05 0.07501054768371573 0.12433861853027395
v 1.05 0.07699224768371593 -0.023738381469726733
v 1.05 0.07275304768371571 -0.15657238146972574
v 1.05 0.06202564768371577 -0.267505381469725
v 1.05 0.04546734768371574 -0.35097038146972537
v 1.05 0.024358547683715814 -0.4027843814697256
v 1.05 4.768371586472142e-08 -0.4203493814697268
v 1.05 -0.024358552316284143 -0.4027843814697256
v 1.05 -0.04546735231628407 -0.35097038146972537
v 1.05 -0.0620256523162841 -0.267505381469725
v 1.05 -0.07275305231628426 -0.15657238146972574
v 1.05 -0.07699225231628426 -0.023738381469726733
v 1.05 -0.07501055231628428 0.12433861853027395
v 1.05 -0.06789545231628424 0.28023361853027495
v 1.05 -0.05718445231628411 0.4361286185302724
v 1.05 -0.04448915231628425 0.5842056185302731
v 1.05 -0.03130605231628425 0.7170396185302721
v 1.05 -0.01902005231628423 0.8279696185302718
v 1.05 -0.00895645231628417 0.9114376185302717
v 1.05 -0.0023214523162842227 0.9632506185302745
v 1.15 4.768371586472142e-08 0.9767346185302728
v 1.15 0.0023118476837158397 0.9592416185302746
v 1.15 0.008919147683715822 0.9076426185302751
v 1.15 0.018940947683715903 0.8245236185302751
v 1.15 0.031175747683715782 0.7140536185302722
v 1.15 0.044304047683715764 0.5817736185302742
v 1.15 0.05694634768371576 0.43431261853027436
v 1.15 0.06761274768371583 0.2790656185302751
v 1.15 0.07469834768371575 0.12382161853027185
v 1.15 0.07667184768371582 -0.02364038146972547
v 1.15 0.07245024768371588 -0.15592238146972548
v 1.15 0.06176744768371578 -0.2663913814697274
v 1.15 0.045278047683715794 -0.34951038146972735
v 1.15 0.024257047683715838 -0.4011073814697248
v 1.15 4.768371586472142e-08 -0.41860038146972656
v 1.15 -0.024257052316284167 -0.4011073814697248
v 1.15 -0.04527805231628412 -0.34951038146972735
v 1.15 -0.06176745231628411 -0.2663913814697274
v 1.15 -0.07245025231628421 -0.15592238146972548
v 1.15 -0.07667185231628415 -0.02364038146972547
v 1.15 -0.07469835231628408 0.12382161853027185
v 1.15 -0.06761275231628416 0.2790656185302751
v 1.15 -0.05694635231628409 0.43431261853027436
v 1.15 -0.04430405231628409 0.5817736185302742
v 1.15 -0.03117575231628411 0.7140536185302722
v 1.15 -0.018940952316284232 0.8245236185302751
v 1.15 -0.008919152316284151 0.9076426185302751
v 1.15 -0.0023118523162841687 0.9592416185302746
v 1.25 4.768371586472142e-08 0.9726496185302729
v 1.25 0.002302047683715891 0.9552306185302726
v 1.25 0.008881847683715804 0.9038486185302723
v 1.25 0.018861747683715846 0.8210776185302748
v 1.25 0.031045447683715865 0.7110696185302743
v 1.25 0.04411874768371593 0.5793396185302733
v 1.25 0.0567083476837158 0.43249661853027277
v 1.25 0.06733014768371581 0.2779006185302748
v 1.25 0.07438604768371593 0.1233046185302733
v 1.25 0.07635124768371582 -0.023540381469725702
v 1.25 0.07214734768371578 -0.15527038146972671
v 1.25 0.061509247683715795 -0.26527738146972624
v 1.25 0.045088747683715846 -0.34804738146972625
v 1.25 0.02415564768371592 -0.39943038146972754
v 1.25 4.768371586472142e-08 -0.41684938146972783
v 1.25 -0.02415565231628425 -0.39943038146972754
v 1.25 -0.045088752316284175 -0.34804738146972625
v 1.25 -0.061509252316284124 -0.26527738146972624
v 1.25 -0.07214735231628411 -0.15527038146972671
v 1.25 -0.07635125231628415 -0.023540381469725702
v 1.25 -0.0743859523162842 0.1233046185302733
v 1.25 -0.06733015231628414 0.2779006185302748
v 1.25 -0.05670835231628413 0.43249661853027277
v 1.25 -0.04411875231628426 0.5793396185302733
v 1.25 -0.031045452316284194 0.7110696185302743
v 1.25 -0.018861752316284175 0.8210776185302748
v 1.25 -0.008881852316284133 0.9038486185302723
v 1.25 -0.00230205231628422 0.9552306185302726
v 1.35 4.768371586472142e-08 0.968566618530275
v 1.35 0.0022923476837157786 0.9512216185302727
v 1.35 0.008844647683715845 0.9000526185302746
v 1.35 0.018782647683715847 0.8176306185302735
v 1.35 0.03091504768371589 0.7080836185302744
v 1.35 0.04393354768371571 0.5769076185302744
v 1.35 0.05647024768371578 0.4306816185302722
v 1.35 0.06704744768371573 0.27673361853027245
v 1.35 0.07407364768371583 0.1227856185302727
v 1.35 0.07603074768371587 -0.023440381469725935
v 1.35 0.0718444476837159 -0.15461738146972692
v 1.35 0.06125104768371581 -0.2641643814697261
v 1.35 0.0448994476837159 -0.3465863814697272
v 1.35 0.02405414768371572 -0.39775438146972775
v 1.35 4.768371586472142e-08 -0.4151003814697276
v 1.35 -0.024054152316284272 -0.39775438146972775
v 1.35 -0.04489945231628423 -0.3465863814697272
v 1.35 -0.06125105231628414 -0.2641643814697261
v 1.35 -0.07184445231628422 -0.15461738146972692
v 1.35 -0.0760307523162842 -0.023440381469725935
v 1.35 -0.07407365231628416 0.1227856185302727
v 1.35 -0.06704745231628428 0.27673361853027245
v 1.35 -0.05647025231628411 0.4306816185302722
v 1.35 -0.04393355231628426 0.5769076185302744
v 1.35 -0.03091505231628422 0.7080836185302744
v 1.35 -0.018782652316284176 0.8176306185302735
v 1.35 -0.008844652316284174 0.9000526185302746
v 1.35 -0.0022923523162841075 0.9512216185302727
v 1.45 4.768371586472142e-08 0.9644836185302736
v 1.45 0.0022827476837157246 0.9472096185302732
v 1.45 0.008807347683715827 0.8962596185302729
v 1.45 0.018703347683715732 0.8141846185302732
v 1.45 0.030784747683715752 0.7050996185302729
v 1.45 0.043748347683715716 0.574476618530273
v 1.45 0.05623224768371582 0.42886561853027416
v 1.45 0.06676484768371571 0.2755656185302726
v 1.45 0.07376144768371584 0.12226961853027518
v 1.45 0.07571014768371587 -0.023342381469728224
v 1.45 0.07154154768371579 -0.15396538146972816
v 1.45 0.06099284768371582 -0.2630503814697249
v 1.45 0.04471014768371573 -0.34512538146972815
v 1.45 0.02395284768371586 -0.39607838146972796
v 1.45 4.768371586472142e-08 -0.41334938146972533
v 1.45 -0.02395285231628419 -0.39607838146972796
v 1.45 -0.04471015231628428 -0.34512538146972815
v 1.45 -0.06099285231628415 -0.2630503814697249
v 1.45 -0.07154155231628412 -0.15396538146972816
v 1.45 -0.0757101523162842 -0.023342381469728224
v 1.45 -0.07376145231628417 0.12226961853027518
v 1.45 -0.06676485231628426 0.2755656185302726
v 1.45 -0.05623225231628415 0.42886561853027416
v 1.45 -0.04374835231628427 0.574476618530273
v 1.45 -0.03078475231628408 0.7050996185302729
v 1.45 -0.018703352316284283 0.8141846185302732
v 1.45 -0.008807252316284098 0.8962596185302729
v 1.45 -0.0022827523162842756 0.9472096185302732
v 1.55 4.768371586472142e-08 0.9603996185302748
v 1.55 0.002273047683715834 0.9432006185302733
v 1.55 0.00877004768371581 0.8924656185302737
v 1.55 0.018624147683715897 0.8107356185302734
v 1.55 0.030654447683715835 0.702113618530273
v 1.55 0.04356314768371572 0.5720446185302741
v 1.55 0.0559941476837158 0.42704961853027257
v 1.55 0.06648214768371585 0.2744006185302723
v 1.55 0.0734491476837158 0.12174961853027355
v 1.55 0.07538964768371592 -0.02324438146972696
v 1.55 0.07123874768371574 -0.15331438146972687
v 1.55 0.06073454768371578 -0.2619363814697273
v 1.55 0.04452084768371578 -0.34366438146972556
v 1.55 0.023851347683715884 -0.3944003814697261
v 1.55 4.768371586472142e-08 -0.4116003814697251
v 1.55 -0.023851352316284213 -0.3944003814697261
v 1.55 -0.04452085231628411 -0.34366438146972556
v 1.55 -0.06073455231628411 -0.2619363814697273
v 1.55 -0.07123875231628407 -0.15331438146972687
v 1.55 -0.07538965231628425 -0.02324438146972696
v 1.55 -0.07344915231628413 0.12174961853027355
v 1.55 -0.06648215231628418 0.2744006185302723
v 1.55 -0.05599415231628413 0.42704961853027257
v 1.55 -0.04356315231628427 0.5720446185302741
v 1.55 -0.030654452316284164 0.702113618530273
v 1.55 -0.018624152316284226 0.8107356185302734
v 1.55 -0.00876995231628408 0.8924656185302737
v 1.55 -0.002273052316284163 0.9432006185302733
v 1.65 4.768371586472142e-08 0.9563156185302724
v 1.65 0.00226344768371578 0.9391896185302748
v 1.65 0.008732647683715733 0.8886696185302725
v 1.65 0.0185450476837159 0.8072896185302731
v 1.65 0.03052404768371586 0.6991296185302751
v 1.65 0.04337784768371589 0.5696126185302717
v 1.65 0.05575594768371572 0.4252336185302745
v 1.65 0.06619954768371583 0.2732336185302735
v 1.65 0.07313694768371581 0.121232618530275
v 1.65 0.07506904768371592 -0.02314538146972822
v 1.65 0.07093584768371586 -0.1526623814697281
v 1.65 0.06047634768371579 -0.26082238146972614
v 1.65 0.04433164768371589 -0.3422033814697265
v 1.65 0.023749947683715744 -0.3927233814697253
v 1.65 4.768371586472142e-08 -0.4098493814697264
v 1.65 -0.023749952316284073 -0.3927233814697253
v 1.65 -0.04433165231628422 -0.3422033814697265
v 1.65 -0.06047635231628412 -0.26082238146972614
v 1.65 -0.07093585231628419 -0.1526623814697281
v 1.65 -0.07506905231628425 -0.02314538146972822
v 1.65 -0.07313695231628414 0.121232618530275
v 1.65 -0.06619955231628416 0.2732336185302735
v 1.65 -0.055755952316284274 0.4252336185302745
v 1.65 -0.043377852316284216 0.5696126185302717
v 1.65 -0.03052405231628419 0.6991296185302751
v 1.65 -0.018545052316284227 0.8072896185302731
v 1.65 -0.008732652316284284 0.8886696185302725
v 1.65 -0.002263452316284109 0.9391896185302748
v 1.75 4.768371586472142e-08 0.952234618530273
v 1.75 0.00225374768371589 0.9351806185302749
v 1.75 0.008695347683715715 0.8848766185302743
v 1.75 0.01846584768371584 0.8038426185302718
v 1.75 0.03039374768371572 0.6961436185302752
v 1.75 0.04319264768371589 0.5671806185302728
v 1.75 0.05551794768371576 0.42341761853027293
v 1.75 0.06591674768371591 0.27206561853027367
v 1.75 0.07282454768371571 0.1207156185302729
v 1.75 0.07474854768371575 -0.02304638146972593
v 1.75 0.07063294768371575 -0.15201038146972579
v 1.75 0.06021804768371575 -0.25970838146972497
v 1.75 0.04414234768371572 -0.34074238146972746
v 1.75 0.023648647683715884 -0.39104638146972803
v 1.75 4.768371586472142e-08 -0.40810038146972616
v 1.75 -0.023648652316284213 -0.39104638146972803
v 1.75 -0.04414235231628427 -0.34074238146972746
v 1.75 -0.060218052316284076 -0.25970838146972497
v 1.75 -0.07063295231628408 -0.15201038146972579
v 1.75 -0.07474855231628408 -0.02304638146972593
v 1.75 -0.07282455231628426 0.1207156185302729
v 1.75 -0.06591675231628424 0.27206561853027367
v 1.75 -0.05551795231628409 0.42341761853027293
v 1.75 -0.04319265231628422 0.5671806185302728
v 1.75 -0.030393752316284273 0.6961436185302752
v 1.75 -0.01846585231628417 0.8038426185302718
v 1.75 -0.008695352316284266 0.8848766185302743
v 1.75 -0.002253752316284219 0.9351806185302749
v 1.85 4.768371586472142e-08 0.9481506185302742
v 1.85 0.002244147683715836 0.9311696185302729
v 1.85 0.008658147683715756 0.8810806185302731
v 1.85 0.018386647683715784 0.8003956185302741
v 1.85 0.030263447683715805 0.6931596185302737
v 1.85 0.043007447683715894 0.5647466185302719
v 1.85 0.055279847683715744 0.42160261853027237
v 1.85 0.0656341476837159 0.27090061853027336
v 1.85 0.07251224768371589 0.12019761853027333
v 1.85 0.0744280476837158 -0.02294738146972719
v 1.85 0.07033004768371587 -0.151357381469726
v 1.85 0.05995984768371576 -0.25859438146972735
v 1.85 0.043953047683715774 -0.3392803814697274
v 1.85 0.023547147683715908 -0.38937038146972824
v 1.85 4.768371586472142e-08 -0.40634938146972743
v 1.85 -0.023547152316284237 -0.38937038146972824
v 1.85 -0.0439530523162841 -0.3392803814697274
v 1.85 -0.05995985231628409 -0.25859438146972735
v 1.85 -0.0703300523162842 -0.151357381469726
v 1.85 -0.07442805231628413 -0.02294738146972719
v 1.85 -0.07251225231628422 0.12019761853027333
v 1.85 -0.06563415231628422 0.27090061853027336
v 1.85 -0.05527985231628407 0.42160261853027237
v 1.85 -0.04300745231628422 0.5647466185302719
v 1.85 -0.030263452316284134 0.6931596185302737
v 1.85 -0.018386652316284113 0.8003956185302741
v 1.85 -0.008658152316284085 0.8810806185302731
v 1.85 -0.0022441523162841648 0.9311696185302729
v 1.95 4.768371586472142e-08 0.9440666185302717
v 1.95 0.0022344476837157234 0.927159618530272
v 1.95 0.008620847683715738 0.8772866185302739
v 1.95 0.018307447683715727 0.7969476185302717
v 1.95 0.03013304768371583 0.6901736185302738
v 1.95 0.0428222476837159 0.562314618530273
v 1.95 0.055041747683715725 0.4197866185302743
v 1.95 0.06535144768371581 0.26973361853027455
v 1.95 0.0722000476837159 0.11967961853027376
v 1.95 0.07410754768371586 -0.0228483814697249
v 1.95 0.07002714768371576 -0.15070738146972573
v 1.95 0.059701647683715775 -0.25748238146972824
v 1.95 0.043763747683715826 -0.3378203814697258
v 1.95 0.023445747683715767 -0.3876933814697274
v 1.95 4.768371586472142e-08 -0.4046003814697272
v 1.95 -0.023445752316284096 -0.3876933814697274
v 1.95 -0.043763752316284155 -0.3378203814697258
v 1.95 -0.059701652316284104 -0.25748238146972824
v 1.95 -0.07002715231628409 -0.15070738146972573
v 1.95 -0.07410755231628419 -0.0228483814697249
v 1.95 -0.07220005231628424 0.11967961853027376
v 1.95 -0.06535145231628414 0.26973361853027455
v 1.95 -0.055041752316284276 0.4197866185302743
v 1.95 -0.042822252316284226 0.562314618530273
v 1.95 -0.0301329523162841 0.6901736185302738
v 1.95 -0.01830745231628428 0.7969476185302717
v 1.95 -0.008620852316284289 0.8772866185302739
v 1.95 -0.0022344523162842744 0.927159618530272
v 2.05 4.768371586472142e-08 0.9399836185302739
v 2.05 0.0022248476837158915 0.9231496185302746
v 2.05 0.00858354768371572 0.8734916185302737
v 2.05 0.018228247683715892 0.793500618530274
v 2.05 0.030002747683715913 0.6871876185302739
v 2.05 0.0426370476837159 0.5598826185302741
v 2.05 0.054803747683715764 0.41797061853027273
v 2.05 0.06506884768371579 0.2685666185302722
v 2.05 0.07188774768371586 0.11916161853027418
v 2.05 0.07378694768371585 -0.022750381469727188
v 2.05 0.06972434768371572 -0.15005538146972697
v 2.05 0.05944344768371579 -0.25636838146972707
v 2.05 0.04357444768371588 -0.33635938146972677
v 2.05 0.02334434768371585 -0.3860163814697266
v 2.05 4.768371586472142e-08 -0.40284938146972493
v 2.05 -0.023344352316284178 -0.3860163814697266
v 2.05 -0.04357445231628421 -0.33635938146972677
v 2.05 -0.05944345231628412 -0.25636838146972707
v 2.05 -0.06972435231628427 -0.15005538146972697
v 2.05 -0.07378695231628418 -0.022750381469727188
v 2.05 -0.07188775231628419 0.11916161853027418
v 2.05 -0.06506885231628412 0.2685666185302722
v 2.05 -0.05480375231628409 0.41797061853027273
v 2.05 -0.04263695231628417 0.5598826185302741
v 2.05 -0.030002752316284242 0.6871876185302739
v 2.05 -0.01822825231628422 0.793500618530274
v 2.05 -0.00858355231628427 0.8734916185302737
v 2.05 -0.0022248523162842204 0.9231496185302746
v 2.15 4.768371586472142e-08 0.935899618530275
v 2.15 0.002215147683715779 0.9191396185302736
v 2.15 0.008546247683715924 0.8696976185302745
v 2.15 0.018149147683715894 0.7900546185302737
v 2.15 0.029872447683715775 0.684202618530275
v 2.15 0.042451847683715904 0.5574516185302727
v 2.15 0.054565647683715746 0.4161546185302747
v 2.15 0.06478614768371571 0.2674006185302744
v 2.15 0.07157544768371582 0.11864461853027208
v 2.15 0.07346644768371591 -0.022651381469724896
v 2.15 0.06942144768371583 -0.14940238146972717
v 2.15 0.0591852476837158 -0.2552543814697259
v 2.15 0.04338514768371593 -0.3348983814697277
v 2.15 0.02324294768371593 -0.3843383814697283
v 2.15 4.768371586472142e-08 -0.40110038146972826
v 2.15 -0.02324295231628426 -0.3843383814697283
v 2.15 -0.04338515231628426 -0.3348983814697277
v 2.15 -0.05918525231628413 -0.2552543814697259
v 2.15 -0.06942145231628416 -0.14940238146972717
v 2.15 -0.07346645231628424 -0.022651381469724896
v 2.15 -0.07157545231628415 0.11864461853027208
v 2.15 -0.06478615231628426 0.2674006185302744
v 2.15 -0.054565652316284075 0.4161546185302747
v 2.15 -0.04245185231628423 0.5574516185302727
v 2.15 -0.029872452316284104 0.684202618530275
v 2.15 -0.018149152316284223 0.7900546185302737
v 2.15 -0.008546252316284253 0.8696976185302745
v 2.15 -0.002215152316284108 0.9191396185302736
v 2.25 4.768371586472142e-08 0.9318156185302726
v 2.25 0.0022054476837158887 0.9151296185302726
v 2.25 0.008509047683715742 0.8659036185302718
v 2.25 0.01806984768371578 0.7866076185302724
v 2.25 0.0297420476837158 0.6812176185302725
v 2.25 0.04226664768371591 0.5550196185302738
v 2.25 0.054327647683715785 0.4143396185302741
v 2.25 0.06450354768371591 0.26623361853027205
v 2.25 0.07126314768371578 0.11812761853027354
v 2.25 0.0731458476837159 -0.022552381469726157
v 2.25 0.06911854768371573 -0.14875038146972486
v 2.25 0.05892694768371576 -0.2541403814697283
v 2.25 0.04319584768371576 -0.3334373814697251
v 2.25 0.02314154768371579 -0.3826613814697275
v 2.25 4.768371586472142e-08 -0.399349381469726
v 2.25 -0.02314155231628412 -0.3826613814697275
v 2.25 -0.04319585231628409 -0.3334373814697251
v 2.25 -0.05892695231628409 -0.2541403814697283
v 2.25 -0.06911845231628422 -0.14875038146972486
v 2.25 -0.07314585231628423 -0.022552381469726157
v 2.25 -0.0712631523162841 0.11812761853027354
v 2.25 -0.06450355231628424 0.26623361853027205
v 2.25 -0.054327652316284114 0.4143396185302741
v 2.25 -0.04226665231628424 0.5550196185302738
v 2.25 -0.02974195231628407 0.6812176185302725
v 2.25 -0.018069852316284107 0.7866076185302724
v 2.25 -0.008509052316284071 0.8659036185302718
v 2.25 -0.0022054523162842177 0.9151296185302726
v 2.35 4.768371586472142e-08 0.9277326185302748
v 2.35 0.0021958476837158347 0.9111196185302717
v 2.35 0.008471747683715725 0.8621086185302751
v 2.35 0.01799074768371578 0.7831616185302721
v 2.35 0.029611747683715883 0.6782326185302736
v 2.35 0.04208134768371585 0.5525876185302749
v 2.35 0.054089547683715766 0.41252361853027253
v 2.35 0.06422094768371589 0.26506661853027325
v 2.35 0.07095084768371573 0.11760961853027396
v 2.35 0.07282534768371574 -0.022453381469727418
v 2.35 0.06881554768371578 -0.14810038146972815
v 2.35 0.05866874768371577 -0.25302738146972814
v 2.35 0.04300654768371581 -0.3319763814697261
v 2.35 0.023040147683715873 -0.3809853814697277
v 2.35 4.768371586472142e-08 -0.39760038146972576
v 2.35 -0.0230401523162842 -0.3809853814697277
v 2.35 -0.04300655231628414 -0.3319763814697261
v 2.35 -0.0586687523162841 -0.25302738146972814
v 2.35 -0.06881555231628411 -0.14810038146972815
v 2.35 -0.07282535231628429 -0.022453381469727418
v 2.35 -0.07095085231628429 0.11760961853027396
v 2.35 -0.06422095231628422 0.26506661853027325
v 2.35 -0.054089552316284095 0.41252361853027253
v 2.35 -0.04208135231628418 0.5525876185302749
v 2.35 -0.029611752316284212 0.6782326185302736
v 2.35 -0.01799075231628411 0.7831616185302721
v 2.35 -0.008471752316284276 0.8621086185302751
v 2.35 -0.0021958523162841637 0.9111196185302717
v 2.45 4.768371586472142e-08 0.9236506185302744
v 2.45 0.0021861476837157223 0.9071086185302732
v 2.45 0.008434447683715929 0.8583146185302724
v 2.45 0.017911547683715723 0.7797126185302723
v 2.45 0.029481447683715745 0.6752476185302747
v 2.45 0.0418960476837158 0.5501556185302725
v 2.45 0.05385144768371575 0.4107076185302745
v 2.45 0.06393814768371575 0.2639006185302719
v 2.45 0.07063864768371575 0.11709261853027186
v 2.45 0.07250484768371579 -0.022354381469725126
v 2.45 0.0685126476837159 -0.1474473814697248
v 2.45 0.058410547683715786 -0.25191338146972697
v 2.45 0.04281734768371592 -0.33051538146972703
v 2.45 0.022938747683715732 -0.3793083814697269
v 2.45 4.768371586472142e-08 -0.39584938146972704
v 2.45 -0.022938752316284283 -0.3793083814697269
v 2.45 -0.04281735231628425 -0.33051538146972703
v 2.45 -0.058410552316284114 -0.25191338146972697
v 2.45 -0.06851265231628423 -0.1474473814697248
v 2.45 -0.07250485231628412 -0.022354381469725126
v 2.45 -0.07063865231628408 0.11709261853027186
v 2.45 -0.06393815231628408 0.2639006185302719
v 2.45 -0.053851452316284076 0.4107076185302745
v 2.45 -0.041896152316284185 0.5501556185302725
v 2.45 -0.029481452316284074 0.6752476185302747
v 2.45 -0.017911552316284274 0.7797126185302723
v 2.45 -0.008434452316284258 0.8583146185302724
v 2.45 -0.0021861523162842733 0.9071086185302732
v 2.55 4.768371586472142e-08 0.919566618530272
v 2.55 0.002176447683715832 0.9030996185302733
v 2.55 0.008397047683715853 0.8545196185302721
v 2.55 0.017832447683715724 0.7762656185302745
v 2.55 0.029351147683715828 0.6722626185302722
v 2.55 0.04171094768371586 0.5477216185302751
v 2.55 0.05361344768371579 0.4088916185302729
v 2.55 0.0636554476837159 0.2627336185302731
v 2.55 0.07032634768371593 0.11657361853027481
v 2.55 0.07218434768371584 -0.022256381469727415
v 2.55 0.06820984768371585 -0.14679538146972604
v 2.55 0.0581523476837158 -0.2507993814697258
v 2.55 0.04262804768371575 -0.32905338146972696
v 2.55 0.022837247683715756 -0.3776323814697271
v 2.55 4.768371586472142e-08 -0.3941003814697268
v 2.55 -0.022837252316284085 -0.3776323814697271
v 2.55 -0.04262805231628408 -0.32905338146972696
v 2.55 -0.05815235231628413 -0.2507993814697258
v 2.55 -0.06820985231628418 -0.14679538146972604
v 2.55 -0.07218435231628417 -0.022256381469727415
v 2.55 -0.07032635231628426 0.11657361853027481
v 2.55 -0.06365545231628422 0.2627336185302731
v 2.55 -0.053613452316284116 0.4088916185302729
v 2.55 -0.04171095231628419 0.5477216185302751
v 2.55 -0.029351152316284157 0.6722626185302722
v 2.55 -0.017832352316284217 0.7762656185302745
v 2.55 -0.00839715231628424 0.8545196185302721
v 2.55 -0.002176452316284161 0.9030996185302733
v 2.65 4.768371586472142e-08 0.8355256185302729
v 2.65 0.0019018476837158182 0.821134618530273
v 2.65 0.0073375476837158615 0.7786846185302743
v 2.65 0.015582347683715803 0.7103066185302751
v 2.65 0.025647747683715805 0.6194226185302725
v 2.65 0.03644814768371574 0.510597618530273
v 2.65 0.04684874768371583 0.3892846185302723
v 2.65 0.055623847683715866 0.2615666185302743
v 2.65 0.061452947683715786 0.13384861853027274
v 2.65 0.06307644768371579 0.0125346185302746
v 2.65 0.059603547683715785 -0.0962903814697249
v 2.65 0.05081494768371586 -0.18717238146972548
v 2.65 0.03724944768371574 -0.2555523814697267
v 2.65 0.019955847683715833 -0.29800238146972546
v 2.65 4.768371586472142e-08 -0.31239038146972575
v 2.65 -0.01995585231628416 -0.29800238146972546
v 2.65 -0.03724945231628407 -0.2555523814697267
v 2.65 -0.05081495231628419 -0.18717238146972548
v 2.65 -0.059603552316284114 -0.0962903814697249
v 2.65 -0.06307645231628412 0.0125346185302746
v 2.65 -0.061452952316284115 0.13384861853027274
v 2.65 -0.055623852316284195 0.2615666185302743
v 2.65 -0.04684875231628416 0.3892846185302723
v 2.65 -0.03644815231628429 0.510597618530273
v 2.65 -0.025647752316284134 0.6194226185302725
v 2.65 -0.015582352316284132 0.7103066185302751
v 2.65 -0.0073375523162841905 0.7786846185302743
v 2.65 -0.0019018523162841472 0.821134618530273
v 2.75 4.768371586472142e-08 0.2623996185302744
v 2.75 0.00010784768371574494 0.2623496185302727
v 2.75 0.00041614768371589506 0.26220161853027335
v 2.75 0.0008837476837157965 0.2619626185302728
v 2.75 0.0014544476837157205 0.2616466185302748
v 2.75 0.0020669476837158474 0.2612686185302735
v 2.75 0.0026568476837158794 0.2608456185302721
v 2.75 0.0031545476837158137 0.26040061853027296
v 2.75 0.003485047683715825 0.2599546185302728
v 2.75 0.0035771476837158644 0.25953261853027243
v 2.75 0.0033801476837158617 0.25915361853027363
v 2.75 0.0028817476837157407 0.2588366185302746
v 2.75 0.0021125476837158264 0.2585986185302751
v 2.75 0.0011317476837158225 0.2584496185302747
v 2.75 4.768371586472142e-08 0.25839961853027305
v 2.75 -0.0011317523162841514 0.2584496185302747
v 2.75 -0.0021125523162841553 0.2585986185302751
v 2.75 -0.0028817523162840697 0.2588366185302746
v 2.75 -0.0033801523162841907 0.25915361853027363
v 2.75 -0.0035771523162841934 0.25953261853027243
v 2.75 -0.003485052316284154 0.2599546185302728
v 2.75 -0.0031545523162841427 0.26040061853027296
v 2.75 -0.0026568523162842084 0.2608456185302721
v 2.75 -0.0020669523162841763 0.2612686185302735
v 2.75 -0.0014544523162842715 0.2616466185302748
v 2.75 -0.0008836523162842891 0.2619626185302728
v 2.75 -0.000416152316284224 0.26220161853027335
v 2.75 -0.00010785231628407388 0.2623496185302727
v 0.35 4.768371586472142e-08 0.2884006185302752
v 2.75 4.768371586472142e-08 0.26040061853027296
vt 0.5050432 0.3
vt 0.47477382 0.3
vt 0.50498235 0.30666667
vt 0.47471404 0.30666667
vt 0.47397912 0.3
vt 0.47392255 0.30666667
vt 0.47269896 0.3
vt 0.4726476 0.30666667
vt 0.47099757 0.3
vt 0.47095308 0.30666667
vt 0.46896023 0.3
vt 0.46892396 0.30666667
vt 0.46668908 0.3
vt 0.46666202 0.30666667
vt 0.46429807 0.3
vt 0.46428066 0.30666667
vt 0.46190703 0.3
vt 0.46189934 0.30666667
vt 0.4596359 0.3
vt 0.45963737 0.30666667
vt 0.45759857 0.3
vt 0.45760828 0.30666667
vt 0.45589715 0.3
vt 0.45591375 0.30666667
vt 0.45461702 0.3
vt 0.45463878 0.30666667
vt 0.4538223 0.3
vt 0.4538473 0.30666667
vt 0.4535529 0.3
vt 0.45357898 0.30666667
vt 0.48382232 0.3
vt 0.4838473 0.30666667
vt 0.48461702 0.3
vt 0.48463878 0.30666667
vt 0.48589715 0.3
vt 0.48591375 0.30666667
vt 0.48759857 0.3
vt 0.48760828 0.30666667
vt 0.4896359 0.3
vt 0.48963737 0.30666667
vt 0.49190703 0.3
vt 0.4918993 0.30666667
vt 0.49429807 0.3
vt 0.49428067 0.30666667
vt 0.49668908 0.3
vt 0.49666202 0.30666667
vt 0.4989602 0.3
vt 0.49892396 0.30666667
vt 0.50099754 0.3
vt 0.5009531 0.30666667
vt 0.50269896 0.3
vt 0.5026476 0.30666667
vt 0.5039791 0.3
vt 0.5039226 0.30666667
vt 0.5047738 0.3
vt 0.5047141 0.30666667
vt 0.5049215 0.31333333
vt 0.4746543 0.31333333
vt 0.47386602 0.31333333
vt 0.47259623 0.31333333
vt 0.47090858 0.31333333
vt 0.46888772 0.31333333
vt 0.46663496 0.31333333
vt 0.4642633 0.31333333
vt 0.46189162 0.31333333
vt 0.45963886 0.31333333
vt 0.457618 0.31333333
vt 0.45593035 0.31333333
vt 0.45466056 0.31333333
vt 0.4538723 0.31333333
vt 0.45360506 0.31333333
vt 0.4838723 0.31333333
vt 0.48466057 0.31333333
vt 0.48593035 0.31333333
vt 0.487618 0.31333333
vt 0.48963886 0.31333333
vt 0.49189162 0.31333333
vt 0.4942633 0.31333333
vt 0.49663496 0.31333333
vt 0.49888772 0.31333333
vt 0.50090855 0.31333333
vt 0.5025962 0.31333333
vt 0.503866 0.31333333
vt 0.5046543 0.31333333
vt 0.50486064 0.32
vt 0.47459453 0.32
vt 0.47380945 0.32
vt 0.47254485 0.32
vt 0.4708641 0.32
vt 0.46885148 0.32
vt 0.4666079 0.32
vt 0.46424592 0.32
vt 0.4618839 0.32
vt 0.45964032 0.32
vt 0.4576277 0.32
vt 0.45594695 0.32
vt 0.45468235 0.32
vt 0.45389727 0.32
vt 0.45363113 0.32
vt 0.48389727 0.32
vt 0.48468235 0.32
vt 0.48594695 0.32
vt 0.4876277 0.32
vt 0.48964033 0.32
vt 0.4918839 0.32
vt 0.4942459 0.32
vt 0.4966079 0.32
vt 0.49885148 0.32
vt 0.5008641 0.32
vt 0.5025449 0.32
vt 0.50380945 0.32
vt 0.5045945 0.32
vt 0.5047998 0.32666665
vt 0.47453475 0.32666665
vt 0.47375292 0.32666665
vt 0.47249347 0.32666665
vt 0.4708196 0.32666665
vt 0.46881524 0.32666665
vt 0.46658084 0.32666665
vt 0.4642285 0.32666665
vt 0.46187618 0.32666665
vt 0.4596418 0.32666665
vt 0.45763743 0.32666665
vt 0.45596355 0.32666665
vt 0.4547041 0.32666665
vt 0.45392227 0.32666665
vt 0.45365724 0.32666665
vt 0.48392227 0.32666665
vt 0.4847041 0.32666665
vt 0.48596355 0.32666665
vt 0.48763743 0.32666665
vt 0.48964182 0.32666665
vt 0.49187618 0.32666665
vt 0.4942285 0.32666665
vt 0.49658084 0.32666665
vt 0.49881524 0.32666665
vt 0.5008196 0.32666665
vt 0.5024935 0.32666665
vt 0.5037529 0.32666665
vt 0.5045348 0.32666665
vt 0.5047389 0.33333334
vt 0.474475 0.33333334
vt 0.47369635 0.33333334
vt 0.47244212 0.33333334
vt 0.47077513 0.33333334
vt 0.46877897 0.33333334
vt 0.46655378 0.33333334
vt 0.46421114 0.33333334
vt 0.46186846 0.33333334
vt 0.45964327 0.33333334
vt 0.45764714 0.33333334
vt 0.45598015 0.33333334
vt 0.4547259 0.33333334
vt 0.45394728 0.33333334
vt 0.45368332 0.33333334
vt 0.48394728 0.33333334
vt 0.4847259 0.33333334
vt 0.48598015 0.33333334
vt 0.48764715 0.33333334
vt 0.48964328 0.33333334
vt 0.49186847 0.33333334
vt 0.49421114 0.33333334
vt 0.49655378 0.33333334
vt 0.49877897 0.33333334
vt 0.5007751 0.33333334
vt 0.5024421 0.33333334
vt 0.5036964 0.33333334
vt 0.504475 0.33333334
vt 0.5046781 0.34
vt 0.47441524 0.34
vt 0.47363982 0.34
vt 0.47239074 0.34
vt 0.47073063 0.34
vt 0.46874273 0.34
vt 0.46652672 0.34
vt 0.46419373 0.34
vt 0.46186075 0.34
vt 0.45964476 0.34
vt 0.45765686 0.34
vt 0.45599675 0.34
vt 0.45474768 0.34
vt 0.45397225 0.34
vt 0.4537094 0.34
vt 0.48397225 0.34
vt 0.48474768 0.34
vt 0.48599675 0.34
vt 0.48765686 0.34
vt 0.48964477 0.34
vt 0.49186075 0.34
vt 0.49419373 0.34
vt 0.49652672 0.34
vt 0.49874273 0.34
vt 0.50073063 0.34
vt 0.50239074 0.34
vt 0.5036398 0.34
vt 0.5044152 0.34
vt 0.5046172 0.34666666
vt 0.47435546 0.34666666
vt 0.47358325 0.34666666
vt 0.47233936 0.34666666
vt 0.47068614 0.34666666
vt 0.4687065 0.34666666
vt 0.46649966 0.34666666
vt 0.46417636 0.34666666
vt 0.46185303 0.34666666
vt 0.45964622 0.34666666
vt 0.45766658 0.34666666
vt 0.45601335 0.34666666
vt 0.45476943 0.34666666
vt 0.45399725 0.34666666
vt 0.45373547 0.34666666
vt 0.48399726 0.34666666
vt 0.48476943 0.34666666
vt 0.48601335 0.34666666
vt 0.48766658 0.34666666
vt 0.48964623 0.34666666
vt 0.49185303 0.34666666
vt 0.49417636 0.34666666
vt 0.49649966 0.34666666
vt 0.4987065 0.34666666
vt 0.5006861 0.34666666
vt 0.50233936 0.34666666
vt 0.50358325 0.34666666
vt 0.5043555 0.34666666
vt 0.50455636 0.35333332
vt 0.4742957 0.35333332
vt 0.47352672 0.35333332
vt 0.47228798 0.35333332
vt 0.47064164 0.35333332
vt 0.46867025 0.35333332
vt 0.4664726 0.35333332
vt 0.46415895 0.35333332
vt 0.46184534 0.35333332
vt 0.4596477 0.35333332
vt 0.4576763 0.35333332
vt 0.45602995 0.35333332
vt 0.45479122 0.35333332
vt 0.45402223 0.35333332
vt 0.45376155 0.35333332
vt 0.48402223 0.35333332
vt 0.48479122 0.35333332
vt 0.48602995 0.35333332
vt 0.4876763 0.35333332
vt 0.4896477 0.35333332
vt 0.4918453 0.35333332
vt 0.49415895 0.35333332
vt 0.4964726 0.35333332
vt 0.49867025 0.35333332
vt 0.50064164 0.35333332
vt 0.502288 0.35333332
vt 0.5035267 0.35333332
vt 0.5042957 0.35333332
vt 0.5044955 0.36
vt 0.47423592 0.36
vt 0.47347015 0.36
vt 0.47223663 0.36
vt 0.47059715 0.36
vt 0.46863398 0.36
vt 0.46644554 0.36
vt 0.46414158 0.36
vt 0.46183762 0.36
vt 0.45964918 0.36
vt 0.457686 0.36
vt 0.45604652 0.36
vt 0.454813 0.36
vt 0.45404723 0.36
vt 0.45378762 0.36
vt 0.48404723 0.36
vt 0.484813 0.36
vt 0.48604652 0.36
vt 0.487686 0.36
vt 0.48964918 0.36
vt 0.49183762 0.36
vt 0.49414158 0.36
vt 0.49644554 0.36
vt 0.49863398 0.36
vt 0.5005972 0.36
vt 0.5022366 0.36
vt 0.5034702 0.36
vt 0.5042359 0.36
vt 0.50443465 0.36666667
vt 0.47417617 0.36666667
vt 0.47341362 0.36666667
vt 0.47218525 0.36666667
vt 0.47055268 0.36666667
vt 0.46859774 0.36666667
vt 0.4664185 0.36666667
vt 0.4641242 0.36666667
vt 0.4618299 0.36666667
vt 0.45965064 0.36666667
vt 0.45769572 0.36666667
vt 0.45606312 0.36666667
vt 0.45483476 0.36666667
vt 0.4540722 0.36666667
vt 0.4538137 0.36666667
vt 0.4840722 0.36666667
vt 0.48483476 0.36666667
vt 0.48606312 0.36666667
vt 0.48769572 0.36666667
vt 0.48965064 0.36666667
vt 0.4918299 0.36666667
vt 0.4941242 0.36666667
vt 0.49641848 0.36666667
vt 0.49859774 0.36666667
vt 0.50055265 0.36666667
vt 0.5021852 0.36666667
vt 0.5034136 0.36666667
vt 0.50417614 0.36666667
vt 0.50437385 0.37333333
vt 0.4741164 0.37333333
vt 0.47335705 0.37333333
vt 0.47213387 0.37333333
vt 0.4705082 0.37333333
vt 0.4685615 0.37333333
vt 0.46639144 0.37333333
vt 0.4641068 0.37333333
vt 0.46182218 0.37333333
vt 0.45965213 0.37333333
vt 0.45770544 0.37333333
vt 0.45607972 0.37333333
vt 0.45485654 0.37333333
vt 0.4540972 0.37333333
vt 0.45383978 0.37333333
vt 0.4840972 0.37333333
vt 0.48485655 0.37333333
vt 0.48607972 0.37333333
vt 0.48770544 0.37333333
vt 0.48965213 0.37333333
vt 0.49182218 0.37333333
vt 0.4941068 0.37333333
vt 0.49639145 0.37333333
vt 0.4985615 0.37333333
vt 0.5005082 0.37333333
vt 0.5021339 0.37333333
vt 0.50335705 0.37333333
vt 0.5041164 0.37333333
vt 0.504313 0.38
vt 0.47405663 0.38
vt 0.47330052 0.38
vt 0.4720825 0.38
vt 0.4704637 0.38
vt 0.46852526 0.38
vt 0.46636438 0.38
vt 0.46408942 0.38
vt 0.46181446 0.38
vt 0.4596536 0.38
vt 0.45771515 0.38
vt 0.45609632 0.38
vt 0.45487833 0.38
vt 0.4541222 0.38
vt 0.4538659 0.38
vt 0.4841222 0.38
vt 0.48487833 0.38
vt 0.48609632 0.38
vt 0.48771515 0.38
vt 0.4896536 0.38
vt 0.49181446 0.38
vt 0.49408942 0.38
vt 0.49636438 0.38
vt 0.49852526 0.38
vt 0.5004637 0.38
vt 0.5020825 0.38
vt 0.5033005 0.38
vt 0.50405663 0.38
vt 0.50425214 0.38666666
vt 0.47399688 0.38666666
vt 0.47324395 0.38666666
vt 0.47203115 0.38666666
vt 0.4704192 0.38666666
vt 0.468489 0.38666666
vt 0.46633732 0.38666666
vt 0.46407202 0.38666666
vt 0.46180674 0.38666666
vt 0.45965505 0.38666666
vt 0.45772487 0.38666666
vt 0.45611292 0.38666666
vt 0.4549001 0.38666666
vt 0.4541472 0.38666666
vt 0.45389196 0.38666666
vt 0.4841472 0.38666666
vt 0.4849001 0.38666666
vt 0.48611292 0.38666666
vt 0.48772487 0.38666666
vt 0.48965505 0.38666666
vt 0.49180675 0.38666666
vt 0.49407202 0.38666666
vt 0.49633732 0.38666666
vt 0.498489 0.38666666
vt 0.5004192 0.38666666
vt 0.50203115 0.38666666
vt 0.503244 0.38666666
vt 0.50399685 0.38666666
vt 0.5041913 0.39333335
vt 0.47393712 0.39333335
vt 0.47318742 0.39333335
vt 0.47197977 0.39333335
vt 0.47037473 0.39333335
vt 0.46845275 0.39333335
vt 0.46631026 0.39333335
vt 0.46405464 0.39333335
vt 0.46179903 0.39333335
vt 0.45965654 0.39333335
vt 0.45773458 0.39333335
vt 0.45612952 0.39333335
vt 0.45492187 0.39333335
vt 0.45417216 0.39333335
vt 0.45391804 0.39333335
vt 0.48417217 0.39333335
vt 0.48492187 0.39333335
vt 0.48612952 0.39333335
vt 0.48773456 0.39333335
vt 0.48965654 0.39333335
vt 0.49179903 0.39333335
vt 0.49405465 0.39333335
vt 0.49631026 0.39333335
vt 0.49845275 0.39333335
vt 0.50037473 0.39333335
vt 0.50197977 0.39333335
vt 0.5031874 0.39333335
vt 0.5039371 0.39333335
vt 0.5041304 0.4
vt 0.47387734 0.4
vt 0.47313085 0.4
vt 0.4719284 0.4
vt 0.47033024 0.4
vt 0.4684165 0.4
vt 0.4662832 0.4
vt 0.46403727 0.4
vt 0.46179134 0.4
vt 0.459658 0.4
vt 0.45774427 0.4
vt 0.45614612 0.4
vt 0.45494366 0.4
vt 0.45419717 0.4
vt 0.45394412 0.4
vt 0.48419717 0.4
vt 0.48494366 0.4
vt 0.48614612 0.4
vt 0.48774427 0.4
vt 0.489658 0.4
vt 0.4917913 0.4
vt 0.49403727 0.4
vt 0.4962832 0.4
vt 0.4984165 0.4
vt 0.5003302 0.4
vt 0.5019284 0.4
vt 0.50313085 0.4
vt 0.50387734 0.4
vt 0.50406957 0.40666667
vt 0.4738176 0.40666667
vt 0.47307432 0.40666667
vt 0.47187704 0.40666667
vt 0.47028574 0.40666667
vt 0.46838027 0.40666667
vt 0.46625614 0.40666667
vt 0.46401986 0.40666667
vt 0.46178362 0.40666667
vt 0.4596595 0.40666667
vt 0.457754 0.40666667
vt 0.45616272 0.40666667
vt 0.4549654 0.40666667
vt 0.45422217 0.40666667
vt 0.4539702 0.40666667
vt 0.48422217 0.40666667
vt 0.4849654 0.40666667
vt 0.48616272 0.40666667
vt 0.487754 0.40666667
vt 0.4896595 0.40666667
vt 0.49178362 0.40666667
vt 0.49401987 0.40666667
vt 0.49625614 0.40666667
vt 0.49838027 0.40666667
vt 0.50028574 0.40666667
vt 0.501877 0.40666667
vt 0.5030743 0.40666667
vt 0.50381756 0.40666667
vt 0.5040087 0.41333333
vt 0.4737578 0.41333333
vt 0.47301778 0.41333333
vt 0.47182566 0.41333333
vt 0.47024125 0.41333333
vt 0.468344 0.41333333
vt 0.46622908 0.41333333
vt 0.4640025 0.41333333
vt 0.4617759 0.41333333
vt 0.45966095 0.41333333
vt 0.4577637 0.41333333
vt 0.45617932 0.41333333
vt 0.4549872 0.41333333
vt 0.45424715 0.41333333
vt 0.45399627 0.41333333
vt 0.48424715 0.41333333
vt 0.4849872 0.41333333
vt 0.48617932 0.41333333
vt 0.4877637 0.41333333
vt 0.48966095 0.41333333
vt 0.4917759 0.41333333
vt 0.4940025 0.41333333
vt 0.49622908 0.41333333
vt 0.498344 0.41333333
vt 0.5002413 0.41333333
vt 0.50182563 0.41333333
vt 0.5030178 0.41333333
vt 0.50375783 0.41333333
vt 0.50394785 0.42
vt 0.47369805 0.42
vt 0.47296122 0.42
vt 0.47177428 0.42
vt 0.47019675 0.42
vt 0.46830776 0.42
vt 0.46620202 0.42
vt 0.4639851 0.42
vt 0.46176818 0.42
vt 0.45966244 0.42
vt 0.45777342 0.42
vt 0.45619592 0.42
vt 0.45500898 0.42
vt 0.45427215 0.42
vt 0.45402235 0.42
vt 0.48427215 0.42
vt 0.48500898 0.42
vt 0.48619592 0.42
vt 0.48777342 0.42
vt 0.48966244 0.42
vt 0.49176818 0.42
vt 0.4939851 0.42
vt 0.49620202 0.42
vt 0.49830776 0.42
vt 0.50019675 0.42
vt 0.5017743 0.42
vt 0.5029612 0.42
vt 0.50369805 0.42
vt 0.503887 0.42666668
vt 0.4736383 0.42666668
vt 0.47290468 0.42666668
vt 0.4717229 0.42666668
vt 0.4701523 0.42666668
vt 0.46827152 0.42666668
vt 0.46617496 0.42666668
vt 0.4639677 0.42666668
vt 0.46176046 0.42666668
vt 0.4596639 0.42666668
vt 0.45778313 0.42666668
vt 0.45621252 0.42666668
vt 0.45503074 0.42666668
vt 0.45429713 0.42666668
vt 0.45404842 0.42666668
vt 0.48429713 0.42666668
vt 0.48503074 0.42666668
vt 0.48621252 0.42666668
vt 0.48778313 0.42666668
vt 0.4896639 0.42666668
vt 0.49176046 0.42666668
vt 0.4939677 0.42666668
vt 0.49617496 0.42666668
vt 0.49827152 0.42666668
vt 0.5001523 0.42666668
vt 0.50172293 0.42666668
vt 0.50290465 0.42666668
vt 0.50363827 0.42666668
vt 0.50382614 0.43333334
vt 0.4735785 0.43333334
vt 0.47284812 0.43333334
vt 0.47167155 0.43333334
vt 0.4701078 0.43333334
vt 0.46823528 0.43333334
vt 0.4661479 0.43333334
vt 0.46395034 0.43333334
vt 0.46175274 0.43333334
vt 0.45966536 0.43333334
vt 0.45779285 0.43333334
vt 0.45622912 0.43333334
vt 0.45505252 0.43333334
vt 0.45432213 0.43333334
vt 0.4540745 0.43333334
vt 0.48432213 0.43333334
vt 0.48505253 0.43333334
vt 0.4862291 0.43333334
vt 0.48779285 0.43333334
vt 0.48966536 0.43333334
vt 0.49175274 0.43333334
vt 0.49395034 0.43333334
vt 0.4961479 0.43333334
vt 0.4982353 0.43333334
vt 0.50010777 0.43333334
vt 0.50167155 0.43333334
vt 0.5028481 0.43333334
vt 0.50357854 0.43333334
vt 0.5037653 0.44
vt 0.47351876 0.44
vt 0.47279158 0.44
vt 0.47162017 0.44
vt 0.4700633 0.44
vt 0.468199 0.44
vt 0.46612084 0.44
vt 0.46393293 0.44
vt 0.46174502 0.44
vt 0.45966685 0.44
vt 0.45780256 0.44
vt 0.4562457 0.44
vt 0.4550743 0.44
vt 0.4543471 0.44
vt 0.4541006 0.44
vt 0.4843471 0.44
vt 0.4850743 0.44
vt 0.4862457 0.44
vt 0.48780257 0.44
vt 0.48966685 0.44
vt 0.49174502 0.44
vt 0.49393293 0.44
vt 0.49612084 0.44
vt 0.49819902 0.44
vt 0.5000633 0.44
vt 0.5016202 0.44
vt 0.5027916 0.44
vt 0.50351876 0.44
vt 0.5037044 0.44666666
vt 0.473459 0.44666666
vt 0.47273502 0.44666666
vt 0.4715688 0.44666666
vt 0.4700188 0.44666666
vt 0.46816278 0.44666666
vt 0.46609378 0.44666666
vt 0.46391556 0.44666666
vt 0.46173733 0.44666666
vt 0.4596683 0.44666666
vt 0.45781228 0.44666666
vt 0.4562623 0.44666666
vt 0.45509607 0.44666666
vt 0.4543721 0.44666666
vt 0.4541267 0.44666666
vt 0.4843721 0.44666666
vt 0.48509607 0.44666666
vt 0.4862623 0.44666666
vt 0.48781228 0.44666666
vt 0.4896683 0.44666666
vt 0.4917373 0.44666666
vt 0.49391556 0.44666666
vt 0.49609378 0.44666666
vt 0.49816278 0.44666666
vt 0.50001884 0.44666666
vt 0.5015688 0.44666666
vt 0.502735 0.44666666
vt 0.503459 0.44666666
vt 0.50245196 0.45333335
vt 0.47223747 0.45333335
vt 0.47160485 0.45333335
vt 0.47058576 0.45333335
vt 0.46923137 0.45333335
vt 0.4676095 0.45333335
vt 0.46580157 0.45333335
vt 0.46389815 0.45333335
vt 0.46199477 0.45333335
vt 0.4601868 0.45333335
vt 0.45856497 0.45333335
vt 0.45721054 0.45333335
vt 0.45619148 0.45333335
vt 0.45555884 0.45333335
vt 0.45534438 0.45333335
vt 0.48555884 0.45333335
vt 0.48619148 0.45333335
vt 0.48721054 0.45333335
vt 0.48856497 0.45333335
vt 0.4901868 0.45333335
vt 0.49199477 0.45333335
vt 0.49389815 0.45333335
vt 0.49580157 0.45333335
vt 0.4976095 0.45333335
vt 0.49923137 0.45333335
vt 0.5005858 0.45333335
vt 0.50160486 0.45333335
vt 0.5022375 0.45333335
vt 0.49391058 0.46
vt 0.46390983 0.46
vt 0.46390763 0.46
vt 0.46390408 0.46
vt 0.46389934 0.46
vt 0.4638937 0.46
vt 0.4638874 0.46
vt 0.46388078 0.46
vt 0.46387413 0.46
vt 0.46386784 0.46
vt 0.46386218 0.46
vt 0.46385747 0.46
vt 0.46385393 0.46
vt 0.46385172 0.46
vt 0.46385098 0.46
vt 0.49385172 0.46
vt 0.49385393 0.46
vt 0.49385747 0.46
vt 0.49386218 0.46
vt 0.49386784 0.46
vt 0.49387413 0.46
vt 0.49388078 0.46
vt 0.4938874 0.46
vt 0.4938937 0.46
vt 0.49389935 0.46
vt 0.49390408 0.46
vt 0.49390763 0.46
vt 0.49390984 0.46
vt 0.46429807 0.3
vt 0.46388078 0.46
vt 0.5050432 0.3
vt 0.50498235 0.30666667
vt 0.47477382 0.3
vt 0.47471404 0.30666667
vt 0.47397912 0.3
vt 0.47392255 0.30666667
vt 0.47269896 0.3
vt 0.4726476 0.30666667
vt 0.47099757 0.3
vt 0.47095308 0.30666667
vt 0.46896023 0.3
vt 0.46892396 0.30666667
vt 0.46668908 0.3
vt 0.46666202 0.30666667
vt 0.46429807 0.3
vt 0.46428066 0.30666667
vt 0.46190703 0.3
vt 0.46189934 0.30666667
vt 0.4596359 0.3
vt 0.45963737 0.30666667
vt 0.45759857 0.3
vt 0.45760828 0.30666667
vt 0.45589715 0.3
vt 0.45591375 0.30666667
vt 0.45461702 0.3
vt 0.45463878 0.30666667
vt 0.4538223 0.3
vt 0.4538473 0.30666667
vt 0.4535529 0.3
vt 0.45357898 0.30666667
vt 0.48382232 0.3
vt 0.4838473 0.30666667
vt 0.48461702 0.3
vt 0.48463878 0.30666667
vt 0.48589715 0.3
vt 0.48591375 0.30666667
vt 0.48759857 0.3
vt 0.48760828 0.30666667
vt 0.4896359 0.3
vt 0.48963737 0.30666667
vt 0.49190703 0.3
vt 0.4918993 0.30666667
vt 0.49429807 0.3
vt 0.49428067 0.30666667
vt 0.49668908 0.3
vt 0.49666202 0.30666667
vt 0.4989602 0.3
vt 0.49892396 0.30666667
vt 0.50099754 0.3
vt 0.5009531 0.30666667
vt 0.50269896 0.3
vt 0.5026476 0.30666667
vt 0.5039791 0.3
vt 0.5039226 0.30666667
vt 0.5047738 0.3
vt 0.5047141 0.30666667
vt 0.5049215 0.31333333
vt 0.4746543 0.31333333
vt 0.47386602 0.31333333
vt 0.47259623 0.31333333
vt 0.47090858 0.31333333
vt 0.46888772 0.31333333
vt 0.46663496 0.31333333
vt 0.4642633 0.31333333
vt 0.46189162 0.31333333
vt 0.45963886 0.31333333
vt 0.457618 0.31333333
vt 0.45593035 0.31333333
vt 0.45466056 0.31333333
vt 0.4538723 0.31333333
vt 0.45360506 0.31333333
vt 0.4838723 0.31333333
vt 0.48466057 0.31333333
vt 0.48593035 0.31333333
vt 0.487618 0.31333333
vt 0.48963886 0.31333333
vt 0.49189162 0.31333333
vt 0.4942633 0.31333333
vt 0.49663496 0.31333333
vt 0.49888772 0.31333333
vt 0.50090855 0.31333333
vt 0.5025962 0.31333333
vt 0.503866 0.31333333
vt 0.5046543 0.31333333
vt 0.50486064 0.32
vt 0.47459453 0.32
vt 0.47380945 0.32
vt 0.47254485 0.32
vt 0.4708641 0.32
vt 0.46885148 0.32
vt 0.4666079 0.32
vt 0.46424592 0.32
vt 0.4618839 0.32
vt 0.45964032 0.32
vt 0.4576277 0.32
vt 0.45594695 0.32
vt 0.45468235 0.32
vt 0.45389727 0.32
vt 0.45363113 0.32
vt 0.48389727 0.32
vt 0.48468235 0.32
vt 0.48594695 0.32
vt 0.4876277 0.32
vt 0.48964033 0.32
vt 0.4918839 0.32
vt 0.4942459 0.32
vt 0.4966079 0.32
vt 0.49885148 0.32
vt 0.5008641 0.32
vt 0.5025449 0.32
vt 0.50380945 0.32
vt 0.5045945 0.32
vt 0.5047998 0.32666665
vt 0.47453475 0.32666665
vt 0.47375292 0.32666665
vt 0.47249347 0.32666665
vt 0.4708196 0.32666665
vt 0.46881524 0.32666665
vt 0.46658084 0.32666665
vt 0.4642285 0.32666665
vt 0.46187618 0.32666665
vt 0.4596418 0.32666665
vt 0.45763743 0.32666665
vt 0.45596355 0.32666665
vt 0.4547041 0.32666665
vt 0.45392227 0.32666665
vt 0.45365724 0.32666665
vt 0.48392227 0.32666665
vt 0.4847041 0.32666665
vt 0.48596355 0.32666665
vt 0.48763743 0.32666665
vt 0.48964182 0.32666665
vt 0.49187618 0.32666665
vt 0.4942285 0.32666665
vt 0.49658084 0.32666665
vt 0.49881524 0.32666665
vt 0.5008196 0.32666665
vt 0.5024935 0.32666665
vt 0.5037529 0.32666665
vt 0.5045348 0.32666665
vt 0.5047389 0.33333334
vt 0.474475 0.33333334
vt 0.47369635 0.33333334
vt 0.47244212 0.33333334
vt 0.47077513 0.33333334
vt 0.46877897 0.33333334
vt 0.46655378 0.33333334
vt 0.46421114 0.33333334
vt 0.46186846 0.33333334
vt 0.45964327 0.33333334
vt 0.45764714 0.33333334
vt 0.45598015 0.33333334
vt 0.4547259 0.33333334
vt 0.45394728 0.33333334
vt 0.45368332 0.33333334
vt 0.48394728 0.33333334
vt 0.4847259 0.33333334
vt 0.48598015 0.33333334
vt 0.48764715 0.33333334
vt 0.48964328 0.33333334
vt 0.49186847 0.33333334
vt 0.49421114 0.33333334
vt 0.49655378 0.33333334
vt 0.49877897 0.33333334
vt 0.5007751 0.33333334
vt 0.5024421 0.33333334
vt 0.5036964 0.33333334
vt 0.504475 0.33333334
vt 0.5046781 0.34
vt 0.47441524 0.34
vt 0.47363982 0.34
vt 0.47239074 0.34
vt 0.47073063 0.34
vt 0.46874273 0.34
vt 0.46652672 0.34
vt 0.46419373 0.34
vt 0.46186075 0.34
vt 0.45964476 0.34
vt 0.45765686 0.34
vt 0.45599675 0.34
vt 0.45474768 0.34
vt 0.45397225 0.34
vt 0.4537094 0.34
vt 0.48397225 0.34
vt 0.48474768 0.34
vt 0.48599675 0.34
vt 0.48765686 0.34
vt 0.48964477 0.34
vt 0.49186075 0.34
vt 0.49419373 0.34
vt 0.49652672 0.34
vt 0.49874273 0.34
vt 0.50073063 0.34
vt 0.50239074 0.34
vt 0.5036398 0.34
vt 0.5044152 0.34
vt 0.5046172 0.34666666
vt 0.47435546 0.34666666
vt 0.47358325 0.34666666
vt 0.47233936 0.34666666
vt 0.47068614 0.34666666
vt 0.4687065 0.34666666
vt 0.46649966 0.34666666
vt 0.46417636 0.34666666
vt 0.46185303 0.34666666
vt 0.45964622 0.34666666
vt 0.45766658 0.34666666
vt 0.45601335 0.34666666
vt 0.45476943 0.34666666
vt 0.45399725 0.34666666
vt 0.45373547 0.34666666
vt 0.48399726 0.34666666
vt 0.48476943 0.34666666
vt 0.48601335 0.34666666
vt 0.48766658 0.34666666
vt 0.48964623 0.34666666
vt 0.49185303 0.34666666
vt 0.49417636 0.34666666
vt 0.49649966 0.34666666
vt 0.4987065 0.34666666
vt 0.5006861 0.34666666
vt 0.50233936 0.34666666
vt 0.50358325 0.34666666
vt 0.5043555 0.34666666
vt 0.50455636 0.35333332
vt 0.4742957 0.35333332
vt 0.47352672 0.35333332
vt 0.47228798 0.35333332
vt 0.47064164 0.35333332
vt 0.46867025 0.35333332
vt 0.4664726 0.35333332
vt 0.46415895 0.35333332
vt 0.46184534 0.35333332
vt 0.4596477 0.35333332
vt 0.4576763 0.35333332
vt 0.45602995 0.35333332
vt 0.45479122 0.35333332
vt 0.45402223 0.35333332
vt 0.45376155 0.35333332
vt 0.48402223 0.35333332
vt 0.48479122 0.35333332
vt 0.48602995 0.35333332
vt 0.4876763 0.35333332
vt 0.4896477 0.35333332
vt 0.4918453 0.35333332
vt 0.49415895 0.35333332
vt 0.4964726 0.35333332
vt 0.49867025 0.35333332
vt 0.50064164 0.35333332
vt 0.502288 0.35333332
vt 0.5035267 0.35333332
vt 0.5042957 0.35333332
vt 0.5044955 0.36
vt 0.47423592 0.36
vt 0.47347015 0.36
vt 0.47223663 0.36
vt 0.47059715 0.36
vt 0.46863398 0.36
vt 0.46644554 0.36
vt 0.46414158 0.36
vt 0.46183762 0.36
vt 0.45964918 0.36
vt 0.457686 0.36
vt 0.45604652 0.36
vt 0.454813 0.36
vt 0.45404723 0.36
vt 0.45378762 0.36
vt 0.48404723 0.36
vt 0.484813 0.36
vt 0.48604652 0.36
vt 0.487686 0.36
vt 0.48964918 0.36
vt 0.49183762 0.36
vt 0.49414158 0.36
vt 0.49644554 0.36
vt 0.49863398 0.36
vt 0.5005972 0.36
vt 0.5022366 0.36
vt 0.5034702 0.36
vt 0.5042359 0.36
vt 0.50443465 0.36666667
vt 0.47417617 0.36666667
vt 0.47341362 0.36666667
vt 0.47218525 0.36666667
vt 0.47055268 0.36666667
vt 0.46859774 0.36666667
vt 0.4664185 0.36666667
vt 0.4641242 0.36666667
vt 0.4618299 0.36666667
vt 0.45965064 0.36666667
vt 0.45769572 0.36666667
vt 0.45606312 0.36666667
vt 0.45483476 0.36666667
vt 0.4540722 0.36666667
vt 0.4538137 0.36666667
vt 0.4840722 0.36666667
vt 0.48483476 0.36666667
vt 0.48606312 0.36666667
vt 0.48769572 0.36666667
vt 0.48965064 0.36666667
vt 0.4918299 0.36666667
vt 0.4941242 0.36666667
vt 0.49641848 0.36666667
vt 0.49859774 0.36666667
vt 0.50055265 0.36666667
vt 0.5021852 0.36666667
vt 0.5034136 0.36666667
vt 0.50417614 0.36666667
vt 0.50437385 0.37333333
vt 0.4741164 0.37333333
vt 0.47335705 0.37333333
vt 0.47213387 0.37333333
vt 0.4705082 0.37333333
vt 0.4685615 0.37333333
vt 0.46639144 0.37333333
vt 0.4641068 0.37333333
vt 0.46182218 0.37333333
vt 0.45965213 0.37333333
vt 0.45770544 0.37333333
vt 0.45607972 0.37333333
vt 0.45485654 0.37333333
vt 0.4540972 0.37333333
vt 0.45383978 0.37333333
vt 0.4840972 0.37333333
vt 0.48485655 0.37333333
vt 0.48607972 0.37333333
vt 0.48770544 0.37333333
vt 0.48965213 0.37333333
vt 0.49182218 0.37333333
vt 0.4941068 0.37333333
vt 0.49639145 0.37333333
vt 0.4985615 0.37333333
vt 0.5005082 0.37333333
vt 0.5021339 0.37333333
vt 0.50335705 0.37333333
vt 0.5041164 0.37333333
vt 0.504313 0.38
vt 0.47405663 0.38
vt 0.47330052 0.38
vt 0.4720825 0.38
vt 0.4704637 0.38
vt 0.46852526 0.38
vt 0.46636438 0.38
vt 0.46408942 0.38
vt 0.46181446 0.38
vt 0.4596536 0.38
vt 0.45771515 0.38
vt 0.45609632 0.38
vt 0.45487833 0.38
vt 0.4541222 0.38
vt 0.4538659 0.38
vt 0.4841222 0.38
vt 0.48487833 0.38
vt 0.48609632 0.38
vt 0.48771515 0.38
vt 0.4896536 0.38
vt 0.49181446 0.38
vt 0.49408942 0.38
vt 0.49636438 0.38
vt 0.49852526 0.38
vt 0.5004637 0.38
vt 0.5020825 0.38
vt 0.5033005 0.38
vt 0.50405663 0.38
vt 0.50425214 0.38666666
vt 0.47399688 0.38666666
vt 0.47324395 0.38666666
vt 0.47203115 0.38666666
vt 0.4704192 0.38666666
vt 0.468489 0.38666666
vt 0.46633732 0.38666666
vt 0.46407202 0.38666666
vt 0.46180674 0.38666666
vt 0.45965505 0.38666666
vt 0.45772487 0.38666666
vt 0.45611292 0.38666666
vt 0.4549001 0.38666666
vt 0.4541472 0.38666666
vt 0.45389196 0.38666666
vt 0.4841472 0.38666666
vt 0.4849001 0.38666666
vt 0.48611292 0.38666666
vt 0.48772487 0.38666666
vt 0.48965505 0.38666666
vt 0.49180675 0.38666666
vt 0.49407202 0.38666666
vt 0.49633732 0.38666666
vt 0.498489 0.38666666
vt 0.5004192 0.38666666
vt 0.50203115 0.38666666
vt 0.503244 0.38666666
vt 0.50399685 0.38666666
vt 0.5041913 0.39333335
vt 0.47393712 0.39333335
vt 0.47318742 0.39333335
vt 0.47197977 0.39333335
vt 0.47037473 0.39333335
vt 0.46845275 0.39333335
vt 0.46631026 0.39333335
vt 0.46405464 0.39333335
vt 0.46179903 0.39333335
vt 0.45965654 0.39333335
vt 0.45773458 0.39333335
vt 0.45612952 0.39333335
vt 0.45492187 0.39333335
vt 0.45417216 0.39333335
vt 0.45391804 0.39333335
vt 0.48417217 0.39333335
vt 0.48492187 0.39333335
vt 0.48612952 0.39333335
vt 0.48773456 0.39333335
vt 0.48965654 0.39333335
vt 0.49179903 0.39333335
vt 0.49405465 0.39333335
vt 0.49631026 0.39333335
vt 0.49845275 0.39333335
vt 0.50037473 0.39333335
vt 0.50197977 0.39333335
vt 0.5031874 0.39333335
vt 0.5039371 0.39333335
vt 0.5041304 0.4
vt 0.47387734 0.4
vt 0.47313085 0.4
vt 0.4719284 0.4
vt 0.47033024 0.4
vt 0.4684165 0.4
vt 0.4662832 0.4
vt 0.46403727 0.4
vt 0.46179134 0.4
vt 0.459658 0.4
vt 0.45774427 0.4
vt 0.45614612 0.4
vt 0.45494366 0.4
vt 0.45419717 0.4
vt 0.45394412 0.4
vt 0.48419717 0.4
vt 0.48494366 0.4
vt 0.48614612 0.4
vt 0.48774427 0.4
vt 0.489658 0.4
vt 0.4917913 0.4
vt 0.49403727 0.4
vt 0.4962832 0.4
vt 0.4984165 0.4
vt 0.5003302 0.4
vt 0.5019284 0.4
vt 0.50313085 0.4
vt 0.50387734 0.4
vt 0.50406957 0.40666667
vt 0.4738176 0.40666667
vt 0.47307432 0.40666667
vt 0.47187704 0.40666667
vt 0.47028574 0.40666667
vt 0.46838027 0.40666667
vt 0.46625614 0.40666667
vt 0.46401986 0.40666667
vt 0.46178362 0.40666667
vt 0.4596595 0.40666667
vt 0.457754 0.40666667
vt 0.45616272 0.40666667
vt 0.4549654 0.40666667
vt 0.45422217 0.40666667
vt 0.4539702 0.40666667
vt 0.48422217 0.40666667
vt 0.4849654 0.40666667
vt 0.48616272 0.40666667
vt 0.487754 0.40666667
vt 0.4896595 0.40666667
vt 0.49178362 0.40666667
vt 0.49401987 0.40666667
vt 0.49625614 0.40666667
vt 0.49838027 0.40666667
vt 0.50028574 0.40666667
vt 0.501877 0.40666667
vt 0.5030743 0.40666667
vt 0.50381756 0.40666667
vt 0.5040087 0.41333333
vt 0.4737578 0.41333333
vt 0.47301778 0.41333333
vt 0.47182566 0.41333333
vt 0.47024125 0.41333333
vt 0.468344 0.41333333
vt 0.46622908 0.41333333
vt 0.4640025 0.41333333
vt 0.4617759 0.41333333
vt 0.45966095 0.41333333
vt 0.4577637 0.41333333
vt 0.45617932 0.41333333
vt 0.4549872 0.41333333
vt 0.45424715 0.41333333
vt 0.45399627 0.41333333
vt 0.48424715 0.41333333
vt 0.4849872 0.41333333
vt 0.48617932 0.41333333
vt 0.4877637 0.41333333
vt 0.48966095 0.41333333
vt 0.4917759 0.41333333
vt 0.4940025 0.41333333
vt 0.49622908 0.41333333
vt 0.498344 0.41333333
vt 0.5002413 0.41333333
vt 0.50182563 0.41333333
vt 0.5030178 0.41333333
vt 0.50375783 0.41333333
vt 0.50394785 0.42
vt 0.47369805 0.42
vt 0.47296122 0.42
vt 0.47177428 0.42
vt 0.47019675 0.42
vt 0.46830776 0.42
vt 0.46620202 0.42
vt 0.4639851 0.42
vt 0.46176818 0.42
vt 0.45966244 0.42
vt 0.45777342 0.42
vt 0.45619592 0.42
vt 0.45500898 0.42
vt 0.45427215 0.42
vt 0.45402235 0.42
vt 0.48427215 0.42
vt 0.48500898 0.42
vt 0.48619592 0.42
vt 0.48777342 0.42
vt 0.48966244 0.42
vt 0.49176818 0.42
vt 0.4939851 0.42
vt 0.49620202 0.42
vt 0.49830776 0.42
vt 0.50019675 0.42
vt 0.5017743 0.42
vt 0.5029612 0.42
vt 0.50369805 0.42
vt 0.503887 0.42666668
vt 0.4736383 0.42666668
vt 0.47290468 0.42666668
vt 0.4717229 0.42666668
vt 0.4701523 0.42666668
vt 0.46827152 0.42666668
vt 0.46617496 0.42666668
vt 0.4639677 0.42666668
vt 0.46176046 0.42666668
vt 0.4596639 0.42666668
vt 0.45778313 0.42666668
vt 0.45621252 0.42666668
vt 0.45503074 0.42666668
vt 0.45429713 0.42666668
vt 0.45404842 0.42666668
vt 0.48429713 0.42666668
vt 0.48503074 0.42666668
vt 0.48621252 0.42666668
vt 0.48778313 0.42666668
vt 0.4896639 0.42666668
vt 0.49176046 0.42666668
vt 0.4939677 0.42666668
vt 0.49617496 0.42666668
vt 0.49827152 0.42666668
vt 0.5001523 0.42666668
vt 0.50172293 0.42666668
vt 0.50290465 0.42666668
vt 0.50363827 0.42666668
vt 0.50382614 0.43333334
vt 0.4735785 0.43333334
vt 0.47284812 0.43333334
vt 0.47167155 0.43333334
vt 0.4701078 0.43333334
vt 0.46823528 0.43333334
vt 0.4661479 0.43333334
vt 0.46395034 0.43333334
vt 0.46175274 0.43333334
vt 0.45966536 0.43333334
vt 0.45779285 0.43333334
vt 0.45622912 0.43333334
vt 0.45505252 0.43333334
vt 0.45432213 0.43333334
vt 0.4540745 0.43333334
vt 0.48432213 0.43333334
vt 0.48505253 0.43333334
vt 0.4862291 0.43333334
vt 0.48779285 0.43333334
vt 0.48966536 0.43333334
vt 0.49175274 0.43333334
vt 0.49395034 0.43333334
vt 0.4961479 0.43333334
vt 0.4982353 0.43333334
vt 0.50010777 0.43333334
vt 0.50167155 0.43333334
vt 0.5028481 0.43333334
vt 0.50357854 0.43333334
vt 0.5037653 0.44
vt 0.47351876 0.44
vt 0.47279158 0.44
vt 0.47162017 0.44
vt 0.4700633 0.44
vt 0.468199 0.44
vt 0.46612084 0.44
vt 0.46393293 0.44
vt 0.46174502 0.44
vt 0.45966685 0.44
vt 0.45780256 0.44
vt 0.4562457 0.44
vt 0.4550743 0.44
vt 0.4543471 0.44
vt 0.4541006 0.44
vt 0.4843471 0.44
vt 0.4850743 0.44
vt 0.4862457 0.44
vt 0.48780257 0.44
vt 0.48966685 0.44
vt 0.49174502 0.44
vt 0.49393293 0.44
vt 0.49612084 0.44
vt 0.49819902 0.44
vt 0.5000633 0.44
vt 0.5016202 0.44
vt 0.5027916 0.44
vt 0.50351876 0.44
vt 0.5037044 0.44666666
vt 0.473459 0.44666666
vt 0.47273502 0.44666666
vt 0.4715688 0.44666666
vt 0.4700188 0.44666666
vt 0.46816278 0.44666666
vt 0.46609378 0.44666666
vt 0.46391556 0.44666666
vt 0.46173733 0.44666666
vt 0.4596683 0.44666666
vt 0.45781228 0.44666666
vt 0.4562623 0.44666666
vt 0.45509607 0.44666666
vt 0.4543721 0.44666666
vt 0.4541267 0.44666666
vt 0.4843721 0.44666666
vt 0.48509607 0.44666666
vt 0.4862623 0.44666666
vt 0.48781228 0.44666666
vt 0.4896683 0.44666666
vt 0.4917373 0.44666666
vt 0.49391556 0.44666666
vt 0.49609378 0.44666666
vt 0.49816278 0.44666666
vt 0.50001884 0.44666666
vt 0.5015688 0.44666666
vt 0.502735 0.44666666
vt 0.503459 0.44666666
vt 0.50245196 0.45333335
vt 0.47223747 0.45333335
vt 0.47160485 0.45333335
vt 0.47058576 0.45333335
vt 0.46923137 0.45333335
vt 0.4676095 0.45333335
vt 0.46580157 0.45333335
vt 0.46389815 0.45333335
vt 0.46199477 0.45333335
vt 0.4601868 0.45333335
vt 0.45856497 0.45333335
vt 0.45721054 0.45333335
vt 0.45619148 0.45333335
vt 0.45555884 0.45333335
vt 0.45534438 0.45333335
vt 0.48555884 0.45333335
vt 0.48619148 0.45333335
vt 0.48721054 0.45333335
vt 0.48856497 0.45333335
vt 0.4901868 0.45333335
vt 0.49199477 0.45333335
vt 0.49389815 0.45333335
vt 0.49580157 0.45333335
vt 0.4976095 0.45333335
vt 0.49923137 0.45333335
vt 0.5005858 0.45333335
vt 0.50160486 0.45333335
vt 0.5022375 0.45333335
vt 0.49391058 0.46
vt 0.46390983 0.46
vt 0.46390763 0.46
vt 0.46390408 0.46
vt 0.46389934 0.46
vt 0.4638937 0.46
vt 0.4638874 0.46
vt 0.46388078 0.46
vt 0.46387413 0.46
vt 0.46386784 0.46
vt 0.46386218 0.46
vt 0.46385747 0.46
vt 0.46385393 0.46
vt 0.46385172 0.46
vt 0.46385098 0.46
vt 0.49385172 0.46
vt 0.49385393 0.46
vt 0.49385747 0.46
vt 0.49386218 0.46
vt 0.49386784 0.46
vt 0.49387413 0.46
vt 0.49388078 0.46
vt 0.4938874 0.46
vt 0.4938937 0.46
vt 0.49389935 0.46
vt 0.49390408 0.46
vt 0.49390763 0.46
vt 0.49390984 0.46
vt 0.46429807 0.3
vt 0.46388078 0.46
vn 0.86982465 -0.4584591 0.18226439
vn 0.5908431 0.8000839 0.10377983
vn -0.040797196 0.010235301 0.99911505
vn -0.0052299993 0.99175686 0.12802708
vn 0.537327 0.836891 0.10437058
vn -0.0050183847 0.9924556 0.12250185
vn 0.50321096 0.8583437 0.10012358
vn -0.004723443 0.9934455 0.114208825
vn 0.47336358 0.8759195 0.09323045
vn -0.0043980805 0.9945773 0.10390718
vn 0.4477918 0.89018005 0.08403558
vn -0.004075237 0.99577606 0.09172452
vn 0.42839253 0.9007255 0.07192672
vn -0.0037674215 0.9970423 0.07676225
vn 0.41944757 0.9060949 0.055278752
vn -0.0034877523 0.9983644 0.057064593
vn 0.42949092 0.90251094 0.03180394
vn -0.0032761574 0.9995478 0.029891292
vn 0.47026315 0.88252604 -0.00058451446
vn -0.0032131928 0.99996233 -0.008066423
vn 0.55085325 0.83351773 -0.042530242
vn -0.0034228808 0.99811196 -0.061324887
vn 0.6692028 0.7373833 -0.09183382
vn -0.004105847 0.9902751 -0.13906272
vn 0.806343 0.5740622 -0.14235002
vn -0.005744458 0.9633043 -0.26835018
vn 0.92487234 0.33326417 -0.18315598
vn -0.010043772 0.83616143 -0.54839146
vn 0.97777355 0.04887594 -0.2038873
vn -0.017497312 -0.0009761681 -0.99984646
vn 0.94912046 -0.24559069 -0.19711822
vn -0.010034324 -0.83654606 -0.5478048
vn 0.84283483 -0.513448 -0.16124701
vn -0.00574109 -0.9633709 -0.26811105
vn 0.7016836 -0.7037866 -0.11101605
vn -0.004104435 -0.99029344 -0.13893169
vn 0.5733579 -0.8171656 -0.05916973
vn -0.003422333 -0.9981173 -0.061238367
vn 0.48357907 -0.8751931 -0.013723806
vn -0.0032131341 -0.9999628 -0.008005283
vn 0.43569762 -0.8998226 0.022065682
vn -0.003276379 -0.99954647 0.029934878
vn 0.41966543 -0.90639037 0.048346598
vn -0.00348811 -0.9983626 0.05709567
vn 0.4226134 -0.9038256 0.06706125
vn -0.003767832 -0.99704057 0.07678509
vn 0.43508694 -0.89677 0.08064056
vn -0.004075672 -0.99577445 0.09174253
vn 0.45167902 -0.88751787 0.09109404
vn -0.004398532 -0.9945757 0.10392239
vn 0.4682502 -0.8779648 0.09959712
vn -0.0047238823 -0.9934441 0.1142216
vn 0.4783242 -0.8716835 0.1066482
vn -0.005018739 -0.99245447 0.12251121
vn 0.4644823 -0.87834364 0.11299857
vn -0.0052301637 -0.9917564 0.12803118
vn -0.040797178 0.010277039 0.9991146
vn -0.005229999 0.99175686 0.12802707
vn -0.0050183837 0.9924556 0.12250183
vn -0.0047234423 0.9934455 0.1142088
vn -0.0043980796 0.9945773 0.10390715
vn -0.0040752366 0.99577606 0.09172449
vn -0.0037674208 0.9970423 0.07676221
vn -0.0034877516 0.9983644 0.05706453
vn -0.003276157 0.9995478 0.029891202
vn -0.003213193 0.99996233 -0.008066548
vn -0.003422882 0.99811196 -0.061325062
vn -0.0041058497 0.990275 -0.13906299
vn -0.0057444647 0.96330416 -0.26835066
vn -0.010043791 0.83616066 -0.54839265
vn -0.017497312 -0.0009801491 -0.99984646
vn -0.010034304 -0.83654684 -0.5478035
vn -0.005741083 -0.96337104 -0.26811057
vn -0.004104432 -0.9902935 -0.13893142
vn -0.0034223318 -0.9981173 -0.06123819
vn -0.003213134 -0.9999628 -0.008005158
vn -0.0032763795 -0.99954647 0.029934967
vn -0.0034881106 -0.9983626 0.057095733
vn -0.0037678329 -0.99704057 0.07678513
vn -0.004075673 -0.9957744 0.09174257
vn -0.004398533 -0.9945757 0.10392242
vn -0.0047238832 -0.9934441 0.114221625
vn -0.00501874 -0.9924544 0.12251122
vn -0.005230164 -0.9917564 0.1280312
vn -0.040797163 0.010319119 0.99911416
vn -0.0052299984 0.99175686 0.12802707
vn -0.0050183833 0.9924556 0.12250181
vn -0.0047234413 0.9934455 0.11420877
vn -0.0043980787 0.9945773 0.10390712
vn -0.0040752357 0.9957761 0.091724455
vn -0.0037674198 0.9970423 0.076762155
vn -0.003487751 0.9983644 0.057064466
vn -0.0032761565 0.9995478 0.029891113
vn -0.003213193 0.99996233 -0.008066674
vn -0.003422883 0.99811196 -0.06132524
vn -0.0041058525 0.99027497 -0.13906325
vn -0.0057444717 0.96330404 -0.26835117
vn -0.01004381 0.8361599 -0.54839385
vn -0.017497312 -0.0009841629 -0.9998464
vn -0.010034285 -0.8365476 -0.5478023
vn -0.005741076 -0.96337116 -0.26811007
vn -0.0041044294 -0.99029356 -0.13893116
vn -0.0034223308 -0.9981173 -0.061238013
vn -0.003213134 -0.9999628 -0.008005032
vn -0.00327638 -0.99954647 0.029935056
vn -0.0034881113 -0.9983626 0.057095796
vn -0.0037678336 -0.99704057 0.07678518
vn -0.004075674 -0.9957744 0.091742605
vn -0.004398534 -0.9945757 0.10392246
vn -0.004723884 -0.9934441 0.114221655
vn -0.0050187404 -0.9924544 0.122511245
vn -0.005230164 -0.9917564 0.1280312
vn -0.040797144 0.010361546 0.99911374
vn -0.005229998 0.99175686 0.12802705
vn -0.0050183823 0.9924556 0.12250179
vn -0.0047234404 0.9934455 0.11420875
vn -0.0043980777 0.9945773 0.10390709
vn -0.0040752348 0.9957761 0.09172442
vn -0.0037674191 0.9970423 0.07676211
vn -0.0034877502 0.9983644 0.0570644
vn -0.003276156 0.9995478 0.029891022
vn -0.0032131933 0.99996233 -0.0080668
vn -0.0034228843 0.99811196 -0.06132542
vn -0.0041058552 0.99027497 -0.13906352
vn -0.0057444787 0.96330386 -0.26835167
vn -0.01004383 0.83615905 -0.54839504
vn -0.017497312 -0.0009882096 -0.9998464
vn -0.010034265 -0.8365484 -0.54780114
vn -0.005741069 -0.96337134 -0.26810956
vn -0.004104426 -0.99029356 -0.13893089
vn -0.0034223297 -0.9981173 -0.06123783
vn -0.0032131337 -0.9999628 -0.008004906
vn -0.0032763805 -0.99954647 0.029935146
vn -0.003488112 -0.9983626 0.05709586
vn -0.0037678345 -0.9970405 0.07678523
vn -0.004075675 -0.9957744 0.09174264
vn -0.004398535 -0.9945757 0.10392249
vn -0.004723885 -0.9934441 0.114221685
vn -0.0050187414 -0.9924544 0.12251127
vn -0.0052301646 -0.9917563 0.12803121
vn -0.040797126 0.010404321 0.99911326
vn -0.005229998 0.9917569 0.12802704
vn -0.0050183814 0.9924556 0.12250177
vn -0.0047234395 0.9934456 0.11420872
vn -0.004398077 0.9945773 0.10390706
vn -0.004075234 0.9957761 0.09172438
vn -0.0037674182 0.9970423 0.076762065
vn -0.0034877493 0.9983644 0.057064336
vn -0.0032761556 0.9995478 0.02989093
vn -0.0032131933 0.9999623 -0.008066928
vn -0.0034228854 0.99811196 -0.061325602
vn -0.0041058585 0.9902749 -0.1390638
vn -0.0057444857 0.96330374 -0.26835215
vn -0.010043849 0.8361583 -0.5483963
vn -0.017497312 -0.0009922897 -0.9998464
vn -0.010034245 -0.8365492 -0.5477999
vn -0.005741062 -0.96337146 -0.26810908
vn -0.0041044233 -0.9902936 -0.1389306
vn -0.0034223285 -0.9981173 -0.06123765
vn -0.0032131334 -0.9999628 -0.008004778
vn -0.003276381 -0.99954647 0.029935237
vn -0.0034881127 -0.9983626 0.057095926
vn -0.0037678354 -0.9970405 0.076785274
vn -0.0040756757 -0.9957744 0.09174268
vn -0.004398536 -0.9945757 0.103922516
vn -0.004723886 -0.993444 0.11422171
vn -0.0050187423 -0.9924544 0.12251128
vn -0.005230165 -0.9917563 0.12803121
vn -0.040797107 0.010447453 0.99911284
vn -0.0052299974 0.9917569 0.12802704
vn -0.005018381 0.9924556 0.12250175
vn -0.0047234385 0.9934456 0.11420869
vn -0.004398076 0.9945773 0.10390703
vn -0.004075233 0.9957761 0.091724336
vn -0.0037674173 0.9970423 0.07676201
vn -0.0034877486 0.9983644 0.05706427
vn -0.003276155 0.9995478 0.029890839
vn -0.0032131935 0.9999623 -0.0080670575
vn -0.0034228866 0.99811196 -0.061325785
vn -0.0041058613 0.99027485 -0.13906407
vn -0.005744493 0.9633036 -0.26835266
vn -0.01004387 0.83615744 -0.54839754
vn -0.017497312 -0.0009964037 -0.9998464
vn -0.010034226 -0.83655 -0.5477987
vn -0.005741055 -0.9633716 -0.26810858
vn -0.0041044205 -0.9902937 -0.13893034
vn -0.0034223273 -0.9981174 -0.06123747
vn -0.0032131334 -0.9999628 -0.00800465
vn -0.0032763814 -0.99954647 0.029935328
vn -0.0034881136 -0.9983626 0.05709599
vn -0.0037678361 -0.9970405 0.07678532
vn -0.0040756767 -0.9957744 0.091742724
vn -0.004398537 -0.9945757 0.103922546
vn -0.004723887 -0.993444 0.11422174
vn -0.0050187428 -0.9924544 0.122511305
vn -0.0052301656 -0.9917563 0.12803122
vn -0.04079709 0.010490943 0.99911237
vn -0.005229997 0.9917569 0.12802702
vn -0.00501838 0.9924556 0.12250173
vn -0.0047234376 0.9934456 0.11420867
vn -0.004398075 0.9945773 0.103907
vn -0.004075232 0.9957761 0.0917243
vn -0.0037674163 0.99704236 0.07676197
vn -0.0034877479 0.9983644 0.057064205
vn -0.0032761546 0.9995478 0.029890746
vn -0.0032131935 0.9999623 -0.008067187
vn -0.0034228878 0.9981119 -0.061325967
vn -0.0041058646 0.99027485 -0.13906436
vn -0.0057445 0.96330345 -0.26835316
vn -0.010043889 0.8361566 -0.5483988
vn -0.017497312 -0.001000552 -0.9998464
vn -0.010034205 -0.83655083 -0.54779744
vn -0.0057410477 -0.96337175 -0.26810807
vn -0.0041044173 -0.9902937 -0.13893005
vn -0.0034223262 -0.9981174 -0.061237287
vn -0.0032131332 -0.9999628 -0.008004519
vn -0.0032763819 -0.99954647 0.029935421
vn -0.0034881143 -0.9983626 0.057096057
vn -0.003767837 -0.9970405 0.07678537
vn -0.0040756776 -0.9957744 0.09174276
vn -0.004398538 -0.9945757 0.10392258
vn -0.004723888 -0.993444 0.11422176
vn -0.0050187437 -0.9924544 0.12251133
vn -0.0052301656 -0.9917563 0.12803124
vn -0.04079707 0.010534796 0.9991119
vn -0.0052299965 0.9917569 0.12802702
vn -0.005018379 0.9924556 0.12250171
vn -0.0047234367 0.9934456 0.11420864
vn -0.004398074 0.9945773 0.10390697
vn -0.004075231 0.9957761 0.09172426
vn -0.0037674156 0.99704236 0.07676192
vn -0.0034877472 0.99836445 0.05706414
vn -0.0032761542 0.9995478 0.029890653
vn -0.0032131937 0.9999623 -0.008067318
vn -0.003422889 0.9981119 -0.061326154
vn -0.0041058674 0.9902748 -0.13906464
vn -0.005744507 0.9633033 -0.26835367
vn -0.01004391 0.83615583 -0.54840004
vn -0.017497312 -0.0010047349 -0.9998464
vn -0.010034186 -0.83655167 -0.5477962
vn -0.0057410407 -0.9633719 -0.26810756
vn -0.0041044145 -0.99029374 -0.13892977
vn -0.003422325 -0.9981174 -0.0612371
vn -0.0032131332 -0.9999628 -0.008004389
vn -0.0032763823 -0.99954647 0.029935515
vn -0.003488115 -0.9983626 0.057096124
vn -0.003767838 -0.9970405 0.076785415
vn -0.0040756785 -0.9957744 0.0917428
vn -0.004398539 -0.9945757 0.10392261
vn -0.004723889 -0.993444 0.11422179
vn -0.005018744 -0.9924544 0.12251134
vn -0.005230166 -0.9917563 0.12803124
vn -0.04079705 0.010579018 0.9991115
vn -0.0052299965 0.9917569 0.128027
vn -0.0050183786 0.9924556 0.12250169
vn -0.0047234357 0.9934456 0.11420861
vn -0.004398073 0.9945773 0.10390693
vn -0.00407523 0.9957761 0.091724224
vn -0.0037674147 0.99704236 0.076761864
vn -0.0034877462 0.99836445 0.05706407
vn -0.0032761537 0.9995478 0.02989056
vn -0.003213194 0.9999623 -0.0080674505
vn -0.00342289 0.9981119 -0.06132634
vn -0.0041058706 0.9902747 -0.13906492
vn -0.0057445145 0.9633032 -0.2683542
vn -0.01004393 0.836155 -0.5484013
vn -0.017497312 -0.0010089529 -0.9998464
vn -0.010034165 -0.8365525 -0.5477949
vn -0.0057410332 -0.96337205 -0.26810703
vn -0.004104411 -0.99029374 -0.13892949
vn -0.0034223238 -0.9981174 -0.061236914
vn -0.003213133 -0.9999628 -0.0080042565
vn -0.0032763828 -0.99954647 0.02993561
vn -0.003488116 -0.9983626 0.05709619
vn -0.003767839 -0.9970405 0.07678547
vn -0.0040756795 -0.9957744 0.091742836
vn -0.00439854 -0.9945757 0.10392264
vn -0.0047238898 -0.993444 0.11422182
vn -0.005018745 -0.9924544 0.122511365
vn -0.0052301665 -0.9917563 0.12803125
vn -0.040797032 0.010623612 0.999111
vn -0.005229996 0.9917569 0.12802699
vn -0.0050183777 0.9924556 0.12250167
vn -0.004723435 0.9934456 0.11420859
vn -0.004398072 0.9945773 0.1039069
vn -0.004075229 0.9957761 0.09172419
vn -0.0037674138 0.99704236 0.07676182
vn -0.0034877455 0.99836445 0.057064004
vn -0.0032761532 0.99954784 0.029890465
vn -0.003213194 0.9999623 -0.008067584
vn -0.0034228913 0.9981119 -0.06132653
vn -0.0041058734 0.9902747 -0.1390652
vn -0.005744522 0.963303 -0.2683547
vn -0.010043951 0.83615416 -0.54840255
vn -0.017497312 -0.0010132064 -0.9998464
vn -0.010034145 -0.83655334 -0.5477936
vn -0.005741026 -0.9633722 -0.26810652
vn -0.0041044084 -0.9902938 -0.1389292
vn -0.0034223227 -0.9981174 -0.061236724
vn -0.003213133 -0.9999628 -0.008004123
vn -0.0032763833 -0.99954647 0.029935705
vn -0.0034881167 -0.9983626 0.057096258
vn -0.0037678399 -0.9970405 0.07678552
vn -0.0040756804 -0.9957744 0.09174287
vn -0.004398541 -0.9945757 0.10392268
vn -0.0047238907 -0.993444 0.11422185
vn -0.005018746 -0.9924544 0.12251139
vn -0.005230167 -0.9917563 0.12803125
vn -0.040797014 0.010668585 0.9991105
vn -0.0052299956 0.9917569 0.12802699
vn -0.005018377 0.9924556 0.12250165
vn -0.004723434 0.9934456 0.11420856
vn -0.004398071 0.9945773 0.10390686
vn -0.0040752282 0.9957761 0.09172414
vn -0.0037674129 0.99704236 0.07676177
vn -0.0034877448 0.99836445 0.057063933
vn -0.0032761528 0.99954784 0.029890368
vn -0.0032131942 0.9999623 -0.008067718
vn -0.0034228924 0.9981119 -0.06132672
vn -0.0041058767 0.99027467 -0.13906549
vn -0.0057445294 0.9633029 -0.26835525
vn -0.010043972 0.83615327 -0.54840386
vn -0.017497312 -0.0010174961 -0.9998464
vn -0.010034123 -0.83655417 -0.5477923
vn -0.005741019 -0.9633723 -0.26810598
vn -0.004104405 -0.99029386 -0.13892892
vn -0.0034223213 -0.9981174 -0.061236534
vn -0.0032131327 -0.9999628 -0.008003989
vn -0.0032763837 -0.99954647 0.0299358
vn -0.0034881174 -0.9983626 0.05709633
vn -0.0037678406 -0.9970405 0.07678557
vn -0.0040756813 -0.9957744 0.09174292
vn -0.004398542 -0.9945757 0.10392271
vn -0.0047238916 -0.993444 0.11422187
vn -0.0050187465 -0.9924544 0.1225114
vn -0.005230167 -0.9917563 0.12803127
vn -0.04079699 0.010713939 0.99911
vn -0.005229995 0.9917569 0.12802698
vn -0.0050183763 0.9924556 0.12250163
vn -0.004723433 0.9934456 0.11420853
vn -0.00439807 0.9945773 0.10390683
vn -0.0040752273 0.9957761 0.091724105
vn -0.003767412 0.99704236 0.076761715
vn -0.003487744 0.99836445 0.057063866
vn -0.0032761523 0.99954784 0.029890273
vn -0.0032131942 0.9999623 -0.008067854
vn -0.0034228936 0.99811184 -0.06132691
vn -0.00410588 0.9902746 -0.13906579
vn -0.005744537 0.96330273 -0.2683558
vn -0.010043993 0.83615243 -0.5484052
vn -0.017497312 -0.0010218221 -0.9998464
vn -0.010034103 -0.836555 -0.54779106
vn -0.0057410114 -0.96337247 -0.26810545
vn -0.004104402 -0.9902939 -0.13892862
vn -0.0034223201 -0.99811745 -0.061236344
vn -0.0032131327 -0.9999628 -0.008003853
vn -0.0032763842 -0.99954647 0.029935896
vn -0.0034881183 -0.9983626 0.057096396
vn -0.0037678415 -0.9970405 0.07678562
vn -0.0040756823 -0.9957744 0.091742955
vn -0.004398543 -0.9945756 0.10392275
vn -0.0047238925 -0.993444 0.1142219
vn -0.0050187474 -0.9924544 0.122511424
vn -0.0052301674 -0.9917563 0.12803128
vn -0.040796973 0.0107596805 0.9991095
vn -0.005229995 0.9917569 0.12802698
vn -0.0050183753 0.9924556 0.12250161
vn -0.004723432 0.9934456 0.1142085
vn -0.004398069 0.9945773 0.103906795
vn -0.0040752264 0.9957761 0.09172407
vn -0.003767411 0.99704236 0.07676166
vn -0.0034877432 0.99836445 0.057063796
vn -0.0032761518 0.99954784 0.029890174
vn -0.0032131944 0.9999623 -0.00806799
vn -0.003422895 0.99811184 -0.061327104
vn -0.0041058827 0.9902746 -0.13906607
vn -0.0057445443 0.9633026 -0.26835632
vn -0.010044014 0.8361516 -0.5484065
vn -0.017497312 -0.0010261852 -0.9998464
vn -0.0100340815 -0.8365559 -0.54778975
vn -0.0057410034 -0.9633726 -0.2681049
vn -0.0041043987 -0.9902939 -0.13892834
vn -0.003422319 -0.99811745 -0.06123615
vn -0.0032131325 -0.9999628 -0.008003716
vn -0.0032763847 -0.99954647 0.029935993
vn -0.003488119 -0.9983626 0.057096466
vn -0.0037678424 -0.9970405 0.07678567
vn -0.004075683 -0.9957744 0.09174299
vn -0.004398544 -0.9945756 0.10392278
vn -0.0047238935 -0.993444 0.11422193
vn -0.0050187483 -0.9924544 0.12251145
vn -0.005230168 -0.9917563 0.12803128
vn -0.04079695 0.0108058145 0.999109
vn -0.0052299947 0.9917569 0.12802696
vn -0.0050183744 0.9924556 0.12250159
vn -0.0047234306 0.9934456 0.11420847
vn -0.004398068 0.9945773 0.103906766
vn -0.004075225 0.9957761 0.09172402
vn -0.00376741 0.99704236 0.07676161
vn -0.0034877423 0.99836445 0.057063725
vn -0.0032761514 0.99954784 0.029890075
vn -0.0032131944 0.9999623 -0.008068128
vn -0.0034228961 0.99811184 -0.0613273
vn -0.004105886 0.99027455 -0.13906637
vn -0.005744552 0.96330243 -0.26835686
vn -0.0100440355 0.8361507 -0.5484078
vn -0.017497312 -0.0010305856 -0.9998464
vn -0.01003406 -0.83655673 -0.5477884
vn -0.005740996 -0.96337277 -0.26810437
vn -0.004104396 -0.990294 -0.13892804
vn -0.0034223178 -0.99811745 -0.061235953
vn -0.0032131325 -0.9999628 -0.0080035785
vn -0.0032763851 -0.99954647 0.029936092
vn -0.00348812 -0.99836254 0.057096533
vn -0.0037678434 -0.9970405 0.07678572
vn -0.004075684 -0.9957744 0.09174304
vn -0.004398545 -0.9945756 0.103922814
vn -0.0047238944 -0.993444 0.11422196
vn -0.0050187493 -0.9924544 0.12251147
vn -0.0052301683 -0.9917563 0.1280313
vn -0.04079693 0.010852346 0.9991085
vn -0.005229994 0.9917569 0.12802695
vn -0.005018374 0.99245566 0.12250157
vn -0.0047234297 0.9934456 0.114208445
vn -0.004398067 0.99457735 0.10390673
vn -0.004075224 0.9957761 0.091723986
vn -0.0037674091 0.99704236 0.07676156
vn -0.0034877416 0.99836445 0.057063654
vn -0.003276151 0.99954784 0.029889977
vn -0.0032131947 0.9999623 -0.008068267
vn -0.0034228973 0.99811184 -0.061327495
vn -0.0041058892 0.9902745 -0.13906667
vn -0.0057445597 0.9633023 -0.2683574
vn -0.010044057 0.8361498 -0.5484091
vn -0.017497312 -0.001035024 -0.9998464
vn -0.010034039 -0.8365576 -0.5477871
vn -0.0057409885 -0.9633729 -0.26810384
vn -0.0041043926 -0.99029404 -0.13892774
vn -0.0034223164 -0.99811745 -0.06123576
vn -0.0032131323 -0.9999628 -0.00800344
vn -0.0032763856 -0.99954647 0.02993619
vn -0.0034881206 -0.99836254 0.057096604
vn -0.0037678443 -0.9970405 0.07678577
vn -0.0040756855 -0.9957744 0.091743074
vn -0.004398546 -0.9945756 0.10392285
vn -0.0047238953 -0.993444 0.11422199
vn -0.0050187497 -0.9924544 0.12251149
vn -0.005230169 -0.9917563 0.1280313
vn -0.04079691 0.010899279 0.999108
vn -0.0052299937 0.9917569 0.12802695
vn -0.005018373 0.99245566 0.122501545
vn -0.0047234287 0.9934456 0.114208415
vn -0.004398066 0.99457735 0.10390669
vn -0.004075223 0.9957761 0.09172394
vn -0.0037674082 0.99704236 0.07676151
vn -0.0034877406 0.99836445 0.057063583
vn -0.0032761502 0.99954784 0.029889878
vn -0.003213195 0.9999623 -0.008068407
vn -0.0034228987 0.99811184 -0.061327696
vn -0.0041058925 0.9902745 -0.13906696
vn -0.005744567 0.96330214 -0.26835793
vn -0.010044078 0.836149 -0.5484105
vn -0.017497312 -0.0010395007 -0.9998464
vn -0.010034017 -0.8365585 -0.5477857
vn -0.0057409806 -0.96337306 -0.2681033
vn -0.0041043893 -0.99029404 -0.13892744
vn -0.0034223152 -0.99811745 -0.06123556
vn -0.003213132 -0.9999628 -0.0080033
vn -0.0032763863 -0.99954647 0.029936291
vn -0.0034881216 -0.99836254 0.05709668
vn -0.0037678452 -0.9970405 0.076785825
vn -0.0040756864 -0.9957744 0.09174312
vn -0.004398547 -0.9945756 0.10392288
vn -0.0047238967 -0.993444 0.11422202
vn -0.0050187507 -0.9924544 0.12251151
vn -0.005230169 -0.9917563 0.12803131
vn -0.04079689 0.010946621 0.9991075
vn -0.0052299933 0.9917569 0.12802693
vn -0.005018372 0.99245566 0.12250152
vn -0.004723428 0.9934456 0.114208385
vn -0.0043980647 0.99457735 0.10390666
vn -0.004075222 0.9957761 0.0917239
vn -0.0037674073 0.99704236 0.076761454
vn -0.00348774 0.99836445 0.057063513
vn -0.0032761497 0.99954784 0.029889775
vn -0.003213195 0.9999623 -0.0080685485
vn -0.0034228999 0.9981118 -0.061327893
vn -0.0041058958 0.9902744 -0.13906728
vn -0.005744575 0.96330196 -0.2683585
vn -0.0100441 0.8361481 -0.54841185
vn -0.017497312 -0.0010440163 -0.99984634
vn -0.010033996 -0.83655936 -0.5477844
vn -0.0057409727 -0.96337324 -0.26810274
vn -0.004104386 -0.9902941 -0.13892713
vn -0.0034223138 -0.9981175 -0.06123536
vn -0.003213132 -0.9999628 -0.0080031585
vn -0.0032763868 -0.9995464 0.029936392
vn -0.0034881223 -0.99836254 0.05709675
vn -0.0037678462 -0.9970405 0.07678588
vn -0.0040756874 -0.9957744 0.09174316
vn -0.004398548 -0.9945756 0.10392292
vn -0.0047238977 -0.993444 0.11422205
vn -0.0050187516 -0.9924544 0.122511536
vn -0.0052301693 -0.9917563 0.12803133
vn -0.04079687 0.010994376 0.99910694
vn -0.0052299933 0.9917569 0.12802692
vn -0.005018371 0.99245566 0.1225015
vn -0.004723427 0.9934456 0.114208356
vn -0.0043980638 0.99457735 0.103906624
vn -0.0040752213 0.9957761 0.09172386
vn -0.0037674063 0.99704236 0.0767614
vn -0.003487739 0.99836445 0.057063438
vn -0.0032761493 0.99954784 0.029889675
vn -0.0032131951 0.9999623 -0.008068691
vn -0.0034229013 0.9981118 -0.0613281
vn -0.004105899 0.99027437 -0.13906758
vn -0.005744583 0.96330184 -0.26835907
vn -0.010044122 0.8361472 -0.5484132
vn -0.01749731 -0.0010485714 -0.99984634
vn -0.0100339735 -0.8365603 -0.547783
vn -0.005740965 -0.96337336 -0.26810217
vn -0.004104383 -0.99029416 -0.13892683
vn -0.0034223127 -0.9981175 -0.06123516
vn -0.0032131318 -0.9999628 -0.008003016
vn -0.0032763872 -0.9995464 0.029936494
vn -0.0034881232 -0.99836254 0.05709682
vn -0.0037678473 -0.9970405 0.07678593
vn -0.0040756883 -0.9957744 0.0917432
vn -0.004398549 -0.9945756 0.103922956
vn -0.0047238986 -0.993444 0.11422208
vn -0.0050187525 -0.9924544 0.12251155
vn -0.0052301697 -0.9917563 0.12803133
vn -0.040796846 0.011042548 0.99910647
vn -0.005229993 0.9917569 0.12802692
vn -0.0050183707 0.99245566 0.12250148
vn -0.004723426 0.9934456 0.114208326
vn -0.004398063 0.99457735 0.10390659
vn -0.0040752203 0.9957761 0.091723815
vn -0.0037674054 0.99704236 0.07676135
vn -0.0034877383 0.99836445 0.057063367
vn -0.0032761488 0.99954784 0.029889572
vn -0.0032131951 0.9999623 -0.008068835
vn -0.0034229024 0.9981118 -0.0613283
vn -0.0041059023 0.9902743 -0.13906789
vn -0.005744591 0.96330166 -0.26835963
vn -0.0100441445 0.83614624 -0.5484146
vn -0.01749731 -0.0010531663 -0.99984634
vn -0.010033951 -0.8365612 -0.54778165
vn -0.005740957 -0.96337354 -0.26810163
vn -0.0041043796 -0.99029416 -0.13892652
vn -0.0034223113 -0.9981175 -0.061234955
vn -0.0032131318 -0.9999628 -0.008002872
vn -0.0032763877 -0.9995464 0.029936597
vn -0.0034881239 -0.99836254 0.057096895
vn -0.0037678482 -0.99704045 0.07678599
vn -0.0040756892 -0.9957743 0.091743246
vn -0.0043985504 -0.9945756 0.10392299
vn -0.0047238995 -0.993444 0.11422211
vn -0.005018753 -0.9924544 0.12251157
vn -0.00523017 -0.9917563 0.12803134
vn -0.040796824 0.011091145 0.99910593
vn -0.0052299923 0.9917569 0.1280269
vn -0.0050183698 0.99245566 0.122501455
vn -0.0047234246 0.9934456 0.114208296
vn -0.0043980614 0.99457735 0.10390655
vn -0.004075219 0.9957762 0.09172377
vn -0.0037674045 0.99704236 0.0767613
vn -0.0034877374 0.99836445 0.057063293
vn -0.003276148 0.99954784 0.029889468
vn -0.0032131954 0.9999623 -0.008068981
vn -0.0034229038 0.9981118 -0.061328504
vn -0.004105906 0.9902743 -0.1390682
vn -0.005744599 0.96330154 -0.2683602
vn -0.010044167 0.83614534 -0.54841596
vn -0.01749731 -0.0010578018 -0.99984634
vn -0.010033929 -0.8365621 -0.5477802
vn -0.005740949 -0.96337366 -0.26810107
vn -0.004104376 -0.9902942 -0.13892621
vn -0.00342231 -0.9981175 -0.06123475
vn -0.0032131316 -0.9999628 -0.008002726
vn -0.0032763884 -0.9995464 0.0299367
vn -0.0034881248 -0.99836254 0.05709697
vn -0.0037678492 -0.99704045 0.07678604
vn -0.00407569 -0.9957743 0.09174329
vn -0.0043985513 -0.9945756 0.10392303
vn -0.0047239005 -0.993444 0.11422214
vn -0.005018754 -0.9924544 0.122511595
vn -0.0052301707 -0.9917563 0.12803136
vn -0.0407968 0.011140171 0.99910533
vn -0.005229992 0.9917569 0.1280269
vn -0.005018369 0.99245566 0.12250143
vn -0.0047234236 0.9934456 0.11420826
vn -0.0043980605 0.99457735 0.10390651
vn -0.004075218 0.9957762 0.09172373
vn -0.0037674035 0.99704236 0.07676124
vn -0.0034877365 0.99836445 0.05706322
vn -0.0032761476 0.99954784 0.029889364
vn -0.0032131956 0.9999623 -0.008069127
vn -0.003422905 0.9981117 -0.061328713
vn -0.0041059093 0.99027425 -0.13906851
vn -0.0057446067 0.96330136 -0.26836076
vn -0.010044189 0.8361444 -0.5484174
vn -0.01749731 -0.0010624782 -0.99984634
vn -0.010033906 -0.836563 -0.54777884
vn -0.005740941 -0.96337384 -0.26810047
vn -0.0041043726 -0.9902943 -0.1389259
vn -0.0034223087 -0.99811757 -0.06123454
vn -0.0032131313 -0.9999628 -0.00800258
vn -0.0032763889 -0.9995464 0.029936804
vn -0.0034881257 -0.99836254 0.057097044
vn -0.00376785 -0.99704045 0.07678609
vn -0.0040756916 -0.9957743 0.09174333
vn -0.0043985522 -0.9945756 0.10392306
vn -0.004723902 -0.993444 0.11422217
vn -0.005018755 -0.9924544 0.12251162
vn -0.005230171 -0.9917563 0.12803136
vn -0.39173776 0.15254799 0.9073426
vn -0.047451682 0.99065727 0.12785338
vn -0.04978143 0.9912464 0.122279875
vn -0.048468463 0.9923003 0.11397786
vn -0.046216797 0.9935363 0.10368036
vn -0.043941382 0.99483526 0.09149823
vn -0.042120453 0.99617803 0.07651897
vn -0.04127262 0.99753344 0.05677704
vn -0.04237316 0.9986654 0.02952883
vn -0.04710224 0.9988537 -0.008528727
vn -0.05802846 0.99639475 -0.06188887
vn -0.07955609 0.9870023 -0.1396327
vn -0.1225643 0.9555436 -0.26816875
vn -0.22333221 0.812159 -0.5389995
vn -0.37805 -0.014831867 -0.9256664
vn -0.22549906 -0.81789213 -0.52934176
vn -0.124818064 -0.9563574 -0.26419872
vn -0.08162998 -0.9871371 -0.13746598
vn -0.059518743 -0.9963942 -0.060465984
vn -0.047858775 -0.9988257 -0.007526151
vn -0.042569246 -0.99863565 0.030243255
vn -0.04127737 -0.9975041 0.05728662
vn -0.04232277 -0.9961407 0.07689273
vn -0.044679653 -0.9947755 0.09179048
vn -0.04787996 -0.99343234 0.10392149
vn -0.051764145 -0.9921119 0.11416839
vn -0.056352027 -0.9908809 0.12239047
vn -0.06315814 -0.98978573 0.12780926
vn -0.819694 0.49063334 0.2956022
vn -0.3135523 0.94171864 0.12186461
vn -0.3128477 0.9426238 0.1165622
vn -0.2993919 0.9478859 0.10898106
vn -0.2823417 0.9541418 0.09948178
vn -0.2657914 0.9600109 0.0879434
vn -0.2525707 0.9647972 0.073310435
vn -0.24657038 0.96764493 0.053537905
vn -0.2548115 0.96664315 0.025926124
vn -0.28790468 0.9575787 -0.012404547
vn -0.35858926 0.9312792 -0.06428678
vn -0.47953123 0.8674387 -0.13266492
vn -0.65786755 0.7205332 -0.21918535
vn -0.8583102 0.4096048 -0.30907515
vn -0.9384082 -0.053985003 -0.34128532
vn -0.8231039 -0.48955584 -0.2878107
vn -0.6235896 -0.7564693 -0.19720598
vn -0.4585486 -0.8810998 -0.11574243
vn -0.34711656 -0.93639094 -0.051789034
vn -0.281715 -0.95949256 -0.0032616134
vn -0.25150535 -0.96730965 0.03251383
vn -0.24518438 -0.96772444 0.058258604
vn -0.25307792 -0.9643931 0.07679533
vn -0.2688036 -0.95891565 0.09069382
vn -0.28905305 -0.9518883 0.10176938
vn -0.31192893 -0.9436227 0.110799246
vn -0.33596894 -0.9344975 0.11764084
vn -0.36561266 -0.9227985 0.12153302
vn -0.6403387 0.75990933 0.111822054
vn -0.6124417 0.78317726 0.10746428
vn -0.5929069 0.79843074 0.10473653
vn -0.5630664 0.82038474 0.09962479
vn -0.52950794 0.84327203 0.09226944
vn -0.4970738 0.86381763 0.08207735
vn -0.47134858 0.87936413 0.06744761
vn -0.46256396 0.8854005 0.04583243
vn -0.48717707 0.87318075 0.01462342
vn -0.5608084 0.827505 -0.027006881
vn -0.68115175 0.72824746 -0.075418405
vn -0.8165237 0.56439364 -0.12144523
vn -0.92414325 0.34910107 -0.15520212
vn -0.97857744 0.11353314 -0.17174514
vn -0.9788683 -0.11116183 -0.1716387
vn -0.9268413 -0.34173703 -0.1555024
vn -0.8239887 -0.55305535 -0.12317675
vn -0.69246083 -0.7171314 -0.0788707
vn -0.5709623 -0.8203823 -0.031223414
vn -0.49213392 -0.87045217 0.010825249
vn -0.46208814 -0.88578767 0.043066557
vn -0.46756816 -0.8815029 0.0658229
vn -0.49251688 -0.8664811 0.08147152
vn -0.5263537 -0.8452149 0.0925392
vn -0.5633614 -0.8200474 0.10072839
vn -0.5993083 -0.79335696 0.1068378
vn -0.6307795 -0.7679301 0.11135809
vn -0.6673715 -0.73549837 0.11686475
vn 1.0 0.0 0.0
vn -1.0 0.0 0.0
vn -0.86982465 -0.4584591 0.18226439
vn 0.040797196 0.010235301 0.99911505
vn -0.5908431 0.8000839 0.10377983
vn 0.0052299993 0.99175686 0.12802708
vn -0.537327 0.836891 0.10437058
vn 0.0050183847 0.9924556 0.12250185
vn -0.50321096 0.8583437 0.10012358
vn 0.004723443 0.9934455 0.114208825
vn -0.47336358 0.8759195 0.09323045
vn 0.0043980805 0.9945773 0.10390718
vn -0.4477918 0.89018005 0.08403558
vn 0.004075237 0.99577606 0.09172452
vn -0.42839253 0.9007255 0.07192672
vn 0.0037674215 0.9970423 0.07676225
vn -0.41944757 0.9060949 0.055278752
vn 0.0034877523 0.9983644 0.057064593
vn -0.42949092 0.90251094 0.03180394
vn 0.0032761574 0.9995478 0.029891292
vn -0.47026315 0.88252604 -0.00058451446
vn 0.0032131928 0.99996233 -0.008066423
vn -0.55085325 0.83351773 -0.042530242
vn 0.0034228808 0.99811196 -0.061324887
vn -0.6692028 0.7373833 -0.09183382
vn 0.004105847 0.9902751 -0.13906272
vn -0.806343 0.5740622 -0.14235002
vn 0.005744458 0.9633043 -0.26835018
vn -0.92487234 0.33326417 -0.18315598
vn 0.010043772 0.83616143 -0.54839146
vn -0.97777355 0.04887594 -0.2038873
vn 0.017497312 -0.0009761681 -0.99984646
vn -0.94912046 -0.24559069 -0.19711822
vn 0.010034324 -0.83654606 -0.5478048
vn -0.84283483 -0.513448 -0.16124701
vn 0.00574109 -0.9633709 -0.26811105
vn -0.7016836 -0.7037866 -0.11101605
vn 0.004104435 -0.99029344 -0.13893169
vn -0.5733579 -0.8171656 -0.05916973
vn 0.003422333 -0.9981173 -0.061238367
vn -0.48357907 -0.8751931 -0.013723806
vn 0.0032131341 -0.9999628 -0.008005283
vn -0.43569762 -0.8998226 0.022065682
vn 0.003276379 -0.99954647 0.029934878
vn -0.41966543 -0.90639037 0.048346598
vn 0.00348811 -0.9983626 0.05709567
vn -0.4226134 -0.9038256 0.06706125
vn 0.003767832 -0.99704057 0.07678509
vn -0.43508694 -0.89677 0.08064056
vn 0.004075672 -0.99577445 0.09174253
vn -0.45167902 -0.88751787 0.09109404
vn 0.004398532 -0.9945757 0.10392239
vn -0.4682502 -0.8779648 0.09959712
vn 0.0047238823 -0.9934441 0.1142216
vn -0.4783242 -0.8716835 0.1066482
vn 0.005018739 -0.99245447 0.12251121
vn -0.4644823 -0.87834364 0.11299857
vn 0.0052301637 -0.9917564 0.12803118
vn 0.040797178 0.010277039 0.9991146
vn 0.005229999 0.99175686 0.12802707
vn 0.0050183837 0.9924556 0.12250183
vn 0.0047234423 0.9934455 0.1142088
vn 0.0043980796 0.9945773 0.10390715
vn 0.0040752366 0.99577606 0.09172449
vn 0.0037674208 0.9970423 0.07676221
vn 0.0034877516 0.9983644 0.05706453
vn 0.003276157 0.9995478 0.029891202
vn 0.003213193 0.99996233 -0.008066548
vn 0.003422882 0.99811196 -0.061325062
vn 0.0041058497 0.990275 -0.13906299
vn 0.0057444647 0.96330416 -0.26835066
vn 0.010043791 0.83616066 -0.54839265
vn 0.017497312 -0.0009801491 -0.99984646
vn 0.010034304 -0.83654684 -0.5478035
vn 0.005741083 -0.96337104 -0.26811057
vn 0.004104432 -0.9902935 -0.13893142
vn 0.0034223318 -0.9981173 -0.06123819
vn 0.003213134 -0.9999628 -0.008005158
vn 0.0032763795 -0.99954647 0.029934967
vn 0.0034881106 -0.9983626 0.057095733
vn 0.0037678329 -0.99704057 0.07678513
vn 0.004075673 -0.9957744 0.09174257
vn 0.004398533 -0.9945757 0.10392242
vn 0.0047238832 -0.9934441 0.114221625
vn 0.00501874 -0.9924544 0.12251122
vn 0.005230164 -0.9917564 0.1280312
vn 0.040797163 0.010319119 0.99911416
vn 0.0052299984 0.99175686 0.12802707
vn 0.0050183833 0.9924556 0.12250181
vn 0.0047234413 0.9934455 0.11420877
vn 0.0043980787 0.9945773 0.10390712
vn 0.0040752357 0.9957761 0.091724455
vn 0.0037674198 0.9970423 0.076762155
vn 0.003487751 0.9983644 0.057064466
vn 0.0032761565 0.9995478 0.029891113
vn 0.003213193 0.99996233 -0.008066674
vn 0.003422883 0.99811196 -0.06132524
vn 0.0041058525 0.99027497 -0.13906325
vn 0.0057444717 0.96330404 -0.26835117
vn 0.01004381 0.8361599 -0.54839385
vn 0.017497312 -0.0009841629 -0.9998464
vn 0.010034285 -0.8365476 -0.5478023
vn 0.005741076 -0.96337116 -0.26811007
vn 0.0041044294 -0.99029356 -0.13893116
vn 0.0034223308 -0.9981173 -0.061238013
vn 0.003213134 -0.9999628 -0.008005032
vn 0.00327638 -0.99954647 0.029935056
vn 0.0034881113 -0.9983626 0.057095796
vn 0.0037678336 -0.99704057 0.07678518
vn 0.004075674 -0.9957744 0.091742605
vn 0.004398534 -0.9945757 0.10392246
vn 0.004723884 -0.9934441 0.114221655
vn 0.0050187404 -0.9924544 0.122511245
vn 0.005230164 -0.9917564 0.1280312
vn 0.040797144 0.010361546 0.99911374
vn 0.005229998 0.99175686 0.12802705
vn 0.0050183823 0.9924556 0.12250179
vn 0.0047234404 0.9934455 0.11420875
vn 0.0043980777 0.9945773 0.10390709
vn 0.0040752348 0.9957761 0.09172442
vn 0.0037674191 0.9970423 0.07676211
vn 0.0034877502 0.9983644 0.0570644
vn 0.003276156 0.9995478 0.029891022
vn 0.0032131933 0.99996233 -0.0080668
vn 0.0034228843 0.99811196 -0.06132542
vn 0.0041058552 0.99027497 -0.13906352
vn 0.0057444787 0.96330386 -0.26835167
vn 0.01004383 0.83615905 -0.54839504
vn 0.017497312 -0.0009882096 -0.9998464
vn 0.010034265 -0.8365484 -0.54780114
vn 0.005741069 -0.96337134 -0.26810956
vn 0.004104426 -0.99029356 -0.13893089
vn 0.0034223297 -0.9981173 -0.06123783
vn 0.0032131337 -0.9999628 -0.008004906
vn 0.0032763805 -0.99954647 0.029935146
vn 0.003488112 -0.9983626 0.05709586
vn 0.0037678345 -0.9970405 0.07678523
vn 0.004075675 -0.9957744 0.09174264
vn 0.004398535 -0.9945757 0.10392249
vn 0.004723885 -0.9934441 0.114221685
vn 0.0050187414 -0.9924544 0.12251127
vn 0.0052301646 -0.9917563 0.12803121
vn 0.040797126 0.010404321 0.99911326
vn 0.005229998 0.9917569 0.12802704
vn 0.0050183814 0.9924556 0.12250177
vn 0.0047234395 0.9934456 0.11420872
vn 0.004398077 0.9945773 0.10390706
vn 0.004075234 0.9957761 0.09172438
vn 0.0037674182 0.9970423 0.076762065
vn 0.0034877493 0.9983644 0.057064336
vn 0.0032761556 0.9995478 0.02989093
vn 0.0032131933 0.9999623 -0.008066928
vn 0.0034228854 0.99811196 -0.061325602
vn 0.0041058585 0.9902749 -0.1390638
vn 0.0057444857 0.96330374 -0.26835215
vn 0.010043849 0.8361583 -0.5483963
vn 0.017497312 -0.0009922897 -0.9998464
vn 0.010034245 -0.8365492 -0.5477999
vn 0.005741062 -0.96337146 -0.26810908
vn 0.0041044233 -0.9902936 -0.1389306
vn 0.0034223285 -0.9981173 -0.06123765
vn 0.0032131334 -0.9999628 -0.008004778
vn 0.003276381 -0.99954647 0.029935237
vn 0.0034881127 -0.9983626 0.057095926
vn 0.0037678354 -0.9970405 0.076785274
vn 0.0040756757 -0.9957744 0.09174268
vn 0.004398536 -0.9945757 0.103922516
vn 0.004723886 -0.993444 0.11422171
vn 0.0050187423 -0.9924544 0.12251128
vn 0.005230165 -0.9917563 0.12803121
vn 0.040797107 0.010447453 0.99911284
vn 0.0052299974 0.9917569 0.12802704
vn 0.005018381 0.9924556 0.12250175
vn 0.0047234385 0.9934456 0.11420869
vn 0.004398076 0.9945773 0.10390703
vn 0.004075233 0.9957761 0.091724336
vn 0.0037674173 0.9970423 0.07676201
vn 0.0034877486 0.9983644 0.05706427
vn 0.003276155 0.9995478 0.029890839
vn 0.0032131935 0.9999623 -0.0080670575
vn 0.0034228866 0.99811196 -0.061325785
vn 0.0041058613 0.99027485 -0.13906407
vn 0.005744493 0.9633036 -0.26835266
vn 0.01004387 0.83615744 -0.54839754
vn 0.017497312 -0.0009964037 -0.9998464
vn 0.010034226 -0.83655 -0.5477987
vn 0.005741055 -0.9633716 -0.26810858
vn 0.0041044205 -0.9902937 -0.13893034
vn 0.0034223273 -0.9981174 -0.06123747
vn 0.0032131334 -0.9999628 -0.00800465
vn 0.0032763814 -0.99954647 0.029935328
vn 0.0034881136 -0.9983626 0.05709599
vn 0.0037678361 -0.9970405 0.07678532
vn 0.0040756767 -0.9957744 0.091742724
vn 0.004398537 -0.9945757 0.103922546
vn 0.004723887 -0.993444 0.11422174
vn 0.0050187428 -0.9924544 0.122511305
vn 0.0052301656 -0.9917563 0.12803122
vn 0.04079709 0.010490943 0.99911237
vn 0.005229997 0.9917569 0.12802702
vn 0.00501838 0.9924556 0.12250173
vn 0.0047234376 0.9934456 0.11420867
vn 0.004398075 0.9945773 0.103907
vn 0.004075232 0.9957761 0.0917243
vn 0.0037674163 0.99704236 0.07676197
vn 0.0034877479 0.9983644 0.057064205
vn 0.0032761546 0.9995478 0.029890746
vn 0.0032131935 0.9999623 -0.008067187
vn 0.0034228878 0.9981119 -0.061325967
vn 0.0041058646 0.99027485 -0.13906436
vn 0.0057445 0.96330345 -0.26835316
vn 0.010043889 0.8361566 -0.5483988
vn 0.017497312 -0.001000552 -0.9998464
vn 0.010034205 -0.83655083 -0.54779744
vn 0.0057410477 -0.96337175 -0.26810807
vn 0.0041044173 -0.9902937 -0.13893005
vn 0.0034223262 -0.9981174 -0.061237287
vn 0.0032131332 -0.9999628 -0.008004519
vn 0.0032763819 -0.99954647 0.029935421
vn 0.0034881143 -0.9983626 0.057096057
vn 0.003767837 -0.9970405 0.07678537
vn 0.0040756776 -0.9957744 0.09174276
vn 0.004398538 -0.9945757 0.10392258
vn 0.004723888 -0.993444 0.11422176
vn 0.0050187437 -0.9924544 0.12251133
vn 0.0052301656 -0.9917563 0.12803124
vn 0.04079707 0.010534796 0.9991119
vn 0.0052299965 0.9917569 0.12802702
vn 0.005018379 0.9924556 0.12250171
vn 0.0047234367 0.9934456 0.11420864
vn 0.004398074 0.9945773 0.10390697
vn 0.004075231 0.9957761 0.09172426
vn 0.0037674156 0.99704236 0.07676192
vn 0.0034877472 0.99836445 0.05706414
vn 0.0032761542 0.9995478 0.029890653
vn 0.0032131937 0.9999623 -0.008067318
vn 0.003422889 0.9981119 -0.061326154
vn 0.0041058674 0.9902748 -0.13906464
vn 0.005744507 0.9633033 -0.26835367
vn 0.01004391 0.83615583 -0.54840004
vn 0.017497312 -0.0010047349 -0.9998464
vn 0.010034186 -0.83655167 -0.5477962
vn 0.0057410407 -0.9633719 -0.26810756
vn 0.0041044145 -0.99029374 -0.13892977
vn 0.003422325 -0.9981174 -0.0612371
vn 0.0032131332 -0.9999628 -0.008004389
vn 0.0032763823 -0.99954647 0.029935515
vn 0.003488115 -0.9983626 0.057096124
vn 0.003767838 -0.9970405 0.076785415
vn 0.0040756785 -0.9957744 0.0917428
vn 0.004398539 -0.9945757 0.10392261
vn 0.004723889 -0.993444 0.11422179
vn 0.005018744 -0.9924544 0.12251134
vn 0.005230166 -0.9917563 0.12803124
vn 0.04079705 0.010579018 0.9991115
vn 0.0052299965 0.9917569 0.128027
vn 0.0050183786 0.9924556 0.12250169
vn 0.0047234357 0.9934456 0.11420861
vn 0.004398073 0.9945773 0.10390693
vn 0.00407523 0.9957761 0.091724224
vn 0.0037674147 0.99704236 0.076761864
vn 0.0034877462 0.99836445 0.05706407
vn 0.0032761537 0.9995478 0.02989056
vn 0.003213194 0.9999623 -0.0080674505
vn 0.00342289 0.9981119 -0.06132634
vn 0.0041058706 0.9902747 -0.13906492
vn 0.0057445145 0.9633032 -0.2683542
vn 0.01004393 0.836155 -0.5484013
vn 0.017497312 -0.0010089529 -0.9998464
vn 0.010034165 -0.8365525 -0.5477949
vn 0.0057410332 -0.96337205 -0.26810703
vn 0.004104411 -0.99029374 -0.13892949
vn 0.0034223238 -0.9981174 -0.061236914
vn 0.003213133 -0.9999628 -0.0080042565
vn 0.0032763828 -0.99954647 0.02993561
vn 0.003488116 -0.9983626 0.05709619
vn 0.003767839 -0.9970405 0.07678547
vn 0.0040756795 -0.9957744 0.091742836
vn 0.00439854 -0.9945757 0.10392264
vn 0.0047238898 -0.993444 0.11422182
vn 0.005018745 -0.9924544 0.122511365
vn 0.0052301665 -0.9917563 0.12803125
vn 0.040797032 0.010623612 0.999111
vn 0.005229996 0.9917569 0.12802699
vn 0.0050183777 0.9924556 0.12250167
vn 0.004723435 0.9934456 0.11420859
vn 0.004398072 0.9945773 0.1039069
vn 0.004075229 0.9957761 0.09172419
vn 0.0037674138 0.99704236 0.07676182
vn 0.0034877455 0.99836445 0.057064004
vn 0.0032761532 0.99954784 0.029890465
vn 0.003213194 0.9999623 -0.008067584
vn 0.0034228913 0.9981119 -0.06132653
vn 0.0041058734 0.9902747 -0.1390652
vn 0.005744522 0.963303 -0.2683547
vn 0.010043951 0.83615416 -0.54840255
vn 0.017497312 -0.0010132064 -0.9998464
vn 0.010034145 -0.83655334 -0.5477936
vn 0.005741026 -0.9633722 -0.26810652
vn 0.0041044084 -0.9902938 -0.1389292
vn 0.0034223227 -0.9981174 -0.061236724
vn 0.003213133 -0.9999628 -0.008004123
vn 0.0032763833 -0.99954647 0.029935705
vn 0.0034881167 -0.9983626 0.057096258
vn 0.0037678399 -0.9970405 0.07678552
vn 0.0040756804 -0.9957744 0.09174287
vn 0.004398541 -0.9945757 0.10392268
vn 0.0047238907 -0.993444 0.11422185
vn 0.005018746 -0.9924544 0.12251139
vn 0.005230167 -0.9917563 0.12803125
vn 0.040797014 0.010668585 0.9991105
vn 0.0052299956 0.9917569 0.12802699
vn 0.005018377 0.9924556 0.12250165
vn 0.004723434 0.9934456 0.11420856
vn 0.004398071 0.9945773 0.10390686
vn 0.0040752282 0.9957761 0.09172414
vn 0.0037674129 0.99704236 0.07676177
vn 0.0034877448 0.99836445 0.057063933
vn 0.0032761528 0.99954784 0.029890368
vn 0.0032131942 0.9999623 -0.008067718
vn 0.0034228924 0.9981119 -0.06132672
vn 0.0041058767 0.99027467 -0.13906549
vn 0.0057445294 0.9633029 -0.26835525
vn 0.010043972 0.83615327 -0.54840386
vn 0.017497312 -0.0010174961 -0.9998464
vn 0.010034123 -0.83655417 -0.5477923
vn 0.005741019 -0.9633723 -0.26810598
vn 0.004104405 -0.99029386 -0.13892892
vn 0.0034223213 -0.9981174 -0.061236534
vn 0.0032131327 -0.9999628 -0.008003989
vn 0.0032763837 -0.99954647 0.0299358
vn 0.0034881174 -0.9983626 0.05709633
vn 0.0037678406 -0.9970405 0.07678557
vn 0.0040756813 -0.9957744 0.09174292
vn 0.004398542 -0.9945757 0.10392271
vn 0.0047238916 -0.993444 0.11422187
vn 0.0050187465 -0.9924544 0.1225114
vn 0.005230167 -0.9917563 0.12803127
vn 0.04079699 0.010713939 0.99911
vn 0.005229995 0.9917569 0.12802698
vn 0.0050183763 0.9924556 0.12250163
vn 0.004723433 0.9934456 0.11420853
vn 0.00439807 0.9945773 0.10390683
vn 0.0040752273 0.9957761 0.091724105
vn 0.003767412 0.99704236 0.076761715
vn 0.003487744 0.99836445 0.057063866
vn 0.0032761523 0.99954784 0.029890273
vn 0.0032131942 0.9999623 -0.008067854
vn 0.0034228936 0.99811184 -0.06132691
vn 0.00410588 0.9902746 -0.13906579
vn 0.005744537 0.96330273 -0.2683558
vn 0.010043993 0.83615243 -0.5484052
vn 0.017497312 -0.0010218221 -0.9998464
vn 0.010034103 -0.836555 -0.54779106
vn 0.0057410114 -0.96337247 -0.26810545
vn 0.004104402 -0.9902939 -0.13892862
vn 0.0034223201 -0.99811745 -0.061236344
vn 0.0032131327 -0.9999628 -0.008003853
vn 0.0032763842 -0.99954647 0.029935896
vn 0.0034881183 -0.9983626 0.057096396
vn 0.0037678415 -0.9970405 0.07678562
vn 0.0040756823 -0.9957744 0.091742955
vn 0.004398543 -0.9945756 0.10392275
vn 0.0047238925 -0.993444 0.1142219
vn 0.0050187474 -0.9924544 0.122511424
vn 0.0052301674 -0.9917563 0.12803128
vn 0.040796973 0.0107596805 0.9991095
vn 0.005229995 0.9917569 0.12802698
vn 0.0050183753 0.9924556 0.12250161
vn 0.004723432 0.9934456 0.1142085
vn 0.004398069 0.9945773 0.103906795
vn 0.0040752264 0.9957761 0.09172407
vn 0.003767411 0.99704236 0.07676166
vn 0.0034877432 0.99836445 0.057063796
vn 0.0032761518 0.99954784 0.029890174
vn 0.0032131944 0.9999623 -0.00806799
vn 0.003422895 0.99811184 -0.061327104
vn 0.0041058827 0.9902746 -0.13906607
vn 0.0057445443 0.9633026 -0.26835632
vn 0.010044014 0.8361516 -0.5484065
vn 0.017497312 -0.0010261852 -0.9998464
vn 0.0100340815 -0.8365559 -0.54778975
vn 0.0057410034 -0.9633726 -0.2681049
vn 0.0041043987 -0.9902939 -0.13892834
vn 0.003422319 -0.99811745 -0.06123615
vn 0.0032131325 -0.9999628 -0.008003716
vn 0.0032763847 -0.99954647 0.029935993
vn 0.003488119 -0.9983626 0.057096466
vn 0.0037678424 -0.9970405 0.07678567
vn 0.004075683 -0.9957744 0.09174299
vn 0.004398544 -0.9945756 0.10392278
vn 0.0047238935 -0.993444 0.11422193
vn 0.0050187483 -0.9924544 0.12251145
vn 0.005230168 -0.9917563 0.12803128
vn 0.04079695 0.0108058145 0.999109
vn 0.0052299947 0.9917569 0.12802696
vn 0.0050183744 0.9924556 0.12250159
vn 0.0047234306 0.9934456 0.11420847
vn 0.004398068 0.9945773 0.103906766
vn 0.004075225 0.9957761 0.09172402
vn 0.00376741 0.99704236 0.07676161
vn 0.0034877423 0.99836445 0.057063725
vn 0.0032761514 0.99954784 0.029890075
vn 0.0032131944 0.9999623 -0.008068128
vn 0.0034228961 0.99811184 -0.0613273
vn 0.004105886 0.99027455 -0.13906637
vn 0.005744552 0.96330243 -0.26835686
vn 0.0100440355 0.8361507 -0.5484078
vn 0.017497312 -0.0010305856 -0.9998464
vn 0.01003406 -0.83655673 -0.5477884
vn 0.005740996 -0.96337277 -0.26810437
vn 0.004104396 -0.990294 -0.13892804
vn 0.0034223178 -0.99811745 -0.061235953
vn 0.0032131325 -0.9999628 -0.0080035785
vn 0.0032763851 -0.99954647 0.029936092
vn 0.00348812 -0.99836254 0.057096533
vn 0.0037678434 -0.9970405 0.07678572
vn 0.004075684 -0.9957744 0.09174304
vn 0.004398545 -0.9945756 0.103922814
vn 0.0047238944 -0.993444 0.11422196
vn 0.0050187493 -0.9924544 0.12251147
vn 0.0052301683 -0.9917563 0.1280313
vn 0.04079693 0.010852346 0.9991085
vn 0.005229994 0.9917569 0.12802695
vn 0.005018374 0.99245566 0.12250157
vn 0.0047234297 0.9934456 0.114208445
vn 0.004398067 0.99457735 0.10390673
vn 0.004075224 0.9957761 0.091723986
vn 0.0037674091 0.99704236 0.07676156
vn 0.0034877416 0.99836445 0.057063654
vn 0.003276151 0.99954784 0.029889977
vn 0.0032131947 0.9999623 -0.008068267
vn 0.0034228973 0.99811184 -0.061327495
vn 0.0041058892 0.9902745 -0.13906667
vn 0.0057445597 0.9633023 -0.2683574
vn 0.010044057 0.8361498 -0.5484091
vn 0.017497312 -0.001035024 -0.9998464
vn 0.010034039 -0.8365576 -0.5477871
vn 0.0057409885 -0.9633729 -0.26810384
vn 0.0041043926 -0.99029404 -0.13892774
vn 0.0034223164 -0.99811745 -0.06123576
vn 0.0032131323 -0.9999628 -0.00800344
vn 0.0032763856 -0.99954647 0.02993619
vn 0.0034881206 -0.99836254 0.057096604
vn 0.0037678443 -0.9970405 0.07678577
vn 0.0040756855 -0.9957744 0.091743074
vn 0.004398546 -0.9945756 0.10392285
vn 0.0047238953 -0.993444 0.11422199
vn 0.0050187497 -0.9924544 0.12251149
vn 0.005230169 -0.9917563 0.1280313
vn 0.04079691 0.010899279 0.999108
vn 0.0052299937 0.9917569 0.12802695
vn 0.005018373 0.99245566 0.122501545
vn 0.0047234287 0.9934456 0.114208415
vn 0.004398066 0.99457735 0.10390669
vn 0.004075223 0.9957761 0.09172394
vn 0.0037674082 0.99704236 0.07676151
vn 0.0034877406 0.99836445 0.057063583
vn 0.0032761502 0.99954784 0.029889878
vn 0.003213195 0.9999623 -0.008068407
vn 0.0034228987 0.99811184 -0.061327696
vn 0.0041058925 0.9902745 -0.13906696
vn 0.005744567 0.96330214 -0.26835793
vn 0.010044078 0.836149 -0.5484105
vn 0.017497312 -0.0010395007 -0.9998464
vn 0.010034017 -0.8365585 -0.5477857
vn 0.0057409806 -0.96337306 -0.2681033
vn 0.0041043893 -0.99029404 -0.13892744
vn 0.0034223152 -0.99811745 -0.06123556
vn 0.003213132 -0.9999628 -0.0080033
vn 0.0032763863 -0.99954647 0.029936291
vn 0.0034881216 -0.99836254 0.05709668
vn 0.0037678452 -0.9970405 0.076785825
vn 0.0040756864 -0.9957744 0.09174312
vn 0.004398547 -0.9945756 0.10392288
vn 0.0047238967 -0.993444 0.11422202
vn 0.0050187507 -0.9924544 0.12251151
vn 0.005230169 -0.9917563 0.12803131
vn 0.04079689 0.010946621 0.9991075
vn 0.0052299933 0.9917569 0.12802693
vn 0.005018372 0.99245566 0.12250152
vn 0.004723428 0.9934456 0.114208385
vn 0.0043980647 0.99457735 0.10390666
vn 0.004075222 0.9957761 0.0917239
vn 0.0037674073 0.99704236 0.076761454
vn 0.00348774 0.99836445 0.057063513
vn 0.0032761497 0.99954784 0.029889775
vn 0.003213195 0.9999623 -0.0080685485
vn 0.0034228999 0.9981118 -0.061327893
vn 0.0041058958 0.9902744 -0.13906728
vn 0.005744575 0.96330196 -0.2683585
vn 0.0100441 0.8361481 -0.54841185
vn 0.017497312 -0.0010440163 -0.99984634
vn 0.010033996 -0.83655936 -0.5477844
vn 0.0057409727 -0.96337324 -0.26810274
vn 0.004104386 -0.9902941 -0.13892713
vn 0.0034223138 -0.9981175 -0.06123536
vn 0.003213132 -0.9999628 -0.0080031585
vn 0.0032763868 -0.9995464 0.029936392
vn 0.0034881223 -0.99836254 0.05709675
vn 0.0037678462 -0.9970405 0.07678588
vn 0.0040756874 -0.9957744 0.09174316
vn 0.004398548 -0.9945756 0.10392292
vn 0.0047238977 -0.993444 0.11422205
vn 0.0050187516 -0.9924544 0.122511536
vn 0.0052301693 -0.9917563 0.12803133
vn 0.04079687 0.010994376 0.99910694
vn 0.0052299933 0.9917569 0.12802692
vn 0.005018371 0.99245566 0.1225015
vn 0.004723427 0.9934456 0.114208356
vn 0.0043980638 0.99457735 0.103906624
vn 0.0040752213 0.9957761 0.09172386
vn 0.0037674063 0.99704236 0.0767614
vn 0.003487739 0.99836445 0.057063438
vn 0.0032761493 0.99954784 0.029889675
vn 0.0032131951 0.9999623 -0.008068691
vn 0.0034229013 0.9981118 -0.0613281
vn 0.004105899 0.99027437 -0.13906758
vn 0.005744583 0.96330184 -0.26835907
vn 0.010044122 0.8361472 -0.5484132
vn 0.01749731 -0.0010485714 -0.99984634
vn 0.0100339735 -0.8365603 -0.547783
vn 0.005740965 -0.96337336 -0.26810217
vn 0.004104383 -0.99029416 -0.13892683
vn 0.0034223127 -0.9981175 -0.06123516
vn 0.0032131318 -0.9999628 -0.008003016
vn 0.0032763872 -0.9995464 0.029936494
vn 0.0034881232 -0.99836254 0.05709682
vn 0.0037678473 -0.9970405 0.07678593
vn 0.0040756883 -0.9957744 0.0917432
vn 0.004398549 -0.9945756 0.103922956
vn 0.0047238986 -0.993444 0.11422208
vn 0.0050187525 -0.9924544 0.12251155
vn 0.0052301697 -0.9917563 0.12803133
vn 0.040796846 0.011042548 0.99910647
vn 0.005229993 0.9917569 0.12802692
vn 0.0050183707 0.99245566 0.12250148
vn 0.004723426 0.9934456 0.114208326
vn 0.004398063 0.99457735 0.10390659
vn 0.0040752203 0.9957761 0.091723815
vn 0.0037674054 0.99704236 0.07676135
vn 0.0034877383 0.99836445 0.057063367
vn 0.0032761488 0.99954784 0.029889572
vn 0.0032131951 0.9999623 -0.008068835
vn 0.0034229024 0.9981118 -0.0613283
vn 0.0041059023 0.9902743 -0.13906789
vn 0.005744591 0.96330166 -0.26835963
vn 0.0100441445 0.83614624 -0.5484146
vn 0.01749731 -0.0010531663 -0.99984634
vn 0.010033951 -0.8365612 -0.54778165
vn 0.005740957 -0.96337354 -0.26810163
vn 0.0041043796 -0.99029416 -0.13892652
vn 0.0034223113 -0.9981175 -0.061234955
vn 0.0032131318 -0.9999628 -0.008002872
vn 0.0032763877 -0.9995464 0.029936597
vn 0.0034881239 -0.99836254 0.057096895
vn 0.0037678482 -0.99704045 0.07678599
vn 0.0040756892 -0.9957743 0.091743246
vn 0.0043985504 -0.9945756 0.10392299
vn 0.0047238995 -0.993444 0.11422211
vn 0.005018753 -0.9924544 0.12251157
vn 0.00523017 -0.9917563 0.12803134
vn 0.040796824 0.011091145 0.99910593
vn 0.0052299923 0.9917569 0.1280269
vn 0.0050183698 0.99245566 0.122501455
vn 0.0047234246 0.9934456 0.114208296
vn 0.0043980614 0.99457735 0.10390655
vn 0.004075219 0.9957762 0.09172377
vn 0.0037674045 0.99704236 0.0767613
vn 0.0034877374 0.99836445 0.057063293
vn 0.003276148 0.99954784 0.029889468
vn 0.0032131954 0.9999623 -0.008068981
vn 0.0034229038 0.9981118 -0.061328504
vn 0.004105906 0.9902743 -0.1390682
vn 0.005744599 0.96330154 -0.2683602
vn 0.010044167 0.83614534 -0.54841596
vn 0.01749731 -0.0010578018 -0.99984634
vn 0.010033929 -0.8365621 -0.5477802
vn 0.005740949 -0.96337366 -0.26810107
vn 0.004104376 -0.9902942 -0.13892621
vn 0.00342231 -0.9981175 -0.06123475
vn 0.0032131316 -0.9999628 -0.008002726
vn 0.0032763884 -0.9995464 0.0299367
vn 0.0034881248 -0.99836254 0.05709697
vn 0.0037678492 -0.99704045 0.07678604
vn 0.00407569 -0.9957743 0.09174329
vn 0.0043985513 -0.9945756 0.10392303
vn 0.0047239005 -0.993444 0.11422214
vn 0.005018754 -0.9924544 0.122511595
vn 0.0052301707 -0.9917563 0.12803136
vn 0.0407968 0.011140171 0.99910533
vn 0.005229992 0.9917569 0.1280269
vn 0.005018369 0.99245566 0.12250143
vn 0.0047234236 0.9934456 0.11420826
vn 0.0043980605 0.99457735 0.10390651
vn 0.004075218 0.9957762 0.09172373
vn 0.0037674035 0.99704236 0.07676124
vn 0.0034877365 0.99836445 0.05706322
vn 0.0032761476 0.99954784 0.029889364
vn 0.0032131956 0.9999623 -0.008069127
vn 0.003422905 0.9981117 -0.061328713
vn 0.0041059093 0.99027425 -0.13906851
vn 0.0057446067 0.96330136 -0.26836076
vn 0.010044189 0.8361444 -0.5484174
vn 0.01749731 -0.0010624782 -0.99984634
vn 0.010033906 -0.836563 -0.54777884
vn 0.005740941 -0.96337384 -0.26810047
vn 0.0041043726 -0.9902943 -0.1389259
vn 0.0034223087 -0.99811757 -0.06123454
vn 0.0032131313 -0.9999628 -0.00800258
vn 0.0032763889 -0.9995464 0.029936804
vn 0.0034881257 -0.99836254 0.057097044
vn 0.00376785 -0.99704045 0.07678609
vn 0.0040756916 -0.9957743 0.09174333
vn 0.0043985522 -0.9945756 0.10392306
vn 0.004723902 -0.993444 0.11422217
vn 0.005018755 -0.9924544 0.12251162
vn 0.005230171 -0.9917563 0.12803136
vn 0.39173776 0.15254799 0.9073426
vn 0.047451682 0.99065727 0.12785338
vn 0.04978143 0.9912464 0.122279875
vn 0.048468463 0.9923003 0.11397786
vn 0.046216797 0.9935363 0.10368036
vn 0.043941382 0.99483526 0.09149823
vn 0.042120453 0.99617803 0.07651897
vn 0.04127262 0.99753344 0.05677704
vn 0.04237316 0.9986654 0.02952883
vn 0.04710224 0.9988537 -0.008528727
vn 0.05802846 0.99639475 -0.06188887
vn 0.07955609 0.9870023 -0.1396327
vn 0.1225643 0.9555436 -0.26816875
vn 0.22333221 0.812159 -0.5389995
vn 0.37805 -0.014831867 -0.9256664
vn 0.22549906 -0.81789213 -0.52934176
vn 0.124818064 -0.9563574 -0.26419872
vn 0.08162998 -0.9871371 -0.13746598
vn 0.059518743 -0.9963942 -0.060465984
vn 0.047858775 -0.9988257 -0.007526151
vn 0.042569246 -0.99863565 0.030243255
vn 0.04127737 -0.9975041 0.05728662
vn 0.04232277 -0.9961407 0.07689273
vn 0.044679653 -0.9947755 0.09179048
vn 0.04787996 -0.99343234 0.10392149
vn 0.051764145 -0.9921119 0.11416839
vn 0.056352027 -0.9908809 0.12239047
vn 0.06315814 -0.98978573 0.12780926
vn 0.819694 0.49063334 0.2956022
vn 0.3135523 0.94171864 0.12186461
vn 0.3128477 0.9426238 0.1165622
vn 0.2993919 0.9478859 0.10898106
vn 0.2823417 0.9541418 0.09948178
vn 0.2657914 0.9600109 0.0879434
vn 0.2525707 0.9647972 0.073310435
vn 0.24657038 0.96764493 0.053537905
vn 0.2548115 0.96664315 0.025926124
vn 0.28790468 0.9575787 -0.012404547
vn 0.35858926 0.9312792 -0.06428678
vn 0.47953123 0.8674387 -0.13266492
vn 0.65786755 0.7205332 -0.21918535
vn 0.8583102 0.4096048 -0.30907515
vn 0.9384082 -0.053985003 -0.34128532
vn 0.8231039 -0.48955584 -0.2878107
vn 0.6235896 -0.7564693 -0.19720598
vn 0.4585486 -0.8810998 -0.11574243
vn 0.34711656 -0.93639094 -0.051789034
vn 0.281715 -0.95949256 -0.0032616134
vn 0.25150535 -0.96730965 0.03251383
vn 0.24518438 -0.96772444 0.058258604
vn 0.25307792 -0.9643931 0.07679533
vn 0.2688036 -0.95891565 0.09069382
vn 0.28905305 -0.9518883 0.10176938
vn 0.31192893 -0.9436227 0.110799246
vn 0.33596894 -0.9344975 0.11764084
vn 0.36561266 -0.9227985 0.12153302
vn 0.6403387 0.75990933 0.111822054
vn 0.6124417 0.78317726 0.10746428
vn 0.5929069 0.79843074 0.10473653
vn 0.5630664 0.82038474 0.09962479
vn 0.52950794 0.84327203 0.09226944
vn 0.4970738 0.86381763 0.08207735
vn 0.47134858 0.87936413 0.06744761
vn 0.46256396 0.8854005 0.04583243
vn 0.48717707 0.87318075 0.01462342
vn 0.5608084 0.827505 -0.027006881
vn 0.68115175 0.72824746 -0.075418405
vn 0.8165237 0.56439364 -0.12144523
vn 0.92414325 0.34910107 -0.15520212
vn 0.97857744 0.11353314 -0.17174514
vn 0.9788683 -0.11116183 -0.1716387
vn 0.9268413 -0.34173703 -0.1555024
vn 0.8239887 -0.55305535 -0.12317675
vn 0.69246083 -0.7171314 -0.0788707
vn 0.5709623 -0.8203823 -0.031223414
vn 0.49213392 -0.87045217 0.010825249
vn 0.46208814 -0.88578767 0.043066557
vn 0.46756816 -0.8815029 0.0658229
vn 0.49251688 -0.8664811 0.08147152
vn 0.5263537 -0.8452149 0.0925392
vn 0.5633614 -0.8200474 0.10072839
vn 0.5993083 -0.79335696 0.1068378
vn 0.6307795 -0.7679301 0.11135809
vn 0.6673715 -0.73549837 0.11686475
vn -1.0 0.0 0.0
vn 1.0 0.0 0.0
usemtl Material_0
f 1/1/1 2/2/2 3/3/3
f 2/2/2 4/4/4 3/3/3
f 2/2/2 5/5/5 4/4/4
f 5/5/5 6/6/6 4/4/4
f 5/5/5 7/7/7 6/6/6
f 7/7/7 8/8/8 6/6/6
f 7/7/7 9/9/9 8/8/8
f 9/9/9 10/10/10 8/8/8
f 9/9/9 11/11/11 10/10/10
f 11/11/11 12/12/12 10/10/10
f 11/11/11 13/13/13 12/12/12
f 13/13/13 14/14/14 12/12/12
f 13/13/13 15/15/15 14/14/14
f 15/15/15 16/16/16 14/14/14
f 15/15/15 17/17/17 16/16/16
f 17/17/17 18/18/18 16/16/16
f 17/17/17 19/19/19 18/18/18
f 19/19/19 20/20/20 18/18/18
f 19/19/19 21/21/21 20/20/20
f 21/21/21 22/22/22 20/20/20
f 21/21/21 23/23/23 22/22/22
f 23/23/23 24/24/24 22/22/22
f 23/23/23 25/25/25 24/24/24
f 25/25/25 26/26/26 24/24/24
f 25/25/25 27/27/27 26/26/26
f 27/27/27 28/28/28 26/26/26
f 27/27/27 29/29/29 28/28/28
f 29/29/29 30/30/30 28/28/28
f 29/29/29 31/31/31 30/30/30
f 31/31/31 32/32/32 30/30/30
f 31/31/31 33/33/33 32/32/32
f 33/33/33 34/34/34 32/32/32
f 33/33/33 35/35/35 34/34/34
f 35/35/35 36/36/36 34/34/34
f 35/35/35 37/37/37 36/36/36
f 37/37/37 38/38/38 36/36/36
f 37/37/37 39/39/39 38/38/38
f 39/39/39 40/40/40 38/38/38
f 39/39/39 41/41/41 40/40/40
f 41/41/41 42/42/42 40/40/40
f 41/41/41 43/43/43 42/42/42
f 43/43/43 44/44/44 42/42/42
f 43/43/43 45/45/45 44/44/44
f 45/45/45 46/46/46 44/44/44
f 45/45/45 47/47/47 46/46/46
f 47/47/47 48/48/48 46/46/46
f 47/47/47 49/49/49 48/48/48
f 49/49/49 50/50/50 48/48/48
f 49/49/49 51/51/51 50/50/50
f 51/51/51 52/52/52 50/50/50
f 51/51/51 53/53/53 52/52/52
f 53/53/53 54/54/54 52/52/52
f 53/53/53 55/55/55 54/54/54
f 55/55/55 56/56/56 54/54/54
f 55/55/55 1/1/1 56/56/56
f 1/1/1 3/3/3 56/56/56
f 3/3/3 4/4/4 57/57/57
f 4/4/4 58/58/58 57/57/57
f 4/4/4 6/6/6 58/58/58
f 6/6/6 59/59/59 58/58/58
f 6/6/6 8/8/8 59/59/59
f 8/8/8 60/60/60 59/59/59
f 8/8/8 10/10/10 60/60/60
f 10/10/10 61/61/61 60/60/60
f 10/10/10 12/12/12 61/61/61
f 12/12/12 62/62/62 61/61/61
f 12/12/12 14/14/14 62/62/62
f 14/14/14 63/63/63 62/62/62
f 14/14/14 16/16/16 63/63/63
f 16/16/16 64/64/64 63/63/63
f 16/16/16 18/18/18 64/64/64
f 18/18/18 65/65/65 64/64/64
f 18/18/18 20/20/20 65/65/65
f 20/20/20 66/66/66 65/65/65
f 20/20/20 22/22/22 66/66/66
f 22/22/22 67/67/67 66/66/66
f 22/22/22 24/24/24 67/67/67
f 24/24/24 68/68/68 67/67/67
f 24/24/24 26/26/26 68/68/68
f 26/26/26 69/69/69 68/68/68
f 26/26/26 28/28/28 69/69/69
f 28/28/28 70/70/70 69/69/69
f 28/28/28 30/30/30 70/70/70
f 30/30/30 71/71/71 70/70/70
f 30/30/30 32/32/32 71/71/71
f 32/32/32 72/72/72 71/71/71
f 32/32/32 34/34/34 72/72/72
f 34/34/34 73/73/73 72/72/72
f 34/34/34 36/36/36 73/73/73
f 36/36/36 74/74/74 73/73/73
f 36/36/36 38/38/38 74/74/74
f 38/38/38 75/75/75 74/74/74
f 38/38/38 40/40/40 75/75/75
f 40/40/40 76/76/76 75/75/75
f 40/40/40 42/42/42 76/76/76
f 42/42/42 77/77/77 76/76/76
f 42/42/42 44/44/44 77/77/77
f 44/44/44 78/78/78 77/77/77
f 44/44/44 46/46/46 78/78/78
f 46/46/46 79/79/79 78/78/78
f 46/46/46 48/48/48 79/79/79
f 48/48/48 80/80/80 79/79/79
f 48/48/48 50/50/50 80/80/80
f 50/50/50 81/81/81 80/80/80
f 50/50/50 52/52/52 81/81/81
f 52/52/52 82/82/82 81/81/81
f 52/52/52 54/54/54 82/82/82
f 54/54/54 83/83/83 82/82/82
f 54/54/54 56/56/56 83/83/83
f 56/56/56 84/84/84 83/83/83
f 56/56/56 3/3/3 84/84/84
f 3/3/3 57/57/57 84/84/84
f 57/57/57 58/58/58 85/85/85
f 58/58/58 86/86/86 85/85/85
f 58/58/58 59/59/59 86/86/86
f 59/59/59 87/87/87 86/86/86
f 59/59/59 60/60/60 87/87/87
f 60/60/60 88/88/88 87/87/87
f 60/60/60 61/61/61 88/88/88
f 61/61/61 89/89/89 88/88/88
f 61/61/61 62/62/62 89/89/89
f 62/62/62 90/90/90 89/89/89
f 62/62/62 63/63/63 90/90/90
f 63/63/63 91/91/91 90/90/90
f 63/63/63 64/64/64 91/91/91
f 64/64/64 92/92/92 91/91/91
f 64/64/64 65/65/65 92/92/92
f 65/65/65 93/93/93 92/92/92
f 65/65/65 66/66/66 93/93/93
f 66/66/66 94/94/94 93/93/93
f 66/66/66 67/67/67 94/94/94
f 67/67/67 95/95/95 94/94/94
f 67/67/67 68/68/68 95/95/95
f 68/68/68 96/96/96 95/95/95
f 68/68/68 69/69/69 96/96/96
f 69/69/69 97/97/97 96/96/96
f 69/69/69 70/70/70 97/97/97
f 70/70/70 98/98/98 97/97/97
f 70/70/70 71/71/71 98/98/98
f 71/71/71 99/99/99 98/98/98
f 71/71/71 72/72/72 99/99/99
f 72/72/72 100/100/100 99/99/99
f 72/72/72 73/73/73 100/100/100
f 73/73/73 101/101/101 100/100/100
f 73/73/73 74/74/74 101/101/101
f 74/74/74 102/102/102 101/101/101
f 74/74/74 75/75/75 102/102/102
f 75/75/75 103/103/103 102/102/102
f 75/75/75 76/76/76 103/103/103
f 76/76/76 104/104/104 103/103/103
f 76/76/76 77/77/77 104/104/104
f 77/77/77 105/105/105 104/104/104
f 77/77/77 78/78/78 105/105/105
f 78/78/78 106/106/106 105/105/105
f 78/78/78 79/79/79 106/106/106
f 79/79/79 107/107/107 106/106/106
f 79/79/79 80/80/80 107/107/107
f 80/80/80 108/108/108 107/107/107
f 80/80/80 81/81/81 108/108/108
f 81/81/81 109/109/109 108/108/108
f 81/81/81 82/82/82 109/109/109
f 82/82/82 110/110/110 109/109/109
f 82/82/82 83/83/83 110/110/110
f 83/83/83 111/111/111 110/110/110
f 83/83/83 84/84/84 111/111/111
f 84/84/84 112/112/112 111/111/111
f 84/84/84 57/57/57 112/112/112
f 57/57/57 85/85/85 112/112/112
f 85/85/85 86/86/86 113/113/113
f 86/86/86 114/114/114 113/113/113
f 86/86/86 87/87/87 114/114/114
f 87/87/87 115/115/115 114/114/114
f 87/87/87 88/88/88 115/115/115
f 88/88/88 116/116/116 115/115/115
f 88/88/88 89/89/89 116/116/116
f 89/89/89 117/117/117 116/116/116
f 89/89/89 90/90/90 117/117/117
f 90/90/90 118/118/118 117/117/117
f 90/90/90 91/91/91 118/118/118
f 91/91/91 119/119/119 118/118/118
f 91/91/91 92/92/92 119/119/119
f 92/92/92 120/120/120 119/119/119
f 92/92/92 93/93/93 120/120/120
f 93/93/93 121/121/121 120/120/120
f 93/93/93 94/94/94 121/121/121
f 94/94/94 122/122/122 121/121/121
f 94/94/94 95/95/95 122/122/122
f 95/95/95 123/123/123 122/122/122
f 95/95/95 96/96/96 123/123/123
f 96/96/96 124/124/124 123/123/123
f 96/96/96 97/97/97 124/124/124
f 97/97/97 125/125/125 124/124/124
f 97/97/97 98/98/98 125/125/125
f 98/98/98 126/126/126 125/125/125
f 98/98/98 99/99/99 126/126/126
f 99/99/99 127/127/127 126/126/126
f 99/99/99 100/100/100 127/127/127
f 100/100/100 128/128/128 127/127/127
f 100/100/100 101/101/101 128/128/128
f 101/101/101 129/129/129 128/128/128
f 101/101/101 102/102/102 129/129/129
f 102/102/102 130/130/130 129/129/129
f 102/102/102 103/103/103 130/130/130
f 103/103/103 131/131/131 130/130/130
f 103/103/103 104/104/104 131/131/131
f 104/104/104 132/132/132 131/131/131
f 104/104/104 105/105/105 132/132/132
f 105/105/105 133/133/133 132/132/132
f 105/105/105 106/106/106 133/133/133
f 106/106/106 134/134/134 133/133/133
f 106/106/106 107/107/107 134/134/134
f 107/107/107 135/135/135 134/134/134
f 107/107/107 108/108/108 135/135/135
f 108/108/108 136/136/136 135/135/135
f 108/108/108 109/109/109 136/136/136
f 109/109/109 137/137/137 136/136/136
f 109/109/109 110/110/110 137/137/137
f 110/110/110 138/138/138 137/137/137
f 110/110/110 111/111/111 138/138/138
f 111/111/111 139/139/139 138/138/138
f 111/111/111 112/112/112 139/139/139
f 112/112/112 140/140/140 139/139/139
f 112/112/112 85/85/85 140/140/140
f 85/85/85 113/113/113 140/140/140
f 113/113/113 114/114/114 141/141/141
f 114/114/114 142/142/142 141/141/141
f 114/114/114 115/115/115 142/142/142
f 115/115/115 143/143/143 142/142/142
f 115/115/115 116/116/116 143/143/143
f 116/116/116 144/144/144 143/143/143
f 116/116/116 117/117/117 144/144/144
f 117/117/117 145/145/145 144/144/144
f 117/117/117 118/118/118 145/145/145
f 118/118/118 146/146/146 145/145/145
f 118/118/118 119/119/119 146/146/146
f 119/119/119 147/147/147 146/146/146
f 119/119/119 120/120/120 147/147/147
f 120/120/120 148/148/148 147/147/147
f 120/120/120 121/121/121 148/148/148
f 121/121/121 149/149/149 148/148/148
f 121/121/121 122/122/122 149/149/149
f 122/122/122 150/150/150 149/149/149
f 122/122/122 123/123/123 150/150/150
f 123/123/123 151/151/151 150/150/150
f 123/123/123 124/124/124 151/151/151
f 124/124/124 152/152/152 151/151/151
f 124/124/124 125/125/125 152/152/152
f 125/125/125 153/153/153 152/152/152
f 125/125/125 126/126/126 153/153/153
f 126/126/126 154/154/154 153/153/153
f 126/126/126 127/127/127 154/154/154
f 127/127/127 155/155/155 154/154/154
f 127/127/127 128/128/128 155/155/155
f 128/128/128 156/156/156 155/155/155
f 128/128/128 129/129/129 156/156/156
f 129/129/129 157/157/157 156/156/156
f 129/129/129 130/130/130 157/157/157
f 130/130/130 158/158/158 157/157/157
f 130/130/130 131/131/131 158/158/158
f 131/131/131 159/159/159 158/158/158
f 131/131/131 132/132/132 159/159/159
f 132/132/132 160/160/160 159/159/159
f 132/132/132 133/133/133 160/160/160
f 133/133/133 161/161/161 160/160/160
f 133/133/133 134/134/134 161/161/161
f 134/134/134 162/162/162 161/161/161
f 134/134/134 135/135/135 162/162/162
f 135/135/135 163/163/163 162/162/162
f 135/135/135 136/136/136 163/163/163
f 136/136/136 164/164/164 163/163/163
f 136/136/136 137/137/137 164/164/164
f 137/137/137 165/165/165 164/164/164
f 137/137/137 138/138/138 165/165/165
f 138/138/138 166/166/166 165/165/165
f 138/138/138 139/139/139 166/166/166
f 139/139/139 167/167/167 166/166/166
f 139/139/139 140/140/140 167/167/167
f 140/140/140 168/168/168 167/167/167
f 140/140/140 113/113/113 168/168/168
f 113/113/113 141/141/141 168/168/168
f 141/141/141 142/142/142 169/169/169
f 142/142/142 170/170/170 169/169/169
f 142/142/142 143/143/143 170/170/170
f 143/143/143 171/171/171 170/170/170
f 143/143/143 144/144/144 171/171/171
f 144/144/144 172/172/172 171/171/171
f 144/144/144 145/145/145 172/172/172
f 145/145/145 173/173/173 172/172/172
f 145/145/145 146/146/146 173/173/173
f 146/146/146 174/174/174 173/173/173
f 146/146/146 147/147/147 174/174/174
f 147/147/147 175/175/175 174/174/174
f 147/147/147 148/148/148 175/175/175
f 148/148/148 176/176/176 175/175/175
f 148/148/148 149/149/149 176/176/176
f 149/149/149 177/177/177 176/176/176
f 149/149/149 150/150/150 177/177/177
f 150/150/150 178/178/178 177/177/177
f 150/150/150 151/151/151 178/178/178
f 151/151/151 179/179/179 178/178/178
f 151/151/151 152/152/152 179/179/179
f 152/152/152 180/180/180 179/179/179
f 152/152/152 153/153/153 180/180/180
f 153/153/153 181/181/181 180/180/180
f 153/153/153 154/154/154 181/181/181
f 154/154/154 182/182/182 181/181/181
f 154/154/154 155/155/155 182/182/182
f 155/155/155 183/183/183 182/182/182
f 155/155/155 156/156/156 183/183/183
f 156/156/156 184/184/184 183/183/183
f 156/156/156 157/157/157 184/184/184
f 157/157/157 185/185/185 184/184/184
f 157/157/157 158/158/158 185/185/185
f 158/158/158 186/186/186 185/185/185
f 158/158/158 159/159/159 186/186/186
f 159/159/159 187/187/187 186/186/186
f 159/159/159 160/160/160 187/187/187
f 160/160/160 188/188/188 187/187/187
f 160/160/160 161/161/161 188/188/188
f 161/161/161 189/189/189 188/188/188
f 161/161/161 162/162/162 189/189/189
f 162/162/162 190/190/190 189/189/189
f 162/162/162 163/163/163 190/190/190
f 163/163/163 191/191/191 190/190/190
f 163/163/163 164/164/164 191/191/191
f 164/164/164 192/192/192 191/191/191
f 164/164/164 165/165/165 192/192/192
f 165/165/165 193/193/193 192/192/192
f 165/165/165 166/166/166 193/193/193
f 166/166/166 194/194/194 193/193/193
f 166/166/166 167/167/167 194/194/194
f 167/167/167 195/195/195 194/194/194
f 167/167/167 168/168/168 195/195/195
f 168/168/168 196/196/196 195/195/195
f 168/168/168 141/141/141 196/196/196
f 141/141/141 169/169/169 196/196/196
f 169/169/169 170/170/170 197/197/197
f 170/170/170 198/198/198 197/197/197
f 170/170/170 171/171/171 198/198/198
f 171/171/171 199/199/199 198/198/198
f 171/171/171 172/172/172 199/199/199
f 172/172/172 200/200/200 199/199/199
f 172/172/172 173/173/173 200/200/200
f 173/173/173 201/201/201 200/200/200
f 173/173/173 174/174/174 201/201/201
f 174/174/174 202/202/202 201/201/201
f 174/174/174 175/175/175 202/202/202
f 175/175/175 203/203/203 202/202/202
f 175/175/175 176/176/176 203/203/203
f 176/176/176 204/204/204 203/203/203
f 176/176/176 177/177/177 204/204/204
f 177/177/177 205/205/205 204/204/204
f 177/177/177 178/178/178 205/205/205
f 178/178/178 206/206/206 205/205/205
f 178/178/178 179/179/179 206/206/206
f 179/179/179 207/207/207 206/206/206
f 179/179/179 180/180/180 207/207/207
f 180/180/180 208/208/208 207/207/207
f 180/180/180 181/181/181 208/208/208
f 181/181/181 209/209/209 208/208/208
f 181/181/181 182/182/182 209/209/209
f 182/182/182 210/210/210 209/209/209
f 182/182/182 183/183/183 210/210/210
f 183/183/183 211/211/211 210/210/210
f 183/183/183 184/184/184 211/211/211
f 184/184/184 212/212/212 211/211/211
f 184/184/184 185/185/185 212/212/212
f 185/185/185 213/213/213 212/212/212
f 185/185/185 186/186/186 213/213/213
f 186/186/186 214/214/214 213/213/213
f 186/186/186 187/187/187 214/214/214
f 187/187/187 215/215/215 214/214/214
f 187/187/187 188/188/188 215/215/215
f 188/188/188 216/216/216 215/215/215
f 188/188/188 189/189/189 216/216/216
f 189/189/189 217/217/217 216/216/216
f 189/189/189 190/190/190 217/217/217
f 190/190/190 218/218/218 217/217/217
f 190/190/190 191/191/191 218/218/218
f 191/191/191 219/219/219 218/218/218
f 191/191/191 192/192/192 219/219/219
f 192/192/192 220/220/220 219/219/219
f 192/192/192 193/193/193 220/220/220
f 193/193/193 221/221/221 220/220/220
f 193/193/193 194/194/194 221/221/221
f 194/194/194 222/222/222 221/221/221
f 194/194/194 195/195/195 222/222/222
f 195/195/195 223/223/223 222/222/222
f 195/195/195 196/196/196 223/223/223
f 196/196/196 224/224/224 223/223/223
f 196/196/196 169/169/169 224/224/224
f 169/169/169 197/197/197 224/224/224
f 197/197/197 198/198/198 225/225/225
f 198/198/198 226/226/226 225/225/225
f 198/198/198 199/199/199 226/226/226
f 199/199/199 227/227/227 226/226/226
f 199/199/199 200/200/200 227/227/227
f 200/200/200 228/228/228 227/227/227
f 200/200/200 201/201/201 228/228/228
f 201/201/201 229/229/229 228/228/228
f 201/201/201 202/202/202 229/229/229
f 202/202/202 230/230/230 229/229/229
f 202/202/202 203/203/203 230/230/230
f 203/203/203 231/231/231 230/230/230
f 203/203/203 204/204/204 231/231/231
f 204/204/204 232/232/232 231/231/231
f 204/204/204 205/205/205 232/232/232
f 205/205/205 233/233/233 232/232/232
f 205/205/205 206/206/206 233/233/233
f 206/206/206 234/234/234 233/233/233
f 206/206/206 207/207/207 234/234/234
f 207/207/207 235/235/235 234/234/234
f 207/207/207 208/208/208 235/235/235
f 208/208/208 236/236/236 235/235/235
f 208/208/208 209/209/209 236/236/236
f 209/209/209 237/237/237 236/236/236
f 209/209/209 210/210/210 237/237/237
f 210/210/210 238/238/238 237/237/237
f 210/210/210 211/211/211 238/238/238
f 211/211/211 239/239/239 238/238/238
f 211/211/211 212/212/212 239/239/239
f 212/212/212 240/240/240 239/239/239
f 212/212/212 213/213/213 240/240/240
f 213/213/213 241/241/241 240/240/240
f 213/213/213 214/214/214 241/241/241
f 214/214/214 242/242/242 241/241/241
f 214/214/214 215/215/215 242/242/242
f 215/215/215 243/243/243 242/242/242
f 215/215/215 216/216/216 243/243/243
f 216/216/216 244/244/244 243/243/243
f 216/216/216 217/217/217 244/244/244
f 217/217/217 245/245/245 244/244/244
f 217/217/217 218/218/218 245/245/245
f 218/218/218 246/246/246 245/245/245
f 218/218/218 219/219/219 246/246/246
f 219/219/219 247/247/247 246/246/246
f 219/219/219 220/220/220 247/247/247
f 220/220/220 248/248/248 247/247/247
f 220/220/220 221/221/221 248/248/248
f 221/221/221 249/249/249 248/248/248
f 221/221/221 222/222/222 249/249/249
f 222/222/222 250/250/250 249/249/249
f 222/222/222 223/223/223 250/250/250
f 223/223/223 251/251/251 250/250/250
f 223/223/223 224/224/224 251/251/251
f 224/224/224 252/252/252 251/251/251
f 224/224/224 197/197/197 252/252/252
f 197/197/197 225/225/225 252/252/252
f 225/225/225 226/226/226 253/253/253
f 226/226/226 254/254/254 253/253/253
f 226/226/226 227/227/227 254/254/254
f 227/227/227 255/255/255 254/254/254
f 227/227/227 228/228/228 255/255/255
f 228/228/228 256/256/256 255/255/255
f 228/228/228 229/229/229 256/256/256
f 229/229/229 257/257/257 256/256/256
f 229/229/229 230/230/230 257/257/257
f 230/230/230 258/258/258 257/257/257
f 230/230/230 231/231/231 258/258/258
f 231/231/231 259/259/259 258/258/258
f 231/231/231 232/232/232 259/259/259
f 232/232/232 260/260/260 259/259/259
f 232/232/232 233/233/233 260/260/260
f 233/233/233 261/261/261 260/260/260
f 233/233/233 234/234/234 261/261/261
f 234/234/234 262/262/262 261/261/261
f 234/234/234 235/235/235 262/262/262
f 235/235/235 263/263/263 262/262/262
f 235/235/235 236/236/236 263/263/263
f 236/236/236 264/264/264 263/263/263
f 236/236/236 237/237/237 264/264/264
f 237/237/237 265/265/265 264/264/264
f 237/237/237 238/238/238 265/265/265
f 238/238/238 266/266/266 265/265/265
f 238/238/238 239/239/239 266/266/266
f 239/239/239 267/267/267 266/266/266
f 239/239/239 240/240/240 267/267/267
f 240/240/240 268/268/268 267/267/267
f 240/240/240 241/241/241 268/268/268
f 241/241/241 269/269/269 268/268/268
f 241/241/241 242/242/242 269/269/269
f 242/242/242 270/270/270 269/269/269
f 242/242/242 243/243/243 270/270/270
f 243/243/243 271/271/271 270/270/270
f 243/243/243 244/244/244 271/271/271
f 244/244/244 272/272/272 271/271/271
f 244/244/244 245/245/245 272/272/272
f 245/245/245 273/273/273 272/272/272
f 245/245/245 246/246/246 273/273/273
f 246/246/246 274/274/274 273/273/273
f 246/246/246 247/247/247 274/274/274
f 247/247/247 275/275/275 274/274/274
f 247/247/247 248/248/248 275/275/275
f 248/248/248 276/276/276 275/275/275
f 248/248/248 249/249/249 276/276/276
f 249/249/249 277/277/277 276/276/276
f 249/249/249 250/250/250 277/277/277
f 250/250/250 278/278/278 277/277/277
f 250/250/250 251/251/251 278/278/278
f 251/251/251 279/279/279 278/278/278
f 251/251/251 252/252/252 279/279/279
f 252/252/252 280/280/280 279/279/279
f 252/252/252 225/225/225 280/280/280
f 225/225/225 253/253/253 280/280/280
f 253/253/253 254/254/254 281/281/281
f 254/254/254 282/282/282 281/281/281
f 254/254/254 255/255/255 282/282/282
f 255/255/255 283/283/283 282/282/282
f 255/255/255 256/256/256 283/283/283
f 256/256/256 284/284/284 283/283/283
f 256/256/256 257/257/257 284/284/284
f 257/257/257 285/285/285 284/284/284
f 257/257/257 258/258/258 285/285/285
f 258/258/258 286/286/286 285/285/285
f 258/258/258 259/259/259 286/286/286
f 259/259/259 287/287/287 286/286/286
f 259/259/259 260/260/260 287/287/287
f 260/260/260 288/288/288 287/287/287
f 260/260/260 261/261/261 288/288/288
f 261/261/261 289/289/289 288/288/288
f 261/261/261 262/262/262 289/289/289
f 262/262/262 290/290/290 289/289/289
f 262/262/262 263/263/263 290/290/290
f 263/263/263 291/291/291 290/290/290
f 263/263/263 264/264/264 291/291/291
f 264/264/264 292/292/292 291/291/291
f 264/264/264 265/265/265 292/292/292
f 265/265/265 293/293/293 292/292/292
f 265/265/265 266/266/266 293/293/293
f 266/266/266 294/294/294 293/293/293
f 266/266/266 267/267/267 294/294/294
f 267/267/267 295/295/295 294/294/294
f 267/267/267 268/268/268 295/295/295
f 268/268/268 296/296/296 295/295/295
f 268/268/268 269/269/269 296/296/296
f 269/269/269 297/297/297 296/296/296
f 269/269/269 270/270/270 297/297/297
f 270/270/270 298/298/298 297/297/297
f 270/270/270 271/271/271 298/298/298
f 271/271/271 299/299/299 298/298/298
f 271/271/271 272/272/272 299/299/299
f 272/272/272 300/300/300 299/299/299
f 272/272/272 273/273/273 300/300/300
f 273/273/273 301/301/301 300/300/300
f 273/273/273 274/274/274 301/301/301
f 274/274/274 302/302/302 301/301/301
f 274/274/274 275/275/275 302/302/302
f 275/275/275 303/303/303 302/302/302
f 275/275/275 276/276/276 303/303/303
f 276/276/276 304/304/304 303/303/303
f 276/276/276 277/277/277 304/304/304
f 277/277/277 305/305/305 304/304/304
f 277/277/277 278/278/278 305/305/305
f 278/278/278 306/306/306 305/305/305
f 278/278/278 279/279/279 306/306/306
f 279/279/279 307/307/307 306/306/306
f 279/279/279 280/280/280 307/307/307
f 280/280/280 308/308/308 307/307/307
f 280/280/280 253/253/253 308/308/308
f 253/253/253 281/281/281 308/308/308
f 281/281/281 282/282/282 309/309/309
f 282/282/282 310/310/310 309/309/309
f 282/282/282 283/283/283 310/310/310
f 283/283/283 311/311/311 310/310/310
f 283/283/283 284/284/284 311/311/311
f 284/284/284 312/312/312 311/311/311
f 284/284/284 285/285/285 312/312/312
f 285/285/285 313/313/313 312/312/312
f 285/285/285 286/286/286 313/313/313
f 286/286/286 314/314/314 313/313/313
f 286/286/286 287/287/287 314/314/314
f 287/287/287 315/315/315 314/314/314
f 287/287/287 288/288/288 315/315/315
f 288/288/288 316/316/316 315/315/315
f 288/288/288 289/289/289 316/316/316
f 289/289/289 317/317/317 316/316/316
f 289/289/289 290/290/290 317/317/317
f 290/290/290 318/318/318 317/317/317
f 290/290/290 291/291/291 318/318/318
f 291/291/291 319/319/319 318/318/318
f 291/291/291 292/292/292 319/319/319
f 292/292/292 320/320/320 319/319/319
f 292/292/292 293/293/293 320/320/320
f 293/293/293 321/321/321 320/320/320
f 293/293/293 294/294/294 321/321/321
f 294/294/294 322/322/322 321/321/321
f 294/294/294 295/295/295 322/322/322
f 295/295/295 323/323/323 322/322/322
f 295/295/295 296/296/296 323/323/323
f 296/296/296 324/324/324 323/323/323
f 296/296/296 297/297/297 324/324/324
f 297/297/297 325/325/325 324/324/324
f 297/297/297 298/298/298 325/325/325
f 298/298/298 326/326/326 325/325/325
f 298/298/298 299/299/299 326/326/326
f 299/299/299 327/327/327 326/326/326
f 299/299/299 300/300/300 327/327/327
f 300/300/300 328/328/328 327/327/327
f 300/300/300 301/301/301 328/328/328
f 301/301/301 329/329/329 328/328/328
f 301/301/301 302/302/302 329/329/329
f 302/302/302 330/330/330 329/329/329
f 302/302/302 303/303/303 330/330/330
f 303/303/303 331/331/331 330/330/330
f 303/303/303 304/304/304 331/331/331
f 304/304/304 332/332/332 331/331/331
f 304/304/304 305/305/305 332/332/332
f 305/305/305 333/333/333 332/332/332
f 305/305/305 306/306/306 333/333/333
f 306/306/306 334/334/334 333/333/333
f 306/306/306 307/307/307 334/334/334
f 307/307/307 335/335/335 334/334/334
f 307/307/307 308/308/308 335/335/335
f 308/308/308 336/336/336 335/335/335
f 308/308/308 281/281/281 336/336/336
f 281/281/281 309/309/309 336/336/336
f 309/309/309 310/310/310 337/337/337
f 310/310/310 338/338/338 337/337/337
f 310/310/310 311/311/311 338/338/338
f 311/311/311 339/339/339 338/338/338
f 311/311/311 312/312/312 339/339/339
f 312/312/312 340/340/340 339/339/339
f 312/312/312 313/313/313 340/340/340
f 313/313/313 341/341/341 340/340/340
f 313/313/313 314/314/314 341/341/341
f 314/314/314 342/342/342 341/341/341
f 314/314/314 315/315/315 342/342/342
f 315/315/315 343/343/343 342/342/342
f 315/315/315 316/316/316 343/343/343
f 316/316/316 344/344/344 343/343/343
f 316/316/316 317/317/317 344/344/344
f 317/317/317 345/345/345 344/344/344
f 317/317/317 318/318/318 345/345/345
f 318/318/318 346/346/346 345/345/345
f 318/318/318 319/319/319 346/346/346
f 319/319/319 347/347/347 346/346/346
f 319/319/319 320/320/320 347/347/347
f 320/320/320 348/348/348 347/347/347
f 320/320/320 321/321/321 348/348/348
f 321/321/321 349/349/349 348/348/348
f 321/321/321 322/322/322 349/349/349
f 322/322/322 350/350/350 349/349/349
f 322/322/322 323/323/323 350/350/350
f 323/323/323 351/351/351 350/350/350
f 323/323/323 324/324/324 351/351/351
f 324/324/324 352/352/352 351/351/351
f 324/324/324 325/325/325 352/352/352
f 325/325/325 353/353/353 352/352/352
f 325/325/325 326/326/326 353/353/353
f 326/326/326 354/354/354 353/353/353
f 326/326/326 327/327/327 354/354/354
f 327/327/327 355/355/355 354/354/354
f 327/327/327 328/328/328 355/355/355
f 328/328/328 356/356/356 355/355/355
f 328/328/328 329/329/329 356/356/356
f 329/329/329 357/357/357 356/356/356
f 329/329/329 330/330/330 357/357/357
f 330/330/330 358/358/358 357/357/357
f 330/330/330 331/331/331 358/358/358
f 331/331/331 359/359/359 358/358/358
f 331/331/331 332/332/332 359/359/359
f 332/332/332 360/360/360 359/359/359
f 332/332/332 333/333/333 360/360/360
f 333/333/333 361/361/361 360/360/360
f 333/333/333 334/334/334 361/361/361
f 334/334/334 362/362/362 361/361/361
f 334/334/334 335/335/335 362/362/362
f 335/335/335 363/363/363 362/362/362
f 335/335/335 336/336/336 363/363/363
f 336/336/336 364/364/364 363/363/363
f 336/336/336 309/309/309 364/364/364
f 309/309/309 337/337/337 364/364/364
f 337/337/337 338/338/338 365/365/365
f 338/338/338 366/366/366 365/365/365
f 338/338/338 339/339/339 366/366/366
f 339/339/339 367/367/367 366/366/366
f 339/339/339 340/340/340 367/367/367
f 340/340/340 368/368/368 367/367/367
f 340/340/340 341/341/341 368/368/368
f 341/341/341 369/369/369 368/368/368
f 341/341/341 342/342/342 369/369/369
f 342/342/342 370/370/370 369/369/369
f 342/342/342 343/343/343 370/370/370
f 343/343/343 371/371/371 370/370/370
f 343/343/343 344/344/344 371/371/371
f 344/344/344 372/372/372 371/371/371
f 344/344/344 345/345/345 372/372/372
f 345/345/345 373/373/373 372/372/372
f 345/345/345 346/346/346 373/373/373
f 346/346/346 374/374/374 373/373/373
f 346/346/346 347/347/347 374/374/374
f 347/347/347 375/375/375 374/374/374
f 347/347/347 348/348/348 375/375/375
f 348/348/348 376/376/376 375/375/375
f 348/348/348 349/349/349 376/376/376
f 349/349/349 377/377/377 376/376/376
f 349/349/349 350/350/350 377/377/377
f 350/350/350 378/378/378 377/377/377
f 350/350/350 351/351/351 378/378/378
f 351/351/351 379/379/379 378/378/378
f 351/351/351 352/352/352 379/379/379
f 352/352/352 380/380/380 379/379/379
f 352/352/352 353/353/353 380/380/380
f 353/353/353 381/381/381 380/380/380
f 353/353/353 354/354/354 381/381/381
f 354/354/354 382/382/382 381/381/381
f 354/354/354 355/355/355 382/382/382
f 355/355/355 383/383/383 382/382/382
f 355/355/355 356/356/356 383/383/383
f 356/356/356 384/384/384 383/383/383
f 356/356/356 357/357/357 384/384/384
f 357/357/357 385/385/385 384/384/384
f 357/357/357 358/358/358 385/385/385
f 358/358/358 386/386/386 385/385/385
f 358/358/358 359/359/359 386/386/386
f 359/359/359 387/387/387 386/386/386
f 359/359/359 360/360/360 387/387/387
f 360/360/360 388/388/388 387/387/387
f 360/360/360 361/361/361 388/388/388
f 361/361/361 389/389/389 388/388/388
f 361/361/361 362/362/362 389/389/389
f 362/362/362 390/390/390 389/389/389
f 362/362/362 363/363/363 390/390/390
f 363/363/363 391/391/391 390/390/390
f 363/363/363 364/364/364 391/391/391
f 364/364/364 392/392/392 391/391/391
f 364/364/364 337/337/337 392/392/392
f 337/337/337 365/365/365 392/392/392
f 365/365/365 366/366/366 393/393/393
f 366/366/366 394/394/394 393/393/393
f 366/366/366 367/367/367 394/394/394
f 367/367/367 395/395/395 394/394/394
f 367/367/367 368/368/368 395/395/395
f 368/368/368 396/396/396 395/395/395
f 368/368/368 369/369/369 396/396/396
f 369/369/369 397/397/397 396/396/396
f 369/369/369 370/370/370 397/397/397
f 370/370/370 398/398/398 397/397/397
f 370/370/370 371/371/371 398/398/398
f 371/371/371 399/399/399 398/398/398
f 371/371/371 372/372/372 399/399/399
f 372/372/372 400/400/400 399/399/399
f 372/372/372 373/373/373 400/400/400
f 373/373/373 401/401/401 400/400/400
f 373/373/373 374/374/374 401/401/401
f 374/374/374 402/402/402 401/401/401
f 374/374/374 375/375/375 402/402/402
f 375/375/375 403/403/403 402/402/402
f 375/375/375 376/376/376 403/403/403
f 376/376/376 404/404/404 403/403/403
f 376/376/376 377/377/377 404/404/404
f 377/377/377 405/405/405 404/404/404
f 377/377/377 378/378/378 405/405/405
f 378/378/378 406/406/406 405/405/405
f 378/378/378 379/379/379 406/406/406
f 379/379/379 407/407/407 406/406/406
f 379/379/379 380/380/380 407/407/407
f 380/380/380 408/408/408 407/407/407
f 380/380/380 381/381/381 408/408/408
f 381/381/381 409/409/409 408/408/408
f 381/381/381 382/382/382 409/409/409
f 382/382/382 410/410/410 409/409/409
f 382/382/382 383/383/383 410/410/410
f 383/383/383 411/411/411 410/410/410
f 383/383/383 384/384/384 411/411/411
f 384/384/384 412/412/412 411/411/411
f 384/384/384 385/385/385 412/412/412
f 385/385/385 413/413/413 412/412/412
f 385/385/385 386/386/386 413/413/413
f 386/386/386 414/414/414 413/413/413
f 386/386/386 387/387/387 414/414/414
f 387/387/387 415/415/415 414/414/414
f 387/387/387 388/388/388 415/415/415
f 388/388/388 416/416/416 415/415/415
f 388/388/388 389/389/389 416/416/416
f 389/389/389 417/417/417 416/416/416
f 389/389/389 390/390/390 417/417/417
f 390/390/390 418/418/418 417/417/417
f 390/390/390 391/391/391 418/418/418
f 391/391/391 419/419/419 418/418/418
f 391/391/391 392/392/392 419/419/419
f 392/392/392 420/420/420 419/419/419
f 392/392/392 365/365/365 420/420/420
f 365/365/365 393/393/393 420/420/420
f 393/393/393 394/394/394 421/421/421
f 394/394/394 422/422/422 421/421/421
f 394/394/394 395/395/395 422/422/422
f 395/395/395 423/423/423 422/422/422
f 395/395/395 396/396/396 423/423/423
f 396/396/396 424/424/424 423/423/423
f 396/396/396 397/397/397 424/424/424
f 397/397/397 425/425/425 424/424/424
f 397/397/397 398/398/398 425/425/425
f 398/398/398 426/426/426 425/425/425
f 398/398/398 399/399/399 426/426/426
f 399/399/399 427/427/427 426/426/426
f 399/399/399 400/400/400 427/427/427
f 400/400/400 428/428/428 427/427/427
f 400/400/400 401/401/401 428/428/428
f 401/401/401 429/429/429 428/428/428
f 401/401/401 402/402/402 429/429/429
f 402/402/402 430/430/430 429/429/429
f 402/402/402 403/403/403 430/430/430
f 403/403/403 431/431/431 430/430/430
f 403/403/403 404/404/404 431/431/431
f 404/404/404 432/432/432 431/431/431
f 404/404/404 405/405/405 432/432/432
f 405/405/405 433/433/433 432/432/432
f 405/405/405 406/406/406 433/433/433
f 406/406/406 434/434/434 433/433/433
f 406/406/406 407/407/407 434/434/434
f 407/407/407 435/435/435 434/434/434
f 407/407/407 408/408/408 435/435/435
f 408/408/408 436/436/436 435/435/435
f 408/408/408 409/409/409 436/436/436
f 409/409/409 437/437/437 436/436/436
f 409/409/409 410/410/410 437/437/437
f 410/410/410 438/438/438 437/437/437
f 410/410/410 411/411/411 438/438/438
f 411/411/411 439/439/439 438/438/438
f 411/411/411 412/412/412 439/439/439
f 412/412/412 440/440/440 439/439/439
f 412/412/412 413/413/413 440/440/440
f 413/413/413 441/441/441 440/440/440
f 413/413/413 414/414/414 441/441/441
f 414/414/414 442/442/442 441/441/441
f 414/414/414 415/415/415 442/442/442
f 415/415/415 443/443/443 442/442/442
f 415/415/415 416/416/416 443/443/443
f 416/416/416 444/444/444 443/443/443
f 416/416/416 417/417/417 444/444/444
f 417/417/417 445/445/445 444/444/444
f 417/417/417 418/418/418 445/445/445
f 418/418/418 446/446/446 445/445/445
f 418/418/418 419/419/419 446/446/446
f 419/419/419 447/447/447 446/446/446
f 419/419/419 420/420/420 447/447/447
f 420/420/420 448/448/448 447/447/447
f 420/420/420 393/393/393 448/448/448
f 393/393/393 421/421/421 448/448/448
f 421/421/421 422/422/422 449/449/449
f 422/422/422 450/450/450 449/449/449
f 422/422/422 423/423/423 450/450/450
f 423/423/423 451/451/451 450/450/450
f 423/423/423 424/424/424 451/451/451
f 424/424/424 452/452/452 451/451/451
f 424/424/424 425/425/425 452/452/452
f 425/425/425 453/453/453 452/452/452
f 425/425/425 426/426/426 453/453/453
f 426/426/426 454/454/454 453/453/453
f 426/426/426 427/427/427 454/454/454
f 427/427/427 455/455/455 454/454/454
f 427/427/427 428/428/428 455/455/455
f 428/428/428 456/456/456 455/455/455
f 428/428/428 429/429/429 456/456/456
f 429/429/429 457/457/457 456/456/456
f 429/429/429 430/430/430 457/457/457
f 430/430/430 458/458/458 457/457/457
f 430/430/430 431/431/431 458/458/458
f 431/431/431 459/459/459 458/458/458
f 431/431/431 432/432/432 459/459/459
f 432/432/432 460/460/460 459/459/459
f 432/432/432 433/433/433 460/460/460
f 433/433/433 461/461/461 460/460/460
f 433/433/433 434/434/434 461/461/461
f 434/434/434 462/462/462 461/461/461
f 434/434/434 435/435/435 462/462/462
f 435/435/435 463/463/463 462/462/462
f 435/435/435 436/436/436 463/463/463
f 436/436/436 464/464/464 463/463/463
f 436/436/436 437/437/437 464/464/464
f 437/437/437 465/465/465 464/464/464
f 437/437/437 438/438/438 465/465/465
f 438/438/438 466/466/466 465/465/465
f 438/438/438 439/439/439 466/466/466
f 439/439/439 467/467/467 466/466/466
f 439/439/439 440/440/440 467/467/467
f 440/440/440 468/468/468 467/467/467
f 440/440/440 441/441/441 468/468/468
f 441/441/441 469/469/469 468/468/468
f 441/441/441 442/442/442 469/469/469
f 442/442/442 470/470/470 469/469/469
f 442/442/442 443/443/443 470/470/470
f 443/443/443 471/471/471 470/470/470
f 443/443/443 444/444/444 471/471/471
f 444/444/444 472/472/472 471/471/471
f 444/444/444 445/445/445 472/472/472
f 445/445/445 473/473/473 472/472/472
f 445/445/445 446/446/446 473/473/473
f 446/446/446 474/474/474 473/473/473
f 446/446/446 447/447/447 474/474/474
f 447/447/447 475/475/475 474/474/474
f 447/447/447 448/448/448 475/475/475
f 448/448/448 476/476/476 475/475/475
f 448/448/448 421/421/421 476/476/476
f 421/421/421 449/449/449 476/476/476
f 449/449/449 450/450/450 477/477/477
f 450/450/450 478/478/478 477/477/477
f 450/450/450 451/451/451 478/478/478
f 451/451/451 479/479/479 478/478/478
f 451/451/451 452/452/452 479/479/479
f 452/452/452 480/480/480 479/479/479
f 452/452/452 453/453/453 480/480/480
f 453/453/453 481/481/481 480/480/480
f 453/453/453 454/454/454 481/481/481
f 454/454/454 482/482/482 481/481/481
f 454/454/454 455/455/455 482/482/482
f 455/455/455 483/483/483 482/482/482
f 455/455/455 456/456/456 483/483/483
f 456/456/456 484/484/484 483/483/483
f 456/456/456 457/457/457 484/484/484
f 457/457/457 485/485/485 484/484/484
f 457/457/457 458/458/458 485/485/485
f 458/458/458 486/486/486 485/485/485
f 458/458/458 459/459/459 486/486/486
f 459/459/459 487/487/487 486/486/486
f 459/459/459 460/460/460 487/487/487
f 460/460/460 488/488/488 487/487/487
f 460/460/460 461/461/461 488/488/488
f 461/461/461 489/489/489 488/488/488
f 461/461/461 462/462/462 489/489/489
f 462/462/462 490/490/490 489/489/489
f 462/462/462 463/463/463 490/490/490
f 463/463/463 491/491/491 490/490/490
f 463/463/463 464/464/464 491/491/491
f 464/464/464 492/492/492 491/491/491
f 464/464/464 465/465/465 492/492/492
f 465/465/465 493/493/493 492/492/492
f 465/465/465 466/466/466 493/493/493
f 466/466/466 494/494/494 493/493/493
f 466/466/466 467/467/467 494/494/494
f 467/467/467 495/495/495 494/494/494
f 467/467/467 468/468/468 495/495/495
f 468/468/468 496/496/496 495/495/495
f 468/468/468 469/469/469 496/496/496
f 469/469/469 497/497/497 496/496/496
f 469/469/469 470/470/470 497/497/497
f 470/470/470 498/498/498 497/497/497
f 470/470/470 471/471/471 498/498/498
f 471/471/471 499/499/499 498/498/498
f 471/471/471 472/472/472 499/499/499
f 472/472/472 500/500/500 499/499/499
f 472/472/472 473/473/473 500/500/500
f 473/473/473 501/501/501 500/500/500
f 473/473/473 474/474/474 501/501/501
f 474/474/474 502/502/502 501/501/501
f 474/474/474 475/475/475 502/502/502
f 475/475/475 503/503/503 502/502/502
f 475/475/475 476/476/476 503/503/503
f 476/476/476 504/504/504 503/503/503
f 476/476/476 449/449/449 504/504/504
f 449/449/449 477/477/477 504/504/504
f 477/477/477 478/478/478 505/505/505
f 478/478/478 506/506/506 505/505/505
f 478/478/478 479/479/479 506/506/506
f 479/479/479 507/507/507 506/506/506
f 479/479/479 480/480/480 507/507/507
f 480/480/480 508/508/508 507/507/507
f 480/480/480 481/481/481 508/508/508
f 481/481/481 509/509/509 508/508/508
f 481/481/481 482/482/482 509/509/509
f 482/482/482 510/510/510 509/509/509
f 482/482/482 483/483/483 510/510/510
f 483/483/483 511/511/511 510/510/510
f 483/483/483 484/484/484 511/511/511
f 484/484/484 512/512/512 511/511/511
f 484/484/484 485/485/485 512/512/512
f 485/485/485 513/513/513 512/512/512
f 485/485/485 486/486/486 513/513/513
f 486/486/486 514/514/514 513/513/513
f 486/486/486 487/487/487 514/514/514
f 487/487/487 515/515/515 514/514/514
f 487/487/487 488/488/488 515/515/515
f 488/488/488 516/516/516 515/515/515
f 488/488/488 489/489/489 516/516/516
f 489/489/489 517/517/517 516/516/516
f 489/489/489 490/490/490 517/517/517
f 490/490/490 518/518/518 517/517/517
f 490/490/490 491/491/491 518/518/518
f 491/491/491 519/519/519 518/518/518
f 491/491/491 492/492/492 519/519/519
f 492/492/492 520/520/520 519/519/519
f 492/492/492 493/493/493 520/520/520
f 493/493/493 521/521/521 520/520/520
f 493/493/493 494/494/494 521/521/521
f 494/494/494 522/522/522 521/521/521
f 494/494/494 495/495/495 522/522/522
f 495/495/495 523/523/523 522/522/522
f 495/495/495 496/496/496 523/523/523
f 496/496/496 524/524/524 523/523/523
f 496/496/496 497/497/497 524/524/524
f 497/497/497 525/525/525 524/524/524
f 497/497/497 498/498/498 525/525/525
f 498/498/498 526/526/526 525/525/525
f 498/498/498 499/499/499 526/526/526
f 499/499/499 527/527/527 526/526/526
f 499/499/499 500/500/500 527/527/527
f 500/500/500 528/528/528 527/527/527
f 500/500/500 501/501/501 528/528/528
f 501/501/501 529/529/529 528/528/528
f 501/501/501 502/502/502 529/529/529
f 502/502/502 530/530/530 529/529/529
f 502/502/502 503/503/503 530/530/530
f 503/503/503 531/531/531 530/530/530
f 503/503/503 504/504/504 531/531/531
f 504/504/504 532/532/532 531/531/531
f 504/504/504 477/477/477 532/532/532
f 477/477/477 505/505/505 532/532/532
f 505/505/505 506/506/506 533/533/533
f 506/506/506 534/534/534 533/533/533
f 506/506/506 507/507/507 534/534/534
f 507/507/507 535/535/535 534/534/534
f 507/507/507 508/508/508 535/535/535
f 508/508/508 536/536/536 535/535/535
f 508/508/508 509/509/509 536/536/536
f 509/509/509 537/537/537 536/536/536
f 509/509/509 510/510/510 537/537/537
f 510/510/510 538/538/538 537/537/537
f 510/510/510 511/511/511 538/538/538
f 511/511/511 539/539/539 538/538/538
f 511/511/511 512/512/512 539/539/539
f 512/512/512 540/540/540 539/539/539
f 512/512/512 513/513/513 540/540/540
f 513/513/513 541/541/541 540/540/540
f 513/513/513 514/514/514 541/541/541
f 514/514/514 542/542/542 541/541/541
f 514/514/514 515/515/515 542/542/542
f 515/515/515 543/543/543 542/542/542
f 515/515/515 516/516/516 543/543/543
f 516/516/516 544/544/544 543/543/543
f 516/516/516 517/517/517 544/544/544
f 517/517/517 545/545/545 544/544/544
f 517/517/517 518/518/518 545/545/545
f 518/518/518 546/546/546 545/545/545
f 518/518/518 519/519/519 546/546/546
f 519/519/519 547/547/547 546/546/546
f 519/519/519 520/520/520 547/547/547
f 520/520/520 548/548/548 547/547/547
f 520/520/520 521/521/521 548/548/548
f 521/521/521 549/549/549 548/548/548
f 521/521/521 522/522/522 549/549/549
f 522/522/522 550/550/550 549/549/549
f 522/522/522 523/523/523 550/550/550
f 523/523/523 551/551/551 550/550/550
f 523/523/523 524/524/524 551/551/551
f 524/524/524 552/552/552 551/551/551
f 524/524/524 525/525/525 552/552/552
f 525/525/525 553/553/553 552/552/552
f 525/525/525 526/526/526 553/553/553
f 526/526/526 554/554/554 553/553/553
f 526/526/526 527/527/527 554/554/554
f 527/527/527 555/555/555 554/554/554
f 527/527/527 528/528/528 555/555/555
f 528/528/528 556/556/556 555/555/555
f 528/528/528 529/529/529 556/556/556
f 529/529/529 557/557/557 556/556/556
f 529/529/529 530/530/530 557/557/557
f 530/530/530 558/558/558 557/557/557
f 530/530/530 531/531/531 558/558/558
f 531/531/531 559/559/559 558/558/558
f 531/531/531 532/532/532 559/559/559
f 532/532/532 560/560/560 559/559/559
f 532/532/532 505/505/505 560/560/560
f 505/505/505 533/533/533 560/560/560
f 533/533/533 534/534/534 561/561/561
f 534/534/534 562/562/562 561/561/561
f 534/534/534 535/535/535 562/562/562
f 535/535/535 563/563/563 562/562/562
f 535/535/535 536/536/536 563/563/563
f 536/536/536 564/564/564 563/563/563
f 536/536/536 537/537/537 564/564/564
f 537/537/537 565/565/565 564/564/564
f 537/537/537 538/538/538 565/565/565
f 538/538/538 566/566/566 565/565/565
f 538/538/538 539/539/539 566/566/566
f 539/539/539 567/567/567 566/566/566
f 539/539/539 540/540/540 567/567/567
f 540/540/540 568/568/568 567/567/567
f 540/540/540 541/541/541 568/568/568
f 541/541/541 569/569/569 568/568/568
f 541/541/541 542/542/542 569/569/569
f 542/542/542 570/570/570 569/569/569
f 542/542/542 543/543/543 570/570/570
f 543/543/543 571/571/571 570/570/570
f 543/543/543 544/544/544 571/571/571
f 544/544/544 572/572/572 571/571/571
f 544/544/544 545/545/545 572/572/572
f 545/545/545 573/573/573 572/572/572
f 545/545/545 546/546/546 573/573/573
f 546/546/546 574/574/574 573/573/573
f 546/546/546 547/547/547 574/574/574
f 547/547/547 575/575/575 574/574/574
f 547/547/547 548/548/548 575/575/575
f 548/548/548 576/576/576 575/575/575
f 548/548/548 549/549/549 576/576/576
f 549/549/549 577/577/577 576/576/576
f 549/549/549 550/550/550 577/577/577
f 550/550/550 578/578/578 577/577/577
f 550/550/550 551/551/551 578/578/578
f 551/551/551 579/579/579 578/578/578
f 551/551/551 552/552/552 579/579/579
f 552/552/552 580/580/580 579/579/579
f 552/552/552 553/553/553 580/580/580
f 553/553/553 581/581/581 580/580/580
f 553/553/553 554/554/554 581/581/581
f 554/554/554 582/582/582 581/581/581
f 554/554/554 555/555/555 582/582/582
f 555/555/555 583/583/583 582/582/582
f 555/555/555 556/556/556 583/583/583
f 556/556/556 584/584/584 583/583/583
f 556/556/556 557/557/557 584/584/584
f 557/557/557 585/585/585 584/584/584
f 557/557/557 558/558/558 585/585/585
f 558/558/558 586/586/586 585/585/585
f 558/558/558 559/559/559 586/586/586
f 559/559/559 587/587/587 586/586/586
f 559/559/559 560/560/560 587/587/587
f 560/560/560 588/588/588 587/587/587
f 560/560/560 533/533/533 588/588/588
f 533/533/533 561/561/561 588/588/588
f 561/561/561 562/562/562 589/589/589
f 562/562/562 590/590/590 589/589/589
f 562/562/562 563/563/563 590/590/590
f 563/563/563 591/591/591 590/590/590
f 563/563/563 564/564/564 591/591/591
f 564/564/564 592/592/592 591/591/591
f 564/564/564 565/565/565 592/592/592
f 565/565/565 593/593/593 592/592/592
f 565/565/565 566/566/566 593/593/593
f 566/566/566 594/594/594 593/593/593
f 566/566/566 567/567/567 594/594/594
f 567/567/567 595/595/595 594/594/594
f 567/567/567 568/568/568 595/595/595
f 568/568/568 596/596/596 595/595/595
f 568/568/568 569/569/569 596/596/596
f 569/569/569 597/597/597 596/596/596
f 569/569/569 570/570/570 597/597/597
f 570/570/570 598/598/598 597/597/597
f 570/570/570 571/571/571 598/598/598
f 571/571/571 599/599/599 598/598/598
f 571/571/571 572/572/572 599/599/599
f 572/572/572 600/600/600 599/599/599
f 572/572/572 573/573/573 600/600/600
f 573/573/573 601/601/601 600/600/600
f 573/573/573 574/574/574 601/601/601
f 574/574/574 602/602/602 601/601/601
f 574/574/574 575/575/575 602/602/602
f 575/575/575 603/603/603 602/602/602
f 575/575/575 576/576/576 603/603/603
f 576/576/576 604/604/604 603/603/603
f 576/576/576 577/577/577 604/604/604
f 577/577/577 605/605/605 604/604/604
f 577/577/577 578/578/578 605/605/605
f 578/578/578 606/606/606 605/605/605
f 578/578/578 579/579/579 606/606/606
f 579/579/579 607/607/607 606/606/606
f 579/579/579 580/580/580 607/607/607
f 580/580/580 608/608/608 607/607/607
f 580/580/580 581/581/581 608/608/608
f 581/581/581 609/609/609 608/608/608
f 581/581/581 582/582/582 609/609/609
f 582/582/582 610/610/610 609/609/609
f 582/582/582 583/583/583 610/610/610
f 583/583/583 611/611/611 610/610/610
f 583/583/583 584/584/584 611/611/611
f 584/584/584 612/612/612 611/611/611
f 584/584/584 585/585/585 612/612/612
f 585/585/585 613/613/613 612/612/612
f 585/585/585 586/586/586 613/613/613
f 586/586/586 614/614/614 613/613/613
f 586/586/586 587/587/587 614/614/614
f 587/587/587 615/615/615 614/614/614
f 587/587/587 588/588/588 615/615/615
f 588/588/588 616/616/616 615/615/615
f 588/588/588 561/561/561 616/616/616
f 561/561/561 589/589/589 616/616/616
f 589/589/589 590/590/590 617/617/617
f 590/590/590 618/618/618 617/617/617
f 590/590/590 591/591/591 618/618/618
f 591/591/591 619/619/619 618/618/618
f 591/591/591 592/592/592 619/619/619
f 592/592/592 620/620/620 619/619/619
f 592/592/592 593/593/593 620/620/620
f 593/593/593 621/621/621 620/620/620
f 593/593/593 594/594/594 621/621/621
f 594/594/594 622/622/622 621/621/621
f 594/594/594 595/595/595 622/622/622
f 595/595/595 623/623/623 622/622/622
f 595/595/595 596/596/596 623/623/623
f 596/596/596 624/624/624 623/623/623
f 596/596/596 597/597/597 624/624/624
f 597/597/597 625/625/625 624/624/624
f 597/597/597 598/598/598 625/625/625
f 598/598/598 626/626/626 625/625/625
f 598/598/598 599/599/599 626/626/626
f 599/599/599 627/627/627 626/626/626
f 599/599/599 600/600/600 627/627/627
f 600/600/600 628/628/628 627/627/627
f 600/600/600 601/601/601 628/628/628
f 601/601/601 629/629/629 628/628/628
f 601/601/601 602/602/602 629/629/629
f 602/602/602 630/630/630 629/629/629
f 602/602/602 603/603/603 630/630/630
f 603/603/603 631/631/631 630/630/630
f 603/603/603 604/604/604 631/631/631
f 604/604/604 632/632/632 631/631/631
f 604/604/604 605/605/605 632/632/632
f 605/605/605 633/633/633 632/632/632
f 605/605/605 606/606/606 633/633/633
f 606/606/606 634/634/634 633/633/633
f 606/606/606 607/607/607 634/634/634
f 607/607/607 635/635/635 634/634/634
f 607/607/607 608/608/608 635/635/635
f 608/608/608 636/636/636 635/635/635
f 608/608/608 609/609/609 636/636/636
f 609/609/609 637/637/637 636/636/636
f 609/609/609 610/610/610 637/637/637
f 610/610/610 638/638/638 637/637/637
f 610/610/610 611/611/611 638/638/638
f 611/611/611 639/639/639 638/638/638
f 611/611/611 612/612/612 639/639/639
f 612/612/612 640/640/640 639/639/639
f 612/612/612 613/613/613 640/640/640
f 613/613/613 641/641/641 640/640/640
f 613/613/613 614/614/614 641/641/641
f 614/614/614 642/642/642 641/641/641
f 614/614/614 615/615/615 642/642/642
f 615/615/615 643/643/643 642/642/642
f 615/615/615 616/616/616 643/643/643
f 616/616/616 644/644/644 643/643/643
f 616/616/616 589/589/589 644/644/644
f 589/589/589 617/617/617 644/644/644
f 617/617/617 618/618/618 645/645/645
f 618/618/618 646/646/646 645/645/645
f 618/618/618 619/619/619 646/646/646
f 619/619/619 647/647/647 646/646/646
f 619/619/619 620/620/620 647/647/647
f 620/620/620 648/648/648 647/647/647
f 620/620/620 621/621/621 648/648/648
f 621/621/621 649/649/649 648/648/648
f 621/621/621 622/622/622 649/649/649
f 622/622/622 650/650/650 649/649/649
f 622/622/622 623/623/623 650/650/650
f 623/623/623 651/651/651 650/650/650
f 623/623/623 624/624/624 651/651/651
f 624/624/624 652/652/652 651/651/651
f 624/624/624 625/625/625 652/652/652
f 625/625/625 653/653/653 652/652/652
f 625/625/625 626/626/626 653/653/653
f 626/626/626 654/654/654 653/653/653
f 626/626/626 627/627/627 654/654/654
f 627/627/627 655/655/655 654/654/654
f 627/627/627 628/628/628 655/655/655
f 628/628/628 656/656/656 655/655/655
f 628/628/628 629/629/629 656/656/656
f 629/629/629 657/657/657 656/656/656
f 629/629/629 630/630/630 657/657/657
f 630/630/630 658/658/658 657/657/657
f 630/630/630 631/631/631 658/658/658
f 631/631/631 659/659/659 658/658/658
f 631/631/631 632/632/632 659/659/659
f 632/632/632 660/660/660 659/659/659
f 632/632/632 633/633/633 660/660/660
f 633/633/633 661/661/661 660/660/660
f 633/633/633 634/634/634 661/661/661
f 634/634/634 662/662/662 661/661/661
f 634/634/634 635/635/635 662/662/662
f 635/635/635 663/663/663 662/662/662
f 635/635/635 636/636/636 663/663/663
f 636/636/636 664/664/664 663/663/663
f 636/636/636 637/637/637 664/664/664
f 637/637/637 665/665/665 664/664/664
f 637/637/637 638/638/638 665/665/665
f 638/638/638 666/666/666 665/665/665
f 638/638/638 639/639/639 666/666/666
f 639/639/639 667/667/667 666/666/666
f 639/639/639 640/640/640 667/667/667
f 640/640/640 668/668/668 667/667/667
f 640/640/640 641/641/641 668/668/668
f 641/641/641 669/669/669 668/668/668
f 641/641/641 642/642/642 669/669/669
f 642/642/642 670/670/670 669/669/669
f 642/642/642 643/643/643 670/670/670
f 643/643/643 671/671/671 670/670/670
f 643/643/643 644/644/644 671/671/671
f 644/644/644 672/672/672 671/671/671
f 644/644/644 617/617/617 672/672/672
f 617/617/617 645/645/645 672/672/672
f 645/645/645 646/646/646 673/673/673
f 646/646/646 674/674/674 673/673/673
f 646/646/646 647/647/647 674/674/674
f 647/647/647 675/675/675 674/674/674
f 647/647/647 648/648/648 675/675/675
f 648/648/648 676/676/676 675/675/675
f 648/648/648 649/649/649 676/676/676
f 649/649/649 677/677/677 676/676/676
f 649/649/649 650/650/650 677/677/677
f 650/650/650 678/678/678 677/677/677
f 650/650/650 651/651/651 678/678/678
f 651/651/651 679/679/679 678/678/678
f 651/651/651 652/652/652 679/679/679
f 652/652/652 680/680/680 679/679/679
f 652/652/652 653/653/653 680/680/680
f 653/653/653 681/681/681 680/680/680
f 653/653/653 654/654/654 681/681/681
f 654/654/654 682/682/682 681/681/681
f 654/654/654 655/655/655 682/682/682
f 655/655/655 683/683/683 682/682/682
f 655/655/655 656/656/656 683/683/683
f 656/656/656 684/684/684 683/683/683
f 656/656/656 657/657/657 684/684/684
f 657/657/657 685/685/685 684/684/684
f 657/657/657 658/658/658 685/685/685
f 658/658/658 686/686/686 685/685/685
f 658/658/658 659/659/659 686/686/686
f 659/659/659 687/687/687 686/686/686
f 659/659/659 660/660/660 687/687/687
f 660/660/660 688/688/688 687/687/687
f 660/660/660 661/661/661 688/688/688
f 661/661/661 689/689/689 688/688/688
f 661/661/661 662/662/662 689/689/689
f 662/662/662 690/690/690 689/689/689
f 662/662/662 663/663/663 690/690/690
f 663/663/663 691/691/691 690/690/690
f 663/663/663 664/664/664 691/691/691
f 664/664/664 692/692/692 691/691/691
f 664/664/664 665/665/665 692/692/692
f 665/665/665 693/693/693 692/692/692
f 665/665/665 666/666/666 693/693/693
f 666/666/666 694/694/694 693/693/693
f 666/666/666 667/667/667 694/694/694
f 667/667/667 695/695/695 694/694/694
f 667/667/667 668/668/668 695/695/695
f 668/668/668 696/696/696 695/695/695
f 668/668/668 669/669/669 696/696/696
f 669/669/669 697/697/697 696/696/696
f 669/669/669 670/670/670 697/697/697
f 670/670/670 698/698/698 697/697/697
f 670/670/670 671/671/671 698/698/698
f 671/671/671 699/699/699 698/698/698
f 671/671/671 672/672/672 699/699/699
f 672/672/672 700/700/700 699/699/699
f 672/672/672 645/645/645 700/700/700
f 645/645/645 673/673/673 700/700/700
f 701/701/701 2/2/2 1/1/1
f 701/701/701 5/5/5 2/2/2
f 701/701/701 7/7/7 5/5/5
f 701/701/701 9/9/9 7/7/7
f 701/701/701 11/11/11 9/9/9
f 701/701/701 13/13/13 11/11/11
f 701/701/701 15/15/15 13/13/13
f 701/701/701 17/17/17 15/15/15
f 701/701/701 19/19/19 17/17/17
f 701/701/701 21/21/21 19/19/19
f 701/701/701 23/23/23 21/21/21
f 701/701/701 25/25/25 23/23/23
f 701/701/701 27/27/27 25/25/25
f 701/701/701 29/29/29 27/27/27
f 701/701/701 31/31/31 29/29/29
f 701/701/701 33/33/33 31/31/31
f 701/701/701 35/35/35 33/33/33
f 701/701/701 37/37/37 35/35/35
f 701/701/701 39/39/39 37/37/37
f 701/701/701 41/41/41 39/39/39
f 701/701/701 43/43/43 41/41/41
f 701/701/701 45/45/45 43/43/43
f 701/701/701 47/47/47 45/45/45
f 701/701/701 49/49/49 47/47/47
f 701/701/701 51/51/51 49/49/49
f 701/701/701 53/53/53 51/51/51
f 701/701/701 55/55/55 53/53/53
f 701/701/701 1/1/1 55/55/55
f 702/702/702 673/673/673 674/674/674
f 702/702/702 674/674/674 675/675/675
f 702/702/702 675/675/675 676/676/676
f 702/702/702 676/676/676 677/677/677
f 702/702/702 677/677/677 678/678/678
f 702/702/702 678/678/678 679/679/679
f 702/702/702 679/679/679 680/680/680
f 702/702/702 680/680/680 681/681/681
f 702/702/702 681/681/681 682/682/682
f 702/702/702 682/682/682 683/683/683
f 702/702/702 683/683/683 684/684/684
f 702/702/702 684/684/684 685/685/685
f 702/702/702 685/685/685 686/686/686
f 702/702/702 686/686/686 687/687/687
f 702/702/702 687/687/687 688/688/688
f 702/702/702 688/688/688 689/689/689
f 702/702/702 689/689/689 690/690/690
f 702/702/702 690/690/690 691/691/691
f 702/702/702 691/691/691 692/692/692
f 702/702/702 692/692/692 693/693/693
f 702/702/702 693/693/693 694/694/694
f 702/702/702 694/694/694 695/695/695
f 702/702/702 695/695/695 696/696/696
f 702/702/702 696/696/696 697/697/697
f 702/702/702 697/697/697 698/698/698
f 702/702/702 698/698/698 699/699/699
f 702/702/702 699/699/699 700/700/700
f 702/702/702 700/700/700 673/673/673
f 703/703/703 704/704/704 705/705/705
f 705/705/705 704/704/704 706/706/706
f 705/705/705 706/706/706 707/707/707
f 707/707/707 706/706/706 708/708/708
f 707/707/707 708/708/708 709/709/709
f 709/709/709 708/708/708 710/710/710
f 709/709/709 710/710/710 711/711/711
f 711/711/711 710/710/710 712/712/712
f 711/711/711 712/712/712 713/713/713
f 713/713/713 712/712/712 714/714/714
f 713/713/713 714/714/714 715/715/715
f 715/715/715 714/714/714 716/716/716
f 715/715/715 716/716/716 717/717/717
f 717/717/717 716/716/716 718/718/718
f 717/717/717 718/718/718 719/719/719
f 719/719/719 718/718/718 720/720/720
f 719/719/719 720/720/720 721/721/721
f 721/721/721 720/720/720 722/722/722
f 721/721/721 722/722/722 723/723/723
f 723/723/723 722/722/722 724/724/724
f 723/723/723 724/724/724 725/725/725
f 725/725/725 724/724/724 726/726/726
f 725/725/725 726/726/726 727/727/727
f 727/727/727 726/726/726 728/728/728
f 727/727/727 728/728/728 729/729/729
f 729/729/729 728/728/728 730/730/730
f 729/729/729 730/730/730 731/731/731
f 731/731/731 730/730/730 732/732/732
f 731/731/731 732/732/732 733/733/733
f 733/733/733 732/732/732 734/734/734
f 733/733/733 734/734/734 735/735/735
f 735/735/735 734/734/734 736/736/736
f 735/735/735 736/736/736 737/737/737
f 737/737/737 736/736/736 738/738/738
f 737/737/737 738/738/738 739/739/739
f 739/739/739 738/738/738 740/740/740
f 739/739/739 740/740/740 741/741/741
f 741/741/741 740/740/740 742/742/742
f 741/741/741 742/742/742 743/743/743
f 743/743/743 742/742/742 744/744/744
f 743/743/743 744/744/744 745/745/745
f 745/745/745 744/744/744 746/746/746
f 745/745/745 746/746/746 747/747/747
f 747/747/747 746/746/746 748/748/748
f 747/747/747 748/748/748 749/749/749
f 749/749/749 748/748/748 750/750/750
f 749/749/749 750/750/750 751/751/751
f 751/751/751 750/750/750 752/752/752
f 751/751/751 752/752/752 753/753/753
f 753/753/753 752/752/752 754/754/754
f 753/753/753 754/754/754 755/755/755
f 755/755/755 754/754/754 756/756/756
f 755/755/755 756/756/756 757/757/757
f 757/757/757 756/756/756 758/758/758
f 757/757/757 758/758/758 703/703/703
f 703/703/703 758/758/758 704/704/704
f 704/704/704 759/759/759 706/706/706
f 706/706/706 759/759/759 760/760/760
f 706/706/706 760/760/760 708/708/708
f 708/708/708 760/760/760 761/761/761
f 708/708/708 761/761/761 710/710/710
f 710/710/710 761/761/761 762/762/762
f 710/710/710 762/762/762 712/712/712
f 712/712/712 762/762/762 763/763/763
f 712/712/712 763/763/763 714/714/714
f 714/714/714 763/763/763 764/764/764
f 714/714/714 764/764/764 716/716/716
f 716/716/716 764/764/764 765/765/765
f 716/716/716 765/765/765 718/718/718
f 718/718/718 765/765/765 766/766/766
f 718/718/718 766/766/766 720/720/720
f 720/720/720 766/766/766 767/767/767
f 720/720/720 767/767/767 722/722/722
f 722/722/722 767/767/767 768/768/768
f 722/722/722 768/768/768 724/724/724
f 724/724/724 768/768/768 769/769/769
f 724/724/724 769/769/769 726/726/726
f 726/726/726 769/769/769 770/770/770
f 726/726/726 770/770/770 728/728/728
f 728/728/728 770/770/770 771/771/771
f 728/728/728 771/771/771 730/730/730
f 730/730/730 771/771/771 772/772/772
f 730/730/730 772/772/772 732/732/732
f 732/732/732 772/772/772 773/773/773
f 732/732/732 773/773/773 734/734/734
f 734/734/734 773/773/773 774/774/774
f 734/734/734 774/774/774 736/736/736
f 736/736/736 774/774/774 775/775/775
f 736/736/736 775/775/775 738/738/738
f 738/738/738 775/775/775 776/776/776
f 738/738/738 776/776/776 740/740/740
f 740/740/740 776/776/776 777/777/777
f 740/740/740 777/777/777 742/742/742
f 742/742/742 777/777/777 778/778/778
f 742/742/742 778/778/778 744/744/744
f 744/744/744 778/778/778 779/779/779
f 744/744/744 779/779/779 746/746/746
f 746/746/746 779/779/779 780/780/780
f 746/746/746 780/780/780 748/748/748
f 748/748/748 780/780/780 781/781/781
f 748/748/748 781/781/781 750/750/750
f 750/750/750 781/781/781 782/782/782
f 750/750/750 782/782/782 752/752/752
f 752/752/752 782/782/782 783/783/783
f 752/752/752 783/783/783 754/754/754
f 754/754/754 783/783/783 784/784/784
f 754/754/754 784/784/784 756/756/756
f 756/756/756 784/784/784 785/785/785
f 756/756/756 785/785/785 758/758/758
f 758/758/758 785/785/785 786/786/786
f 758/758/758 786/786/786 704/704/704
f 704/704/704 786/786/786 759/759/759
f 759/759/759 787/787/787 760/760/760
f 760/760/760 787/787/787 788/788/788
f 760/760/760 788/788/788 761/761/761
f 761/761/761 788/788/788 789/789/789
f 761/761/761 789/789/789 762/762/762
f 762/762/762 789/789/789 790/790/790
f 762/762/762 790/790/790 763/763/763
f 763/763/763 790/790/790 791/791/791
f 763/763/763 791/791/791 764/764/764
f 764/764/764 791/791/791 792/792/792
f 764/764/764 792/792/792 765/765/765
f 765/765/765 792/792/792 793/793/793
f 765/765/765 793/793/793 766/766/766
f 766/766/766 793/793/793 794/794/794
f 766/766/766 794/794/794 767/767/767
f 767/767/767 794/794/794 795/795/795
f 767/767/767 795/795/795 768/768/768
f 768/768/768 795/795/795 796/796/796
f 768/768/768 796/796/796 769/769/769
f 769/769/769 796/796/796 797/797/797
f 769/769/769 797/797/797 770/770/770
f 770/770/770 797/797/797 798/798/798
f 770/770/770 798/798/798 771/771/771
f 771/771/771 798/798/798 799/799/799
f 771/771/771 799/799/799 772/772/772
f 772/772/772 799/799/799 800/800/800
f 772/772/772 800/800/800 773/773/773
f 773/773/773 800/800/800 801/801/801
f 773/773/773 801/801/801 774/774/774
f 774/774/774 801/801/801 802/802/802
f 774/774/774 802/802/802 775/775/775
f 775/775/775 802/802/802 803/803/803
f 775/775/775 803/803/803 776/776/776
f 776/776/776 803/803/803 804/804/804
f 776/776/776 804/804/804 777/777/777
f 777/777/777 804/804/804 805/805/805
f 777/777/777 805/805/805 778/778/778
f 778/778/778 805/805/805 806/806/806
f 778/778/778 806/806/806 779/779/779
f 779/779/779 806/806/806 807/807/807
f 779/779/779 807/807/807 780/780/780
f 780/780/780 807/807/807 808/808/808
f 780/780/780 808/808/808 781/781/781
f 781/781/781 808/808/808 809/809/809
f 781/781/781 809/809/809 782/782/782
f 782/782/782 809/809/809 810/810/810
f 782/782/782 810/810/810 783/783/783
f 783/783/783 810/810/810 811/811/811
f 783/783/783 811/811/811 784/784/784
f 784/784/784 811/811/811 812/812/812
f 784/784/784 812/812/812 785/785/785
f 785/785/785 812/812/812 813/813/813
f 785/785/785 813/813/813 786/786/786
f 786/786/786 813/813/813 814/814/814
f 786/786/786 814/814/814 759/759/759
f 759/759/759 814/814/814 787/787/787
f 787/787/787 815/815/815 788/788/788
f 788/788/788 815/815/815 816/816/816
f 788/788/788 816/816/816 789/789/789
f 789/789/789 816/816/816 817/817/817
f 789/789/789 817/817/817 790/790/790
f 790/790/790 817/817/817 818/818/818
f 790/790/790 818/818/818 791/791/791
f 791/791/791 818/818/818 819/819/819
f 791/791/791 819/819/819 792/792/792
f 792/792/792 819/819/819 820/820/820
f 792/792/792 820/820/820 793/793/793
f 793/793/793 820/820/820 821/821/821
f 793/793/793 821/821/821 794/794/794
f 794/794/794 821/821/821 822/822/822
f 794/794/794 822/822/822 795/795/795
f 795/795/795 822/822/822 823/823/823
f 795/795/795 823/823/823 796/796/796
f 796/796/796 823/823/823 824/824/824
f 796/796/796 824/824/824 797/797/797
f 797/797/797 824/824/824 825/825/825
f 797/797/797 825/825/825 798/798/798
f 798/798/798 825/825/825 826/826/826
f 798/798/798 826/826/826 799/799/799
f 799/799/799 826/826/826 827/827/827
f 799/799/799 827/827/827 800/800/800
f 800/800/800 827/827/827 828/828/828
f 800/800/800 828/828/828 801/801/801
f 801/801/801 828/828/828 829/829/829
f 801/801/801 829/829/829 802/802/802
f 802/802/802 829/829/829 830/830/830
f 802/802/802 830/830/830 803/803/803
f 803/803/803 830/830/830 831/831/831
f 803/803/803 831/831/831 804/804/804
f 804/804/804 831/831/831 832/832/832
f 804/804/804 832/832/832 805/805/805
f 805/805/805 832/832/832 833/833/833
f 805/805/805 833/833/833 806/806/806
f 806/806/806 833/833/833 834/834/834
f 806/806/806 834/834/834 807/807/807
f 807/807/807 834/834/834 835/835/835
f 807/807/807 835/835/835 808/808/808
f 808/808/808 835/835/835 836/836/836
f 808/808/808 836/836/836 809/809/809
f 809/809/809 836/836/836 837/837/837
f 809/809/809 837/837/837 810/810/810
f 810/810/810 837/837/837 838/838/838
f 810/810/810 838/838/838 811/811/811
f 811/811/811 838/838/838 839/839/839
f 811/811/811 839/839/839 812/812/812
f 812/812/812 839/839/839 840/840/840
f 812/812/812 840/840/840 813/813/813
f 813/813/813 840/840/840 841/841/841
f 813/813/813 841/841/841 814/814/814
f 814/814/814 841/841/841 842/842/842
f 814/814/814 842/842/842 787/787/787
f 787/787/787 842/842/842 815/815/815
f 815/815/815 843/843/843 816/816/816
f 816/816/816 843/843/843 844/844/844
f 816/816/816 844/844/844 817/817/817
f 817/817/817 844/844/844 845/845/845
f 817/817/817 845/845/845 818/818/818
f 818/818/818 845/845/845 846/846/846
f 818/818/818 846/846/846 819/819/819
f 819/819/819 846/846/846 847/847/847
f 819/819/819 847/847/847 820/820/820
f 820/820/820 847/847/847 848/848/848
f 820/820/820 848/848/848 821/821/821
f 821/821/821 848/848/848 849/849/849
f 821/821/821 849/849/849 822/822/822
f 822/822/822 849/849/849 850/850/850
f 822/822/822 850/850/850 823/823/823
f 823/823/823 850/850/850 851/851/851
f 823/823/823 851/851/851 824/824/824
f 824/824/824 851/851/851 852/852/852
f 824/824/824 852/852/852 825/825/825
f 825/825/825 852/852/852 853/853/853
f 825/825/825 853/853/853 826/826/826
f 826/826/826 853/853/853 854/854/854
f 826/826/826 854/854/854 827/827/827
f 827/827/827 854/854/854 855/855/855
f 827/827/827 855/855/855 828/828/828
f 828/828/828 855/855/855 856/856/856
f 828/828/828 856/856/856 829/829/829
f 829/829/829 856/856/856 857/857/857
f 829/829/829 857/857/857 830/830/830
f 830/830/830 857/857/857 858/858/858
f 830/830/830 858/858/858 831/831/831
f 831/831/831 858/858/858 859/859/859
f 831/831/831 859/859/859 832/832/832
f 832/832/832 859/859/859 860/860/860
f 832/832/832 860/860/860 833/833/833
f 833/833/833 860/860/860 861/861/861
f 833/833/833 861/861/861 834/834/834
f 834/834/834 861/861/861 862/862/862
f 834/834/834 862/862/862 835/835/835
f 835/835/835 862/862/862 863/863/863
f 835/835/835 863/863/863 836/836/836
f 836/836/836 863/863/863 864/864/864
f 836/836/836 864/864/864 837/837/837
f 837/837/837 864/864/864 865/865/865
f 837/837/837 865/865/865 838/838/838
f 838/838/838 865/865/865 866/866/866
f 838/838/838 866/866/866 839/839/839
f 839/839/839 866/866/866 867/867/867
f 839/839/839 867/867/867 840/840/840
f 840/840/840 867/867/867 868/868/868
f 840/840/840 868/868/868 841/841/841
f 841/841/841 868/868/868 869/869/869
f 841/841/841 869/869/869 842/842/842
f 842/842/842 869/869/869 870/870/870
f 842/842/842 870/870/870 815/815/815
f 815/815/815 870/870/870 843/843/843
f 843/843/843 871/871/871 844/844/844
f 844/844/844 871/871/871 872/872/872
f 844/844/844 872/872/872 845/845/845
f 845/845/845 872/872/872 873/873/873
f 845/845/845 873/873/873 846/846/846
f 846/846/846 873/873/873 874/874/874
f 846/846/846 874/874/874 847/847/847
f 847/847/847 874/874/874 875/875/875
f 847/847/847 875/875/875 848/848/848
f 848/848/848 875/875/875 876/876/876
f 848/848/848 876/876/876 849/849/849
f 849/849/849 876/876/876 877/877/877
f 849/849/849 877/877/877 850/850/850
f 850/850/850 877/877/877 878/878/878
f 850/850/850 878/878/878 851/851/851
f 851/851/851 878/878/878 879/879/879
f 851/851/851 879/879/879 852/852/852
f 852/852/852 879/879/879 880/880/880
f 852/852/852 880/880/880 853/853/853
f 853/853/853 880/880/880 881/881/881
f 853/853/853 881/881/881 854/854/854
f 854/854/854 881/881/881 882/882/882
f 854/854/854 882/882/882 855/855/855
f 855/855/855 882/882/882 883/883/883
f 855/855/855 883/883/883 856/856/856
f 856/856/856 883/883/883 884/884/884
f 856/856/856 884/884/884 857/857/857
f 857/857/857 884/884/884 885/885/885
f 857/857/857 885/885/885 858/858/858
f 858/858/858 885/885/885 886/886/886
f 858/858/858 886/886/886 859/859/859
f 859/859/859 886/886/886 887/887/887
f 859/859/859 887/887/887 860/860/860
f 860/860/860 887/887/887 888/888/888
f 860/860/860 888/888/888 861/861/861
f 861/861/861 888/888/888 889/889/889
f 861/861/861 889/889/889 862/862/862
f 862/862/862 889/889/889 890/890/890
f 862/862/862 890/890/890 863/863/863
f 863/863/863 890/890/890 891/891/891
f 863/863/863 891/891/891 864/864/864
f 864/864/864 891/891/891 892/892/892
f 864/864/864 892/892/892 865/865/865
f 865/865/865 892/892/892 893/893/893
f 865/865/865 893/893/893 866/866/866
f 866/866/866 893/893/893 894/894/894
f 866/866/866 894/894/894 867/867/867
f 867/867/867 894/894/894 895/895/895
f 867/867/867 895/895/895 868/868/868
f 868/868/868 895/895/895 896/896/896
f 868/868/868 896/896/896 869/869/869
f 869/869/869 896/896/896 897/897/897
f 869/869/869 897/897/897 870/870/870
f 870/870/870 897/897/897 898/898/898
f 870/870/870 898/898/898 843/843/843
f 843/843/843 898/898/898 871/871/871
f 871/871/871 899/899/899 872/872/872
f 872/872/872 899/899/899 900/900/900
f 872/872/872 900/900/900 873/873/873
f 873/873/873 900/900/900 901/901/901
f 873/873/873 901/901/901 874/874/874
f 874/874/874 901/901/901 902/902/902
f 874/874/874 902/902/902 875/875/875
f 875/875/875 902/902/902 903/903/903
f 875/875/875 903/903/903 876/876/876
f 876/876/876 903/903/903 904/904/904
f 876/876/876 904/904/904 877/877/877
f 877/877/877 904/904/904 905/905/905
f 877/877/877 905/905/905 878/878/878
f 878/878/878 905/905/905 906/906/906
f 878/878/878 906/906/906 879/879/879
f 879/879/879 906/906/906 907/907/907
f 879/879/879 907/907/907 880/880/880
f 880/880/880 907/907/907 908/908/908
f 880/880/880 908/908/908 881/881/881
f 881/881/881 908/908/908 909/909/909
f 881/881/881 909/909/909 882/882/882
f 882/882/882 909/909/909 910/910/910
f 882/882/882 910/910/910 883/883/883
f 883/883/883 910/910/910 911/911/911
f 883/883/883 911/911/911 884/884/884
f 884/884/884 911/911/911 912/912/912
f 884/884/884 912/912/912 885/885/885
f 885/885/885 912/912/912 913/913/913
f 885/885/885 913/913/913 886/886/886
f 886/886/886 913/913/913 914/914/914
f 886/886/886 914/914/914 887/887/887
f 887/887/887 914/914/914 915/915/915
f 887/887/887 915/915/915 888/888/888
f 888/888/888 915/915/915 916/916/916
f 888/888/888 916/916/916 889/889/889
f 889/889/889 916/916/916 917/917/917
f 889/889/889 917/917/917 890/890/890
f 890/890/890 917/917/917 918/918/918
f 890/890/890 918/918/918 891/891/891
f 891/891/891 918/918/918 919/919/919
f 891/891/891 919/919/919 892/892/892
f 892/892/892 919/919/919 920/920/920
f 892/892/892 920/920/920 893/893/893
f 893/893/893 920/920/920 921/921/921
f 893/893/893 921/921/921 894/894/894
f 894/894/894 921/921/921 922/922/922
f 894/894/894 922/922/922 895/895/895
f 895/895/895 922/922/922 923/923/923
f 895/895/895 923/923/923 896/896/896
f 896/896/896 923/923/923 924/924/924
f 896/896/896 924/924/924 897/897/897
f 897/897/897 924/924/924 925/925/925
f 897/897/897 925/925/925 898/898/898
f 898/898/898 925/925/925 926/926/926
f 898/898/898 926/926/926 871/871/871
f 871/871/871 926/926/926 899/899/899
f 899/899/899 927/927/927 900/900/900
f 900/900/900 927/927/927 928/928/928
f 900/900/900 928/928/928 901/901/901
f 901/901/901 928/928/928 929/929/929
f 901/901/901 929/929/929 902/902/902
f 902/902/902 929/929/929 930/930/930
f 902/902/902 930/930/930 903/903/903
f 903/903/903 930/930/930 931/931/931
f 903/903/903 931/931/931 904/904/904
f 904/904/904 931/931/931 932/932/932
f 904/904/904 932/932/932 905/905/905
f 905/905/905 932/932/932 933/933/933
f 905/905/905 933/933/933 906/906/906
f 906/906/906 933/933/933 934/934/934
f 906/906/906 934/934/934 907/907/907
f 907/907/907 934/934/934 935/935/935
f 907/907/907 935/935/935 908/908/908
f 908/908/908 935/935/935 936/936/936
f 908/908/908 936/936/936 909/909/909
f 909/909/909 936/936/936 937/937/937
f 909/909/909 937/937/937 910/910/910
f 910/910/910 937/937/937 938/938/938
f 910/910/910 938/938/938 911/911/911
f 911/911/911 938/938/938 939/939/939
f 911/911/911 939/939/939 912/912/912
f 912/912/912 939/939/939 940/940/940
f 912/912/912 940/940/940 913/913/913
f 913/913/913 940/940/940 941/941/941
f 913/913/913 941/941/941 914/914/914
f 914/914/914 941/941/941 942/942/942
f 914/914/914 942/942/942 915/915/915
f 915/915/915 942/942/942 943/943/943
f 915/915/915 943/943/943 916/916/916
f 916/916/916 943/943/943 944/944/944
f 916/916/916 944/944/944 917/917/917
f 917/917/917 944/944/944 945/945/945
f 917/917/917 945/945/945 918/918/918
f 918/918/918 945/945/945 946/946/946
f 918/918/918 946/946/946 919/919/919
f 919/919/919 946/946/946 947/947/947
f 919/919/919 947/947/947 920/920/920
f 920/920/920 947/947/947 948/948/948
f 920/920/920 948/948/948 921/921/921
f 921/921/921 948/948/948 949/949/949
f 921/921/921 949/949/949 922/922/922
f 922/922/922 949/949/949 950/950/950
f 922/922/922 950/950/950 923/923/923
f 923/923/923 950/950/950 951/951/951
f 923/923/923 951/951/951 924/924/924
f 924/924/924 951/951/951 952/952/952
f 924/924/924 952/952/952 925/925/925
f 925/925/925 952/952/952 953/953/953
f 925/925/925 953/953/953 926/926/926
f 926/926/926 953/953/953 954/954/954
f 926/926/926 954/954/954 899/899/899
f 899/899/899 954/954/954 927/927/927
f 927/927/927 955/955/955 928/928/928
f 928/928/928 955/955/955 956/956/956
f 928/928/928 956/956/956 929/929/929
f 929/929/929 956/956/956 957/957/957
f 929/929/929 957/957/957 930/930/930
f 930/930/930 957/957/957 958/958/958
f 930/930/930 958/958/958 931/931/931
f 931/931/931 958/958/958 959/959/959
f 931/931/931 959/959/959 932/932/932
f 932/932/932 959/959/959 960/960/960
f 932/932/932 960/960/960 933/933/933
f 933/933/933 960/960/960 961/961/961
f 933/933/933 961/961/961 934/934/934
f 934/934/934 961/961/961 962/962/962
f 934/934/934 962/962/962 935/935/935
f 935/935/935 962/962/962 963/963/963
f 935/935/935 963/963/963 936/936/936
f 936/936/936 963/963/963 964/964/964
f 936/936/936 964/964/964 937/937/937
f 937/937/937 964/964/964 965/965/965
f 937/937/937 965/965/965 938/938/938
f 938/938/938 965/965/965 966/966/966
f 938/938/938 966/966/966 939/939/939
f 939/939/939 966/966/966 967/967/967
f 939/939/939 967/967/967 940/940/940
f 940/940/940 967/967/967 968/968/968
f 940/940/940 968/968/968 941/941/941
f 941/941/941 968/968/968 969/969/969
f 941/941/941 969/969/969 942/942/942
f 942/942/942 969/969/969 970/970/970
f 942/942/942 970/970/970 943/943/943
f 943/943/943 970/970/970 971/971/971
f 943/943/943 971/971/971 944/944/944
f 944/944/944 971/971/971 972/972/972
f 944/944/944 972/972/972 945/945/945
f 945/945/945 972/972/972 973/973/973
f 945/945/945 973/973/973 946/946/946
f 946/946/946 973/973/973 974/974/974
f 946/946/946 974/974/974 947/947/947
f 947/947/947 974/974/974 975/975/975
f 947/947/947 975/975/975 948/948/948
f 948/948/948 975/975/975 976/976/976
f 948/948/948 976/976/976 949/949/949
f 949/949/949 976/976/976 977/977/977
f 949/949/949 977/977/977 950/950/950
f 950/950/950 977/977/977 978/978/978
f 950/950/950 978/978/978 951/951/951
f 951/951/951 978/978/978 979/979/979
f 951/951/951 979/979/979 952/952/952
f 952/952/952 979/979/979 980/980/980
f 952/952/952 980/980/980 953/953/953
f 953/953/953 980/980/980 981/981/981
f 953/953/953 981/981/981 954/954/954
f 954/954/954 981/981/981 982/982/982
f 954/954/954 982/982/982 927/927/927
f 927/927/927 982/982/982 955/955/955
f 955/955/955 983/983/983 956/956/956
f 956/956/956 983/983/983 984/984/984
f 956/956/956 984/984/984 957/957/957
f 957/957/957 984/984/984 985/985/985
f 957/957/957 985/985/985 958/958/958
f 958/958/958 985/985/985 986/986/986
f 958/958/958 986/986/986 959/959/959
f 959/959/959 986/986/986 987/987/987
f 959/959/959 987/987/987 960/960/960
f 960/960/960 987/987/987 988/988/988
f 960/960/960 988/988/988 961/961/961
f 961/961/961 988/988/988 989/989/989
f 961/961/961 989/989/989 962/962/962
f 962/962/962 989/989/989 990/990/990
f 962/962/962 990/990/990 963/963/963
f 963/963/963 990/990/990 991/991/991
f 963/963/963 991/991/991 964/964/964
f 964/964/964 991/991/991 992/992/992
f 964/964/964 992/992/992 965/965/965
f 965/965/965 992/992/992 993/993/993
f 965/965/965 993/993/993 966/966/966
f 966/966/966 993/993/993 994/994/994
f 966/966/966 994/994/994 967/967/967
f 967/967/967 994/994/994 995/995/995
f 967/967/967 995/995/995 968/968/968
f 968/968/968 995/995/995 996/996/996
f 968/968/968 996/996/996 969/969/969
f 969/969/969 996/996/996 997/997/997
f 969/969/969 997/997/997 970/970/970
f 970/970/970 997/997/997 998/998/998
f 970/970/970 998/998/998 971/971/971
f 971/971/971 998/998/998 999/999/999
f 971/971/971 999/999/999 972/972/972
f 972/972/972 999/999/999 1000/1000/1000
f 972/972/972 1000/1000/1000 973/973/973
f 973/973/973 1000/1000/1000 1001/1001/1001
f 973/973/973 1001/1001/1001 974/974/974
f 974/974/974 1001/1001/1001 1002/1002/1002
f 974/974/974 1002/1002/1002 975/975/975
f 975/975/975 1002/1002/1002 1003/1003/1003
f 975/975/975 1003/1003/1003 976/976/976
f 976/976/976 1003/1003/1003 1004/1004/1004
f 976/976/976 1004/1004/1004 977/977/977
f 977/977/977 1004/1004/1004 1005/1005/1005
f 977/977/977 1005/1005/1005 978/978/978
f 978/978/978 1005/1005/1005 1006/1006/1006
f 978/978/978 1006/1006/1006 979/979/979
f 979/979/979 1006/1006/1006 1007/1007/1007
f 979/979/979 1007/1007/1007 980/980/980
f 980/980/980 1007/1007/1007 1008/1008/1008
f 980/980/980 1008/1008/1008 981/981/981
f 981/981/981 1008/1008/1008 1009/1009/1009
f 981/981/981 1009/1009/1009 982/982/982
f 982/982/982 1009/1009/1009 1010/1010/1010
f 982/982/982 1010/1010/1010 955/955/955
f 955/955/955 1010/1010/1010 983/983/983
f 983/983/983 1011/1011/1011 984/984/984
f 984/984/984 1011/1011/1011 1012/1012/1012
f 984/984/984 1012/1012/1012 985/985/985
f 985/985/985 1012/1012/1012 1013/1013/1013
f 985/985/985 1013/1013/1013 986/986/986
f 986/986/986 1013/1013/1013 1014/1014/1014
f 986/986/986 1014/1014/1014 987/987/987
f 987/987/987 1014/1014/1014 1015/1015/1015
f 987/987/987 1015/1015/1015 988/988/988
f 988/988/988 1015/1015/1015 1016/1016/1016
f 988/988/988 1016/1016/1016 989/989/989
f 989/989/989 1016/1016/1016 1017/1017/1017
f 989/989/989 1017/1017/1017 990/990/990
f 990/990/990 1017/1017/1017 1018/1018/1018
f 990/990/990 1018/1018/1018 991/991/991
f 991/991/991 1018/1018/1018 1019/1019/1019
f 991/991/991 1019/1019/1019 992/992/992
f 992/992/992 1019/1019/1019 1020/1020/1020
f 992/992/992 1020/1020/1020 993/993/993
f 993/993/993 1020/1020/1020 1021/1021/1021
f 993/993/993 1021/1021/1021 994/994/994
f 994/994/994 1021/1021/1021 1022/1022/1022
f 994/994/994 1022/1022/1022 995/995/995
f 995/995/995 1022/1022/1022 1023/1023/1023
f 995/995/995 1023/1023/1023 996/996/996
f 996/996/996 1023/1023/1023 1024/1024/1024
f 996/996/996 1024/1024/1024 997/997/997
f 997/997/997 1024/1024/1024 1025/1025/1025
f 997/997/997 1025/1025/1025 998/998/998
f 998/998/998 1025/1025/1025 1026/1026/1026
f 998/998/998 1026/1026/1026 999/999/999
f 999/999/999 1026/1026/1026 1027/1027/1027
f 999/999/999 1027/1027/1027 1000/1000/1000
f 1000/1000/1000 1027/1027/1027 1028/1028/1028
f 1000/1000/1000 1028/1028/1028 1001/1001/1001
f 1001/1001/1001 1028/1028/1028 1029/1029/1029
f 1001/1001/1001 1029/1029/1029 1002/1002/1002
f 1002/1002/1002 1029/1029/1029 1030/1030/1030
f 1002/1002/1002 1030/1030/1030 1003/1003/1003
f 1003/1003/1003 1030/1030/1030 1031/1031/1031
f 1003/1003/1003 1031/1031/1031 1004/1004/1004
f 1004/1004/1004 1031/1031/1031 1032/1032/1032
f 1004/1004/1004 1032/1032/1032 1005/1005/1005
f 1005/1005/1005 1032/1032/1032 1033/1033/1033
f 1005/1005/1005 1033/1033/1033 1006/1006/1006
f 1006/1006/1006 1033/1033/1033 1034/1034/1034
f 1006/1006/1006 1034/1034/1034 1007/1007/1007
f 1007/1007/1007 1034/1034/1034 1035/1035/1035
f 1007/1007/1007 1035/1035/1035 1008/1008/1008
f 1008/1008/1008 1035/1035/1035 1036/1036/1036
f 1008/1008/1008 1036/1036/1036 1009/1009/1009
f 1009/1009/1009 1036/1036/1036 1037/1037/1037
f 1009/1009/1009 1037/1037/1037 1010/1010/1010
f 1010/1010/1010 1037/1037/1037 1038/1038/1038
f 1010/1010/1010 1038/1038/1038 983/983/983
f 983/983/983 1038/1038/1038 1011/1011/1011
f 1011/1011/1011 1039/1039/1039 1012/1012/1012
f 1012/1012/1012 1039/1039/1039 1040/1040/1040
f 1012/1012/1012 1040/1040/1040 1013/1013/1013
f 1013/1013/1013 1040/1040/1040 1041/1041/1041
f 1013/1013/1013 1041/1041/1041 1014/1014/1014
f 1014/1014/1014 1041/1041/1041 1042/1042/1042
f 1014/1014/1014 1042/1042/1042 1015/1015/1015
f 1015/1015/1015 1042/1042/1042 1043/1043/1043
f 1015/1015/1015 1043/1043/1043 1016/1016/1016
f 1016/1016/1016 1043/1043/1043 1044/1044/1044
f 1016/1016/1016 1044/1044/1044 1017/1017/1017
f 1017/1017/1017 1044/1044/1044 1045/1045/1045
f 1017/1017/1017 1045/1045/1045 1018/1018/1018
f 1018/1018/1018 1045/1045/1045 1046/1046/1046
f 1018/1018/1018 1046/1046/1046 1019/1019/1019
f 1019/1019/1019 1046/1046/1046 1047/1047/1047
f 1019/1019/1019 1047/1047/1047 1020/1020/1020
f 1020/1020/1020 1047/1047/1047 1048/1048/1048
f 1020/1020/1020 1048/1048/1048 1021/1021/1021
f 1021/1021/1021 1048/1048/1048 1049/1049/1049
f 1021/1021/1021 1049/1049/1049 1022/1022/1022
f 1022/1022/1022 1049/1049/1049 1050/1050/1050
f 1022/1022/1022 1050/1050/1050 1023/1023/1023
f 1023/1023/1023 1050/1050/1050 1051/1051/1051
f 1023/1023/1023 1051/1051/1051 1024/1024/1024
f 1024/1024/1024 1051/1051/1051 1052/1052/1052
f 1024/1024/1024 1052/1052/1052 1025/1025/1025
f 1025/1025/1025 1052/1052/1052 1053/1053/1053
f 1025/1025/1025 1053/1053/1053 1026/1026/1026
f 1026/1026/1026 1053/1053/1053 1054/1054/1054
f 1026/1026/1026 1054/1054/1054 1027/1027/1027
f 1027/1027/1027 1054/1054/1054 1055/1055/1055
f 1027/1027/1027 1055/1055/1055 1028/1028/1028
f 1028/1028/1028 1055/1055/1055 1056/1056/1056
f 1028/1028/1028 1056/1056/1056 1029/1029/1029
f 1029/1029/1029 1056/1056/1056 1057/1057/1057
f 1029/1029/1029 1057/1057/1057 1030/1030/1030
f 1030/1030/1030 1057/1057/1057 1058/1058/1058
f 1030/1030/1030 1058/1058/1058 1031/1031/1031
f 1031/1031/1031 1058/1058/1058 1059/1059/1059
f 1031/1031/1031 1059/1059/1059 1032/1032/1032
f 1032/1032/1032 1059/1059/1059 1060/1060/1060
f 1032/1032/1032 1060/1060/1060 1033/1033/1033
f 1033/1033/1033 1060/1060/1060 1061/1061/1061
f 1033/1033/1033 1061/1061/1061 1034/1034/1034
f 1034/1034/1034 1061/1061/1061 1062/1062/1062
f 1034/1034/1034 1062/1062/1062 1035/1035/1035
f 1035/1035/1035 1062/1062/1062 1063/1063/1063
f 1035/1035/1035 1063/1063/1063 1036/1036/1036
f 1036/1036/1036 1063/1063/1063 1064/1064/1064
f 1036/1036/1036 1064/1064/1064 1037/1037/1037
f 1037/1037/1037 1064/1064/1064 1065/1065/1065
f 1037/1037/1037 1065/1065/1065 1038/1038/1038
f 1038/1038/1038 1065/1065/1065 1066/1066/1066
f 1038/1038/1038 1066/1066/1066 1011/1011/1011
f 1011/1011/1011 1066/1066/1066 1039/1039/1039
f 1039/1039/1039 1067/1067/1067 1040/1040/1040
f 1040/1040/1040 1067/1067/1067 1068/1068/1068
f 1040/1040/1040 1068/1068/1068 1041/1041/1041
f 1041/1041/1041 1068/1068/1068 1069/1069/1069
f 1041/1041/1041 1069/1069/1069 1042/1042/1042
f 1042/1042/1042 1069/1069/1069 1070/1070/1070
f 1042/1042/1042 1070/1070/1070 1043/1043/1043
f 1043/1043/1043 1070/1070/1070 1071/1071/1071
f 1043/1043/1043 1071/1071/1071 1044/1044/1044
f 1044/1044/1044 1071/1071/1071 1072/1072/1072
f 1044/1044/1044 1072/1072/1072 1045/1045/1045
f 1045/1045/1045 1072/1072/1072 1073/1073/1073
f 1045/1045/1045 1073/1073/1073 1046/1046/1046
f 1046/1046/1046 1073/1073/1073 1074/1074/1074
f 1046/1046/1046 1074/1074/1074 1047/1047/1047
f 1047/1047/1047 1074/1074/1074 1075/1075/1075
f 1047/1047/1047 1075/1075/1075 1048/1048/1048
f 1048/1048/1048 1075/1075/1075 1076/1076/1076
f 1048/1048/1048 1076/1076/1076 1049/1049/1049
f 1049/1049/1049 1076/1076/1076 1077/1077/1077
f 1049/1049/1049 1077/1077/1077 1050/1050/1050
f 1050/1050/1050 1077/1077/1077 1078/1078/1078
f 1050/1050/1050 1078/1078/1078 1051/1051/1051
f 1051/1051/1051 1078/1078/1078 1079/1079/1079
f 1051/1051/1051 1079/1079/1079 1052/1052/1052
f 1052/1052/1052 1079/1079/1079 1080/1080/1080
f 1052/1052/1052 1080/1080/1080 1053/1053/1053
f 1053/1053/1053 1080/1080/1080 1081/1081/1081
f 1053/1053/1053 1081/1081/1081 1054/1054/1054
f 1054/1054/1054 1081/1081/1081 1082/1082/1082
f 1054/1054/1054 1082/1082/1082 1055/1055/1055
f 1055/1055/1055 1082/1082/1082 1083/1083/1083
f 1055/1055/1055 1083/1083/1083 1056/1056/1056
f 1056/1056/1056 1083/1083/1083 1084/1084/1084
f 1056/1056/1056 1084/1084/1084 1057/1057/1057
f 1057/1057/1057 1084/1084/1084 1085/1085/1085
f 1057/1057/1057 1085/1085/1085 1058/1058/1058
f 1058/1058/1058 1085/1085/1085 1086/1086/1086
f 1058/1058/1058 1086/1086/1086 1059/1059/1059
f 1059/1059/1059 1086/1086/1086 1087/1087/1087
f 1059/1059/1059 1087/1087/1087 1060/1060/1060
f 1060/1060/1060 1087/1087/1087 1088/1088/1088
f 1060/1060/1060 1088/1088/1088 1061/1061/1061
f 1061/1061/1061 1088/1088/1088 1089/1089/1089
f 1061/1061/1061 1089/1089/1089 1062/1062/1062
f 1062/1062/1062 1089/1089/1089 1090/1090/1090
f 1062/1062/1062 1090/1090/1090 1063/1063/1063
f 1063/1063/1063 1090/1090/1090 1091/1091/1091
f 1063/1063/1063 1091/1091/1091 1064/1064/1064
f 1064/1064/1064 1091/1091/1091 1092/1092/1092
f 1064/1064/1064 1092/1092/1092 1065/1065/1065
f 1065/1065/1065 1092/1092/1092 1093/1093/1093
f 1065/1065/1065 1093/1093/1093 1066/1066/1066
f 1066/1066/1066 1093/1093/1093 1094/1094/1094
f 1066/1066/1066 1094/1094/1094 1039/1039/1039
f 1039/1039/1039 1094/1094/1094 1067/1067/1067
f 1067/1067/1067 1095/1095/1095 1068/1068/1068
f 1068/1068/1068 1095/1095/1095 1096/1096/1096
f 1068/1068/1068 1096/1096/1096 1069/1069/1069
f 1069/1069/1069 1096/1096/1096 1097/1097/1097
f 1069/1069/1069 1097/1097/1097 1070/1070/1070
f 1070/1070/1070 1097/1097/1097 1098/1098/1098
f 1070/1070/1070 1098/1098/1098 1071/1071/1071
f 1071/1071/1071 1098/1098/1098 1099/1099/1099
f 1071/1071/1071 1099/1099/1099 1072/1072/1072
f 1072/1072/1072 1099/1099/1099 1100/1100/1100
f 1072/1072/1072 1100/1100/1100 1073/1073/1073
f 1073/1073/1073 1100/1100/1100 1101/1101/1101
f 1073/1073/1073 1101/1101/1101 1074/1074/1074
f 1074/1074/1074 1101/1101/1101 1102/1102/1102
f 1074/1074/1074 1102/1102/1102 1075/1075/1075
f 1075/1075/1075 1102/1102/1102 1103/1103/1103
f 1075/1075/1075 1103/1103/1103 1076/1076/1076
f 1076/1076/1076 1103/1103/1103 1104/1104/1104
f 1076/1076/1076 1104/1104/1104 1077/1077/1077
f 1077/1077/1077 1104/1104/1104 1105/1105/1105
f 1077/1077/1077 1105/1105/1105 1078/1078/1078
f 1078/1078/1078 1105/1105/1105 1106/1106/1106
f 1078/1078/1078 1106/1106/1106 1079/1079/1079
f 1079/1079/1079 1106/1106/1106 1107/1107/1107
f 1079/1079/1079 1107/1107/1107 1080/1080/1080
f 1080/1080/1080 1107/1107/1107 1108/1108/1108
f 1080/1080/1080 1108/1108/1108 1081/1081/1081
f 1081/1081/1081 1108/1108/1108 1109/1109/1109
f 1081/1081/1081 1109/1109/1109 1082/1082/1082
f 1082/1082/1082 1109/1109/1109 1110/1110/1110
f 1082/1082/1082 1110/1110/1110 1083/1083/1083
f 1083/1083/1083 1110/1110/1110 1111/1111/1111
f 1083/1083/1083 1111/1111/1111 1084/1084/1084
f 1084/1084/1084 1111/1111/1111 1112/1112/1112
f 1084/1084/1084 1112/1112/1112 1085/1085/1085
f 1085/1085/1085 1112/1112/1112 1113/1113/1113
f 1085/1085/1085 1113/1113/1113 1086/1086/1086
f 1086/1086/1086 1113/1113/1113 1114/1114/1114
f 1086/1086/1086 1114/1114/1114 1087/1087/1087
f 1087/1087/1087 1114/1114/1114 1115/1115/1115
f 1087/1087/1087 1115/1115/1115 1088/1088/1088
f 1088/1088/1088 1115/1115/1115 1116/1116/1116
f 1088/1088/1088 1116/1116/1116 1089/1089/1089
f 1089/1089/1089 1116/1116/1116 1117/1117/1117
f 1089/1089/1089 1117/1117/1117 1090/1090/1090
f 1090/1090/1090 1117/1117/1117 1118/1118/1118
f 1090/1090/1090 1118/1118/1118 1091/1091/1091
f 1091/1091/1091 1118/1118/1118 1119/1119/1119
f 1091/1091/1091 1119/1119/1119 1092/1092/1092
f 1092/1092/1092 1119/1119/1119 1120/1120/1120
f 1092/1092/1092 1120/1120/1120 1093/1093/1093
f 1093/1093/1093 1120/1120/1120 1121/1121/1121
f 1093/1093/1093 1121/1121/1121 1094/1094/1094
f 1094/1094/1094 1121/1121/1121 1122/1122/1122
f 1094/1094/1094 1122/1122/1122 1067/1067/1067
f 1067/1067/1067 1122/1122/1122 1095/1095/1095
f 1095/1095/1095 1123/1123/1123 1096/1096/1096
f 1096/1096/1096 1123/1123/1123 1124/1124/1124
f 1096/1096/1096 1124/1124/1124 1097/1097/1097
f 1097/1097/1097 1124/1124/1124 1125/1125/1125
f 1097/1097/1097 1125/1125/1125 1098/1098/1098
f 1098/1098/1098 1125/1125/1125 1126/1126/1126
f 1098/1098/1098 1126/1126/1126 1099/1099/1099
f 1099/1099/1099 1126/1126/1126 1127/1127/1127
f 1099/1099/1099 1127/1127/1127 1100/1100/1100
f 1100/1100/1100 1127/1127/1127 1128/1128/1128
f 1100/1100/1100 1128/1128/1128 1101/1101/1101
f 1101/1101/1101 1128/1128/1128 1129/1129/1129
f 1101/1101/1101 1129/1129/1129 1102/1102/1102
f 1102/1102/1102 1129/1129/1129 1130/1130/1130
f 1102/1102/1102 1130/1130/1130 1103/1103/1103
f 1103/1103/1103 1130/1130/1130 1131/1131/1131
f 1103/1103/1103 1131/1131/1131 1104/1104/1104
f 1104/1104/1104 1131/1131/1131 1132/1132/1132
f 1104/1104/1104 1132/1132/1132 1105/1105/1105
f 1105/1105/1105 1132/1132/1132 1133/1133/1133
f 1105/1105/1105 1133/1133/1133 1106/1106/1106
f 1106/1106/1106 1133/1133/1133 1134/1134/1134
f 1106/1106/1106 1134/1134/1134 1107/1107/1107
f 1107/1107/1107 1134/1134/1134 1135/1135/1135
f 1107/1107/1107 1135/1135/1135 1108/1108/1108
f 1108/1108/1108 1135/1135/1135 1136/1136/1136
f 1108/1108/1108 1136/1136/1136 1109/1109/1109
f 1109/1109/1109 1136/1136/1136 1137/1137/1137
f 1109/1109/1109 1137/1137/1137 1110/1110/1110
f 1110/1110/1110 1137/1137/1137 1138/1138/1138
f 1110/1110/1110 1138/1138/1138 1111/1111/1111
f 1111/1111/1111 1138/1138/1138 1139/1139/1139
f 1111/1111/1111 1139/1139/1139 1112/1112/1112
f 1112/1112/1112 1139/1139/1139 1140/1140/1140
f 1112/1112/1112 1140/1140/1140 1113/1113/1113
f 1113/1113/1113 1140/1140/1140 1141/1141/1141
f 1113/1113/1113 1141/1141/1141 1114/1114/1114
f 1114/1114/1114 1141/1141/1141 1142/1142/1142
f 1114/1114/1114 1142/1142/1142 1115/1115/1115
f 1115/1115/1115 1142/1142/1142 1143/1143/1143
f 1115/1115/1115 1143/1143/1143 1116/1116/1116
f 1116/1116/1116 1143/1143/1143 1144/1144/1144
f 1116/1116/1116 1144/1144/1144 1117/1117/1117
f 1117/1117/1117 1144/1144/1144 1145/1145/1145
f 1117/1117/1117 1145/1145/1145 1118/1118/1118
f 1118/1118/1118 1145/1145/1145 1146/1146/1146
f 1118/1118/1118 1146/1146/1146 1119/1119/1119
f 1119/1119/1119 1146/1146/1146 1147/1147/1147
f 1119/1119/1119 1147/1147/1147 1120/1120/1120
f 1120/1120/1120 1147/1147/1147 1148/1148/1148
f 1120/1120/1120 1148/1148/1148 1121/1121/1121
f 1121/1121/1121 1148/1148/1148 1149/1149/1149
f 1121/1121/1121 1149/1149/1149 1122/1122/1122
f 1122/1122/1122 1149/1149/1149 1150/1150/1150
f 1122/1122/1122 1150/1150/1150 1095/1095/1095
f 1095/1095/1095 1150/1150/1150 1123/1123/1123
f 1123/1123/1123 1151/1151/1151 1124/1124/1124
f 1124/1124/1124 1151/1151/1151 1152/1152/1152
f 1124/1124/1124 1152/1152/1152 1125/1125/1125
f 1125/1125/1125 1152/1152/1152 1153/1153/1153
f 1125/1125/1125 1153/1153/1153 1126/1126/1126
f 1126/1126/1126 1153/1153/1153 1154/1154/1154
f 1126/1126/1126 1154/1154/1154 1127/1127/1127
f 1127/1127/1127 1154/1154/1154 1155/1155/1155
f 1127/1127/1127 1155/1155/1155 1128/1128/1128
f 1128/1128/1128 1155/1155/1155 1156/1156/1156
f 1128/1128/1128 1156/1156/1156 1129/1129/1129
f 1129/1129/1129 1156/1156/1156 1157/1157/1157
f 1129/1129/1129 1157/1157/1157 1130/1130/1130
f 1130/1130/1130 1157/1157/1157 1158/1158/1158
f 1130/1130/1130 1158/1158/1158 1131/1131/1131
f 1131/1131/1131 1158/1158/1158 1159/1159/1159
f 1131/1131/1131 1159/1159/1159 1132/1132/1132
f 1132/1132/1132 1159/1159/1159 1160/1160/1160
f 1132/1132/1132 1160/1160/1160 1133/1133/1133
f 1133/1133/1133 1160/1160/1160 1161/1161/1161
f 1133/1133/1133 1161/1161/1161 1134/1134/1134
f 1134/1134/1134 1161/1161/1161 1162/1162/1162
f 1134/1134/1134 1162/1162/1162 1135/1135/1135
f 1135/1135/1135 1162/1162/1162 1163/1163/1163
f 1135/1135/1135 1163/1163/1163 1136/1136/1136
f 1136/1136/1136 1163/1163/1163 1164/1164/1164
f 1136/1136/1136 1164/1164/1164 1137/1137/1137
f 1137/1137/1137 1164/1164/1164 1165/1165/1165
f 1137/1137/1137 1165/1165/1165 1138/1138/1138
f 1138/1138/1138 1165/1165/1165 1166/1166/1166
f 1138/1138/1138 1166/1166/1166 1139/1139/1139
f 1139/1139/1139 1166/1166/1166 1167/1167/1167
f 1139/1139/1139 1167/1167/1167 1140/1140/1140
f 1140/1140/1140 1167/1167/1167 1168/1168/1168
f 1140/1140/1140 1168/1168/1168 1141/1141/1141
f 1141/1141/1141 1168/1168/1168 1169/1169/1169
f 1141/1141/1141 1169/1169/1169 1142/1142/1142
f 1142/1142/1142 1169/1169/1169 1170/1170/1170
f 1142/1142/1142 1170/1170/1170 1143/1143/1143
f 1143/1143/1143 1170/1170/1170 1171/1171/1171
f 1143/1143/1143 1171/1171/1171 1144/1144/1144
f 1144/1144/1144 1171/1171/1171 1172/1172/1172
f 1144/1144/1144 1172/1172/1172 1145/1145/1145
f 1145/1145/1145 1172/1172/1172 1173/1173/1173
f 1145/1145/1145 1173/1173/1173 1146/1146/1146
f 1146/1146/1146 1173/1173/1173 1174/1174/1174
f 1146/1146/1146 1174/1174/1174 1147/1147/1147
f 1147/1147/1147 1174/1174/1174 1175/1175/1175
f 1147/1147/1147 1175/1175/1175 1148/1148/1148
f 1148/1148/1148 1175/1175/1175 1176/1176/1176
f 1148/1148/1148 1176/1176/1176 1149/1149/1149
f 1149/1149/1149 1176/1176/1176 1177/1177/1177
f 1149/1149/1149 1177/1177/1177 1150/1150/1150
f 1150/1150/1150 1177/1177/1177 1178/1178/1178
f 1150/1150/1150 1178/1178/1178 1123/1123/1123
f 1123/1123/1123 1178/1178/1178 1151/1151/1151
f 1151/1151/1151 1179/1179/1179 1152/1152/1152
f 1152/1152/1152 1179/1179/1179 1180/1180/1180
f 1152/1152/1152 1180/1180/1180 1153/1153/1153
f 1153/1153/1153 1180/1180/1180 1181/1181/1181
f 1153/1153/1153 1181/1181/1181 1154/1154/1154
f 1154/1154/1154 1181/1181/1181 1182/1182/1182
f 1154/1154/1154 1182/1182/1182 1155/1155/1155
f 1155/1155/1155 1182/1182/1182 1183/1183/1183
f 1155/1155/1155 1183/1183/1183 1156/1156/1156
f 1156/1156/1156 1183/1183/1183 1184/1184/1184
f 1156/1156/1156 1184/1184/1184 1157/1157/1157
f 1157/1157/1157 1184/1184/1184 1185/1185/1185
f 1157/1157/1157 1185/1185/1185 1158/1158/1158
f 1158/1158/1158 1185/1185/1185 1186/1186/1186
f 1158/1158/1158 1186/1186/1186 1159/1159/1159
f 1159/1159/1159 1186/1186/1186 1187/1187/1187
f 1159/1159/1159 1187/1187/1187 1160/1160/1160
f 1160/1160/1160 1187/1187/1187 1188/1188/1188
f 1160/1160/1160 1188/1188/1188 1161/1161/1161
f 1161/1161/1161 1188/1188/1188 1189/1189/1189
f 1161/1161/1161 1189/1189/1189 1162/1162/1162
f 1162/1162/1162 1189/1189/1189 1190/1190/1190
f 1162/1162/1162 1190/1190/1190 1163/1163/1163
f 1163/1163/1163 1190/1190/1190 1191/1191/1191
f 1163/1163/1163 1191/1191/1191 1164/1164/1164
f 1164/1164/1164 1191/1191/1191 1192/1192/1192
f 1164/1164/1164 1192/1192/1192 1165/1165/1165
f 1165/1165/1165 1192/1192/1192 1193/1193/1193
f 1165/1165/1165 1193/1193/1193 1166/1166/1166
f 1166/1166/1166 1193/1193/1193 1194/1194/1194
f 1166/1166/1166 1194/1194/1194 1167/1167/1167
f 1167/1167/1167 1194/1194/1194 1195/1195/1195
f 1167/1167/1167 1195/1195/1195 1168/1168/1168
f 1168/1168/1168 1195/1195/1195 1196/1196/1196
f 1168/1168/1168 1196/1196/1196 1169/1169/1169
f 1169/1169/1169 1196/1196/1196 1197/1197/1197
f 1169/1169/1169 1197/1197/1197 1170/1170/1170
f 1170/1170/1170 1197/1197/1197 1198/1198/1198
f 1170/1170/1170 1198/1198/1198 1171/1171/1171
f 1171/1171/1171 1198/1198/1198 1199/1199/1199
f 1171/1171/1171 1199/1199/1199 1172/1172/1172
f 1172/1172/1172 1199/1199/1199 1200/1200/1200
f 1172/1172/1172 1200/1200/1200 1173/1173/1173
f 1173/1173/1173 1200/1200/1200 1201/1201/1201
f 1173/1173/1173 1201/1201/1201 1174/1174/1174
f 1174/1174/1174 1201/1201/1201 1202/1202/1202
f 1174/1174/1174 1202/1202/1202 1175/1175/1175
f 1175/1175/1175 1202/1202/1202 1203/1203/1203
f 1175/1175/1175 1203/1203/1203 1176/1176/1176
f 1176/1176/1176 1203/1203/1203 1204/1204/1204
f 1176/1176/1176 1204/1204/1204 1177/1177/1177
f 1177/1177/1177 1204/1204/1204 1205/1205/1205
f 1177/1177/1177 1205/1205/1205 1178/1178/1178
f 1178/1178/1178 1205/1205/1205 1206/1206/1206
f 1178/1178/1178 1206/1206/1206 1151/1151/1151
f 1151/1151/1151 1206/1206/1206 1179/1179/1179
f 1179/1179/1179 1207/1207/1207 1180/1180/1180
f 1180/1180/1180 1207/1207/1207 1208/1208/1208
f 1180/1180/1180 1208/1208/1208 1181/1181/1181
f 1181/1181/1181 1208/1208/1208 1209/1209/1209
f 1181/1181/1181 1209/1209/1209 1182/1182/1182
f 1182/1182/1182 1209/1209/1209 1210/1210/1210
f 1182/1182/1182 1210/1210/1210 1183/1183/1183
f 1183/1183/1183 1210/1210/1210 1211/1211/1211
f 1183/1183/1183 1211/1211/1211 1184/1184/1184
f 1184/1184/1184 1211/1211/1211 1212/1212/1212
f 1184/1184/1184 1212/1212/1212 1185/1185/1185
f 1185/1185/1185 1212/1212/1212 1213/1213/1213
f 1185/1185/1185 1213/1213/1213 1186/1186/1186
f 1186/1186/1186 1213/1213/1213 1214/1214/1214
f 1186/1186/1186 1214/1214/1214 1187/1187/1187
f 1187/1187/1187 1214/1214/1214 1215/1215/1215
f 1187/1187/1187 1215/1215/1215 1188/1188/1188
f 1188/1188/1188 1215/1215/1215 1216/1216/1216
f 1188/1188/1188 1216/1216/1216 1189/1189/1189
f 1189/1189/1189 1216/1216/1216 1217/1217/1217
f 1189/1189/1189 1217/1217/1217 1190/1190/1190
f 1190/1190/1190 1217/1217/1217 1218/1218/1218
f 1190/1190/1190 1218/1218/1218 1191/1191/1191
f 1191/1191/1191 1218/1218/1218 1219/1219/1219
f 1191/1191/1191 1219/1219/1219 1192/1192/1192
f 1192/1192/1192 1219/1219/1219 1220/1220/1220
f 1192/1192/1192 1220/1220/1220 1193/1193/1193
f 1193/1193/1193 1220/1220/1220 1221/1221/1221
f 1193/1193/1193 1221/1221/1221 1194/1194/1194
f 1194/1194/1194 1221/1221/1221 1222/1222/1222
f 1194/1194/1194 1222/1222/1222 1195/1195/1195
f 1195/1195/1195 1222/1222/1222 1223/1223/1223
f 1195/1195/1195 1223/1223/1223 1196/1196/1196
f 1196/1196/1196 1223/1223/1223 1224/1224/1224
f 1196/1196/1196 1224/1224/1224 1197/1197/1197
f 1197/1197/1197 1224/1224/1224 1225/1225/1225
f 1197/1197/1197 1225/1225/1225 1198/1198/1198
f 1198/1198/1198 1225/1225/1225 1226/1226/1226
f 1198/1198/1198 1226/1226/1226 1199/1199/1199
f 1199/1199/1199 1226/1226/1226 1227/1227/1227
f 1199/1199/1199 1227/1227/1227 1200/1200/1200
f 1200/1200/1200 1227/1227/1227 1228/1228/1228
f 1200/1200/1200 1228/1228/1228 1201/1201/1201
f 1201/1201/1201 1228/1228/1228 1229/1229/1229
f 1201/1201/1201 1229/1229/1229 1202/1202/1202
f 1202/1202/1202 1229/1229/1229 1230/1230/1230
f 1202/1202/1202 1230/1230/1230 1203/1203/1203
f 1203/1203/1203 1230/1230/1230 1231/1231/1231
f 1203/1203/1203 1231/1231/1231 1204/1204/1204
f 1204/1204/1204 1231/1231/1231 1232/1232/1232
f 1204/1204/1204 1232/1232/1232 1205/1205/1205
f 1205/1205/1205 1232/1232/1232 1233/1233/1233
f 1205/1205/1205 1233/1233/1233 1206/1206/1206
f 1206/1206/1206 1233/1233/1233 1234/1234/1234
f 1206/1206/1206 1234/1234/1234 1179/1179/1179
f 1179/1179/1179 1234/1234/1234 1207/1207/1207
f 1207/1207/1207 1235/1235/1235 1208/1208/1208
f 1208/1208/1208 1235/1235/1235 1236/1236/1236
f 1208/1208/1208 1236/1236/1236 1209/1209/1209
f 1209/1209/1209 1236/1236/1236 1237/1237/1237
f 1209/1209/1209 1237/1237/1237 1210/1210/1210
f 1210/1210/1210 1237/1237/1237 1238/1238/1238
f 1210/1210/1210 1238/1238/1238 1211/1211/1211
f 1211/1211/1211 1238/1238/1238 1239/1239/1239
f 1211/1211/1211 1239/1239/1239 1212/1212/1212
f 1212/1212/1212 1239/1239/1239 1240/1240/1240
f 1212/1212/1212 1240/1240/1240 1213/1213/1213
f 1213/1213/1213 1240/1240/1240 1241/1241/1241
f 1213/1213/1213 1241/1241/1241 1214/1214/1214
f 1214/1214/1214 1241/1241/1241 1242/1242/1242
f 1214/1214/1214 1242/1242/1242 1215/1215/1215
f 1215/1215/1215 1242/1242/1242 1243/1243/1243
f 1215/1215/1215 1243/1243/1243 1216/1216/1216
f 1216/1216/1216 1243/1243/1243 1244/1244/1244
f 1216/1216/1216 1244/1244/1244 1217/1217/1217
f 1217/1217/1217 1244/1244/1244 1245/1245/1245
f 1217/1217/1217 1245/1245/1245 1218/1218/1218
f 1218/1218/1218 1245/1245/1245 1246/1246/1246
f 1218/1218/1218 1246/1246/1246 1219/1219/1219
f 1219/1219/1219 1246/1246/1246 1247/1247/1247
f 1219/1219/1219 1247/1247/1247 1220/1220/1220
f 1220/1220/1220 1247/1247/1247 1248/1248/1248
f 1220/1220/1220 1248/1248/1248 1221/1221/1221
f 1221/1221/1221 1248/1248/1248 1249/1249/1249
f 1221/1221/1221 1249/1249/1249 1222/1222/1222
f 1222/1222/1222 1249/1249/1249 1250/1250/1250
f 1222/1222/1222 1250/1250/1250 1223/1223/1223
f 1223/1223/1223 1250/1250/1250 1251/1251/1251
f 1223/1223/1223 1251/1251/1251 1224/1224/1224
f 1224/1224/1224 1251/1251/1251 1252/1252/1252
f 1224/1224/1224 1252/1252/1252 1225/1225/1225
f 1225/1225/1225 1252/1252/1252 1253/1253/1253
f 1225/1225/1225 1253/1253/1253 1226/1226/1226
f 1226/1226/1226 1253/1253/1253 1254/1254/1254
f 1226/1226/1226 1254/1254/1254 1227/1227/1227
f 1227/1227/1227 1254/1254/1254 1255/1255/1255
f 1227/1227/1227 1255/1255/1255 1228/1228/1228
f 1228/1228/1228 1255/1255/1255 1256/1256/1256
f 1228/1228/1228 1256/1256/1256 1229/1229/1229
f 1229/1229/1229 1256/1256/1256 1257/1257/1257
f 1229/1229/1229 1257/1257/1257 1230/1230/1230
f 1230/1230/1230 1257/1257/1257 1258/1258/1258
f 1230/1230/1230 1258/1258/1258 1231/1231/1231
f 1231/1231/1231 1258/1258/1258 1259/1259/1259
f 1231/1231/1231 1259/1259/1259 1232/1232/1232
f 1232/1232/1232 1259/1259/1259 1260/1260/1260
f 1232/1232/1232 1260/1260/1260 1233/1233/1233
f 1233/1233/1233 1260/1260/1260 1261/1261/1261
f 1233/1233/1233 1261/1261/1261 1234/1234/1234
f 1234/1234/1234 1261/1261/1261 1262/1262/1262
f 1234/1234/1234 1262/1262/1262 1207/1207/1207
f 1207/1207/1207 1262/1262/1262 1235/1235/1235
f 1235/1235/1235 1263/1263/1263 1236/1236/1236
f 1236/1236/1236 1263/1263/1263 1264/1264/1264
f 1236/1236/1236 1264/1264/1264 1237/1237/1237
f 1237/1237/1237 1264/1264/1264 1265/1265/1265
f 1237/1237/1237 1265/1265/1265 1238/1238/1238
f 1238/1238/1238 1265/1265/1265 1266/1266/1266
f 1238/1238/1238 1266/1266/1266 1239/1239/1239
f 1239/1239/1239 1266/1266/1266 1267/1267/1267
f 1239/1239/1239 1267/1267/1267 1240/1240/1240
f 1240/1240/1240 1267/1267/1267 1268/1268/1268
f 1240/1240/1240 1268/1268/1268 1241/1241/1241
f 1241/1241/1241 1268/1268/1268 1269/1269/1269
f 1241/1241/1241 1269/1269/1269 1242/1242/1242
f 1242/1242/1242 1269/1269/1269 1270/1270/1270
f 1242/1242/1242 1270/1270/1270 1243/1243/1243
f 1243/1243/1243 1270/1270/1270 1271/1271/1271
f 1243/1243/1243 1271/1271/1271 1244/1244/1244
f 1244/1244/1244 1271/1271/1271 1272/1272/1272
f 1244/1244/1244 1272/1272/1272 1245/1245/1245
f 1245/1245/1245 1272/1272/1272 1273/1273/1273
f 1245/1245/1245 1273/1273/1273 1246/1246/1246
f 1246/1246/1246 1273/1273/1273 1274/1274/1274
f 1246/1246/1246 1274/1274/1274 1247/1247/1247
f 1247/1247/1247 1274/1274/1274 1275/1275/1275
f 1247/1247/1247 1275/1275/1275 1248/1248/1248
f 1248/1248/1248 1275/1275/1275 1276/1276/1276
f 1248/1248/1248 1276/1276/1276 1249/1249/1249
f 1249/1249/1249 1276/1276/1276 1277/1277/1277
f 1249/1249/1249 1277/1277/1277 1250/1250/1250
f 1250/1250/1250 1277/1277/1277 1278/1278/1278
f 1250/1250/1250 1278/1278/1278 1251/1251/1251
f 1251/1251/1251 1278/1278/1278 1279/1279/1279
f 1251/1251/1251 1279/1279/1279 1252/1252/1252
f 1252/1252/1252 1279/1279/1279 1280/1280/1280
f 1252/1252/1252 1280/1280/1280 1253/1253/1253
f 1253/1253/1253 1280/1280/1280 1281/1281/1281
f 1253/1253/1253 1281/1281/1281 1254/1254/1254
f 1254/1254/1254 1281/1281/1281 1282/1282/1282
f 1254/1254/1254 1282/1282/1282 1255/1255/1255
f 1255/1255/1255 1282/1282/1282 1283/1283/1283
f 1255/1255/1255 1283/1283/1283 1256/1256/1256
f 1256/1256/1256 1283/1283/1283 1284/1284/1284
f 1256/1256/1256 1284/1284/1284 1257/1257/1257
f 1257/1257/1257 1284/1284/1284 1285/1285/1285
f 1257/1257/1257 1285/1285/1285 1258/1258/1258
f 1258/1258/1258 1285/1285/1285 1286/1286/1286
f 1258/1258/1258 1286/1286/1286 1259/1259/1259
f 1259/1259/1259 1286/1286/1286 1287/1287/1287
f 1259/1259/1259 1287/1287/1287 1260/1260/1260
f 1260/1260/1260 1287/1287/1287 1288/1288/1288
f 1260/1260/1260 1288/1288/1288 1261/1261/1261
f 1261/1261/1261 1288/1288/1288 1289/1289/1289
f 1261/1261/1261 1289/1289/1289 1262/1262/1262
f 1262/1262/1262 1289/1289/1289 1290/1290/1290
f 1262/1262/1262 1290/1290/1290 1235/1235/1235
f 1235/1235/1235 1290/1290/1290 1263/1263/1263
f 1263/1263/1263 1291/1291/1291 1264/1264/1264
f 1264/1264/1264 1291/1291/1291 1292/1292/1292
f 1264/1264/1264 1292/1292/1292 1265/1265/1265
f 1265/1265/1265 1292/1292/1292 1293/1293/1293
f 1265/1265/1265 1293/1293/1293 1266/1266/1266
f 1266/1266/1266 1293/1293/1293 1294/1294/1294
f 1266/1266/1266 1294/1294/1294 1267/1267/1267
f 1267/1267/1267 1294/1294/1294 1295/1295/1295
f 1267/1267/1267 1295/1295/1295 1268/1268/1268
f 1268/1268/1268 1295/1295/1295 1296/1296/1296
f 1268/1268/1268 1296/1296/1296 1269/1269/1269
f 1269/1269/1269 1296/1296/1296 1297/1297/1297
f 1269/1269/1269 1297/1297/1297 1270/1270/1270
f 1270/1270/1270 1297/1297/1297 1298/1298/1298
f 1270/1270/1270 1298/1298/1298 1271/1271/1271
f 1271/1271/1271 1298/1298/1298 1299/1299/1299
f 1271/1271/1271 1299/1299/1299 1272/1272/1272
f 1272/1272/1272 1299/1299/1299 1300/1300/1300
f 1272/1272/1272 1300/1300/1300 1273/1273/1273
f 1273/1273/1273 1300/1300/1300 1301/1301/1301
f 1273/1273/1273 1301/1301/1301 1274/1274/1274
f 1274/1274/1274 1301/1301/1301 1302/1302/1302
f 1274/1274/1274 1302/1302/1302 1275/1275/1275
f 1275/1275/1275 1302/1302/1302 1303/1303/1303
f 1275/1275/1275 1303/1303/1303 1276/1276/1276
f 1276/1276/1276 1303/1303/1303 1304/1304/1304
f 1276/1276/1276 1304/1304/1304 1277/1277/1277
f 1277/1277/1277 1304/1304/1304 1305/1305/1305
f 1277/1277/1277 1305/1305/1305 1278/1278/1278
f 1278/1278/1278 1305/1305/1305 1306/1306/1306
f 1278/1278/1278 1306/1306/1306 1279/1279/1279
f 1279/1279/1279 1306/1306/1306 1307/1307/1307
f 1279/1279/1279 1307/1307/1307 1280/1280/1280
f 1280/1280/1280 1307/1307/1307 1308/1308/1308
f 1280/1280/1280 1308/1308/1308 1281/1281/1281
f 1281/1281/1281 1308/1308/1308 1309/1309/1309
f 1281/1281/1281 1309/1309/1309 1282/1282/1282
f 1282/1282/1282 1309/1309/1309 1310/1310/1310
f 1282/1282/1282 1310/1310/1310 1283/1283/1283
f 1283/1283/1283 1310/1310/1310 1311/1311/1311
f 1283/1283/1283 1311/1311/1311 1284/1284/1284
f 1284/1284/1284 1311/1311/1311 1312/1312/1312
f 1284/1284/1284 1312/1312/1312 1285/1285/1285
f 1285/1285/1285 1312/1312/1312 1313/1313/1313
f 1285/1285/1285 1313/1313/1313 1286/1286/1286
f 1286/1286/1286 1313/1313/1313 1314/1314/1314
f 1286/1286/1286 1314/1314/1314 1287/1287/1287
f 1287/1287/1287 1314/1314/1314 1315/1315/1315
f 1287/1287/1287 1315/1315/1315 1288/1288/1288
f 1288/1288/1288 1315/1315/1315 1316/1316/1316
f 1288/1288/1288 1316/1316/1316 1289/1289/1289
f 1289/1289/1289 1316/1316/1316 1317/1317/1317
f 1289/1289/1289 1317/1317/1317 1290/1290/1290
f 1290/1290/1290 1317/1317/1317 1318/1318/1318
f 1290/1290/1290 1318/1318/1318 1263/1263/1263
f 1263/1263/1263 1318/1318/1318 1291/1291/1291
f 1291/1291/1291 1319/1319/1319 1292/1292/1292
f 1292/1292/1292 1319/1319/1319 1320/1320/1320
f 1292/1292/1292 1320/1320/1320 1293/1293/1293
f 1293/1293/1293 1320/1320/1320 1321/1321/1321
f 1293/1293/1293 1321/1321/1321 1294/1294/1294
f 1294/1294/1294 1321/1321/1321 1322/1322/1322
f 1294/1294/1294 1322/1322/1322 1295/1295/1295
f 1295/1295/1295 1322/1322/1322 1323/1323/1323
f 1295/1295/1295 1323/1323/1323 1296/1296/1296
f 1296/1296/1296 1323/1323/1323 1324/1324/1324
f 1296/1296/1296 1324/1324/1324 1297/1297/1297
f 1297/1297/1297 1324/1324/1324 1325/1325/1325
f 1297/1297/1297 1325/1325/1325 1298/1298/1298
f 1298/1298/1298 1325/1325/1325 1326/1326/1326
f 1298/1298/1298 1326/1326/1326 1299/1299/1299
f 1299/1299/1299 1326/1326/1326 1327/1327/1327
f 1299/1299/1299 1327/1327/1327 1300/1300/1300
f 1300/1300/1300 1327/1327/1327 1328/1328/1328
f 1300/1300/1300 1328/1328/1328 1301/1301/1301
f 1301/1301/1301 1328/1328/1328 1329/1329/1329
f 1301/1301/1301 1329/1329/1329 1302/1302/1302
f 1302/1302/1302 1329/1329/1329 1330/1330/1330
f 1302/1302/1302 1330/1330/1330 1303/1303/1303
f 1303/1303/1303 1330/1330/1330 1331/1331/1331
f 1303/1303/1303 1331/1331/1331 1304/1304/1304
f 1304/1304/1304 1331/1331/1331 1332/1332/1332
f 1304/1304/1304 1332/1332/1332 1305/1305/1305
f 1305/1305/1305 1332/1332/1332 1333/1333/1333
f 1305/1305/1305 1333/1333/1333 1306/1306/1306
f 1306/1306/1306 1333/1333/1333 1334/1334/1334
f 1306/1306/1306 1334/1334/1334 1307/1307/1307
f 1307/1307/1307 1334/1334/1334 1335/1335/1335
f 1307/1307/1307 1335/1335/1335 1308/1308/1308
f 1308/1308/1308 1335/1335/1335 1336/1336/1336
f 1308/1308/1308 1336/1336/1336 1309/1309/1309
f 1309/1309/1309 1336/1336/1336 1337/1337/1337
f 1309/1309/1309 1337/1337/1337 1310/1310/1310
f 1310/1310/1310 1337/1337/1337 1338/1338/1338
f 1310/1310/1310 1338/1338/1338 1311/1311/1311
f 1311/1311/1311 1338/1338/1338 1339/1339/1339
f 1311/1311/1311 1339/1339/1339 1312/1312/1312
f 1312/1312/1312 1339/1339/1339 1340/1340/1340
f 1312/1312/1312 1340/1340/1340 1313/1313/1313
f 1313/1313/1313 1340/1340/1340 1341/1341/1341
f 1313/1313/1313 1341/1341/1341 1314/1314/1314
f 1314/1314/1314 1341/1341/1341 1342/1342/1342
f 1314/1314/1314 1342/1342/1342 1315/1315/1315
f 1315/1315/1315 1342/1342/1342 1343/1343/1343
f 1315/1315/1315 1343/1343/1343 1316/1316/1316
f 1316/1316/1316 1343/1343/1343 1344/1344/1344
f 1316/1316/1316 1344/1344/1344 1317/1317/1317
f 1317/1317/1317 1344/1344/1344 1345/1345/1345
f 1317/1317/1317 1345/1345/1345 1318/1318/1318
f 1318/1318/1318 1345/1345/1345 1346/1346/1346
f 1318/1318/1318 1346/1346/1346 1291/1291/1291
f 1291/1291/1291 1346/1346/1346 1319/1319/1319
f 1319/1319/1319 1347/1347/1347 1320/1320/1320
f 1320/1320/1320 1347/1347/1347 1348/1348/1348
f 1320/1320/1320 1348/1348/1348 1321/1321/1321
f 1321/1321/1321 1348/1348/1348 1349/1349/1349
f 1321/1321/1321 1349/1349/1349 1322/1322/1322
f 1322/1322/1322 1349/1349/1349 1350/1350/1350
f 1322/1322/1322 1350/1350/1350 1323/1323/1323
f 1323/1323/1323 1350/1350/1350 1351/1351/1351
f 1323/1323/1323 1351/1351/1351 1324/1324/1324
f 1324/1324/1324 1351/1351/1351 1352/1352/1352
f 1324/1324/1324 1352/1352/1352 1325/1325/1325
f 1325/1325/1325 1352/1352/1352 1353/1353/1353
f 1325/1325/1325 1353/1353/1353 1326/1326/1326
f 1326/1326/1326 1353/1353/1353 1354/1354/1354
f 1326/1326/1326 1354/1354/1354 1327/1327/1327
f 1327/1327/1327 1354/1354/1354 1355/1355/1355
f 1327/1327/1327 1355/1355/1355 1328/1328/1328
f 1328/1328/1328 1355/1355/1355 1356/1356/1356
f 1328/1328/1328 1356/1356/1356 1329/1329/1329
f 1329/1329/1329 1356/1356/1356 1357/1357/1357
f 1329/1329/1329 1357/1357/1357 1330/1330/1330
f 1330/1330/1330 1357/1357/1357 1358/1358/1358
f 1330/1330/1330 1358/1358/1358 1331/1331/1331
f 1331/1331/1331 1358/1358/1358 1359/1359/1359
f 1331/1331/1331 1359/1359/1359 1332/1332/1332
f 1332/1332/1332 1359/1359/1359 1360/1360/1360
f 1332/1332/1332 1360/1360/1360 1333/1333/1333
f 1333/1333/1333 1360/1360/1360 1361/1361/1361
f 1333/1333/1333 1361/1361/1361 1334/1334/1334
f 1334/1334/1334 1361/1361/1361 1362/1362/1362
f 1334/1334/1334 1362/1362/1362 1335/1335/1335
f 1335/1335/1335 1362/1362/1362 1363/1363/1363
f 1335/1335/1335 1363/1363/1363 1336/1336/1336
f 1336/1336/1336 1363/1363/1363 1364/1364/1364
f 1336/1336/1336 1364/1364/1364 1337/1337/1337
f 1337/1337/1337 1364/1364/1364 1365/1365/1365
f 1337/1337/1337 1365/1365/1365 1338/1338/1338
f 1338/1338/1338 1365/1365/1365 1366/1366/1366
f 1338/1338/1338 1366/1366/1366 1339/1339/1339
f 1339/1339/1339 1366/1366/1366 1367/1367/1367
f 1339/1339/1339 1367/1367/1367 1340/1340/1340
f 1340/1340/1340 1367/1367/1367 1368/1368/1368
f 1340/1340/1340 1368/1368/1368 1341/1341/1341
f 1341/1341/1341 1368/1368/1368 1369/1369/1369
f 1341/1341/1341 1369/1369/1369 1342/1342/1342
f 1342/1342/1342 1369/1369/1369 1370/1370/1370
f 1342/1342/1342 1370/1370/1370 1343/1343/1343
f 1343/1343/1343 1370/1370/1370 1371/1371/1371
f 1343/1343/1343 1371/1371/1371 1344/1344/1344
f 1344/1344/1344 1371/1371/1371 1372/1372/1372
f 1344/1344/1344 1372/1372/1372 1345/1345/1345
f 1345/1345/1345 1372/1372/1372 1373/1373/1373
f 1345/1345/1345 1373/1373/1373 1346/1346/1346
f 1346/1346/1346 1373/1373/1373 1374/1374/1374
f 1346/1346/1346 1374/1374/1374 1319/1319/1319
f 1319/1319/1319 1374/1374/1374 1347/1347/1347
f 1347/1347/1347 1375/1375/1375 1348/1348/1348
f 1348/1348/1348 1375/1375/1375 1376/1376/1376
f 1348/1348/1348 1376/1376/1376 1349/1349/1349
f 1349/1349/1349 1376/1376/1376 1377/1377/1377
f 1349/1349/1349 1377/1377/1377 1350/1350/1350
f 1350/1350/1350 1377/1377/1377 1378/1378/1378
f 1350/1350/1350 1378/1378/1378 1351/1351/1351
f 1351/1351/1351 1378/1378/1378 1379/1379/1379
f 1351/1351/1351 1379/1379/1379 1352/1352/1352
f 1352/1352/1352 1379/1379/1379 1380/1380/1380
f 1352/1352/1352 1380/1380/1380 1353/1353/1353
f 1353/1353/1353 1380/1380/1380 1381/1381/1381
f 1353/1353/1353 1381/1381/1381 1354/1354/1354
f 1354/1354/1354 1381/1381/1381 1382/1382/1382
f 1354/1354/1354 1382/1382/1382 1355/1355/1355
f 1355/1355/1355 1382/1382/1382 1383/1383/1383
f 1355/1355/1355 1383/1383/1383 1356/1356/1356
f 1356/1356/1356 1383/1383/1383 1384/1384/1384
f 1356/1356/1356 1384/1384/1384 1357/1357/1357
f 1357/1357/1357 1384/1384/1384 1385/1385/1385
f 1357/1357/1357 1385/1385/1385 1358/1358/1358
f 1358/1358/1358 1385/1385/1385 1386/1386/1386
f 1358/1358/1358 1386/1386/1386 1359/1359/1359
f 1359/1359/1359 1386/1386/1386 1387/1387/1387
f 1359/1359/1359 1387/1387/1387 1360/1360/1360
f 1360/1360/1360 1387/1387/1387 1388/1388/1388
f 1360/1360/1360 1388/1388/1388 1361/1361/1361
f 1361/1361/1361 1388/1388/1388 1389/1389/1389
f 1361/1361/1361 1389/1389/1389 1362/1362/1362
f 1362/1362/1362 1389/1389/1389 1390/1390/1390
f 1362/1362/1362 1390/1390/1390 1363/1363/1363
f 1363/1363/1363 1390/1390/1390 1391/1391/1391
f 1363/1363/1363 1391/1391/1391 1364/1364/1364
f 1364/1364/1364 1391/1391/1391 1392/1392/1392
f 1364/1364/1364 1392/1392/1392 1365/1365/1365
f 1365/1365/1365 1392/1392/1392 1393/1393/1393
f 1365/1365/1365 1393/1393/1393 1366/1366/1366
f 1366/1366/1366 1393/1393/1393 1394/1394/1394
f 1366/1366/1366 1394/1394/1394 1367/1367/1367
f 1367/1367/1367 1394/1394/1394 1395/1395/1395
f 1367/1367/1367 1395/1395/1395 1368/1368/1368
f 1368/1368/1368 1395/1395/1395 1396/1396/1396
f 1368/1368/1368 1396/1396/1396 1369/1369/1369
f 1369/1369/1369 1396/1396/1396 1397/1397/1397
f 1369/1369/1369 1397/1397/1397 1370/1370/1370
f 1370/1370/1370 1397/1397/1397 1398/1398/1398
f 1370/1370/1370 1398/1398/1398 1371/1371/1371
f 1371/1371/1371 1398/1398/1398 1399/1399/1399
f 1371/1371/1371 1399/1399/1399 1372/1372/1372
f 1372/1372/1372 1399/1399/1399 1400/1400/1400
f 1372/1372/1372 1400/1400/1400 1373/1373/1373
f 1373/1373/1373 1400/1400/1400 1401/1401/1401
f 1373/1373/1373 1401/1401/1401 1374/1374/1374
f 1374/1374/1374 1401/1401/1401 1402/1402/1402
f 1374/1374/1374 1402/1402/1402 1347/1347/1347
f 1347/1347/1347 1402/1402/1402 1375/1375/1375
f 1403/1403/1403 703/703/703 705/705/705
f 1403/1403/1403 705/705/705 707/707/707
f 1403/1403/1403 707/707/707 709/709/709
f 1403/1403/1403 709/709/709 711/711/711
f 1403/1403/1403 711/711/711 713/713/713
f 1403/1403/1403 713/713/713 715/715/715
f 1403/1403/1403 715/715/715 717/717/717
f 1403/1403/1403 717/717/717 719/719/719
f 1403/1403/1403 719/719/719 721/721/721
f 1403/1403/1403 721/721/721 723/723/723
f 1403/1403/1403 723/723/723 725/725/725
f 1403/1403/1403 725/725/725 727/727/727
f 1403/1403/1403 727/727/727 729/729/729
f 1403/1403/1403 729/729/729 731/731/731
f 1403/1403/1403 731/731/731 733/733/733
f 1403/1403/1403 733/733/733 735/735/735
f 1403/1403/1403 735/735/735 737/737/737
f 1403/1403/1403 737/737/737 739/739/739
f 1403/1403/1403 739/739/739 741/741/741
f 1403/1403/1403 741/741/741 743/743/743
f 1403/1403/1403 743/743/743 745/745/745
f 1403/1403/1403 745/745/745 747/747/747
f 1403/1403/1403 747/747/747 749/749/749
f 1403/1403/1403 749/749/749 751/751/751
f 1403/1403/1403 751/751/751 753/753/753
f 1403/1403/1403 753/753/753 755/755/755
f 1403/1403/1403 755/755/755 757/757/757
f 1403/1403/1403 757/757/757 703/703/703
f 1404/1404/1404 1376/1376/1376 1375/1375/1375
f 1404/1404/1404 1377/1377/1377 1376/1376/1376
f 1404/1404/1404 1378/1378/1378 1377/1377/1377
f 1404/1404/1404 1379/1379/1379 1378/1378/1378
f 1404/1404/1404 1380/1380/1380 1379/1379/1379
f 1404/1404/1404 1381/1381/1381 1380/1380/1380
f 1404/1404/1404 1382/1382/1382 1381/1381/1381
f 1404/1404/1404 1383/1383/1383 1382/1382/1382
f 1404/1404/1404 1384/1384/1384 1383/1383/1383
f 1404/1404/1404 1385/1385/1385 1384/1384/1384
f 1404/1404/1404 1386/1386/1386 1385/1385/1385
f 1404/1404/1404 1387/1387/1387 1386/1386/1386
f 1404/1404/1404 1388/1388/1388 1387/1387/1387
f 1404/1404/1404 1389/1389/1389 1388/1388/1388
f 1404/1404/1404 1390/1390/1390 1389/1389/1389
f 1404/1404/1404 1391/1391/1391 1390/1390/1390
f 1404/1404/1404 1392/1392/1392 1391/1391/1391
f 1404/1404/1404 1393/1393/1393 1392/1392/1392
f 1404/1404/1404 1394/1394/1394 1393/1393/1393
f 1404/1404/1404 1395/1395/1395 1394/1394/1394
f 1404/1404/1404 1396/1396/1396 1395/1395/1395
f 1404/1404/1404 1397/1397/1397 1396/1396/1396
f 1404/1404/1404 1398/1398/1398 1397/1397/1397
f 1404/1404/1404 1399/1399/1399 1398/1398/1398
f 1404/1404/1404 1400/1400/1400 1399/1399/1399
f 1404/1404/1404 1401/1401/1401 1400/1400/1400
f 1404/1404/1404 1402/1402/1402 1401/1401/1401
f 1404/1404/1404 1375/1375/1375 1402/1402/1402
