mtllib VIIC.mtl
o propellerPort
v 0.11831080476837164 0.08296269999999994 -0.14988923706054536
v 0.12613810476837162 0.07049419999999995 -0.12490923706054602
v 0.15033050476837162 0.10968864 -0.15042923706054623
v 0.16102370476837158 0.09328590000000003 -0.12462823706054849
v 0.13265610476837164 0.057293999999999956 -0.09992623706054715
v 0.16993410476837156 0.07585039999999998 -0.09882723706054719
v 0.13779720476837154 0.04349910000000001 -0.07494523706054679
v 0.17696320476837157 0.05757520000000005 -0.0730262370605459
v 0.1415081047683715 0.02925270000000002 -0.049963237060545396
v 0.18203320476837148 0.03866259999999999 -0.04722623706054563
v 0.14375010476837158 0.014702699999999957 -0.024982237060548584
v 0.18508790476837156 0.019321900000000003 -0.021425237060547886
v 0.14450000476837155 0.0 7.629394538355427e-07
v 0.18609360476837167 -0.0002325999999999162 0.004375762939453409
v 0.14375010476837158 -0.014702699999999957 0.024982762939451675
v 0.18503900476837165 -0.01978459999999993 0.030175762939453676
v 0.1415081047683715 -0.029252599999999962 0.049962762939454564
v 0.18193600476837157 -0.039117599999999975 0.05597676293945142
v 0.13779720476837154 -0.04349910000000001 0.07494576293945343
v 0.17681870476837158 -0.058017500000000055 0.08177776293945271
v 0.13265610476837164 -0.057293999999999956 0.09992576293945277
v 0.16974390476837153 -0.07627500000000009 0.10757876293945401
v 0.12613810476837162 -0.07049419999999995 0.12490876293945163
v 0.16079000476837169 -0.09368810000000005 0.13337876293945428
v 0.11831080476837164 -0.0829628 0.14988876293945452
v 0.1500559047683716 -0.1100641 0.15917976293945202
v 0.18337070476837147 0.13496965000000005 -0.1479932370605468
v 0.19668860476837158 0.11469609999999997 -0.12186923706054742
v 0.20777430476837155 0.09312074999999997 -0.09574523706054805
v 0.21650160476837166 0.07048849999999995 -0.06962223706054615
v 0.2227719047683716 0.04705625999999996 -0.04349723706054576
v 0.22651370476837163 0.023089950000000026 -0.017374237060547415
v 0.2276846047683716 -0.0011384000000000949 0.008750762939452983
v 0.22627150476837166 -0.02535390000000004 0.03487376293945488
v 0.2222902047683717 -0.049281600000000036 0.06099676293945322
v 0.2157860047683715 -0.0726500000000001 0.08712176293945362
v 0.2068326047683715 -0.09519370000000005 0.11324476293945196
v 0.19553180476837162 -0.11665710000000007 0.13937076293945339
v 0.18201180476837164 -0.13679660000000005 0.16549276293945425
v 0.21828420476837151 0.1576845 -0.14296323706054537
v 0.23376100476837158 0.13367194000000004 -0.11694923706054539
v 0.2466068047683716 0.10815483000000004 -0.0909352370605454
v 0.2566770047683715 0.0814205 -0.06491923706054692
v 0.2638583047683716 0.05376970000000003 -0.03890423706054591
v 0.26806990476837167 0.02551376999999999 -0.012889237060548453
v 0.26926420476837154 -0.0030292999999999015 0.013124762939451529
v 0.2674280047683715 -0.03153840000000008 0.039140762939453566
v 0.2625818047683717 -0.05969240000000009 0.06515476293945355
v 0.25478030476837166 -0.08717470000000005 0.09116976293945456
v 0.24411120476837156 -0.11367569999999994 0.11718376293945454
v 0.23069440476837166 -0.1388973 0.14319776293945452
v 0.2146814047683716 -0.1625555999999999 0.169213762939453
v 0.2557137047683715 0.17678729999999998 -0.13566223706054714
v 0.27270710476837157 0.14924510000000002 -0.11013423706054581
v 0.28674510476837156 0.12008540000000001 -0.08460823706054654
v 0.2976755047683717 0.08962440000000005 -0.05907923706054774
v 0.3053800047683717 0.05819200000000002 -0.033554237060545944
v 0.3097750047683716 0.026129069999999976 -0.00802623706054817
v 0.3108128047683716 -0.006217099999999975 0.01750076293945213
v 0.3084823047683716 -0.03849590000000003 0.043025762939453926
v 0.30280860476837157 -0.07035740000000001 0.0685537629394517
v 0.29385340476837163 -0.10145650000000006 0.094080762939452
v 0.2817136047683715 -0.13145610000000008 0.1196077629394523
v 0.26652070476837153 -0.1600311000000001 0.14513376293945157
v 0.24843950476837162 -0.18687180000000003 0.1706617629394529
v 0.2960811047683716 0.1912334 -0.12634323706054573
v 0.3138199047683716 0.16047219999999995 -0.1016392370605459
v 0.32837350476837157 0.12808229999999998 -0.07693623706054709
v 0.33959440476837166 0.09439229999999998 -0.05223323706054828
v 0.34736850476837167 0.05974436000000005 -0.027530237060545915
v 0.35161700476837154 0.02449005999999998 -0.0028292370605456085
v 0.3522967047683716 -0.011012900000000103 0.021875762939451704
v 0.34940080476837165 -0.04640399999999989 0.04657776293945304
v 0.3429586047683715 -0.08132410000000001 0.07128076293945185
v 0.3330356047683716 -0.1154189000000001 0.09598376293945421
v 0.3197324047683716 -0.14834210000000003 0.12068576293945199
v 0.30318410476837165 -0.17975990000000008 0.14538976293945183
v 0.28355870476837164 -0.20935309999999996 0.17009076293945213
v 0.33956300476837153 0.1999556 -0.11521923706054693
v 0.35719870476837157 0.16641616999999997 -0.09164023706054536
v 0.3715315047683716 0.13133779999999995 -0.06806223706054837
v 0.3824286447683716 0.09504500000000005 -0.0444852370605453
v 0.38978960476837154 0.057873300000000016 -0.020906237060547284
v 0.3935461047683716 0.020166459999999997 0.0026717629394532594
v 0.3936636047683716 -0.01772679999999993 0.02625076293945483
v 0.39014080476837154 -0.05545620000000007 0.049827762939454345
v 0.38301044476837154 -0.09267280000000011 0.07340576293945489
v 0.37233840476837154 -0.1290325000000001 0.0969847629394529
v 0.3582233047683716 -0.16419899999999998 0.1205607629394514
v 0.3407958047683717 -0.19784709999999994 0.144140762939454
v 0.3202169047683716 -0.22966580000000003 0.16771876293945454
v 0.38605830476837155 0.2018795 -0.10247923706054607
v 0.40272550476837154 0.16615813999999995 -0.08029523706054675
v 0.41609570476837154 0.12907639999999998 -0.05811123706054744
v 0.42605940476837156 0.09093803 -0.03592723706054812
v 0.43253510476837154 0.05205519999999997 -0.013744237060546283
v 0.43546974476837164 0.01274615999999995 0.00844076293945406
v 0.4348393047683716 -0.02666719999999989 0.030624762939453376
v 0.4306489047683716 -0.06586230000000004 0.05280876293945269
v 0.4229330047683716 -0.1045182 0.074992762939452
v 0.41175460476837156 -0.14231850000000001 0.09717776293945235
v 0.3972052047683716 -0.1789535 0.11936176293945167
v 0.37940406476837163 -0.21412359999999997 0.14154576293945453
v 0.3584969047683715 -0.2475406 0.16373076293945488
v 0.43516010476837164 0.19596744 -0.08831623706054614
v 0.45004470476837155 0.1588311 -0.06776423706054757
v 0.4617666047683716 0.12057865000000001 -0.047210237060546945
v 0.47024333476837155 0.08147870000000002 -0.02665923706054585
v 0.47541540476837163 0.041806200000000016 -0.006105237060545221
v 0.4772464647683716 0.0018399399999999844 0.014445762939452322
v 0.4757236047683716 -0.0381393000000001 0.03500076293945398
v 0.4708576047683716 -0.07785050000000004 0.05555376293945358
v 0.46268254476837156 -0.11701450000000002 0.07610476293945467
v 0.4512560047683716 -0.15535640000000006 0.09665876293945175
v 0.4366581447683716 -0.1926063 0.11721076293945387
v 0.41899170476837155 -0.2285028 0.13776376293945347
v 0.39838075476837154 -0.2627933 0.1583177629394541
v 0.48614450476837157 0.1812798 -0.07292223706054557
v 0.4985572047683716 0.14366460000000003 -0.05420723706054531
v 0.5080642047683716 0.10521214999999995 -0.03548923706054552
v 0.5146100547683716 0.06614642999999998 -0.016773237060547785
v 0.5181565047683716 0.02669520000000003 0.0019407629394514458
v 0.5186831047683715 -0.012911700000000081 0.02065876293945479
v 0.5161865347683716 -0.05244329999999997 0.03937576293945355
v 0.5106815047683716 -0.09166910000000006 0.05809176293945484
v 0.5022000647683715 -0.1303607 0.07680676293945154
v 0.49079170476837153 -0.16829260000000001 0.09552376293945386
v 0.47652270476837155 -0.20524359999999997 0.11424076293945262
v 0.4594764747683716 -0.24099840000000006 0.13295576293945288
v 0.4397522047683716 -0.2753485 0.15167276293945164
v 0.5379857047683716 0.15704019999999996 -0.056497237060547434
v 0.5474331047683716 0.12002999999999997 -0.03979123706054821
v 0.5543376047683716 0.08246224999999996 -0.023082237060545907
v 0.5586671047683716 0.04451143999999996 -0.006374237060548182
v 0.5604015047683716 0.006353900000000023 0.010333762939453095
v 0.5595327047683716 -0.031833199999999895 0.027042762939451848
v 0.5560648047683716 -0.06987239999999995 0.043750762939453125
v 0.5500138447683716 -0.1075870000000001 0.060456762939452346
v 0.5414080047683716 -0.14480190000000004 0.07716576293945465
v 0.5302872047683715 -0.18134420000000007 0.09387376293945238
v 0.5167030647683716 -0.21704400000000001 0.11058276293945468
v 0.5007188047683716 -0.2517357 0.1272907629394524
v 0.48240864476837153 -0.28525789999999995 0.14399876293945368
v 0.5893978447683715 0.12268584999999999 -0.03924523706054828
v 0.5956427047683716 0.08747243999999998 -0.024685237060545262
v 0.5997856047683716 0.05195039999999995 -0.010122237060546269
v 0.6018120047683716 0.016245069999999973 0.004440762939452725
v 0.6017148047683716 -0.01951769999999997 0.019000762939452187
v 0.5994942047683716 -0.05521139999999991 0.03356376293945473
v 0.5951581547683715 -0.09071040000000008 0.04812476293945167
v 0.5887219047683716 -0.1258893000000001 0.06268676293945319
v 0.5802082047683715 -0.1606240000000001 0.07724976293945218
v 0.5696470747683716 -0.19479179999999996 0.09181076293945267
v 0.5570757347683716 -0.22827229999999998 0.10637276293945419
v 0.5425386447683715 -0.26094719999999993 0.12093376293945468
v 0.5260870047683716 -0.2927013999999999 0.13549576293945265
v 0.6388964647683716 0.07787440000000001 -0.021345237060547362
v 0.6419999647683716 0.04570750000000001 -0.009039237060548544
v 0.6434849547683715 0.013425350000000003 0.00326876293945233
v 0.6433477447683715 -0.018890700000000038 0.015577762939454232
v 0.6415885647683716 -0.051158999999999955 0.027885762939451553
v 0.6382119647683716 -0.0832984000000001 0.040190762939452895
v 0.6332264047683716 -0.11522790000000005 0.0524997629394548
v 0.6266444047683716 -0.14686679999999996 0.06480776293945212
v 0.6184827047683715 -0.1781355 0.07711576293945299
v 0.6087618047683716 -0.208955 0.08942176293945181
v 0.5975061647683716 -0.23924790000000007 0.10173076293945371
v 0.5847441547683716 -0.2689376000000001 0.11403876293945459
v 0.5705080047683716 -0.2979491999999999 0.1263467629394519
v 0.6848528347683716 0.022390249999999945 -0.0029122370605456638
v 0.6851970047683715 -0.0054635000000000655 0.007050762939453392
v 0.6844087047683716 -0.03330809999999995 0.017017762939453007
v 0.6824894047683716 -0.06109790000000004 0.026980762939452063
v 0.6794421647683716 -0.08878659999999994 0.036945762939453175
v 0.6752721047683716 -0.11632850000000006 0.04691076293945429
v 0.6699860647683716 -0.1436782000000001 0.05687476293945437
v 0.6635927547683715 -0.1707904 0.06683876293945445
v 0.6561028047683716 -0.19762049999999998 0.07680276293945454
v 0.6475285047683715 -0.224124 0.08676876293945313
v 0.6378841447683716 -0.25025699999999995 0.09673276293945321
v 0.6271856047683716 -0.2759764 0.1066967629394533
v 0.6154505047683716 -0.3012397 0.11666276293945188
v 0.7254660747683715 -0.04421940000000002 0.01612276293945314
v 0.7237678047683715 -0.06645750000000006 0.023643762939453694
v 0.7213880047683716 -0.08863310000000002 0.03116376293945322
v 0.7183289047683716 -0.11072499999999996 0.03868676293945228
v 0.7145934047683716 -0.13271279999999996 0.046207762939452834
v 0.7101850547683716 -0.1545757000000001 0.05372776293945236
v 0.7051079047683716 -0.17629300000000003 0.06125076293945142
v 0.6993669047683716 -0.19784430000000008 0.0687707629394545
v 0.6929673547683716 -0.2192092000000001 0.0762917629394515
v 0.6859152047683715 -0.24036780000000002 0.08381476293945411
v 0.6782173047683716 -0.2613000999999999 0.09133576293945467
v 0.6698807447683716 -0.28198619999999996 0.0988557629394542
v 0.6609133447683716 -0.30240690000000003 0.10637876293945325
v 0.7583089047683715 -0.1241604999999999 0.036468762939453114
v 0.7556984047683716 -0.13916949999999995 0.04132876293945387
v 0.7527908647683715 -0.15412369999999997 0.04618876293945462
v 0.7495874047683716 -0.16901729999999993 0.051046762939453316
v 0.7460894047683716 -0.1838443999999999 0.05590676293945407
v 0.7422980647683716 -0.19859950000000004 0.060765762939453793
v 0.7382149647683716 -0.21327640000000003 0.06562376293945249
v 0.7338417047683716 -0.2278694000000001 0.07048376293945324
v 0.7291800347683716 -0.2423728999999999 0.075343762939454
v 0.7242317047683716 -0.2567811 0.08020376293945475
v 0.7189988047683716 -0.2710884 0.08506176293945344
v 0.7134832047683716 -0.2852892 0.0899217629394542
v 0.7076871347683715 -0.2993778 0.0947817629394514
v 0.7688806647683716 -0.25479889999999994 0.06999976293945309
v 0.7688806647683716 -0.25479889999999994 0.06999976293945309
v 0.7688806647683716 -0.25479889999999994 0.06999976293945309
v 0.7688806647683716 -0.25479889999999994 0.06999976293945309
v 0.7688806647683716 -0.25479889999999994 0.06999976293945309
v 0.7688806647683716 -0.25479889999999994 0.06999976293945309
v 0.7688806647683716 -0.25479889999999994 0.06999976293945309
v 0.7688806647683716 -0.25479889999999994 0.06999976293945309
v 0.7688806647683716 -0.25479889999999994 0.06999976293945309
v 0.7688806647683716 -0.25479889999999994 0.06999976293945309
v 0.7688806647683716 -0.25479889999999994 0.06999976293945309
v 0.7688806647683716 -0.25479889999999994 0.06999976293945309
v 0.7688806647683716 -0.25479889999999994 0.06999976293945309
v 0.11831080476837164 0.08296269999999994 -0.14988923706054536
v 0.15033050476837162 0.10968864 -0.15042923706054623
v 0.12613810476837162 0.07049419999999995 -0.1563292370605467
v 0.16102370476837158 0.09328590000000003 -0.15436323706054722
v 0.13265610476837164 0.057293999999999956 -0.1449072370605471
v 0.16993410476837156 0.07585039999999998 -0.14139223706054693
v 0.13779720476837154 0.04349910000000001 -0.12879923706054797
v 0.17696320476837157 0.05757520000000005 -0.12398923706054532
v 0.1415081047683715 0.02925270000000002 -0.109596237060547
v 0.18203320476837148 0.03866259999999999 -0.10365723706054553
v 0.14375010476837158 0.014702699999999957 -0.08790923706054699
v 0.18508790476837156 0.019321900000000003 -0.08097223706054635
v 0.14450000476837155 0.0 -0.06399923706054622
v 0.18609360476837167 -0.0002325999999999162 -0.056186237060547484
v 0.14375010476837158 -0.014702699999999957 -0.037945237060547754
v 0.18503900476837165 -0.01978459999999993 -0.02937123706054834
v 0.1415081047683715 -0.029252599999999962 -0.009670237060547038
v 0.18193600476837157 -0.039117599999999975 -0.0004542370605484791
v 0.13779720476837154 -0.04349910000000001 0.021090762939454777
v 0.17681870476837158 -0.058017500000000055 0.03081476293945329
v 0.13265610476837164 -0.057293999999999956 0.054946762939454885
v 0.16974390476837153 -0.07627500000000009 0.06501376293945427
v 0.12613810476837162 -0.07049419999999995 0.09348676293945246
v 0.16079000476837169 -0.09368810000000005 0.10364376293945199
v 0.11831080476837164 -0.0829628 0.14988876293945452
v 0.1500559047683716 -0.1100641 0.15917976293945202
v 0.18337070476837147 0.13496965000000005 -0.1479932370605468
v 0.19668860476837158 0.11469609999999997 -0.1499152370605472
v 0.20777430476837155 0.09312074999999997 -0.13589323706054657
v 0.21650160476837166 0.07048849999999995 -0.11769123706054785
v 0.2227719047683716 0.04705625999999996 -0.09672523706054648
v 0.22651370476837163 0.023089950000000026 -0.07354123706054594
v 0.2276846047683716 -0.0011384000000000949 -0.04837423706054622
v 0.22627150476837166 -0.02535390000000004 -0.0212932370605472
v 0.2222902047683717 -0.049281600000000036 0.007770762939454556
v 0.2157860047683715 -0.0726500000000001 0.039052762939451924
v 0.2068326047683715 -0.09519370000000005 0.07309676293945344
v 0.19553180476837162 -0.11665710000000007 0.11132276293945154
v 0.18201180476837164 -0.13679660000000005 0.16549276293945425
v 0.21828420476837151 0.1576845 -0.14296323706054537
v 0.23376100476837158 0.13367194000000004 -0.14330923706054577
v 0.2466068047683716 0.10815483000000004 -0.12866623706054625
v 0.2566770047683715 0.0814205 -0.11009623706054583
v 0.2638583047683716 0.05376970000000003 -0.08892823706054642
v 0.26806990476837167 0.02551376999999999 -0.06567723706054807
v 0.26926420476837154 -0.0030292999999999015 -0.040561237060547484
v 0.2674280047683715 -0.03153840000000008 -0.013647237060546047
v 0.2625818047683717 -0.05969240000000009 0.015130762939453035
v 0.25478030476837166 -0.08717470000000005 0.04599376293945312
v 0.24411120476837156 -0.11367569999999994 0.07945276293945369
v 0.23069440476837166 -0.1388973 0.11684076293945367
v 0.2146814047683716 -0.1625555999999999 0.169213762939453
v 0.2557137047683715 0.17678729999999998 -0.13566223706054714
v 0.27270710476837157 0.14924510000000002 -0.13480523706054726
v 0.28674510476837156 0.12008540000000001 -0.11992223706054617
v 0.2976755047683717 0.08962440000000005 -0.10136423706054742
v 0.3053800047683717 0.05819200000000002 -0.08037523706054728
v 0.3097750047683716 0.026129069999999976 -0.057434237060547844
v 0.3108128047683716 -0.006217099999999975 -0.03274923706054622
v 0.3084823047683716 -0.03849590000000003 -0.006379237060546217
v 0.30280860476837157 -0.07035740000000001 0.02173276293945392
v 0.29385340476837163 -0.10145650000000006 0.05179576293945232
v 0.2817136047683715 -0.13145610000000008 0.08429076293945315
v 0.26652070476837153 -0.1600311000000001 0.12046276293945368
v 0.24843950476837162 -0.18687180000000003 0.1706617629394529
v 0.2960811047683716 0.1912334 -0.12634323706054573
v 0.3138199047683716 0.16047219999999995 -0.12462223706054587
v 0.32837350476837157 0.12808229999999998 -0.10983623706054857
v 0.33959440476837166 0.09439229999999998 -0.0916252370605477
v 0.34736850476837167 0.05974436000000005 -0.07114923706054554
v 0.35161700476837154 0.02449005999999998 -0.04885523706054684
v 0.3522967047683716 -0.011012900000000103 -0.024936237060547484
v 0.34940080476837165 -0.04640399999999989 0.0005497629394533021
v 0.3429586047683715 -0.08132410000000001 0.027662762939453245
v 0.3330356047683716 -0.1154189000000001 0.05659276293945226
v 0.3197324047683716 -0.14834210000000003 0.08778576293945406
v 0.30318410476837165 -0.17975990000000008 0.12240576293945438
v 0.28355870476837164 -0.20935309999999996 0.17009076293945213
v 0.33956300476837153 0.1999556 -0.11521923706054693
v 0.35719870476837157 0.16641616999999997 -0.11293623706054845
v 0.3715315047683716 0.13133779999999995 -0.09854723706054713
v 0.3824286447683716 0.09504500000000005 -0.08098223706054597
v 0.38978960476837154 0.057873300000000016 -0.06132123706054671
v 0.3935461047683716 0.020166459999999997 -0.03997623706054654
v 0.3936636047683716 -0.01772679999999993 -0.01712423706054622
v 0.39014080476837154 -0.05545620000000007 0.00717876293945352
v 0.38301044476837154 -0.09267280000000011 0.03299076293945191
v 0.37233840476837154 -0.1290325000000001 0.060485762939453735
v 0.3582233047683716 -0.16419899999999998 0.09007876293945216
v 0.3407958047683717 -0.19784709999999994 0.12284476293945445
v 0.3202169047683716 -0.22966580000000003 0.16771876293945454
v 0.38605830476837155 0.2018795 -0.10247923706054607
v 0.40272550476837154 0.16615813999999995 -0.09990523706054688
v 0.41609570476837154 0.12907639999999998 -0.08617923706054853
v 0.42605940476837156 0.09093803 -0.06953423706054807
v 0.43253510476837154 0.05205519999999997 -0.05095623706054653
v 0.43546974476837164 0.01274615999999995 -0.030826237060548323
v 0.4348393047683716 -0.02666719999999989 -0.009311237060547484
v 0.4306489047683716 -0.06586230000000004 0.013540762939452833
v 0.4229330047683716 -0.1045182 0.03778076293945176
v 0.41175460476837156 -0.14231850000000001 0.06357176293945344
v 0.3972052047683716 -0.1789535 0.09129376293945413
v 0.37940406476837163 -0.21412359999999997 0.12193876293945394
v 0.3584969047683715 -0.2475406 0.16373076293945488
v 0.43516010476837164 0.19596744 -0.08831623706054614
v 0.45004470476837155 0.1588311 -0.08568423706054773
v 0.4617666047683716 0.12057865000000001 -0.07286423706054634
v 0.47024333476837155 0.08147870000000002 -0.05737123706054703
v 0.47541540476837163 0.041806200000000016 -0.040115237060547315
v 0.4772464647683716 0.0018399399999999844 -0.02144023706054554
v 0.4757236047683716 -0.0381393000000001 -0.0014992370605462213
v 0.4708576047683716 -0.07785050000000004 0.01966476293945263
v 0.46268254476837156 -0.11701450000000002 0.04209476293945258
v 0.4512560047683716 -0.15535640000000006 0.06594476293945206
v 0.4366581447683716 -0.1926063 0.09155876293945298
v 0.41899170476837155 -0.2285028 0.11984476293945434
v 0.39838075476837154 -0.2627933 0.1583177629394541
v 0.48614450476837157 0.1812798 -0.07292223706054557
v 0.4985572047683716 0.14366460000000003 -0.07043923706054755
v 0.5080642047683716 0.10521214999999995 -0.058727237060548276
v 0.5146100547683716 0.06614642999999998 -0.044594237060547215
v 0.5181565047683716 0.02669520000000003 -0.02886423706054586
v 0.5186831047683715 -0.012911700000000081 -0.01185023706054622
v 0.5161865347683716 -0.05244329999999997 0.006313762939452516
v 0.5106815047683716 -0.09166910000000006 0.025583762939454857
v 0.5022000647683715 -0.1303607 0.04600076293945321
v 0.49079170476837153 -0.16829260000000001 0.06770276293945443
v 0.47652270476837155 -0.20524359999999997 0.09100376293945445
v 0.4594764747683716 -0.24099840000000006 0.11672376293945419
v 0.4397522047683716 -0.2753485 0.15167276293945164
v 0.5379857047683716 0.15704019999999996 -0.056497237060547434
v 0.5474331047683716 0.12002999999999997 -0.05433423706054796
v 0.5543376047683716 0.08246224999999996 -0.04390323706054744
v 0.5586671047683716 0.04451143999999996 -0.03130323706054838
v 0.5604015047683716 0.006353900000000023 -0.01726923706054606
v 0.5595327047683716 -0.031833199999999895 -0.0020862370605456704
v 0.5560648047683716 -0.06987239999999995 0.014125762939453779
v 0.5500138447683716 -0.1075870000000001 0.03133076293945436
v 0.5414080047683716 -0.14480190000000004 0.04956276293945194
v 0.5302872047683715 -0.18134420000000007 0.06894476293945218
v 0.5167030647683716 -0.21704400000000001 0.08976176293945315
v 0.5007188047683716 -0.2517357 0.11274576293945415
v 0.48240864476837153 -0.28525789999999995 0.14399876293945368
v 0.5893978447683715 0.12268584999999999 -0.03924523706054828
v 0.5956427047683716 0.08747243999999998 -0.0375422370605456
v 0.5997856047683716 0.05195039999999995 -0.028528237060548634
v 0.6018120047683716 0.016245069999999973 -0.017597237060545723
v 0.6017148047683716 -0.01951769999999997 -0.00539923706054779
v 0.5994942047683716 -0.05521139999999991 0.007814762939453601
v 0.5951581547683715 -0.09071040000000008 0.021938762939452516
v 0.5887219047683716 -0.1258893000000001 0.03693776293945206
v 0.5802082047683715 -0.1606240000000001 0.05284876293945473
v 0.5696470747683716 -0.19479179999999996 0.06977476293945273
v 0.5570757347683716 -0.22827229999999998 0.08796676293945183
v 0.5425386447683715 -0.26094719999999993 0.10807776293945182
v 0.5260870047683716 -0.2927013999999999 0.13549576293945265
v 0.6388964647683716 0.07787440000000001 -0.021345237060547362
v 0.6419999647683716 0.04570750000000001 -0.020209237060548446
v 0.6434849547683715 0.013425350000000003 -0.012719237060547783
v 0.6433477447683715 -0.018890700000000038 -0.0035672370605475123
v 0.6415885647683716 -0.051158999999999955 0.006686762939452251
v 0.6382119647683716 -0.0832984000000001 0.017823762939453758
v 0.6332264047683716 -0.11522790000000005 0.02975076293945378
v 0.6266444047683716 -0.14686679999999996 0.04243876293945448
v 0.6184827047683715 -0.1781355 0.05591776293945472
v 0.6087618047683716 -0.208955 0.07028076293945418
v 0.5975061647683716 -0.23924790000000007 0.08574076293945154
v 0.5847441547683716 -0.2689376000000001 0.10286876293945468
v 0.5705080047683716 -0.2979491999999999 0.1263467629394519
v 0.6848528347683716 0.022390249999999945 -0.0029122370605456638
v 0.6851970047683715 -0.0054635000000000655 -0.0024292370605465408
v 0.6844087047683716 -0.03330809999999995 0.003444762939452062
v 0.6824894047683716 -0.06109790000000004 0.010730762939452632
v 0.6794421647683716 -0.08878659999999994 0.01895076293945408
v 0.6752721047683716 -0.11632850000000006 0.027920762939452004
v 0.6699860647683716 -0.1436782000000001 0.037563762939452516
v 0.6635927547683715 -0.1707904 0.04785076293945423
v 0.6561028047683716 -0.19762049999999998 0.05880976293945395
v 0.6475285047683715 -0.224124 0.0705187629394537
v 0.6378841447683716 -0.25025699999999995 0.08316076293945329
v 0.6271856047683716 -0.2759764 0.09721576293945233
v 0.6154505047683716 -0.3012397 0.11666276293945188
v 0.7254660747683715 -0.04421940000000002 0.01612276293945314
v 0.7237678047683715 -0.06645750000000006 0.0158507629394542
v 0.7213880047683716 -0.08863310000000002 0.0200077629394535
v 0.7183289047683716 -0.11072499999999996 0.0253277629394546
v 0.7145934047683716 -0.13271279999999996 0.03141576293945292
v 0.7101850547683716 -0.1545757000000001 0.0381207629394531
v 0.7051079047683716 -0.17629300000000003 0.04537576293945378
v 0.6993669047683716 -0.19784430000000008 0.053160762939452155
v 0.6929673547683716 -0.2192092000000001 0.06150076293945261
v 0.6859152047683715 -0.24036780000000002 0.07045576293945288
v 0.6782173047683716 -0.2613000999999999 0.08017876293945392
v 0.6698807447683716 -0.28198619999999996 0.0910627629394547
v 0.6609133447683716 -0.30240690000000003 0.10637876293945325
v 0.7583089047683715 -0.1241604999999999 0.036468762939453114
v 0.7556984047683716 -0.13916949999999995 0.035220762939452754
v 0.7527908647683715 -0.15412369999999997 0.03744676293945304
v 0.7495874047683716 -0.16901729999999993 0.04058076293945234
v 0.7460894047683716 -0.1838443999999999 0.0443167629394523
v 0.7422980647683716 -0.19859950000000004 0.048536762939452416
v 0.7382149647683716 -0.21327640000000003 0.053188762939452516
v 0.7338417047683716 -0.2278694000000001 0.05825576293945289
v 0.7291800347683716 -0.2423728999999999 0.06375476293945326
v 0.7242317047683716 -0.2567811 0.06973676293945275
v 0.7189988047683716 -0.2710884 0.07632076293945289
v 0.7134832047683716 -0.2852892 0.08381476293945411
v 0.7076871347683715 -0.2993778 0.0947817629394514
v 0.7688806647683716 -0.25479889999999994 0.06999976293945309
v 0.7688806647683716 -0.25479889999999994 0.06558076293945447
v 0.7688806647683716 -0.25479889999999994 0.06367476293945273
v 0.7688806647683716 -0.25479889999999994 0.0624277629394534
v 0.7688806647683716 -0.25479889999999994 0.06161476293945256
v 0.7688806647683716 -0.25479889999999994 0.06115076293945165
v 0.7688806647683716 -0.25479889999999994 0.06100076293945378
v 0.7688806647683716 -0.25479889999999994 0.06115076293945165
v 0.7688806647683716 -0.25479889999999994 0.06161476293945256
v 0.7688806647683716 -0.25479889999999994 0.0624277629394534
v 0.7688806647683716 -0.25479889999999994 0.06367476293945273
v 0.7688806647683716 -0.25479889999999994 0.06558076293945447
v 0.7688806647683716 -0.25479889999999994 0.06999976293945309
v -0.13100329523162846 0.0609788 -0.14988923706054536
v -0.1241187952316285 0.07399166000000001 -0.12490923706054602
v -0.1701584952316284 0.07534574999999999 -0.15042923706054623
v -0.1612997952316284 0.09280765000000002 -0.12462823706054849
v -0.11594619523162852 0.0862366 -0.09992623706054715
v -0.15065539523162852 0.10924199999999995 -0.09882723706054719
v -0.10656989523162852 0.09758633000000005 -0.07494523706054679
v -0.13834319523162852 0.124467 -0.0730262370605459
v -0.09608759523162846 0.1079232 -0.049963237060545396
v -0.12449939523162845 0.13831406999999996 -0.04722623706054563
v -0.08460799523162832 0.11713989999999996 -0.024982237060548584
v -0.10927729523162832 0.15062989999999998 -0.021425237060547886
v -0.07224999523162845 0.12514066999999995 7.629394538355427e-07
v -0.09284529523162832 0.16127809999999998 0.004375762939453409
v -0.05914209523162839 0.13184255 0.024982762939451675
v -0.07538559523162847 0.17014079999999998 0.030175762939453676
v -0.04542039523162833 0.13717590000000002 0.049962762939454564
v -0.05709119523162842 0.17712000000000006 0.05597676293945142
v -0.03122739523162843 0.14108544999999995 0.07494576293945343
v -0.038164695231628354 0.18213820000000003 0.08177776293945271
v -0.016709995231628527 0.14353059999999995 0.09992576293945277
v -0.01881589523162841 0.18514010000000003 0.10757876293945401
v -0.0020192952316284707 0.14448589999999994 0.12490876293945163
v 0.0007414047683715896 0.18609226 0.13337876293945428
v 0.012692404768371635 0.14394149999999994 0.14988876293945452
v 0.020290404768371628 0.18498426999999995 0.15917976293945202
v -0.20857249523162835 0.09131884999999995 -0.1479932370605468
v -0.19767399523162843 0.11298929999999996 -0.12186923706054742
v -0.18453199523162844 0.13337739999999998 -0.09574523706054805
v -0.16929569523162846 0.15225166 -0.06962223706054615
v -0.15213789523162835 0.16939795000000002 -0.04349723706054576
v -0.13325329523162832 0.18462162999999998 -0.017374237060547415
v -0.11285639523162838 0.19774990000000003 0.008750762939452983
v -0.09117869523162847 0.20863379999999998 0.03487376293945488
v -0.06846599523162844 0.21714973000000004 0.06099676293945322
v -0.044976195231628324 0.22320110000000004 0.08712176293945362
v -0.020976095231628467 0.2267192 0.11324476293945196
v 0.0032622047683716904 0.22766410000000004 0.13937076293945339
v 0.027463404768371502 0.22602509999999998 0.16549276293945425
v -0.24570079523162835 0.1101974 -0.14296323706054537
v -0.23264369523162842 0.13560700000000003 -0.11694923706054539
v -0.21696829523162853 0.15949035 -0.0909352370605454
v -0.19885079523162852 0.18157860000000003 -0.06491923706054692
v -0.17849499523162837 0.20162314000000003 -0.03890423706054591
v -0.15613039523162842 0.2193984 -0.012889237060548453
v -0.1320086952316284 0.23470429999999998 0.013124762939451529
v -0.10640099523162849 0.24736860000000005 0.039140762939453566
v -0.07959579523162841 0.25724875999999997 0.06515476293945355
v -0.051894695231628374 0.26423346999999997 0.09116976293945456
v -0.023609495231628363 0.26824426999999995 0.11718376293945454
v 0.004941304768371513 0.2692359 0.14319776293945452
v 0.03343650476837157 0.26719725000000005 0.169213762939453
v -0.2809590952316283 0.13306092999999997 -0.13566223706054714
v -0.2656034952316284 0.16154873000000003 -0.11013423706054581
v -0.24736969523162844 0.18828579999999995 -0.08460823706054654
v -0.22645469523162842 0.21298240000000002 -0.05907923706054774
v -0.2030857952316285 0.2353708 -0.033554237060545944
v -0.17751589523162847 0.25520849999999995 -0.00802623706054817
v -0.15002229523162836 0.27228034 0.01750076293945213
v -0.12090279523162839 0.28640144999999995 0.043025762939453926
v -0.09047309523162839 0.29741870000000004 0.0685537629394517
v -0.059062795231628495 0.30521279999999995 0.094080762939452
v -0.02701249523162841 0.30969919999999995 0.1196077629394523
v 0.005330604768371661 0.3108293 0.14513376293945157
v 0.03761590476837151 0.3085909 0.1706617629394529
v -0.3136535952316284 0.16079699999999997 -0.12634323706054573
v -0.2958829952316284 0.19153989999999999 -0.1016392370605459
v -0.27510919523162847 0.2203387 -0.07693623706054709
v -0.2515432952316283 0.24690115 -0.05223323706054828
v -0.22542439523162838 0.27095769999999997 -0.027530237060545915
v -0.1970173952316283 0.29226416 -0.0028292370605456085
v -0.16661099523162837 0.31060430000000006 0.021875762939451704
v -0.13451339523162842 0.32579195000000005 0.04657776293945304
v -0.10105049523162846 0.33767294999999997 0.07128076293945185
v -0.06656219523162843 0.3461267 0.09598376293945421
v -0.031398195231628456 0.3510675 0.12068576293945199
v 0.00408460476837158 0.35244509999999996 0.14538976293945183
v 0.03952570476837147 0.35024553999999997 0.17009076293945213
v -0.3429480952316284 0.19409233000000004 -0.11521923706054693
v -0.32271989523162836 0.22613512999999996 -0.09164023706054536
v -0.2995075952316284 0.25608679999999995 -0.06806223706054837
v -0.2735256952316285 0.2836704 -0.0444852370605453
v -0.2450145952316285 0.30863105999999996 -0.020906237060547284
v -0.21423779523162834 0.3307377 0.0026717629394532594
v -0.18147989523162833 0.34978604 0.02625076293945483
v -0.14704399523162848 0.36560000000000004 0.049827762939454345
v -0.11124829523162849 0.37803316 0.07340576293945489
v -0.07442379523162845 0.38697075999999997 0.0969847629394529
v -0.036911295231628394 0.39232999999999996 0.1205607629394514
v 0.0009427047683716605 0.3940614 0.144140762939454
v 0.03878800476837152 0.39214885 0.16771876293945454
v -0.36786199523162844 0.23339653000000005 -0.10247923706054607
v -0.34525989523162837 0.26569146 -0.08029523706054675
v -0.3198313952316285 0.29581124000000003 -0.05811123706054744
v -0.29178439523162836 0.3235093 -0.03592723706054812
v -0.26134859523162834 0.34855879999999995 -0.013744237060546283
v -0.22877339523162843 0.37075484000000003 0.00844076293945406
v -0.19432509523162844 0.38991549999999997 0.030624762939453376
v -0.15828599523162845 0.40588415 0.05280876293945269
v -0.12095109523162839 0.41852979999999995 0.074992762939452
v -0.08262589523162833 0.42774915999999996 0.09717776293945235
v -0.04362429523162836 0.43346655 0.11936176293945167
v -0.004265695231628452 0.43563529999999995 0.14154576293945453
v 0.035128004768371524 0.43423769999999995 0.16373076293945488
v -0.38729289523162835 0.27887595 -0.08831623706054614
v -0.36257419523162837 0.31033456000000004 -0.06776423706054757
v -0.3353074952316284 0.33961224999999995 -0.047210237060546945
v -0.3056842952316283 0.3665033 -0.02665923706054585
v -0.2739129952316284 0.39081869999999996 -0.006105237060545221
v -0.24021659523162842 0.41238759999999997 0.014445762939452322
v -0.20483219523162832 0.43105839999999995 0.03500076293945398
v -0.1680082952316284 0.44669985999999995 0.05555376293945358
v -0.13000369523162836 0.4592022 0.07610476293945467
v -0.0910853952316284 0.4684773 0.09665876293945175
v -0.05152709523162846 0.47446024 0.11721076293945387
v -0.011606695231628494 0.47710884 0.13776376293945347
v 0.0283953047683716 0.47640455000000004 0.1583177629394541
v -0.4000651952316283 0.33037360000000005 -0.07292223706054557
v -0.3736958952316285 0.35993090000000005 -0.05420723706054531
v -0.3451483952316283 0.38739049999999997 -0.03548923706054552
v -0.3145894952316284 0.41259219999999996 -0.016773237060547785
v -0.28219699523162833 0.43538916000000005 0.0019407629394514458
v -0.24815979523162834 0.45564854 0.02065876293945479
v -0.2126761952316285 0.47325229999999996 0.03937576293945355
v -0.1759528952316285 0.48809769999999997 0.05809176293945484
v -0.13820429523162847 0.5000983999999999 0.07680676293945154
v -0.09965009523162838 0.50918436 0.09552376293945386
v -0.060515195231628516 0.5153026 0.11424076293945262
v -0.021027595231628338 0.51841748 0.13295576293945288
v 0.01858270476837154 0.51851088 0.15167276293945164
v -0.4049936952316284 0.3873892 -0.056497237060547434
v -0.37766559523162835 0.414076 -0.03979123706054821
v -0.3485831952316285 0.43883930000000004 -0.023082237060545907
v -0.3178815952316285 0.4615642 -0.006374237060548182
v -0.2857032952316285 0.48214495 0.010333762939453095
v -0.25219799523162845 0.50048614 0.027042762939451848
v -0.21752109523162844 0.51650244 0.043750762939453125
v -0.18183389523162852 0.53011948 0.060456762939452346
v -0.14530179523162845 0.541274 0.07716576293945465
v -0.10809489523162852 0.54991424 0.09387376293945238
v -0.07038589523162853 0.556 0.11058276293945468
v -0.0323499952316284 0.55950308 0.1272907629394524
v 0.005836404768371661 0.5604070999999999 0.14399876293945368
v -0.4009478952316283 0.4490906 -0.03924523706054828
v -0.37357469523162834 0.47210544 -0.024685237060545262
v -0.34488319523162847 0.49345434 -0.010122237060546269
v -0.31497469523162835 0.513062 0.004440762939452725
v -0.28395459523162847 0.5308591 0.019000762939452187
v -0.2519325952316285 0.54678297 0.03356376293945473
v -0.21902159523162834 0.5607773 0.04812476293945167
v -0.18533769523162835 0.57279283 0.06268676293945319
v -0.15099969523162837 0.5827870399999999 0.07724976293945218
v -0.11612879523162833 0.59072477 0.09181076293945267
v -0.08084819523162845 0.59657788 0.10637276293945419
v -0.04528239523162836 0.60032588 0.12093376293945468
v -0.009556695231628387 0.6019554 0.13549576293945265
v -0.3868894952316284 0.51436335 -0.021345237060547362
v -0.3605838952316285 0.53313452 -0.009039237060548544
v -0.3333690952316284 0.55056167 0.00326876293945233
v -0.30531409523162845 0.5666008 0.015577762939454232
v -0.27648929523162846 0.5812115 0.027885762939451553
v -0.24696739523162847 0.594357 0.040190762939452895
v -0.21682289523162845 0.6060041199999999 0.0524997629394548
v -0.18613179523162837 0.61612344 0.06480776293945212
v -0.15497149523162834 0.62468952 0.07711576293945299
v -0.12342049523162846 0.63168073 0.08942176293945181
v -0.0915582952316285 0.6370794200000001 0.10173076293945371
v -0.05946529523162836 0.64087206 0.11403876293945459
v -0.027222395231628393 0.6430490600000001 0.1263467629394519
v -0.36181699523162836 0.58190483 -0.0029122370605456638
v -0.33786699523162844 0.59612972 0.007050762939453392
v -0.3133586952316285 0.6093694599999999 0.017017762939453007
v -0.2883322952316285 0.6216021199999999 0.026980762939452063
v -0.26282969523162847 0.6328075 0.036945762939453175
v -0.2368925952316283 0.64296705 0.04691076293945429
v -0.2105639952316285 0.65206403 0.05687476293945437
v -0.1838874952316285 0.6600834 0.06683876293945445
v -0.15690699523162843 0.66701192 0.07680276293945454
v -0.12966729523162845 0.67283815 0.08676876293945313
v -0.10221309523162847 0.67755234 0.09673276293945321
v -0.07459019523162835 0.68114686 0.1066967629394533
v -0.04684399523162841 0.68361568 0.11666276293945188
v -0.32443799523162853 0.6503818 0.01612276293945314
v -0.3043299952316285 0.66003007 0.023643762939453694
v -0.2839355952316285 0.6690568299999999 0.03116376293945322
v -0.26327369523162836 0.67745358 0.03868676293945228
v -0.2423638952316285 0.68521243 0.046207762939452834
v -0.2212260952316285 0.69232613 0.05372776293945236
v -0.19987979523162847 0.69878787 0.06125076293945142
v -0.17834529523162845 0.70459163 0.0687707629394545
v -0.15664289523162833 0.70973194 0.0762917629394515
v -0.13479299523162847 0.7142039499999999 0.08381476293945411
v -0.11281619523162845 0.71800345 0.09133576293945467
v -0.09073319523162837 0.72112685 0.0988557629394542
v -0.06856469523162834 0.7235712400000001 0.10637876293945325
v -0.27162829523162846 0.7187950000000001 0.036468762939453114
v -0.2573248952316285 0.72403872 0.04132876293945387
v -0.24292039523162834 0.72899783 0.04618876293945462
v -0.22842049523162844 0.7336704000000001 0.051046762939453316
v -0.21383069523162845 0.7380546299999999 0.05590676293945407
v -0.1991568952316285 0.7421487 0.060765762939453793
v -0.1844046952316285 0.74595112 0.06562376293945249
v -0.16958019523162848 0.74946028 0.07048376293945324
v -0.15468899523162838 0.75267488 0.075343762939454
v -0.13973689523162847 0.75559366 0.08020376293945475
v -0.12472999523162831 0.75821543 0.08506176293945344
v -0.10967399523162835 0.7605391699999999 0.0899217629394542
v -0.09457479523162848 0.7625639399999999 0.0947817629394514
v -0.1637779952316285 0.7932697 0.06999976293945309
v -0.1637779952316285 0.7932697 0.06999976293945309
v -0.1637779952316285 0.7932697 0.06999976293945309
v -0.1637779952316285 0.7932697 0.06999976293945309
v -0.1637779952316285 0.7932697 0.06999976293945309
v -0.1637779952316285 0.7932697 0.06999976293945309
v -0.1637779952316285 0.7932697 0.06999976293945309
v -0.1637779952316285 0.7932697 0.06999976293945309
v -0.1637779952316285 0.7932697 0.06999976293945309
v -0.1637779952316285 0.7932697 0.06999976293945309
v -0.1637779952316285 0.7932697 0.06999976293945309
v -0.1637779952316285 0.7932697 0.06999976293945309
v -0.1637779952316285 0.7932697 0.06999976293945309
v -0.13100329523162846 0.0609788 -0.14988923706054536
v -0.1701584952316284 0.07534574999999999 -0.15042923706054623
v -0.1241187952316285 0.07399166000000001 -0.1563292370605467
v -0.1612997952316284 0.09280765000000002 -0.15436323706054722
v -0.11594619523162852 0.0862366 -0.1449072370605471
v -0.15065539523162852 0.10924199999999995 -0.14139223706054693
v -0.10656989523162852 0.09758633000000005 -0.12879923706054797
v -0.13834319523162852 0.124467 -0.12398923706054532
v -0.09608759523162846 0.1079232 -0.109596237060547
v -0.12449939523162845 0.13831406999999996 -0.10365723706054553
v -0.08460799523162832 0.11713989999999996 -0.08790923706054699
v -0.10927729523162832 0.15062989999999998 -0.08097223706054635
v -0.07224999523162845 0.12514066999999995 -0.06399923706054622
v -0.09284529523162832 0.16127809999999998 -0.056186237060547484
v -0.05914209523162839 0.13184255 -0.037945237060547754
v -0.07538559523162847 0.17014079999999998 -0.02937123706054834
v -0.04542039523162833 0.13717590000000002 -0.009670237060547038
v -0.05709119523162842 0.17712000000000006 -0.0004542370605484791
v -0.03122739523162843 0.14108544999999995 0.021090762939454777
v -0.038164695231628354 0.18213820000000003 0.03081476293945329
v -0.016709995231628527 0.14353059999999995 0.054946762939454885
v -0.01881589523162841 0.18514010000000003 0.06501376293945427
v -0.0020192952316284707 0.14448589999999994 0.09348676293945246
v 0.0007414047683715896 0.18609226 0.10364376293945199
v 0.012692404768371635 0.14394149999999994 0.14988876293945452
v 0.020290404768371628 0.18498426999999995 0.15917976293945202
v -0.20857249523162835 0.09131884999999995 -0.1479932370605468
v -0.19767399523162843 0.11298929999999996 -0.1499152370605472
v -0.18453199523162844 0.13337739999999998 -0.13589323706054657
v -0.16929569523162846 0.15225166 -0.11769123706054785
v -0.15213789523162835 0.16939795000000002 -0.09672523706054648
v -0.13325329523162832 0.18462162999999998 -0.07354123706054594
v -0.11285639523162838 0.19774990000000003 -0.04837423706054622
v -0.09117869523162847 0.20863379999999998 -0.0212932370605472
v -0.06846599523162844 0.21714973000000004 0.007770762939454556
v -0.044976195231628324 0.22320110000000004 0.039052762939451924
v -0.020976095231628467 0.2267192 0.07309676293945344
v 0.0032622047683716904 0.22766410000000004 0.11132276293945154
v 0.027463404768371502 0.22602509999999998 0.16549276293945425
v -0.24570079523162835 0.1101974 -0.14296323706054537
v -0.23264369523162842 0.13560700000000003 -0.14330923706054577
v -0.21696829523162853 0.15949035 -0.12866623706054625
v -0.19885079523162852 0.18157860000000003 -0.11009623706054583
v -0.17849499523162837 0.20162314000000003 -0.08892823706054642
v -0.15613039523162842 0.2193984 -0.06567723706054807
v -0.1320086952316284 0.23470429999999998 -0.040561237060547484
v -0.10640099523162849 0.24736860000000005 -0.013647237060546047
v -0.07959579523162841 0.25724875999999997 0.015130762939453035
v -0.051894695231628374 0.26423346999999997 0.04599376293945312
v -0.023609495231628363 0.26824426999999995 0.07945276293945369
v 0.004941304768371513 0.2692359 0.11684076293945367
v 0.03343650476837157 0.26719725000000005 0.169213762939453
v -0.2809590952316283 0.13306092999999997 -0.13566223706054714
v -0.2656034952316284 0.16154873000000003 -0.13480523706054726
v -0.24736969523162844 0.18828579999999995 -0.11992223706054617
v -0.22645469523162842 0.21298240000000002 -0.10136423706054742
v -0.2030857952316285 0.2353708 -0.08037523706054728
v -0.17751589523162847 0.25520849999999995 -0.057434237060547844
v -0.15002229523162836 0.27228034 -0.03274923706054622
v -0.12090279523162839 0.28640144999999995 -0.006379237060546217
v -0.09047309523162839 0.29741870000000004 0.02173276293945392
v -0.059062795231628495 0.30521279999999995 0.05179576293945232
v -0.02701249523162841 0.30969919999999995 0.08429076293945315
v 0.005330604768371661 0.3108293 0.12046276293945368
v 0.03761590476837151 0.3085909 0.1706617629394529
v -0.3136535952316284 0.16079699999999997 -0.12634323706054573
v -0.2958829952316284 0.19153989999999999 -0.12462223706054587
v -0.27510919523162847 0.2203387 -0.10983623706054857
v -0.2515432952316283 0.24690115 -0.0916252370605477
v -0.22542439523162838 0.27095769999999997 -0.07114923706054554
v -0.1970173952316283 0.29226416 -0.04885523706054684
v -0.16661099523162837 0.31060430000000006 -0.024936237060547484
v -0.13451339523162842 0.32579195000000005 0.0005497629394533021
v -0.10105049523162846 0.33767294999999997 0.027662762939453245
v -0.06656219523162843 0.3461267 0.05659276293945226
v -0.031398195231628456 0.3510675 0.08778576293945406
v 0.00408460476837158 0.35244509999999996 0.12240576293945438
v 0.03952570476837147 0.35024553999999997 0.17009076293945213
v -0.3429480952316284 0.19409233000000004 -0.11521923706054693
v -0.32271989523162836 0.22613512999999996 -0.11293623706054845
v -0.2995075952316284 0.25608679999999995 -0.09854723706054713
v -0.2735256952316285 0.2836704 -0.08098223706054597
v -0.2450145952316285 0.30863105999999996 -0.06132123706054671
v -0.21423779523162834 0.3307377 -0.03997623706054654
v -0.18147989523162833 0.34978604 -0.01712423706054622
v -0.14704399523162848 0.36560000000000004 0.00717876293945352
v -0.11124829523162849 0.37803316 0.03299076293945191
v -0.07442379523162845 0.38697075999999997 0.060485762939453735
v -0.036911295231628394 0.39232999999999996 0.09007876293945216
v 0.0009427047683716605 0.3940614 0.12284476293945445
v 0.03878800476837152 0.39214885 0.16771876293945454
v -0.36786199523162844 0.23339653000000005 -0.10247923706054607
v -0.34525989523162837 0.26569146 -0.09990523706054688
v -0.3198313952316285 0.29581124000000003 -0.08617923706054853
v -0.29178439523162836 0.3235093 -0.06953423706054807
v -0.26134859523162834 0.34855879999999995 -0.05095623706054653
v -0.22877339523162843 0.37075484000000003 -0.030826237060548323
v -0.19432509523162844 0.38991549999999997 -0.009311237060547484
v -0.15828599523162845 0.40588415 0.013540762939452833
v -0.12095109523162839 0.41852979999999995 0.03778076293945176
v -0.08262589523162833 0.42774915999999996 0.06357176293945344
v -0.04362429523162836 0.43346655 0.09129376293945413
v -0.004265695231628452 0.43563529999999995 0.12193876293945394
v 0.035128004768371524 0.43423769999999995 0.16373076293945488
v -0.38729289523162835 0.27887595 -0.08831623706054614
v -0.36257419523162837 0.31033456000000004 -0.08568423706054773
v -0.3353074952316284 0.33961224999999995 -0.07286423706054634
v -0.3056842952316283 0.3665033 -0.05737123706054703
v -0.2739129952316284 0.39081869999999996 -0.040115237060547315
v -0.24021659523162842 0.41238759999999997 -0.02144023706054554
v -0.20483219523162832 0.43105839999999995 -0.0014992370605462213
v -0.1680082952316284 0.44669985999999995 0.01966476293945263
v -0.13000369523162836 0.4592022 0.04209476293945258
v -0.0910853952316284 0.4684773 0.06594476293945206
v -0.05152709523162846 0.47446024 0.09155876293945298
v -0.011606695231628494 0.47710884 0.11984476293945434
v 0.0283953047683716 0.47640455000000004 0.1583177629394541
v -0.4000651952316283 0.33037360000000005 -0.07292223706054557
v -0.3736958952316285 0.35993090000000005 -0.07043923706054755
v -0.3451483952316283 0.38739049999999997 -0.058727237060548276
v -0.3145894952316284 0.41259219999999996 -0.044594237060547215
v -0.28219699523162833 0.43538916000000005 -0.02886423706054586
v -0.24815979523162834 0.45564854 -0.01185023706054622
v -0.2126761952316285 0.47325229999999996 0.006313762939452516
v -0.1759528952316285 0.48809769999999997 0.025583762939454857
v -0.13820429523162847 0.5000983999999999 0.04600076293945321
v -0.09965009523162838 0.50918436 0.06770276293945443
v -0.060515195231628516 0.5153026 0.09100376293945445
v -0.021027595231628338 0.51841748 0.11672376293945419
v 0.01858270476837154 0.51851088 0.15167276293945164
v -0.4049936952316284 0.3873892 -0.056497237060547434
v -0.37766559523162835 0.414076 -0.05433423706054796
v -0.3485831952316285 0.43883930000000004 -0.04390323706054744
v -0.3178815952316285 0.4615642 -0.03130323706054838
v -0.2857032952316285 0.48214495 -0.01726923706054606
v -0.25219799523162845 0.50048614 -0.0020862370605456704
v -0.21752109523162844 0.51650244 0.014125762939453779
v -0.18183389523162852 0.53011948 0.03133076293945436
v -0.14530179523162845 0.541274 0.04956276293945194
v -0.10809489523162852 0.54991424 0.06894476293945218
v -0.07038589523162853 0.556 0.08976176293945315
v -0.0323499952316284 0.55950308 0.11274576293945415
v 0.005836404768371661 0.5604070999999999 0.14399876293945368
v -0.4009478952316283 0.4490906 -0.03924523706054828
v -0.37357469523162834 0.47210544 -0.0375422370605456
v -0.34488319523162847 0.49345434 -0.028528237060548634
v -0.31497469523162835 0.513062 -0.017597237060545723
v -0.28395459523162847 0.5308591 -0.00539923706054779
v -0.2519325952316285 0.54678297 0.007814762939453601
v -0.21902159523162834 0.5607773 0.021938762939452516
v -0.18533769523162835 0.57279283 0.03693776293945206
v -0.15099969523162837 0.5827870399999999 0.05284876293945473
v -0.11612879523162833 0.59072477 0.06977476293945273
v -0.08084819523162845 0.59657788 0.08796676293945183
v -0.04528239523162836 0.60032588 0.10807776293945182
v -0.009556695231628387 0.6019554 0.13549576293945265
v -0.3868894952316284 0.51436335 -0.021345237060547362
v -0.3605838952316285 0.53313452 -0.020209237060548446
v -0.3333690952316284 0.55056167 -0.012719237060547783
v -0.30531409523162845 0.5666008 -0.0035672370605475123
v -0.27648929523162846 0.5812115 0.006686762939452251
v -0.24696739523162847 0.594357 0.017823762939453758
v -0.21682289523162845 0.6060041199999999 0.02975076293945378
v -0.18613179523162837 0.61612344 0.04243876293945448
v -0.15497149523162834 0.62468952 0.05591776293945472
v -0.12342049523162846 0.63168073 0.07028076293945418
v -0.0915582952316285 0.6370794200000001 0.08574076293945154
v -0.05946529523162836 0.64087206 0.10286876293945468
v -0.027222395231628393 0.6430490600000001 0.1263467629394519
v -0.36181699523162836 0.58190483 -0.0029122370605456638
v -0.33786699523162844 0.59612972 -0.0024292370605465408
v -0.3133586952316285 0.6093694599999999 0.003444762939452062
v -0.2883322952316285 0.6216021199999999 0.010730762939452632
v -0.26282969523162847 0.6328075 0.01895076293945408
v -0.2368925952316283 0.64296705 0.027920762939452004
v -0.2105639952316285 0.65206403 0.037563762939452516
v -0.1838874952316285 0.6600834 0.04785076293945423
v -0.15690699523162843 0.66701192 0.05880976293945395
v -0.12966729523162845 0.67283815 0.0705187629394537
v -0.10221309523162847 0.67755234 0.08316076293945329
v -0.07459019523162835 0.68114686 0.09721576293945233
v -0.04684399523162841 0.68361568 0.11666276293945188
v -0.32443799523162853 0.6503818 0.01612276293945314
v -0.3043299952316285 0.66003007 0.0158507629394542
v -0.2839355952316285 0.6690568299999999 0.0200077629394535
v -0.26327369523162836 0.67745358 0.0253277629394546
v -0.2423638952316285 0.68521243 0.03141576293945292
v -0.2212260952316285 0.69232613 0.0381207629394531
v -0.19987979523162847 0.69878787 0.04537576293945378
v -0.17834529523162845 0.70459163 0.053160762939452155
v -0.15664289523162833 0.70973194 0.06150076293945261
v -0.13479299523162847 0.7142039499999999 0.07045576293945288
v -0.11281619523162845 0.71800345 0.08017876293945392
v -0.09073319523162837 0.72112685 0.0910627629394547
v -0.06856469523162834 0.7235712400000001 0.10637876293945325
v -0.27162829523162846 0.7187950000000001 0.036468762939453114
v -0.2573248952316285 0.72403872 0.035220762939452754
v -0.24292039523162834 0.72899783 0.03744676293945304
v -0.22842049523162844 0.7336704000000001 0.04058076293945234
v -0.21383069523162845 0.7380546299999999 0.0443167629394523
v -0.1991568952316285 0.7421487 0.048536762939452416
v -0.1844046952316285 0.74595112 0.053188762939452516
v -0.16958019523162848 0.74946028 0.05825576293945289
v -0.15468899523162838 0.75267488 0.06375476293945326
v -0.13973689523162847 0.75559366 0.06973676293945275
v -0.12472999523162831 0.75821543 0.07632076293945289
v -0.10967399523162835 0.7605391699999999 0.08381476293945411
v -0.09457479523162848 0.7625639399999999 0.0947817629394514
v -0.1637779952316285 0.7932697 0.06999976293945309
v -0.1637779952316285 0.7932697 0.06558076293945447
v -0.1637779952316285 0.7932697 0.06367476293945273
v -0.1637779952316285 0.7932697 0.0624277629394534
v -0.1637779952316285 0.7932697 0.06161476293945256
v -0.1637779952316285 0.7932697 0.06115076293945165
v -0.1637779952316285 0.7932697 0.06100076293945378
v -0.1637779952316285 0.7932697 0.06115076293945165
v -0.1637779952316285 0.7932697 0.06161476293945256
v -0.1637779952316285 0.7932697 0.0624277629394534
v -0.1637779952316285 0.7932697 0.06367476293945273
v -0.1637779952316285 0.7932697 0.06558076293945447
v -0.1637779952316285 0.7932697 0.06999976293945309
v 0.012692404768371635 -0.14394149999999994 -0.14988923706054536
v -0.0020192952316284707 -0.1444859999999999 -0.12490923706054602
v 0.019827804768371537 -0.18503439999999993 -0.15042923706054623
v 0.0002761047683714768 -0.18609359999999997 -0.12462823706054849
v -0.016709995231628527 -0.14353060000000006 -0.09992623706054715
v -0.019278695231628395 -0.18509240000000005 -0.09882723706054719
v -0.03122739523162843 -0.14108549999999997 -0.07494523706054679
v -0.0386199952316284 -0.18204219999999993 -0.0730262370605459
v -0.04542039523162833 -0.1371758999999999 -0.049963237060545396
v -0.05753389523162844 -0.1769767 -0.04722623706054563
v -0.05914209523162839 -0.13184250000000008 -0.024982237060548584
v -0.07581069523162842 -0.1699518 -0.021425237060547886
v -0.07224999523162845 -0.1251407 7.629394538355427e-07
v -0.09324829523162848 -0.1610453999999999 0.004375762939453409
v -0.08460799523162832 -0.11713989999999996 0.024982762939451675
v -0.10965349523162837 -0.1503563000000001 0.030175762939453676
v -0.09608759523162846 -0.10792329999999994 0.049962762939454564
v -0.1248447952316285 -0.13800239999999997 0.05597676293945142
v -0.10656989523162852 -0.09758639999999996 0.07494576293945343
v -0.13865389523162852 -0.12412080000000003 0.08177776293945271
v -0.11594619523162852 -0.08623660000000011 0.09992576293945277
v -0.1509280952316283 -0.10886499999999999 0.10757876293945401
v -0.1241187952316285 -0.0739917000000001 0.12490876293945163
v -0.16153129523162835 -0.09240409999999999 0.13337876293945428
v -0.13100329523162846 -0.0609788 0.14988876293945452
v -0.17034629523162836 -0.07492019999999999 0.15917976293945202
v 0.025201804768371527 -0.22628840000000006 -0.1479932370605468
v 0.0009854047683715006 -0.2276853000000001 -0.12186923706054742
v -0.023242195231628404 -0.22649809999999992 -0.09574523706054805
v -0.047205995231628384 -0.22274020000000005 -0.06962223706054615
v -0.07063399523162839 -0.2164543000000001 -0.04349723706054576
v -0.09326039523162843 -0.2077116000000001 -0.017374237060547415
v -0.11482819523162835 -0.19661149999999994 0.008750762939452983
v -0.13509289523162837 -0.18327990000000005 0.03487376293945488
v -0.15382419523162838 -0.16786809999999996 0.06099676293945322
v -0.17080979523162831 -0.15055109999999994 0.08712176293945362
v -0.18585659523162845 -0.1315253999999999 0.11324476293945196
v -0.19879399523162844 -0.11100700000000008 0.13937076293945339
v -0.2094751952316285 -0.08922859999999999 0.16549276293945425
v 0.027416704768371547 -0.2678818999999999 -0.14296323706054537
v -0.001117195231628454 -0.26927900000000005 -0.11694923706054539
v -0.029638495231628426 -0.26764509999999997 -0.0909352370605454
v -0.05782629523162841 -0.262999 -0.06491923706054692
v -0.08536329523162833 -0.2553928000000001 -0.03890423706054591
v -0.11193929523162849 -0.24491210000000008 -0.012889237060548453
v -0.13725559523162834 -0.23167490000000002 0.013124762939451529
v -0.1610270952316284 -0.21583020000000008 0.039140762939453566
v -0.1829859952316284 -0.19755630000000002 0.06515476293945355
v -0.20288549523162835 -0.17705879999999996 0.09116976293945456
v -0.22050149523162843 -0.15456859999999994 0.11718376293945454
v -0.23563579523162836 -0.13033870000000003 0.14319776293945452
v -0.24811789523162853 -0.10464169999999995 0.169213762939453
v 0.02524540476837167 -0.3098483000000001 -0.13566223706054714
v -0.007103595231628512 -0.31079389999999996 -0.11013423706054581
v -0.03937549523162831 -0.3083712999999999 -0.08460823706054654
v -0.07122079523162839 -0.30260679999999995 -0.05907923706054774
v -0.10229419523162853 -0.29356289999999996 -0.033554237060545944
v -0.13225899523162843 -0.2813375 -0.00802623706054817
v -0.16079059523162842 -0.26606320000000006 0.01750076293945213
v -0.1875794952316283 -0.24790559999999995 0.043025762939453926
v -0.21233569523162843 -0.2270612999999999 0.0685537629394517
v -0.23479069523162832 -0.2037563 0.094080762939452
v -0.2547010952316284 -0.17824299999999993 0.1196077629394523
v -0.2718513952316284 -0.1507982000000001 0.14513376293945157
v -0.2860554952316283 -0.12171909999999997 0.1706617629394529
v 0.01757250476837169 -0.3520304000000001 -0.12634323706054573
v -0.017936995231628394 -0.352012 -0.1016392370605459
v -0.053264295231628456 -0.34842090000000003 -0.07693623706054709
v -0.0880509952316284 -0.3412934999999999 -0.05223323706054828
v -0.12194409523162841 -0.3307021000000001 -0.027530237060545915
v -0.15459939523162847 -0.3167542000000001 -0.0028292370605456085
v -0.18568579523162843 -0.29959139999999995 0.021875762939451704
v -0.21488739523162836 -0.27938799999999997 0.04657776293945304
v -0.24190809523162837 -0.25634880000000004 0.07128076293945185
v -0.2664733952316285 -0.23070790000000008 0.09598376293945421
v -0.28833429523162835 -0.2027253 0.12068576293945199
v -0.3072685952316285 -0.17268529999999993 0.14538976293945183
v -0.3230844952316285 -0.1408925000000001 0.17009076293945213
v 0.0033852047683715636 -0.39404799999999995 -0.11521923706054693
v -0.034478795231628334 -0.3925512 -0.09164023706054536
v -0.07202389523162833 -0.3874245999999999 -0.06806223706054837
v -0.10890289523162844 -0.3787155 -0.0444852370605453
v -0.1447749952316284 -0.3665042999999999 -0.020906237060547284
v -0.17930839523162834 -0.3509042 0.0026717629394532594
v -0.2121836952316285 -0.33205930000000006 0.02625076293945483
v -0.24309699523162842 -0.3101437 0.049827762939454345
v -0.2717622952316283 -0.2853603 0.07340576293945489
v -0.29791459523162844 -0.25793829999999995 0.0969847629394529
v -0.3213120952316284 -0.22813100000000008 0.1205607629394514
v -0.34173859523162853 -0.19621430000000006 0.144140762939454
v -0.3590048952316285 -0.1624831 0.16771876293945454
v -0.018196295231628357 -0.435276 -0.10247923706054607
v -0.05746559523162831 -0.43184960000000006 -0.08029523706054675
v -0.09626439523162844 -0.4248877 -0.05811123706054744
v -0.1342750952316285 -0.41444729999999996 -0.03592723706054812
v -0.17118649523162843 -0.400614 -0.013744237060546283
v -0.20669639523162853 -0.38350090000000003 0.00844076293945406
v -0.2405141952316283 -0.3632481999999999 0.030624762939453376
v -0.27236299523162844 -0.3400217000000001 0.05280876293945269
v -0.30198189523162844 -0.31401159999999995 0.074992762939452
v -0.3291285952316285 -0.28543070000000004 0.09717776293945235
v -0.35358099523162845 -0.254513 0.11936176293945167
v -0.37513849523162834 -0.22151180000000004 0.14154576293945453
v -0.39362489523162836 -0.18669709999999995 0.16373076293945488
v -0.04786729523162836 -0.4748435 -0.08831623706054614
v -0.08747049523162831 -0.4691657 -0.06776423706054757
v -0.12645909523162846 -0.46019089999999996 -0.047210237060546945
v -0.16455899523162842 -0.44798209999999994 -0.02665923706054585
v -0.20150239523162838 -0.4326249 -0.006105237060545221
v -0.23702979523162848 -0.41422749999999997 0.014445762939452322
v -0.27089139523162853 -0.3929191000000001 0.03500076293945398
v -0.3028492952316284 -0.3688494 0.05555376293945358
v -0.3326788952316284 -0.3421875000000001 0.07610476293945467
v -0.3601704952316285 -0.313121 0.09665876293945175
v -0.3851309952316284 -0.2818539 0.11721076293945387
v -0.4073849952316284 -0.24860609999999994 0.13776376293945347
v -0.42677599523162835 -0.21361110000000005 0.1583177629394541
v -0.08607939523162833 -0.5116533999999999 -0.07292223706054557
v -0.12486139523162842 -0.5035955999999999 -0.05420723706054531
v -0.1629156952316284 -0.4926025999999999 -0.03548923706054552
v -0.20002059523162852 -0.47873849999999996 -0.016773237060547785
v -0.2359594952316284 -0.4620842999999999 0.0019407629394514458
v -0.2705232952316283 -0.4427369000000001 0.02065876293945479
v -0.3035103952316285 -0.420809 0.03937576293945355
v -0.33472859523162835 -0.3964285999999999 0.05809176293945484
v -0.3639957952316284 -0.3697376000000001 0.07680676293945154
v -0.39114149523162833 -0.3408917 0.09552376293945386
v -0.4160074952316284 -0.3100590000000001 0.11424076293945262
v -0.43844889523162833 -0.2774190999999999 0.13295576293945288
v -0.4583348952316284 -0.2431623999999999 0.15167276293945164
v -0.13299199523162852 -0.5444293 -0.056497237060547434
v -0.16976749523162837 -0.534106 -0.03979123706054821
v -0.20575439523162853 -0.5213015000000001 -0.023082237060545907
v -0.2407854952316284 -0.5060756 -0.006374237060548182
v -0.27469809523162847 -0.48849889999999996 0.010333762939453095
v -0.3073346952316285 -0.468653 0.027042762939451848
v -0.3385436952316285 -0.4466300000000001 0.043750762939453125
v -0.3681799952316285 -0.4225323999999999 0.060456762939452346
v -0.39610609523162843 -0.3964721 0.07716576293945465
v -0.4221921952316283 -0.3685700999999999 0.09387376293945238
v -0.4463171952316285 -0.33895600000000004 0.11058276293945468
v -0.4683688952316285 -0.3077673999999999 0.1272907629394524
v -0.4882448952316285 -0.2751490999999999 0.14399876293945368
v -0.18844989523162847 -0.5717764000000001 -0.03924523706054828
v -0.22206799523162846 -0.5595779999999999 -0.024685237060545262
v -0.25490249523162833 -0.5454048 -0.010122237060546269
v -0.2868374952316284 -0.529307 0.004440762939452725
v -0.3177600952316284 -0.5113414999999999 0.019000762939452187
v -0.34756159523162844 -0.4915714 0.03356376293945473
v -0.3761366952316285 -0.47006689999999995 0.04812476293945167
v -0.40338429523162844 -0.4469034999999999 0.06268676293945319
v -0.4292084952316284 -0.42216300000000007 0.07724976293945218
v -0.45351829523162834 -0.39593290000000003 0.09181076293945267
v -0.47622749523162833 -0.3683056 0.10637276293945419
v -0.4972562952316284 -0.3393786000000001 0.12093376293945468
v -0.5165303952316285 -0.3092539999999999 0.13549576293945265
v -0.2520069952316284 -0.5922377999999999 -0.021345237060547362
v -0.28141609523162847 -0.5788420000000001 -0.009039237060548544
v -0.31011579523162847 -0.563987 0.00326876293945233
v -0.3380336952316285 -0.5477102 0.015577762939454232
v -0.3650992952316283 -0.5300524 0.027885762939451553
v -0.3912444952316285 -0.5110585999999999 0.040190762939452895
v -0.41640349523162845 -0.4907762 0.0524997629394548
v -0.4405126952316285 -0.4692566 0.06480776293945212
v -0.4635111952316284 -0.4465539999999999 0.07711576293945299
v -0.4853412952316285 -0.4227257 0.08942176293945181
v -0.5059477952316285 -0.39783159999999995 0.10173076293945371
v -0.5252787952316285 -0.37193450000000006 0.11403876293945459
v -0.5432855952316284 -0.34509980000000007 0.1263467629394519
v -0.3230357952316285 -0.604295 -0.0029122370605456638
v -0.34732999523162844 -0.5906663000000001 0.007050762939453392
v -0.37105009523162846 -0.5760612 0.017017762939453007
v -0.3941569952316284 -0.5605042 0.026980762939452063
v -0.41661249523162835 -0.5440209 0.036945762939453175
v -0.43837949523162845 -0.5266385 0.04691076293945429
v -0.4594219952316285 -0.5083859 0.05687476293945437
v -0.47970519523162847 -0.4892928999999999 0.06683876293945445
v -0.4991957952316284 -0.46939149999999996 0.07680276293945454
v -0.5178612952316284 -0.4487143 0.08676876293945313
v -0.5356708952316285 -0.4272954 0.09673276293945321
v -0.5525953952316285 -0.40517040000000004 0.1066967629394533
v -0.5686064952316283 -0.38237600000000005 0.11666276293945188
v -0.40102819523162836 -0.6061623 0.01612276293945314
v -0.4194377952316284 -0.5935725999999999 0.023643762939453694
v -0.4374523952316285 -0.5804237999999999 0.03116376293945322
v -0.45505509523162835 -0.5667286 0.03868676293945228
v -0.4722293952316283 -0.5524994999999999 0.046207762939452834
v -0.48895899523162845 -0.5377505 0.05372776293945236
v -0.5052281952316284 -0.5224949000000001 0.06125076293945142
v -0.5210215952316284 -0.5067474000000001 0.0687707629394545
v -0.5363243952316283 -0.4905227000000001 0.0762917629394515
v -0.5511222952316284 -0.47383620000000004 0.08381476293945411
v -0.5654011952316285 -0.4567034000000001 0.09133576293945467
v -0.5791475952316285 -0.4391406 0.0988557629394542
v -0.5923486952316284 -0.42116430000000005 0.10637876293945325
v -0.48668059523162843 -0.5946345 0.036468762939453114
v -0.4983733952316285 -0.5848693 0.04132876293945387
v -0.5098703952316284 -0.5748742 0.04618876293945462
v -0.5211668952316284 -0.5646532 0.051046762939453316
v -0.5322585952316283 -0.5542102 0.05590676293945407
v -0.5431412952316284 -0.5435493 0.060765762939453793
v -0.5538101952316283 -0.5326747999999999 0.06562376293945249
v -0.5642615952316283 -0.5215909999999999 0.07048376293945324
v -0.5744910952316284 -0.5103021000000001 0.075343762939454
v -0.5844947952316284 -0.49881259999999994 0.08020376293945475
v -0.5942688952316284 -0.4871270999999999 0.08506176293945344
v -0.6038091952316285 -0.47524999999999995 0.0899217629394542
v -0.6131122952316284 -0.46318609999999993 0.0947817629394514
v -0.6051026952316285 -0.5384707 0.06999976293945309
v -0.6051026952316285 -0.5384707 0.06999976293945309
v -0.6051026952316285 -0.5384707 0.06999976293945309
v -0.6051026952316285 -0.5384707 0.06999976293945309
v -0.6051026952316285 -0.5384707 0.06999976293945309
v -0.6051026952316285 -0.5384707 0.06999976293945309
v -0.6051026952316285 -0.5384707 0.06999976293945309
v -0.6051026952316285 -0.5384707 0.06999976293945309
v -0.6051026952316285 -0.5384707 0.06999976293945309
v -0.6051026952316285 -0.5384707 0.06999976293945309
v -0.6051026952316285 -0.5384707 0.06999976293945309
v -0.6051026952316285 -0.5384707 0.06999976293945309
v -0.6051026952316285 -0.5384707 0.06999976293945309
v 0.012692404768371635 -0.14394149999999994 -0.14988923706054536
v 0.019827804768371537 -0.18503439999999993 -0.15042923706054623
v -0.0020192952316284707 -0.1444859999999999 -0.1563292370605467
v 0.0002761047683714768 -0.18609359999999997 -0.15436323706054722
v -0.016709995231628527 -0.14353060000000006 -0.1449072370605471
v -0.019278695231628395 -0.18509240000000005 -0.14139223706054693
v -0.03122739523162843 -0.14108549999999997 -0.12879923706054797
v -0.0386199952316284 -0.18204219999999993 -0.12398923706054532
v -0.04542039523162833 -0.1371758999999999 -0.109596237060547
v -0.05753389523162844 -0.1769767 -0.10365723706054553
v -0.05914209523162839 -0.13184250000000008 -0.08790923706054699
v -0.07581069523162842 -0.1699518 -0.08097223706054635
v -0.07224999523162845 -0.1251407 -0.06399923706054622
v -0.09324829523162848 -0.1610453999999999 -0.056186237060547484
v -0.08460799523162832 -0.11713989999999996 -0.037945237060547754
v -0.10965349523162837 -0.1503563000000001 -0.02937123706054834
v -0.09608759523162846 -0.10792329999999994 -0.009670237060547038
v -0.1248447952316285 -0.13800239999999997 -0.0004542370605484791
v -0.10656989523162852 -0.09758639999999996 0.021090762939454777
v -0.13865389523162852 -0.12412080000000003 0.03081476293945329
v -0.11594619523162852 -0.08623660000000011 0.054946762939454885
v -0.1509280952316283 -0.10886499999999999 0.06501376293945427
v -0.1241187952316285 -0.0739917000000001 0.09348676293945246
v -0.16153129523162835 -0.09240409999999999 0.10364376293945199
v -0.13100329523162846 -0.0609788 0.14988876293945452
v -0.17034629523162836 -0.07492019999999999 0.15917976293945202
v 0.025201804768371527 -0.22628840000000006 -0.1479932370605468
v 0.0009854047683715006 -0.2276853000000001 -0.1499152370605472
v -0.023242195231628404 -0.22649809999999992 -0.13589323706054657
v -0.047205995231628384 -0.22274020000000005 -0.11769123706054785
v -0.07063399523162839 -0.2164543000000001 -0.09672523706054648
v -0.09326039523162843 -0.2077116000000001 -0.07354123706054594
v -0.11482819523162835 -0.19661149999999994 -0.04837423706054622
v -0.13509289523162837 -0.18327990000000005 -0.0212932370605472
v -0.15382419523162838 -0.16786809999999996 0.007770762939454556
v -0.17080979523162831 -0.15055109999999994 0.039052762939451924
v -0.18585659523162845 -0.1315253999999999 0.07309676293945344
v -0.19879399523162844 -0.11100700000000008 0.11132276293945154
v -0.2094751952316285 -0.08922859999999999 0.16549276293945425
v 0.027416704768371547 -0.2678818999999999 -0.14296323706054537
v -0.001117195231628454 -0.26927900000000005 -0.14330923706054577
v -0.029638495231628426 -0.26764509999999997 -0.12866623706054625
v -0.05782629523162841 -0.262999 -0.11009623706054583
v -0.08536329523162833 -0.2553928000000001 -0.08892823706054642
v -0.11193929523162849 -0.24491210000000008 -0.06567723706054807
v -0.13725559523162834 -0.23167490000000002 -0.040561237060547484
v -0.1610270952316284 -0.21583020000000008 -0.013647237060546047
v -0.1829859952316284 -0.19755630000000002 0.015130762939453035
v -0.20288549523162835 -0.17705879999999996 0.04599376293945312
v -0.22050149523162843 -0.15456859999999994 0.07945276293945369
v -0.23563579523162836 -0.13033870000000003 0.11684076293945367
v -0.24811789523162853 -0.10464169999999995 0.169213762939453
v 0.02524540476837167 -0.3098483000000001 -0.13566223706054714
v -0.007103595231628512 -0.31079389999999996 -0.13480523706054726
v -0.03937549523162831 -0.3083712999999999 -0.11992223706054617
v -0.07122079523162839 -0.30260679999999995 -0.10136423706054742
v -0.10229419523162853 -0.29356289999999996 -0.08037523706054728
v -0.13225899523162843 -0.2813375 -0.057434237060547844
v -0.16079059523162842 -0.26606320000000006 -0.03274923706054622
v -0.1875794952316283 -0.24790559999999995 -0.006379237060546217
v -0.21233569523162843 -0.2270612999999999 0.02173276293945392
v -0.23479069523162832 -0.2037563 0.05179576293945232
v -0.2547010952316284 -0.17824299999999993 0.08429076293945315
v -0.2718513952316284 -0.1507982000000001 0.12046276293945368
v -0.2860554952316283 -0.12171909999999997 0.1706617629394529
v 0.01757250476837169 -0.3520304000000001 -0.12634323706054573
v -0.017936995231628394 -0.352012 -0.12462223706054587
v -0.053264295231628456 -0.34842090000000003 -0.10983623706054857
v -0.0880509952316284 -0.3412934999999999 -0.0916252370605477
v -0.12194409523162841 -0.3307021000000001 -0.07114923706054554
v -0.15459939523162847 -0.3167542000000001 -0.04885523706054684
v -0.18568579523162843 -0.29959139999999995 -0.024936237060547484
v -0.21488739523162836 -0.27938799999999997 0.0005497629394533021
v -0.24190809523162837 -0.25634880000000004 0.027662762939453245
v -0.2664733952316285 -0.23070790000000008 0.05659276293945226
v -0.28833429523162835 -0.2027253 0.08778576293945406
v -0.3072685952316285 -0.17268529999999993 0.12240576293945438
v -0.3230844952316285 -0.1408925000000001 0.17009076293945213
v 0.0033852047683715636 -0.39404799999999995 -0.11521923706054693
v -0.034478795231628334 -0.3925512 -0.11293623706054845
v -0.07202389523162833 -0.3874245999999999 -0.09854723706054713
v -0.10890289523162844 -0.3787155 -0.08098223706054597
v -0.1447749952316284 -0.3665042999999999 -0.06132123706054671
v -0.17930839523162834 -0.3509042 -0.03997623706054654
v -0.2121836952316285 -0.33205930000000006 -0.01712423706054622
v -0.24309699523162842 -0.3101437 0.00717876293945352
v -0.2717622952316283 -0.2853603 0.03299076293945191
v -0.29791459523162844 -0.25793829999999995 0.060485762939453735
v -0.3213120952316284 -0.22813100000000008 0.09007876293945216
v -0.34173859523162853 -0.19621430000000006 0.12284476293945445
v -0.3590048952316285 -0.1624831 0.16771876293945454
v -0.018196295231628357 -0.435276 -0.10247923706054607
v -0.05746559523162831 -0.43184960000000006 -0.09990523706054688
v -0.09626439523162844 -0.4248877 -0.08617923706054853
v -0.1342750952316285 -0.41444729999999996 -0.06953423706054807
v -0.17118649523162843 -0.400614 -0.05095623706054653
v -0.20669639523162853 -0.38350090000000003 -0.030826237060548323
v -0.2405141952316283 -0.3632481999999999 -0.009311237060547484
v -0.27236299523162844 -0.3400217000000001 0.013540762939452833
v -0.30198189523162844 -0.31401159999999995 0.03778076293945176
v -0.3291285952316285 -0.28543070000000004 0.06357176293945344
v -0.35358099523162845 -0.254513 0.09129376293945413
v -0.37513849523162834 -0.22151180000000004 0.12193876293945394
v -0.39362489523162836 -0.18669709999999995 0.16373076293945488
v -0.04786729523162836 -0.4748435 -0.08831623706054614
v -0.08747049523162831 -0.4691657 -0.08568423706054773
v -0.12645909523162846 -0.46019089999999996 -0.07286423706054634
v -0.16455899523162842 -0.44798209999999994 -0.05737123706054703
v -0.20150239523162838 -0.4326249 -0.040115237060547315
v -0.23702979523162848 -0.41422749999999997 -0.02144023706054554
v -0.27089139523162853 -0.3929191000000001 -0.0014992370605462213
v -0.3028492952316284 -0.3688494 0.01966476293945263
v -0.3326788952316284 -0.3421875000000001 0.04209476293945258
v -0.3601704952316285 -0.313121 0.06594476293945206
v -0.3851309952316284 -0.2818539 0.09155876293945298
v -0.4073849952316284 -0.24860609999999994 0.11984476293945434
v -0.42677599523162835 -0.21361110000000005 0.1583177629394541
v -0.08607939523162833 -0.5116533999999999 -0.07292223706054557
v -0.12486139523162842 -0.5035955999999999 -0.07043923706054755
v -0.1629156952316284 -0.4926025999999999 -0.058727237060548276
v -0.20002059523162852 -0.47873849999999996 -0.044594237060547215
v -0.2359594952316284 -0.4620842999999999 -0.02886423706054586
v -0.2705232952316283 -0.4427369000000001 -0.01185023706054622
v -0.3035103952316285 -0.420809 0.006313762939452516
v -0.33472859523162835 -0.3964285999999999 0.025583762939454857
v -0.3639957952316284 -0.3697376000000001 0.04600076293945321
v -0.39114149523162833 -0.3408917 0.06770276293945443
v -0.4160074952316284 -0.3100590000000001 0.09100376293945445
v -0.43844889523162833 -0.2774190999999999 0.11672376293945419
v -0.4583348952316284 -0.2431623999999999 0.15167276293945164
v -0.13299199523162852 -0.5444293 -0.056497237060547434
v -0.16976749523162837 -0.534106 -0.05433423706054796
v -0.20575439523162853 -0.5213015000000001 -0.04390323706054744
v -0.2407854952316284 -0.5060756 -0.03130323706054838
v -0.27469809523162847 -0.48849889999999996 -0.01726923706054606
v -0.3073346952316285 -0.468653 -0.0020862370605456704
v -0.3385436952316285 -0.4466300000000001 0.014125762939453779
v -0.3681799952316285 -0.4225323999999999 0.03133076293945436
v -0.39610609523162843 -0.3964721 0.04956276293945194
v -0.4221921952316283 -0.3685700999999999 0.06894476293945218
v -0.4463171952316285 -0.33895600000000004 0.08976176293945315
v -0.4683688952316285 -0.3077673999999999 0.11274576293945415
v -0.4882448952316285 -0.2751490999999999 0.14399876293945368
v -0.18844989523162847 -0.5717764000000001 -0.03924523706054828
v -0.22206799523162846 -0.5595779999999999 -0.0375422370605456
v -0.25490249523162833 -0.5454048 -0.028528237060548634
v -0.2868374952316284 -0.529307 -0.017597237060545723
v -0.3177600952316284 -0.5113414999999999 -0.00539923706054779
v -0.34756159523162844 -0.4915714 0.007814762939453601
v -0.3761366952316285 -0.47006689999999995 0.021938762939452516
v -0.40338429523162844 -0.4469034999999999 0.03693776293945206
v -0.4292084952316284 -0.42216300000000007 0.05284876293945473
v -0.45351829523162834 -0.39593290000000003 0.06977476293945273
v -0.47622749523162833 -0.3683056 0.08796676293945183
v -0.4972562952316284 -0.3393786000000001 0.10807776293945182
v -0.5165303952316285 -0.3092539999999999 0.13549576293945265
v -0.2520069952316284 -0.5922377999999999 -0.021345237060547362
v -0.28141609523162847 -0.5788420000000001 -0.020209237060548446
v -0.31011579523162847 -0.563987 -0.012719237060547783
v -0.3380336952316285 -0.5477102 -0.0035672370605475123
v -0.3650992952316283 -0.5300524 0.006686762939452251
v -0.3912444952316285 -0.5110585999999999 0.017823762939453758
v -0.41640349523162845 -0.4907762 0.02975076293945378
v -0.4405126952316285 -0.4692566 0.04243876293945448
v -0.4635111952316284 -0.4465539999999999 0.05591776293945472
v -0.4853412952316285 -0.4227257 0.07028076293945418
v -0.5059477952316285 -0.39783159999999995 0.08574076293945154
v -0.5252787952316285 -0.37193450000000006 0.10286876293945468
v -0.5432855952316284 -0.34509980000000007 0.1263467629394519
v -0.3230357952316285 -0.604295 -0.0029122370605456638
v -0.34732999523162844 -0.5906663000000001 -0.0024292370605465408
v -0.37105009523162846 -0.5760612 0.003444762939452062
v -0.3941569952316284 -0.5605042 0.010730762939452632
v -0.41661249523162835 -0.5440209 0.01895076293945408
v -0.43837949523162845 -0.5266385 0.027920762939452004
v -0.4594219952316285 -0.5083859 0.037563762939452516
v -0.47970519523162847 -0.4892928999999999 0.04785076293945423
v -0.4991957952316284 -0.46939149999999996 0.05880976293945395
v -0.5178612952316284 -0.4487143 0.0705187629394537
v -0.5356708952316285 -0.4272954 0.08316076293945329
v -0.5525953952316285 -0.40517040000000004 0.09721576293945233
v -0.5686064952316283 -0.38237600000000005 0.11666276293945188
v -0.40102819523162836 -0.6061623 0.01612276293945314
v -0.4194377952316284 -0.5935725999999999 0.0158507629394542
v -0.4374523952316285 -0.5804237999999999 0.0200077629394535
v -0.45505509523162835 -0.5667286 0.0253277629394546
v -0.4722293952316283 -0.5524994999999999 0.03141576293945292
v -0.48895899523162845 -0.5377505 0.0381207629394531
v -0.5052281952316284 -0.5224949000000001 0.04537576293945378
v -0.5210215952316284 -0.5067474000000001 0.053160762939452155
v -0.5363243952316283 -0.4905227000000001 0.06150076293945261
v -0.5511222952316284 -0.47383620000000004 0.07045576293945288
v -0.5654011952316285 -0.4567034000000001 0.08017876293945392
v -0.5791475952316285 -0.4391406 0.0910627629394547
v -0.5923486952316284 -0.42116430000000005 0.10637876293945325
v -0.48668059523162843 -0.5946345 0.036468762939453114
v -0.4983733952316285 -0.5848693 0.035220762939452754
v -0.5098703952316284 -0.5748742 0.03744676293945304
v -0.5211668952316284 -0.5646532 0.04058076293945234
v -0.5322585952316283 -0.5542102 0.0443167629394523
v -0.5431412952316284 -0.5435493 0.048536762939452416
v -0.5538101952316283 -0.5326747999999999 0.053188762939452516
v -0.5642615952316283 -0.5215909999999999 0.05825576293945289
v -0.5744910952316284 -0.5103021000000001 0.06375476293945326
v -0.5844947952316284 -0.49881259999999994 0.06973676293945275
v -0.5942688952316284 -0.4871270999999999 0.07632076293945289
v -0.6038091952316285 -0.47524999999999995 0.08381476293945411
v -0.6131122952316284 -0.46318609999999993 0.0947817629394514
v -0.6051026952316285 -0.5384707 0.06999976293945309
v -0.6051026952316285 -0.5384707 0.06558076293945447
v -0.6051026952316285 -0.5384707 0.06367476293945273
v -0.6051026952316285 -0.5384707 0.0624277629394534
v -0.6051026952316285 -0.5384707 0.06161476293945256
v -0.6051026952316285 -0.5384707 0.06115076293945165
v -0.6051026952316285 -0.5384707 0.06100076293945378
v -0.6051026952316285 -0.5384707 0.06115076293945165
v -0.6051026952316285 -0.5384707 0.06161476293945256
v -0.6051026952316285 -0.5384707 0.0624277629394534
v -0.6051026952316285 -0.5384707 0.06367476293945273
v -0.6051026952316285 -0.5384707 0.06558076293945447
v -0.6051026952316285 -0.5384707 0.06999976293945309
v 4.76837147544984e-09 0.17500000000000004 -0.20999923706054702
v -0.06696959523162849 0.16167889999999996 0.25000076293945384
v 4.76837147544984e-09 0.17499995000000002 0.25000076293945384
v -0.06696959523162849 0.16167889999999996 -0.20999923706054702
v -0.12374369523162843 0.12374364999999998 0.25000076293945384
v -0.12374369523162843 0.12374370000000001 -0.20999923706054702
v -0.16167889523162837 0.06696959999999996 0.25000076293945384
v -0.16167889523162837 0.06696963 -0.20999923706054702
v -0.17499999523162835 0.0 0.25000076293945384
v -0.17499999523162835 0.0 -0.20999923706054702
v -0.16167889523162837 -0.06696959999999996 0.25000076293945384
v -0.16167889523162837 -0.06696959999999996 -0.20999923706054702
v -0.12374369523162843 -0.1237436999999999 0.25000076293945384
v -0.12374369523162843 -0.1237436999999999 -0.20999923706054702
v -0.06696959523162849 -0.16167890000000007 0.25000076293945384
v -0.06696959523162849 -0.16167890000000007 -0.20999923706054702
v 4.76837147544984e-09 -0.17500000000000004 0.25000076293945384
v 4.76837147544984e-09 -0.17500000000000004 -0.20999923706054702
v 0.06696960476837166 -0.16167890000000007 0.25000076293945384
v 0.06696960476837166 -0.16167890000000007 -0.20999923706054702
v 0.12374360476837154 -0.1237436999999999 0.25000076293945384
v 0.12374360476837154 -0.1237436999999999 -0.20999923706054702
v 0.16167890476837155 -0.06696959999999996 0.25000076293945384
v 0.16167890476837155 -0.06696959999999996 -0.20999923706054702
v 0.17500000476837152 0.0 0.25000076293945384
v 0.17500000476837152 0.0 -0.20999923706054702
v 0.16167890476837155 0.06696959999999996 0.25000076293945384
v 0.16167890476837155 0.06696963 -0.20999923706054702
v 0.12374360476837154 0.12374364999999998 0.25000076293945384
v 0.12374360476837154 0.12374370000000001 -0.20999923706054702
v 0.06696960476837166 0.16167889999999996 0.25000076293945384
v 0.06696960476837166 0.16167889999999996 -0.20999923706054702
v 4.76837147544984e-09 0.17499995000000002 0.25000076293945384
v 4.76837147544984e-09 0.17500000000000004 -0.20999923706054702
v 4.76837147544984e-09 0.17499995000000002 0.25000076293945384
v -0.06696959523162849 0.16167889999999996 0.25000076293945384
v 4.76837147544984e-09 0.0 0.25000076293945384
v -0.12374369523162843 0.12374364999999998 0.25000076293945384
v 4.76837147544984e-09 0.0 0.25000076293945384
v -0.16167889523162837 0.06696959999999996 0.25000076293945384
v 4.76837147544984e-09 0.0 0.25000076293945384
v -0.17499999523162835 0.0 0.25000076293945384
v 4.76837147544984e-09 0.0 0.25000076293945384
v -0.16167889523162837 -0.06696959999999996 0.25000076293945384
v 4.76837147544984e-09 0.0 0.25000076293945384
v -0.12374369523162843 -0.1237436999999999 0.25000076293945384
v 4.76837147544984e-09 0.0 0.25000076293945384
v -0.06696959523162849 -0.16167890000000007 0.25000076293945384
v 4.76837147544984e-09 0.0 0.25000076293945384
v 4.76837147544984e-09 -0.17500000000000004 0.25000076293945384
v 4.76837147544984e-09 0.0 0.25000076293945384
v 0.06696960476837166 -0.16167890000000007 0.25000076293945384
v 4.76837147544984e-09 0.0 0.25000076293945384
v 0.12374360476837154 -0.1237436999999999 0.25000076293945384
v 4.76837147544984e-09 0.0 0.25000076293945384
v 0.16167890476837155 -0.06696959999999996 0.25000076293945384
v 4.76837147544984e-09 0.0 0.25000076293945384
v 0.17500000476837152 0.0 0.25000076293945384
v 4.76837147544984e-09 0.0 0.25000076293945384
v 0.16167890476837155 0.06696959999999996 0.25000076293945384
v 4.76837147544984e-09 0.0 0.25000076293945384
v 0.12374360476837154 0.12374364999999998 0.25000076293945384
v 4.76837147544984e-09 0.0 0.25000076293945384
v 0.06696960476837166 0.16167889999999996 0.25000076293945384
v 4.76837147544984e-09 0.0 0.25000076293945384
v 4.76837147544984e-09 0.17499995000000002 0.25000076293945384
v 4.76837147544984e-09 0.0 0.25000076293945384
v 4.76837147544984e-09 0.17500000000000004 -0.20999923706054702
v 0.0669695047683716 0.16167889999999996 -0.20999923706054702
v 4.76837147544984e-09 0.0 -0.20999923706054702
v 0.12374360476837154 0.12374370000000001 -0.20999923706054702
v 4.76837147544984e-09 0.0 -0.20999923706054702
v 0.16167890476837155 0.06696963 -0.20999923706054702
v 4.76837147544984e-09 0.0 -0.20999923706054702
v 0.17500000476837152 5.999999996841865e-08 -0.20999923706054702
v 4.76837147544984e-09 0.0 -0.20999923706054702
v 0.16167890476837155 -0.0669694999999999 -0.20999923706054702
v 4.76837147544984e-09 0.0 -0.20999923706054702
v 0.12374360476837154 -0.1237436999999999 -0.20999923706054702
v 4.76837147544984e-09 0.0 -0.20999923706054702
v 0.06696960476837166 -0.16167890000000007 -0.20999923706054702
v 4.76837147544984e-09 0.0 -0.20999923706054702
v 4.76837147544984e-09 -0.17500000000000004 -0.20999923706054702
v 4.76837147544984e-09 0.0 -0.20999923706054702
v -0.06696949523162843 -0.16167890000000007 -0.20999923706054702
v 4.76837147544984e-09 0.0 -0.20999923706054702
v -0.12374369523162843 -0.1237436999999999 -0.20999923706054702
v 4.76837147544984e-09 0.0 -0.20999923706054702
v -0.16167889523162837 -0.06696959999999996 -0.20999923706054702
v 4.76837147544984e-09 0.0 -0.20999923706054702
v -0.17499999523162835 0.0 -0.20999923706054702
v 4.76837147544984e-09 0.0 -0.20999923706054702
v -0.16167889523162837 0.06696959999999996 -0.20999923706054702
v 4.76837147544984e-09 0.0 -0.20999923706054702
v -0.12374369523162843 0.12374364999999998 -0.20999923706054702
v 4.76837147544984e-09 0.0 -0.20999923706054702
v -0.06696959523162849 0.16167889999999996 -0.20999923706054702
v 4.76837147544984e-09 0.0 -0.20999923706054702
v 4.76837147544984e-09 0.17500000000000004 -0.20999923706054702
v 4.76837147544984e-09 0.0 -0.20999923706054702
v 4.76837147544984e-09 0.17200004999999996 0.25000076293945384
v -0.01081559523162845 0.033286999999999956 0.6100007629394533
v 4.76837147544984e-09 0.03499996999999999 0.6100007629394533
v -0.053150895231628414 0.16358170000000005 0.25000076293945384
v -0.020572495231628407 0.028315599999999996 0.6100007629394533
v -0.10109899523162835 0.13915100000000002 0.25000076293945384
v -0.028315495231628462 0.020572499999999994 0.6100007629394533
v -0.13915099523162833 0.1010991 0.25000076293945384
v -0.03328689523162831 0.010815559999999946 0.6100007629394533
v -0.16358169523162847 0.05315095000000003 0.25000076293945384
v -0.034999995231628445 0.0 0.6100007629394533
v -0.17199999523162846 0.0 0.25000076293945384
v -0.03328689523162831 -0.010815599999999925 0.6100007629394533
v -0.16358169523162847 -0.05315089999999989 0.25000076293945384
v -0.028315495231628462 -0.020572500000000105 0.6100007629394533
v -0.13915099523162833 -0.10109900000000005 0.25000076293945384
v -0.020572495231628407 -0.028315499999999938 0.6100007629394533
v -0.10109899523162835 -0.13915089999999997 0.25000076293945384
v -0.01081559523162845 -0.03328690000000001 0.6100007629394533
v -0.053150895231628414 -0.16358169999999994 0.25000076293945384
v 4.76837147544984e-09 -0.03499999999999992 0.6100007629394533
v 4.76837147544984e-09 -0.1719999000000001 0.25000076293945384
v 0.010815604768371623 -0.03328690000000001 0.6100007629394533
v 0.05315090476837159 -0.16358169999999994 0.25000076293945384
v 0.02057250476837158 -0.028315499999999938 0.6100007629394533
v 0.10109910476837158 -0.13915089999999997 0.25000076293945384
v 0.028315504768371635 -0.020572500000000105 0.6100007629394533
v 0.1391510047683715 -0.10109910000000011 0.25000076293945384
v 0.033286904768371484 -0.010815599999999925 0.6100007629394533
v 0.16358170476837164 -0.05315089999999989 0.25000076293945384
v 0.03500000476837162 0.0 0.6100007629394533
v 0.17200000476837163 0.0 0.25000076293945384
v 0.033286904768371484 0.010815559999999946 0.6100007629394533
v 0.16358170476837164 0.05315095000000003 0.25000076293945384
v 0.028315504768371635 0.020572499999999994 0.6100007629394533
v 0.1391510047683715 0.1010991 0.25000076293945384
v 0.02057250476837158 0.028315599999999996 0.6100007629394533
v 0.10109910476837158 0.13915089999999997 0.25000076293945384
v 0.010815604768371623 0.033286999999999956 0.6100007629394533
v 0.05315090476837159 0.16358170000000005 0.25000076293945384
v 4.76837147544984e-09 0.03499996999999999 0.6100007629394533
v 4.76837147544984e-09 0.17200004999999996 0.25000076293945384
v 4.76837147544984e-09 0.03499996999999999 0.6100007629394533
v -0.01081559523162845 0.033286999999999956 0.6100007629394533
v 4.76837147544984e-09 0.0 0.6100007629394533
v -0.020572495231628407 0.028315599999999996 0.6100007629394533
v 4.76837147544984e-09 0.0 0.6100007629394533
v -0.028315495231628462 0.020572499999999994 0.6100007629394533
v 4.76837147544984e-09 0.0 0.6100007629394533
v -0.03328689523162831 0.010815559999999946 0.6100007629394533
v 4.76837147544984e-09 0.0 0.6100007629394533
v -0.034999995231628445 0.0 0.6100007629394533
v 4.76837147544984e-09 0.0 0.6100007629394533
v -0.03328689523162831 -0.010815599999999925 0.6100007629394533
v 4.76837147544984e-09 0.0 0.6100007629394533
v -0.028315495231628462 -0.020572500000000105 0.6100007629394533
v 4.76837147544984e-09 0.0 0.6100007629394533
v -0.020572495231628407 -0.028315499999999938 0.6100007629394533
v 4.76837147544984e-09 0.0 0.6100007629394533
v -0.01081559523162845 -0.03328690000000001 0.6100007629394533
v 4.76837147544984e-09 0.0 0.6100007629394533
v 4.76837147544984e-09 -0.03499999999999992 0.6100007629394533
v 4.76837147544984e-09 0.0 0.6100007629394533
v 0.010815604768371623 -0.03328690000000001 0.6100007629394533
v 4.76837147544984e-09 0.0 0.6100007629394533
v 0.02057250476837158 -0.028315499999999938 0.6100007629394533
v 4.76837147544984e-09 0.0 0.6100007629394533
v 0.028315504768371635 -0.020572500000000105 0.6100007629394533
v 4.76837147544984e-09 0.0 0.6100007629394533
v 0.033286904768371484 -0.010815599999999925 0.6100007629394533
v 4.76837147544984e-09 0.0 0.6100007629394533
v 0.03500000476837162 0.0 0.6100007629394533
v 4.76837147544984e-09 0.0 0.6100007629394533
v 0.033286904768371484 0.010815559999999946 0.6100007629394533
v 4.76837147544984e-09 0.0 0.6100007629394533
v 0.028315504768371635 0.020572499999999994 0.6100007629394533
v 4.76837147544984e-09 0.0 0.6100007629394533
v 0.02057250476837158 0.028315599999999996 0.6100007629394533
v 4.76837147544984e-09 0.0 0.6100007629394533
v 0.010815604768371623 0.033286999999999956 0.6100007629394533
v 4.76837147544984e-09 0.0 0.6100007629394533
v 4.76837147544984e-09 0.03499996999999999 0.6100007629394533
v 4.76837147544984e-09 0.0 0.6100007629394533
v 4.76837147544984e-09 0.17200004999999996 0.25000076293945384
v 0.05315090476837159 0.16358170000000005 0.25000076293945384
v 4.76837147544984e-09 0.0 0.25000076293945384
v 0.10109900476837153 0.13915100000000002 0.25000076293945384
v 4.76837147544984e-09 0.0 0.25000076293945384
v 0.1391510047683715 0.1010991 0.25000076293945384
v 4.76837147544984e-09 0.0 0.25000076293945384
v 0.16358170476837164 0.05315095000000003 0.25000076293945384
v 4.76837147544984e-09 0.0 0.25000076293945384
v 0.17200000476837163 0.0 0.25000076293945384
v 4.76837147544984e-09 0.0 0.25000076293945384
v 0.16358170476837164 -0.05315089999999989 0.25000076293945384
v 4.76837147544984e-09 0.0 0.25000076293945384
v 0.1391510047683715 -0.10109900000000005 0.25000076293945384
v 4.76837147544984e-09 0.0 0.25000076293945384
v 0.10109900476837153 -0.13915089999999997 0.25000076293945384
v 4.76837147544984e-09 0.0 0.25000076293945384
v 0.05315090476837159 -0.16358169999999994 0.25000076293945384
v 4.76837147544984e-09 0.0 0.25000076293945384
v 4.76837147544984e-09 -0.1719999000000001 0.25000076293945384
v 4.76837147544984e-09 0.0 0.25000076293945384
v -0.053150895231628414 -0.16358169999999994 0.25000076293945384
v 4.76837147544984e-09 0.0 0.25000076293945384
v -0.10109909523162841 -0.13915089999999997 0.25000076293945384
v 4.76837147544984e-09 0.0 0.25000076293945384
v -0.13915099523162833 -0.10109910000000011 0.25000076293945384
v 4.76837147544984e-09 0.0 0.25000076293945384
v -0.16358169523162847 -0.05315089999999989 0.25000076293945384
v 4.76837147544984e-09 0.0 0.25000076293945384
v -0.17199999523162846 0.0 0.25000076293945384
v 4.76837147544984e-09 0.0 0.25000076293945384
v -0.16358169523162847 0.05315095000000003 0.25000076293945384
v 4.76837147544984e-09 0.0 0.25000076293945384
v -0.13915099523162833 0.1010991 0.25000076293945384
v 4.76837147544984e-09 0.0 0.25000076293945384
v -0.10109909523162841 0.13915089999999997 0.25000076293945384
v 4.76837147544984e-09 0.0 0.25000076293945384
v -0.053150895231628414 0.16358170000000005 0.25000076293945384
v 4.76837147544984e-09 0.0 0.25000076293945384
v 4.76837147544984e-09 0.17200004999999996 0.25000076293945384
v 4.76837147544984e-09 0.0 0.25000076293945384
v 4.76837147544984e-09 0.13 -0.329999237060548
v -0.053150895231628414 0.16358170000000005 -0.21000123706054552
v 4.76837147544984e-09 0.17200000000000004 -0.21000123706054552
v -0.040172195231628516 0.12363729999999995 -0.329999237060548
v -0.10109899523162835 0.13915089999999997 -0.21000123706054552
v -0.07641209523162851 0.10517220000000005 -0.329999237060548
v -0.13915099523162833 0.1010991 -0.21000123706054552
v -0.10517219523162846 0.07641209999999998 -0.329999237060548
v -0.16358169523162847 0.0531509 -0.21000123706054552
v -0.12363729523162847 0.04017219999999999 -0.329999237060548
v -0.17199999523162846 0.0 -0.21000123706054552
v -0.12999999523162842 0.0 -0.329999237060548
v -0.16358169523162847 -0.05315089999999989 -0.21000123706054552
v -0.12363729523162847 -0.04017219999999999 -0.329999237060548
v -0.13915099523162833 -0.10109900000000005 -0.21000123706054552
v -0.10517219523162846 -0.07641209999999998 -0.329999237060548
v -0.10109899523162835 -0.13915100000000002 -0.21000123706054552
v -0.07641209523162851 -0.10517219999999994 -0.329999237060548
v -0.053150895231628414 -0.16358169999999994 -0.21000123706054552
v -0.040172195231628516 -0.12363729999999995 -0.329999237060548
v 4.76837147544984e-09 -0.17199999999999993 -0.21000123706054552
v 4.76837147544984e-09 -0.1299999999999999 -0.329999237060548
v 0.05315090476837159 -0.16358169999999994 -0.21000123706054552
v 0.04017220476837169 -0.12363729999999995 -0.329999237060548
v 0.10109910476837158 -0.13915089999999997 -0.21000123706054552
v 0.07641210476837168 -0.10517219999999994 -0.329999237060548
v 0.1391510047683715 -0.10109910000000011 -0.21000123706054552
v 0.10517220476837164 -0.07641209999999998 -0.329999237060548
v 0.16358170476837164 -0.05315089999999989 -0.21000123706054552
v 0.12363730476837165 -0.04017219999999999 -0.329999237060548
v 0.17200000476837163 0.0 -0.21000123706054552
v 0.1300000047683716 0.0 -0.329999237060548
v 0.16358170476837164 0.05315095000000003 -0.21000123706054552
v 0.12363730476837165 0.04017219999999999 -0.329999237060548
v 0.1391510047683715 0.1010991 -0.21000123706054552
v 0.10517220476837164 0.07641209999999998 -0.329999237060548
v 0.10109910476837158 0.13915089999999997 -0.21000123706054552
v 0.07641210476837168 0.10517220000000005 -0.329999237060548
v 0.05315090476837159 0.16358170000000005 -0.21000123706054552
v 0.04017220476837169 0.12363729999999995 -0.329999237060548
v 4.76837147544984e-09 0.17200000000000004 -0.21000123706054552
v 4.76837147544984e-09 0.13 -0.329999237060548
v 4.76837147544984e-09 0.17200000000000004 -0.21000123706054552
v -0.053150895231628414 0.16358170000000005 -0.21000123706054552
v 4.76837147544984e-09 0.0 -0.21000123706054552
v -0.10109899523162835 0.13915089999999997 -0.21000123706054552
v 4.76837147544984e-09 0.0 -0.21000123706054552
v -0.13915099523162833 0.1010991 -0.21000123706054552
v 4.76837147544984e-09 0.0 -0.21000123706054552
v -0.16358169523162847 0.0531509 -0.21000123706054552
v 4.76837147544984e-09 0.0 -0.21000123706054552
v -0.17199999523162846 0.0 -0.21000123706054552
v 4.76837147544984e-09 0.0 -0.21000123706054552
v -0.16358169523162847 -0.05315089999999989 -0.21000123706054552
v 4.76837147544984e-09 0.0 -0.21000123706054552
v -0.13915099523162833 -0.10109900000000005 -0.21000123706054552
v 4.76837147544984e-09 0.0 -0.21000123706054552
v -0.10109899523162835 -0.13915100000000002 -0.21000123706054552
v 4.76837147544984e-09 0.0 -0.21000123706054552
v -0.053150895231628414 -0.16358169999999994 -0.21000123706054552
v 4.76837147544984e-09 0.0 -0.21000123706054552
v 4.76837147544984e-09 -0.17199999999999993 -0.21000123706054552
v 4.76837147544984e-09 0.0 -0.21000123706054552
v 0.05315090476837159 -0.16358169999999994 -0.21000123706054552
v 4.76837147544984e-09 0.0 -0.21000123706054552
v 0.10109910476837158 -0.13915089999999997 -0.21000123706054552
v 4.76837147544984e-09 0.0 -0.21000123706054552
v 0.1391510047683715 -0.10109910000000011 -0.21000123706054552
v 4.76837147544984e-09 0.0 -0.21000123706054552
v 0.16358170476837164 -0.05315089999999989 -0.21000123706054552
v 4.76837147544984e-09 0.0 -0.21000123706054552
v 0.17200000476837163 0.0 -0.21000123706054552
v 4.76837147544984e-09 0.0 -0.21000123706054552
v 0.16358170476837164 0.05315095000000003 -0.21000123706054552
v 4.76837147544984e-09 0.0 -0.21000123706054552
v 0.1391510047683715 0.1010991 -0.21000123706054552
v 4.76837147544984e-09 0.0 -0.21000123706054552
v 0.10109910476837158 0.13915089999999997 -0.21000123706054552
v 4.76837147544984e-09 0.0 -0.21000123706054552
v 0.05315090476837159 0.16358170000000005 -0.21000123706054552
v 4.76837147544984e-09 0.0 -0.21000123706054552
v 4.76837147544984e-09 0.17200000000000004 -0.21000123706054552
v 4.76837147544984e-09 0.0 -0.21000123706054552
v 4.76837147544984e-09 0.13 -0.329999237060548
v 0.04017220476837169 0.12363729999999995 -0.329999237060548
v 4.76837147544984e-09 0.0 -0.329999237060548
v 0.07641210476837168 0.10517220000000005 -0.329999237060548
v 4.76837147544984e-09 0.0 -0.329999237060548
v 0.10517220476837164 0.07641209999999998 -0.329999237060548
v 4.76837147544984e-09 0.0 -0.329999237060548
v 0.12363730476837165 0.04017219999999999 -0.329999237060548
v 4.76837147544984e-09 0.0 -0.329999237060548
v 0.1300000047683716 0.0 -0.329999237060548
v 4.76837147544984e-09 0.0 -0.329999237060548
v 0.12363730476837165 -0.04017219999999999 -0.329999237060548
v 4.76837147544984e-09 0.0 -0.329999237060548
v 0.10517220476837164 -0.07641209999999998 -0.329999237060548
v 4.76837147544984e-09 0.0 -0.329999237060548
v 0.07641210476837168 -0.10517219999999994 -0.329999237060548
v 4.76837147544984e-09 0.0 -0.329999237060548
v 0.04017220476837169 -0.12363729999999995 -0.329999237060548
v 4.76837147544984e-09 0.0 -0.329999237060548
v 4.76837147544984e-09 -0.1299999999999999 -0.329999237060548
v 4.76837147544984e-09 0.0 -0.329999237060548
v -0.040172195231628516 -0.12363729999999995 -0.329999237060548
v 4.76837147544984e-09 0.0 -0.329999237060548
v -0.07641209523162851 -0.10517219999999994 -0.329999237060548
v 4.76837147544984e-09 0.0 -0.329999237060548
v -0.10517219523162846 -0.07641209999999998 -0.329999237060548
v 4.76837147544984e-09 0.0 -0.329999237060548
v -0.12363729523162847 -0.04017219999999999 -0.329999237060548
v 4.76837147544984e-09 0.0 -0.329999237060548
v -0.12999999523162842 0.0 -0.329999237060548
v 4.76837147544984e-09 0.0 -0.329999237060548
v -0.12363729523162847 0.04017219999999999 -0.329999237060548
v 4.76837147544984e-09 0.0 -0.329999237060548
v -0.10517219523162846 0.07641209999999998 -0.329999237060548
v 4.76837147544984e-09 0.0 -0.329999237060548
v -0.07641209523162851 0.10517220000000005 -0.329999237060548
v 4.76837147544984e-09 0.0 -0.329999237060548
v -0.040172195231628516 0.12363729999999995 -0.329999237060548
v 4.76837147544984e-09 0.0 -0.329999237060548
v 4.76837147544984e-09 0.13 -0.329999237060548
v 4.76837147544984e-09 0.0 -0.329999237060548
vt 0.0 0.0
vt 0.0 0.0
vt 0.0 0.0
vt 0.0 0.0
vt 0.0 0.0
vt 0.0 0.0
vt 0.0 0.0
vt 0.0 0.0
vt 0.0 0.0
vt 0.0 0.0
vt 0.0 0.0
vt 0.0 0.0
vt 0.0 0.0
vt 0.0 0.0
vt 0.0 0.0
vt 0.0 0.0
vt 0.0 0.0
vt 0.0 0.0
vt 0.0 0.0
vt 0.0 0.0
vt 0.0 0.0
vt 0.0 0.0
vt 0.0 0.0
vt 0.0 0.0
vt 0.0 0.0
vt 0.0 0.0
vt 0.0 0.0
vt 0.0 0.0
vt 0.0 0.0
vt 0.0 0.0
vt 0.0 0.0
vt 0.0 0.0
vt 0.0 0.0
vt 0.0 0.0
vt 0.0 0.0
vt 0.0 0.0
vt 0.0 0.0
vt 0.0 0.0
vt 0.0 0.0
vt 0.0 0.0
vt 0.0 0.0
vt 0.0 0.0
vt 0.0 0.0
vt 0.0 0.0
vt 0.0 0.0
vt 0.0 0.0
vt 0.0 0.0
vt 0.0 0.0
vt 0.0 0.0
vt 0.0 0.0
vt 0.0 0.0
vt 0.0 0.0
vt 0.0 0.0
vt 0.0 0.0
vt 0.0 0.0
vt 0.0 0.0
vt 0.0 0.0
vt 0.0 0.0
vt 0.0 0.0
vt 0.0 0.0
vt 0.0 0.0
vt 0.0 0.0
vt 0.0 0.0
vt 0.0 0.0
vt 0.0 0.0
vt 0.0 0.0
vt 0.0 0.0
vt 0.0 0.0
vt 0.0 0.0
vt 0.0 0.0
vt 0.0 0.0
vt 0.0 0.0
vt 0.0 0.0
vt 0.0 0.0
vt 0.0 0.0
vt 0.0 0.0
vt 0.0 0.0
vt 0.0 0.0
vt 0.0 0.0
vt 0.0 0.0
vt 0.0 0.0
vt 0.0 0.0
vt 0.0 0.0
vt 0.0 0.0
vt 0.0 0.0
vt 0.0 0.0
vt 0.0 0.0
vt 0.0 0.0
vt 0.0 0.0
vt 0.0 0.0
vt 0.0 0.0
vt 0.0 0.0
vt 0.0 0.0
vt 0.0 0.0
vt 0.0 0.0
vt 0.0 0.0
vt 0.0 0.0
vt 0.0 0.0
vt 0.0 0.0
vt 0.0 0.0
vt 0.0 0.0
vt 0.0 0.0
vt 0.0 0.0
vt 0.0 0.0
vt 0.0 0.0
vt 0.0 0.0
vt 0.0 0.0
vt 0.0 0.0
vt 0.0 0.0
vt 0.0 0.0
vt 0.0 0.0
vt 0.0 0.0
vt 0.0 0.0
vt 0.0 0.0
vt 0.0 0.0
vt 0.0 0.0
vt 0.0 0.0
vt 0.0 0.0
vt 0.0 0.0
vt 0.0 0.0
vt 0.0 0.0
vt 0.0 0.0
vt 0.0 0.0
vt 0.0 0.0
vt 0.0 0.0
vt 0.0 0.0
vt 0.0 0.0
vt 0.0 0.0
vt 0.0 0.0
vt 0.0 0.0
vt 0.0 0.0
vt 0.0 0.0
vt 0.0 0.0
vt 0.0 0.0
vt 0.0 0.0
vt 0.0 0.0
vt 0.0 0.0
vt 0.0 0.0
vt 0.0 0.0
vt 0.0 0.0
vt 0.0 0.0
vt 0.0 0.0
vt 0.0 0.0
vt 0.0 0.0
vt 0.0 0.0
vt 0.0 0.0
vt 0.0 0.0
vt 0.0 0.0
vt 0.0 0.0
vt 0.0 0.0
vt 0.0 0.0
vt 0.0 0.0
vt 0.0 0.0
vt 0.0 0.0
vt 0.0 0.0
vt 0.0 0.0
vt 0.0 0.0
vt 0.0 0.0
vt 0.0 0.0
vt 0.0 0.0
vt 0.0 0.0
vt 0.0 0.0
vt 0.0 0.0
vt 0.0 0.0
vt 0.0 0.0
vt 0.0 0.0
vt 0.0 0.0
vt 0.0 0.0
vt 0.0 0.0
vt 0.0 0.0
vt 0.0 0.0
vt 0.0 0.0
vt 0.0 0.0
vt 0.0 0.0
vt 0.0 0.0
vt 0.0 0.0
vt 0.0 0.0
vt 0.0 0.0
vt 0.0 0.0
vt 0.0 0.0
vt 0.0 0.0
vt 0.0 0.0
vt 0.0 0.0
vt 0.0 0.0
vt 0.0 0.0
vt 0.0 0.0
vt 0.0 0.0
vt 0.0 0.0
vt 0.0 0.0
vt 0.0 0.0
vt 0.0 0.0
vt 0.0 0.0
vt 0.0 0.0
vt 0.0 0.0
vt 0.0 0.0
vt 0.0 0.0
vt 0.0 0.0
vt 0.0 0.0
vt 0.0 0.0
vt 0.0 0.0
vt 0.0 0.0
vt 0.0 0.0
vt 0.0 0.0
vt 0.0 0.0
vt 0.0 0.0
vt 0.0 0.0
vt 0.0 0.0
vt 0.0 0.0
vt 0.0 0.0
vt 0.0 0.0
vt 0.0 0.0
vt 0.0 0.0
vt 0.0 0.0
vt 0.0 0.0
vt 0.0 0.0
vt 0.0 0.0
vt 0.0 0.0
vt 0.0 0.0
vt 0.0 0.0
vt 0.0 0.0
vt 0.0 0.0
vt 0.0 0.0
vt 0.0 0.0
vt 0.0 0.0
vt 0.0 0.0
vt 0.0 0.0
vt 0.0 0.0
vt 0.0 0.0
vt 0.0 0.0
vt 0.0 0.0
vt 0.0 0.0
vt 0.0 0.0
vt 0.0 0.0
vt 0.0 0.0
vt 0.0 0.0
vt 0.0 0.0
vt 0.0 0.0
vt 0.0 0.0
vt 0.0 0.0
vt 0.0 0.0
vt 0.0 0.0
vt 0.0 0.0
vt 0.0 0.0
vt 0.0 0.0
vt 0.0 0.0
vt 0.0 0.0
vt 0.0 0.0
vt 0.0 0.0
vt 0.0 0.0
vt 0.0 0.0
vt 0.0 0.0
vt 0.0 0.0
vt 0.0 0.0
vt 0.0 0.0
vt 0.0 0.0
vt 0.0 0.0
vt 0.0 0.0
vt 0.0 0.0
vt 0.0 0.0
vt 0.0 0.0
vt 0.0 0.0
vt 0.0 0.0
vt 0.0 0.0
vt 0.0 0.0
vt 0.0 0.0
vt 0.0 0.0
vt 0.0 0.0
vt 0.0 0.0
vt 0.0 0.0
vt 0.0 0.0
vt 0.0 0.0
vt 0.0 0.0
vt 0.0 0.0
vt 0.0 0.0
vt 0.0 0.0
vt 0.0 0.0
vt 0.0 0.0
vt 0.0 0.0
vt 0.0 0.0
vt 0.0 0.0
vt 0.0 0.0
vt 0.0 0.0
vt 0.0 0.0
vt 0.0 0.0
vt 0.0 0.0
vt 0.0 0.0
vt 0.0 0.0
vt 0.0 0.0
vt 0.0 0.0
vt 0.0 0.0
vt 0.0 0.0
vt 0.0 0.0
vt 0.0 0.0
vt 0.0 0.0
vt 0.0 0.0
vt 0.0 0.0
vt 0.0 0.0
vt 0.0 0.0
vt 0.0 0.0
vt 0.0 0.0
vt 0.0 0.0
vt 0.0 0.0
vt 0.0 0.0
vt 0.0 0.0
vt 0.0 0.0
vt 0.0 0.0
vt 0.0 0.0
vt 0.0 0.0
vt 0.0 0.0
vt 0.0 0.0
vt 0.0 0.0
vt 0.0 0.0
vt 0.0 0.0
vt 0.0 0.0
vt 0.0 0.0
vt 0.0 0.0
vt 0.0 0.0
vt 0.0 0.0
vt 0.0 0.0
vt 0.0 0.0
vt 0.0 0.0
vt 0.0 0.0
vt 0.0 0.0
vt 0.0 0.0
vt 0.0 0.0
vt 0.0 0.0
vt 0.0 0.0
vt 0.0 0.0
vt 0.0 0.0
vt 0.0 0.0
vt 0.0 0.0
vt 0.0 0.0
vt 0.0 0.0
vt 0.0 0.0
vt 0.0 0.0
vt 0.0 0.0
vt 0.0 0.0
vt 0.0 0.0
vt 0.0 0.0
vt 0.0 0.0
vt 0.0 0.0
vt 0.0 0.0
vt 0.0 0.0
vt 0.0 0.0
vt 0.0 0.0
vt 0.0 0.0
vt 0.0 0.0
vt 0.0 0.0
vt 0.0 0.0
vt 0.0 0.0
vt 0.0 0.0
vt 0.0 0.0
vt 0.0 0.0
vt 0.0 0.0
vt 0.0 0.0
vt 0.0 0.0
vt 0.0 0.0
vt 0.0 0.0
vt 0.0 0.0
vt 0.0 0.0
vt 0.0 0.0
vt 0.0 0.0
vt 0.0 0.0
vt 0.0 0.0
vt 0.0 0.0
vt 0.0 0.0
vt 0.0 0.0
vt 0.0 0.0
vt 0.0 0.0
vt 0.0 0.0
vt 0.0 0.0
vt 0.0 0.0
vt 0.0 0.0
vt 0.0 0.0
vt 0.0 0.0
vt 0.0 0.0
vt 0.0 0.0
vt 0.0 0.0
vt 0.0 0.0
vt 0.0 0.0
vt 0.0 0.0
vt 0.0 0.0
vt 0.0 0.0
vt 0.0 0.0
vt 0.0 0.0
vt 0.0 0.0
vt 0.0 0.0
vt 0.0 0.0
vt 0.0 0.0
vt 0.0 0.0
vt 0.0 0.0
vt 0.0 0.0
vt 0.0 0.0
vt 0.0 0.0
vt 0.0 0.0
vt 0.0 0.0
vt 0.0 0.0
vt 0.0 0.0
vt 0.0 0.0
vt 0.0 0.0
vt 0.0 0.0
vt 0.0 0.0
vt 0.0 0.0
vt 0.0 0.0
vt 0.0 0.0
vt 0.0 0.0
vt 0.0 0.0
vt 0.0 0.0
vt 0.0 0.0
vt 0.0 0.0
vt 0.0 0.0
vt 0.0 0.0
vt 0.0 0.0
vt 0.0 0.0
vt 0.0 0.0
vt 0.0 0.0
vt 0.0 0.0
vt 0.0 0.0
vt 0.0 0.0
vt 0.0 0.0
vt 0.0 0.0
vt 0.0 0.0
vt 0.0 0.0
vt 0.0 0.0
vt 0.0 0.0
vt 0.0 0.0
vt 0.0 0.0
vt 0.0 0.0
vt 0.0 0.0
vt 0.0 0.0
vt 0.0 0.0
vt 0.0 0.0
vt 0.0 0.0
vt 0.0 0.0
vt 0.0 0.0
vt 0.0 0.0
vt 0.0 0.0
vt 0.0 0.0
vt 0.0 0.0
vt 0.0 0.0
vt 0.0 0.0
vt 0.0 0.0
vt 0.0 0.0
vt 0.0 0.0
vt 0.0 0.0
vt 0.0 0.0
vt 0.0 0.0
vt 0.0 0.0
vt 0.0 0.0
vt 0.0 0.0
vt 0.0 0.0
vt 0.0 0.0
vt 0.0 0.0
vt 0.0 0.0
vt 0.0 0.0
vt 0.0 0.0
vt 0.0 0.0
vt 0.0 0.0
vt 0.0 0.0
vt 0.0 0.0
vt 0.0 0.0
vt 0.0 0.0
vt 0.0 0.0
vt 0.0 0.0
vt 0.0 0.0
vt 0.0 0.0
vt 0.0 0.0
vt 0.0 0.0
vt 0.0 0.0
vt 0.0 0.0
vt 0.0 0.0
vt 0.0 0.0
vt 0.0 0.0
vt 0.0 0.0
vt 0.0 0.0
vt 0.0 0.0
vt 0.0 0.0
vt 0.0 0.0
vt 0.0 0.0
vt 0.0 0.0
vt 0.0 0.0
vt 0.0 0.0
vt 0.0 0.0
vt 0.0 0.0
vt 0.0 0.0
vt 0.0 0.0
vt 0.0 0.0
vt 0.0 0.0
vt 0.0 0.0
vt 0.0 0.0
vt 0.0 0.0
vt 0.0 0.0
vt 0.0 0.0
vt 0.0 0.0
vt 0.0 0.0
vt 0.0 0.0
vt 0.0 0.0
vt 0.0 0.0
vt 0.0 0.0
vt 0.0 0.0
vt 0.0 0.0
vt 0.0 0.0
vt 0.0 0.0
vt 0.0 0.0
vt 0.0 0.0
vt 0.0 0.0
vt 0.0 0.0
vt 0.0 0.0
vt 0.0 0.0
vt 0.0 0.0
vt 0.0 0.0
vt 0.0 0.0
vt 0.0 0.0
vt 0.0 0.0
vt 0.0 0.0
vt 0.0 0.0
vt 0.0 0.0
vt 0.0 0.0
vt 0.0 0.0
vt 0.0 0.0
vt 0.0 0.0
vt 0.0 0.0
vt 0.0 0.0
vt 0.0 0.0
vt 0.0 0.0
vt 0.0 0.0
vt 0.0 0.0
vt 0.0 0.0
vt 0.0 0.0
vt 0.0 0.0
vt 0.0 0.0
vt 0.0 0.0
vt 0.0 0.0
vt 0.0 0.0
vt 0.0 0.0
vt 0.0 0.0
vt 0.0 0.0
vt 0.0 0.0
vt 0.0 0.0
vt 0.0 0.0
vt 0.0 0.0
vt 0.0 0.0
vt 0.0 0.0
vt 0.0 0.0
vt 0.0 0.0
vt 0.0 0.0
vt 0.0 0.0
vt 0.0 0.0
vt 0.0 0.0
vt 0.0 0.0
vt 0.0 0.0
vt 0.0 0.0
vt 0.0 0.0
vt 0.0 0.0
vt 0.0 0.0
vt 0.0 0.0
vt 0.0 0.0
vt 0.0 0.0
vt 0.0 0.0
vt 0.0 0.0
vt 0.0 0.0
vt 0.0 0.0
vt 0.0 0.0
vt 0.0 0.0
vt 0.0 0.0
vt 0.0 0.0
vt 0.0 0.0
vt 0.0 0.0
vt 0.0 0.0
vt 0.0 0.0
vt 0.0 0.0
vt 0.0 0.0
vt 0.0 0.0
vt 0.0 0.0
vt 0.0 0.0
vt 0.0 0.0
vt 0.0 0.0
vt 0.0 0.0
vt 0.0 0.0
vt 0.0 0.0
vt 0.0 0.0
vt 0.0 0.0
vt 0.0 0.0
vt 0.0 0.0
vt 0.0 0.0
vt 0.0 0.0
vt 0.0 0.0
vt 0.0 0.0
vt 0.0 0.0
vt 0.0 0.0
vt 0.0 0.0
vt 0.0 0.0
vt 0.0 0.0
vt 0.0 0.0
vt 0.0 0.0
vt 0.0 0.0
vt 0.0 0.0
vt 0.0 0.0
vt 0.0 0.0
vt 0.0 0.0
vt 0.0 0.0
vt 0.0 0.0
vt 0.0 0.0
vt 0.0 0.0
vt 0.0 0.0
vt 0.0 0.0
vt 0.0 0.0
vt 0.0 0.0
vt 0.0 0.0
vt 0.0 0.0
vt 0.0 0.0
vt 0.0 0.0
vt 0.0 0.0
vt 0.0 0.0
vt 0.0 0.0
vt 0.0 0.0
vt 0.0 0.0
vt 0.0 0.0
vt 0.0 0.0
vt 0.0 0.0
vt 0.0 0.0
vt 0.0 0.0
vt 0.0 0.0
vt 0.0 0.0
vt 0.0 0.0
vt 0.0 0.0
vt 0.0 0.0
vt 0.0 0.0
vt 0.0 0.0
vt 0.0 0.0
vt 0.0 0.0
vt 0.0 0.0
vt 0.0 0.0
vt 0.0 0.0
vt 0.0 0.0
vt 0.0 0.0
vt 0.0 0.0
vt 0.0 0.0
vt 0.0 0.0
vt 0.0 0.0
vt 0.0 0.0
vt 0.0 0.0
vt 0.0 0.0
vt 0.0 0.0
vt 0.0 0.0
vt 0.0 0.0
vt 0.0 0.0
vt 0.0 0.0
vt 0.0 0.0
vt 0.0 0.0
vt 0.0 0.0
vt 0.0 0.0
vt 0.0 0.0
vt 0.0 0.0
vt 0.0 0.0
vt 0.0 0.0
vt 0.0 0.0
vt 0.0 0.0
vt 0.0 0.0
vt 0.0 0.0
vt 0.0 0.0
vt 0.0 0.0
vt 0.0 0.0
vt 0.0 0.0
vt 0.0 0.0
vt 0.0 0.0
vt 0.0 0.0
vt 0.0 0.0
vt 0.0 0.0
vt 0.0 0.0
vt 0.0 0.0
vt 0.0 0.0
vt 0.0 0.0
vt 0.0 0.0
vt 0.0 0.0
vt 0.0 0.0
vt 0.0 0.0
vt 0.0 0.0
vt 0.0 0.0
vt 0.0 0.0
vt 0.0 0.0
vt 0.0 0.0
vt 0.0 0.0
vt 0.0 0.0
vt 0.0 0.0
vt 0.0 0.0
vt 0.0 0.0
vt 0.0 0.0
vt 0.0 0.0
vt 0.0 0.0
vt 0.0 0.0
vt 0.0 0.0
vt 0.0 0.0
vt 0.0 0.0
vt 0.0 0.0
vt 0.0 0.0
vt 0.0 0.0
vt 0.0 0.0
vt 0.0 0.0
vt 0.0 0.0
vt 0.0 0.0
vt 0.0 0.0
vt 0.0 0.0
vt 0.0 0.0
vt 0.0 0.0
vt 0.0 0.0
vt 0.0 0.0
vt 0.0 0.0
vt 0.0 0.0
vt 0.0 0.0
vt 0.0 0.0
vt 0.0 0.0
vt 0.0 0.0
vt 0.0 0.0
vt 0.0 0.0
vt 0.0 0.0
vt 0.0 0.0
vt 0.0 0.0
vt 0.0 0.0
vt 0.0 0.0
vt 0.0 0.0
vt 0.0 0.0
vt 0.0 0.0
vt 0.0 0.0
vt 0.0 0.0
vt 0.0 0.0
vt 0.0 0.0
vt 0.0 0.0
vt 0.0 0.0
vt 0.0 0.0
vt 0.0 0.0
vt 0.0 0.0
vt 0.0 0.0
vt 0.0 0.0
vt 0.0 0.0
vt 0.0 0.0
vt 0.0 0.0
vt 0.0 0.0
vt 0.0 0.0
vt 0.0 0.0
vt 0.0 0.0
vt 0.0 0.0
vt 0.0 0.0
vt 0.0 0.0
vt 0.0 0.0
vt 0.0 0.0
vt 0.0 0.0
vt 0.0 0.0
vt 0.0 0.0
vt 0.0 0.0
vt 0.0 0.0
vt 0.0 0.0
vt 0.0 0.0
vt 0.0 0.0
vt 0.0 0.0
vt 0.0 0.0
vt 0.0 0.0
vt 0.0 0.0
vt 0.0 0.0
vt 0.0 0.0
vt 0.0 0.0
vt 0.0 0.0
vt 0.0 0.0
vt 0.0 0.0
vt 0.0 0.0
vt 0.0 0.0
vt 0.0 0.0
vt 0.0 0.0
vt 0.0 0.0
vt 0.0 0.0
vt 0.0 0.0
vt 0.0 0.0
vt 0.0 0.0
vt 0.0 0.0
vt 0.0 0.0
vt 0.0 0.0
vt 0.0 0.0
vt 0.0 0.0
vt 0.0 0.0
vt 0.0 0.0
vt 0.0 0.0
vt 0.0 0.0
vt 0.0 0.0
vt 0.0 0.0
vt 0.0 0.0
vt 0.0 0.0
vt 0.0 0.0
vt 0.0 0.0
vt 0.0 0.0
vt 0.0 0.0
vt 0.0 0.0
vt 0.0 0.0
vt 0.0 0.0
vt 0.0 0.0
vt 0.0 0.0
vt 0.0 0.0
vt 0.0 0.0
vt 0.0 0.0
vt 0.0 0.0
vt 0.0 0.0
vt 0.0 0.0
vt 0.0 0.0
vt 0.0 0.0
vt 0.0 0.0
vt 0.0 0.0
vt 0.0 0.0
vt 0.0 0.0
vt 0.0 0.0
vt 0.0 0.0
vt 0.0 0.0
vt 0.0 0.0
vt 0.0 0.0
vt 0.0 0.0
vt 0.0 0.0
vt 0.0 0.0
vt 0.0 0.0
vt 0.0 0.0
vt 0.0 0.0
vt 0.0 0.0
vt 0.0 0.0
vt 0.0 0.0
vt 0.0 0.0
vt 0.0 0.0
vt 0.0 0.0
vt 0.0 0.0
vt 0.0 0.0
vt 0.0 0.0
vt 0.0 0.0
vt 0.0 0.0
vt 0.0 0.0
vt 0.0 0.0
vt 0.0 0.0
vt 0.0 0.0
vt 0.0 0.0
vt 0.0 0.0
vt 0.0 0.0
vt 0.0 0.0
vt 0.0 0.0
vt 0.0 0.0
vt 0.0 0.0
vt 0.0 0.0
vt 0.0 0.0
vt 0.0 0.0
vt 0.0 0.0
vt 0.0 0.0
vt 0.0 0.0
vt 0.0 0.0
vt 0.0 0.0
vt 0.0 0.0
vt 0.0 0.0
vt 0.0 0.0
vt 0.0 0.0
vt 0.0 0.0
vt 0.0 0.0
vt 0.0 0.0
vt 0.0 0.0
vt 0.0 0.0
vt 0.0 0.0
vt 0.0 0.0
vt 0.0 0.0
vt 0.0 0.0
vt 0.0 0.0
vt 0.0 0.0
vt 0.0 0.0
vt 0.0 0.0
vt 0.0 0.0
vt 0.0 0.0
vt 0.0 0.0
vt 0.0 0.0
vt 0.0 0.0
vt 0.0 0.0
vt 0.0 0.0
vt 0.0 0.0
vt 0.0 0.0
vt 0.0 0.0
vt 0.0 0.0
vt 0.0 0.0
vt 0.0 0.0
vt 0.0 0.0
vt 0.0 0.0
vt 0.0 0.0
vt 0.0 0.0
vt 0.0 0.0
vt 0.0 0.0
vt 0.0 0.0
vt 0.0 0.0
vt 0.0 0.0
vt 0.0 0.0
vt 0.0 0.0
vt 0.0 0.0
vt 0.0 0.0
vt 0.0 0.0
vt 0.0 0.0
vt 0.0 0.0
vt 0.0 0.0
vt 0.0 0.0
vt 0.0 0.0
vt 0.0 0.0
vt 0.0 0.0
vt 0.0 0.0
vt 0.0 0.0
vt 0.0 0.0
vt 0.0 0.0
vt 0.0 0.0
vt 0.0 0.0
vt 0.0 0.0
vt 0.0 0.0
vt 0.0 0.0
vt 0.0 0.0
vt 0.0 0.0
vt 0.0 0.0
vt 0.0 0.0
vt 0.0 0.0
vt 0.0 0.0
vt 0.0 0.0
vt 0.0 0.0
vt 0.0 0.0
vt 0.0 0.0
vt 0.0 0.0
vt 0.0 0.0
vt 0.0 0.0
vt 0.0 0.0
vt 0.0 0.0
vt 0.0 0.0
vt 0.0 0.0
vt 0.0 0.0
vt 0.0 0.0
vt 0.0 0.0
vt 0.0 0.0
vt 0.0 0.0
vt 0.0 0.0
vt 0.0 0.0
vt 0.0 0.0
vt 0.0 0.0
vt 0.0 0.0
vt 0.0 0.0
vt 0.0 0.0
vt 0.0 0.0
vt 0.0 0.0
vt 0.0 0.0
vt 0.0 0.0
vt 0.0 0.0
vt 0.0 0.0
vt 0.0 0.0
vt 0.0 0.0
vt 0.0 0.0
vt 0.0 0.0
vt 0.0 0.0
vt 0.0 0.0
vt 0.0 0.0
vt 0.0 0.0
vt 0.0 0.0
vt 0.0 0.0
vt 0.0 0.0
vt 0.0 0.0
vt 0.0 0.0
vt 0.0 0.0
vt 0.0 0.0
vt 0.0 0.0
vt 0.0 0.0
vt 0.0 0.0
vt 0.0 0.0
vt 0.0 0.0
vt 0.0 0.0
vt 0.0 0.0
vt 0.0 0.0
vt 0.0 0.0
vt 0.0 0.0
vt 0.0 0.0
vt 0.0 0.0
vt 0.0 0.0
vt 0.0 0.0
vt 0.0 0.0
vt 0.0 0.0
vt 0.0 0.0
vt 0.0 0.0
vt 0.0 0.0
vt 0.0 0.0
vt 0.0 0.0
vt 0.0 0.0
vt 0.0 0.0
vt 0.0 0.0
vt 0.0 0.0
vt 0.0 0.0
vt 0.0 0.0
vt 0.0 0.0
vt 0.0 0.0
vt 0.0 0.0
vt 0.0 0.0
vt 0.0 0.0
vt 0.0 0.0
vt 0.0 0.0
vt 0.0 0.0
vt 0.0 0.0
vt 0.0 0.0
vt 0.0 0.0
vt 0.0 0.0
vt 0.0 0.0
vt 0.0 0.0
vt 0.0 0.0
vt 0.0 0.0
vt 0.0 0.0
vt 0.0 0.0
vt 0.0 0.0
vt 0.0 0.0
vt 0.0 0.0
vt 0.0 0.0
vt 0.0 0.0
vt 0.0 0.0
vt 0.0 0.0
vt 0.0 0.0
vt 0.0 0.0
vt 0.0 0.0
vt 0.0 0.0
vt 0.0 0.0
vt 0.0 0.0
vt 0.0 0.0
vt 0.0 0.0
vt 0.0 0.0
vt 0.0 0.0
vt 0.0 0.0
vt 0.0 0.0
vt 0.0 0.0
vt 0.0 0.0
vt 0.0 0.0
vt 0.0 0.0
vt 0.0 0.0
vt 0.0 0.0
vt 0.0 0.0
vt 0.0 0.0
vt 0.0 0.0
vt 0.0 0.0
vt 0.0 0.0
vt 0.0 0.0
vt 0.0 0.0
vt 0.0 0.0
vt 0.0 0.0
vt 0.0 0.0
vt 0.0 0.0
vt 0.0 0.0
vt 0.0 0.0
vt 0.0 0.0
vt 0.0 0.0
vt 0.0 0.0
vt 0.0 0.0
vt 0.0 0.0
vt 0.0 0.0
vt 0.0 0.0
vt 0.0 0.0
vt 0.0 0.0
vt 0.0 0.0
vt 0.0 0.0
vt 0.0 0.0
vt 0.0 0.0
vt 0.0 0.0
vt 0.0 0.0
vt 0.0 0.0
vt 0.0 0.0
vt 0.0 0.0
vt 0.0 0.0
vt 0.0 0.0
vt 0.0 0.0
vt 0.0 0.0
vt 0.0 0.0
vt 0.0 0.0
vt 0.0 0.0
vt 0.0 0.0
vt 0.0 0.0
vt 0.0 0.0
vt 0.0 0.0
vt 0.0 0.0
vt 0.0 0.0
vt 0.0 0.0
vt 0.0 0.0
vt 0.0 0.0
vt 0.0 0.0
vt 0.0 0.0
vt 0.0 0.0
vt 0.0 0.0
vt 0.0 0.0
vt 0.0 0.0
vt 0.0 0.0
vt 0.0 0.0
vt 0.0 0.0
vt 0.0 0.0
vt 0.0 0.0
vt 0.0 0.0
vt 0.0 0.0
vt 0.0 0.0
vt 0.0 0.0
vt 0.0 0.0
vt 0.0 0.0
vt 0.0 0.0
vt 0.0 0.0
vt 0.0 0.0
vt 0.0 0.0
vt 0.0 0.0
vt 0.0 0.0
vt 0.0 0.0
vt 0.0 0.0
vt 0.0 0.0
vt 0.0 0.0
vt 0.0 0.0
vt 0.0 0.0
vt 0.0 0.0
vt 0.0 0.0
vt 0.0 0.0
vt 0.0 0.0
vt 0.0 0.0
vt 0.0 0.0
vt 0.0 0.0
vt 0.0 0.0
vt 0.0 0.0
vt 0.0 0.0
vt 0.0 0.0
vt 0.0 0.0
vt 0.0 0.0
vt 0.0 0.0
vt 0.0 0.0
vt 0.0 0.0
vt 0.0 0.0
vt 0.0 0.0
vt 0.0 0.0
vt 0.0 0.0
vt 0.0 0.0
vt 0.0 0.0
vt 0.0 0.0
vt 0.0 0.0
vt 0.0 0.0
vt 0.0 0.0
vt 0.0 0.0
vt 0.0 0.0
vt 0.0 0.0
vt 0.0 0.0
vt 0.0 0.0
vt 0.0 0.0
vt 0.0 0.0
vt 0.0 0.0
vt 0.0 0.0
vt 0.0 0.0
vt 0.0 0.0
vt 0.0 0.0
vt 0.0 0.0
vt 0.0 0.0
vt 0.0 0.0
vt 0.0 0.0
vt 0.0 0.0
vt 0.0 0.0
vt 0.0 0.0
vt 0.0 0.0
vt 0.0 0.0
vt 0.0 0.0
vt 0.0 0.0
vt 0.0 0.0
vt 0.0 0.0
vt 0.0 0.0
vt 0.0 0.0
vt 0.0 0.0
vt 0.0 0.0
vt 0.0 0.0
vt 0.0 0.0
vt 0.0 0.0
vt 0.0 0.0
vt 0.0 0.0
vt 0.0 0.0
vt 0.0 0.0
vt 0.0 0.0
vt 0.0 0.0
vt 0.0 0.0
vt 0.0 0.0
vt 0.0 0.0
vt 0.0 0.0
vt 0.0 0.0
vt 0.0 0.0
vt 0.0 0.0
vt 0.0 0.0
vt 0.0 0.0
vt 0.0 0.0
vt 0.0 0.0
vt 0.0 0.0
vt 0.0 0.0
vt 0.0 0.0
vt 0.0 0.0
vt 0.0 0.0
vt 0.0 0.0
vt 0.0 0.0
vt 0.0 0.0
vt 0.0 0.0
vt 0.0 0.0
vt 0.0 0.0
vt 0.0 0.0
vt 0.0 0.0
vt 0.0 0.0
vt 0.0 0.0
vt 0.0 0.0
vt 0.0 0.0
vt 0.0 0.0
vt 0.0 0.0
vt 0.0 0.0
vt 0.0 0.0
vt 0.0 0.0
vt 0.0 0.0
vt 0.0 0.0
vt 0.0 0.0
vt 0.0 0.0
vt 0.0 0.0
vt 0.0 0.0
vt 0.0 0.0
vt 0.0 0.0
vt 0.0 0.0
vt 0.0 0.0
vt 0.0 0.0
vt 0.0 0.0
vt 0.0 0.0
vt 0.0 0.0
vt 0.0 0.0
vt 0.0 0.0
vt 0.0 0.0
vt 0.0 0.0
vt 0.0 0.0
vt 0.0 0.0
vt 0.0 0.0
vt 0.0 0.0
vt 0.0 0.0
vt 0.0 0.0
vt 0.0 0.0
vt 0.0 0.0
vt 0.0 0.0
vt 0.0 0.0
vt 0.0 0.0
vt 0.0 0.0
vt 0.0 0.0
vt 0.0 0.0
vt 0.0 0.0
vt 0.0 0.0
vt 0.0 0.0
vt 0.0 0.0
vt 0.0 0.0
vt 0.0 0.0
vt 0.0 0.0
vt 0.0 0.0
vt 0.0 0.0
vt 0.0 0.0
vt 0.0 0.0
vt 0.0 0.0
vt 0.0 0.0
vt 0.0 0.0
vt 0.0 0.0
vt 0.0 0.0
vt 0.0 0.0
vt 0.0 0.0
vt 0.0 0.0
vt 0.0 0.0
vt 0.0 0.0
vt 0.0 0.0
vt 0.0 0.0
vt 0.0 0.0
vt 0.0 0.0
vt 0.0 0.0
vt 0.0 0.0
vt 0.0 0.0
vt 0.0 0.0
vt 0.0 0.0
vt 0.0 0.0
vt 0.0 0.0
vt 0.0 0.0
vt 0.0 0.0
vt 0.0 0.0
vt 0.0 0.0
vt 0.0 0.0
vt 0.0 0.0
vt 0.0 0.0
vt 0.0 0.0
vt 0.0 0.0
vt 0.0 0.0
vt 0.0 0.0
vt 0.0 0.0
vt 0.0 0.0
vt 0.0 0.0
vt 0.0 0.0
vt 0.0 0.0
vt 0.0 0.0
vt 0.0 0.0
vt 0.0 0.0
vt 0.0 0.0
vt 0.0 0.0
vt 0.0 0.0
vt 0.0 0.0
vt 0.0 0.0
vt 0.0 0.0
vt 0.0 0.0
vt 0.0 0.0
vt 0.0 0.0
vt 0.0 0.0
vt 0.0 0.0
vt 0.0 0.0
vt 0.0 0.0
vt 0.0 0.0
vt 0.0 0.0
vt 0.0 0.0
vt 0.0 0.0
vt 0.0 0.0
vt 0.0 0.0
vt 0.0 0.0
vt 0.0 0.0
vt 0.0 0.0
vt 0.0 0.0
vt 0.0 0.0
vt 0.0 0.0
vt 0.0 0.0
vt 0.0 0.0
vt 0.0 0.0
vt 0.0 0.0
vt 0.0 0.0
vt 0.0 0.0
vt 0.0 0.0
vt 0.0 0.0
vt 0.0 0.0
vt 0.0 0.0
vt 0.0 0.0
vt 0.0 0.0
vt 0.0 0.0
vt 0.0 0.0
vt 0.0 0.0
vt 0.0 0.0
vt 0.0 0.0
vt 0.0 1.0
vt 0.0625 0.0
vt 0.0 0.0
vt 0.0625 1.0
vt 0.125 0.0
vt 0.125 1.0
vt 0.1875 0.0
vt 0.1875 1.0
vt 0.25 0.0
vt 0.25 1.0
vt 0.3125 0.0
vt 0.3125 1.0
vt 0.375 0.0
vt 0.375 1.0
vt 0.4375 0.0
vt 0.4375 1.0
vt 0.5 0.0
vt 0.5 1.0
vt 0.5625 0.0
vt 0.5625 1.0
vt 0.625 0.0
vt 0.625 1.0
vt 0.6875 0.0
vt 0.6875 1.0
vt 0.75 0.0
vt 0.75 1.0
vt 0.8125 0.0
vt 0.8125 1.0
vt 0.875 0.0
vt 0.875 1.0
vt 0.9375 0.0
vt 0.9375 1.0
vt 1.0 0.0
vt 1.0 1.0
vt 1.0 0.5
vt 0.96193975 0.6913417
vt 0.5 0.5
vt 0.8535534 0.8535534
vt 0.5 0.5
vt 0.6913417 0.96193975
vt 0.5 0.5
vt 0.5 1.0
vt 0.5 0.5
vt 0.30865827 0.96193975
vt 0.5 0.5
vt 0.14644662 0.8535534
vt 0.5 0.5
vt 0.038060233 0.6913417
vt 0.5 0.5
vt 0.0 0.5
vt 0.5 0.5
vt 0.038060233 0.30865827
vt 0.5 0.5
vt 0.14644662 0.14644662
vt 0.5 0.5
vt 0.30865827 0.038060233
vt 0.5 0.5
vt 0.5 0.0
vt 0.5 0.5
vt 0.6913417 0.038060233
vt 0.5 0.5
vt 0.8535534 0.14644662
vt 0.5 0.5
vt 0.96193975 0.30865827
vt 0.5 0.5
vt 1.0 0.5
vt 0.5 0.5
vt 1.0 0.5
vt 0.96193975 0.6913417
vt 0.5 0.5
vt 0.8535534 0.8535534
vt 0.5 0.5
vt 0.6913417 0.96193975
vt 0.5 0.5
vt 0.5 1.0
vt 0.5 0.5
vt 0.30865827 0.96193975
vt 0.5 0.5
vt 0.14644662 0.8535534
vt 0.5 0.5
vt 0.038060233 0.6913417
vt 0.5 0.5
vt 0.0 0.5
vt 0.5 0.5
vt 0.038060233 0.30865827
vt 0.5 0.5
vt 0.14644662 0.14644662
vt 0.5 0.5
vt 0.30865827 0.038060233
vt 0.5 0.5
vt 0.5 0.0
vt 0.5 0.5
vt 0.6913417 0.038060233
vt 0.5 0.5
vt 0.8535534 0.14644662
vt 0.5 0.5
vt 0.96193975 0.30865827
vt 0.5 0.5
vt 1.0 0.5
vt 0.5 0.5
vt 0.0 1.0
vt 0.05 0.0
vt 0.0 0.0
vt 0.05 1.0
vt 0.1 0.0
vt 0.1 1.0
vt 0.15 0.0
vt 0.15 1.0
vt 0.2 0.0
vt 0.2 1.0
vt 0.25 0.0
vt 0.25 1.0
vt 0.3 0.0
vt 0.3 1.0
vt 0.35 0.0
vt 0.35 1.0
vt 0.4 0.0
vt 0.4 1.0
vt 0.45 0.0
vt 0.45 1.0
vt 0.5 0.0
vt 0.5 1.0
vt 0.55 0.0
vt 0.55 1.0
vt 0.6 0.0
vt 0.6 1.0
vt 0.65 0.0
vt 0.65 1.0
vt 0.7 0.0
vt 0.7 1.0
vt 0.75 0.0
vt 0.75 1.0
vt 0.8 0.0
vt 0.8 1.0
vt 0.85 0.0
vt 0.85 1.0
vt 0.9 0.0
vt 0.9 1.0
vt 0.95 0.0
vt 0.95 1.0
vt 1.0 0.0
vt 1.0 1.0
vt 1.0 0.5
vt 0.97552824 0.6545085
vt 0.5 0.5
vt 0.9045085 0.7938926
vt 0.5 0.5
vt 0.7938926 0.90450853
vt 0.5 0.5
vt 0.6545085 0.97552824
vt 0.5 0.5
vt 0.5 1.0
vt 0.5 0.5
vt 0.34549147 0.97552824
vt 0.5 0.5
vt 0.2061074 0.90450853
vt 0.5 0.5
vt 0.09549149 0.7938926
vt 0.5 0.5
vt 0.024471754 0.65450853
vt 0.5 0.5
vt 0.0 0.5
vt 0.5 0.5
vt 0.024471754 0.34549147
vt 0.5 0.5
vt 0.09549154 0.20610732
vt 0.5 0.5
vt 0.20610732 0.09549154
vt 0.5 0.5
vt 0.34549147 0.024471754
vt 0.5 0.5
vt 0.5 0.0
vt 0.5 0.5
vt 0.65450853 0.024471754
vt 0.5 0.5
vt 0.7938927 0.09549154
vt 0.5 0.5
vt 0.9045085 0.20610732
vt 0.5 0.5
vt 0.97552824 0.34549147
vt 0.5 0.5
vt 1.0 0.5
vt 0.5 0.5
vt 1.0 0.5
vt 0.97552824 0.6545085
vt 0.5 0.5
vt 0.9045085 0.7938926
vt 0.5 0.5
vt 0.7938926 0.90450853
vt 0.5 0.5
vt 0.6545085 0.97552824
vt 0.5 0.5
vt 0.5 1.0
vt 0.5 0.5
vt 0.34549147 0.97552824
vt 0.5 0.5
vt 0.2061074 0.90450853
vt 0.5 0.5
vt 0.09549149 0.7938926
vt 0.5 0.5
vt 0.024471754 0.65450853
vt 0.5 0.5
vt 0.0 0.5
vt 0.5 0.5
vt 0.024471754 0.34549147
vt 0.5 0.5
vt 0.09549154 0.20610732
vt 0.5 0.5
vt 0.20610732 0.09549154
vt 0.5 0.5
vt 0.34549147 0.024471754
vt 0.5 0.5
vt 0.5 0.0
vt 0.5 0.5
vt 0.65450853 0.024471754
vt 0.5 0.5
vt 0.7938927 0.09549154
vt 0.5 0.5
vt 0.9045085 0.20610732
vt 0.5 0.5
vt 0.97552824 0.34549147
vt 0.5 0.5
vt 1.0 0.5
vt 0.5 0.5
vt 0.0 1.0
vt 0.05 0.0
vt 0.0 0.0
vt 0.05 1.0
vt 0.1 0.0
vt 0.1 1.0
vt 0.15 0.0
vt 0.15 1.0
vt 0.2 0.0
vt 0.2 1.0
vt 0.25 0.0
vt 0.25 1.0
vt 0.3 0.0
vt 0.3 1.0
vt 0.35 0.0
vt 0.35 1.0
vt 0.4 0.0
vt 0.4 1.0
vt 0.45 0.0
vt 0.45 1.0
vt 0.5 0.0
vt 0.5 1.0
vt 0.55 0.0
vt 0.55 1.0
vt 0.6 0.0
vt 0.6 1.0
vt 0.65 0.0
vt 0.65 1.0
vt 0.7 0.0
vt 0.7 1.0
vt 0.75 0.0
vt 0.75 1.0
vt 0.8 0.0
vt 0.8 1.0
vt 0.85 0.0
vt 0.85 1.0
vt 0.9 0.0
vt 0.9 1.0
vt 0.95 0.0
vt 0.95 1.0
vt 1.0 0.0
vt 1.0 1.0
vt 1.0 0.5
vt 0.97552824 0.6545085
vt 0.5 0.5
vt 0.9045085 0.7938926
vt 0.5 0.5
vt 0.7938926 0.90450853
vt 0.5 0.5
vt 0.6545085 0.97552824
vt 0.5 0.5
vt 0.5 1.0
vt 0.5 0.5
vt 0.34549147 0.97552824
vt 0.5 0.5
vt 0.2061074 0.90450853
vt 0.5 0.5
vt 0.09549149 0.7938926
vt 0.5 0.5
vt 0.024471754 0.65450853
vt 0.5 0.5
vt 0.0 0.5
vt 0.5 0.5
vt 0.024471754 0.34549147
vt 0.5 0.5
vt 0.09549154 0.20610732
vt 0.5 0.5
vt 0.20610732 0.09549154
vt 0.5 0.5
vt 0.34549147 0.024471754
vt 0.5 0.5
vt 0.5 0.0
vt 0.5 0.5
vt 0.65450853 0.024471754
vt 0.5 0.5
vt 0.7938927 0.09549154
vt 0.5 0.5
vt 0.9045085 0.20610732
vt 0.5 0.5
vt 0.97552824 0.34549147
vt 0.5 0.5
vt 1.0 0.5
vt 0.5 0.5
vt 1.0 0.5
vt 0.97552824 0.6545085
vt 0.5 0.5
vt 0.9045085 0.7938926
vt 0.5 0.5
vt 0.7938926 0.90450853
vt 0.5 0.5
vt 0.6545085 0.97552824
vt 0.5 0.5
vt 0.5 1.0
vt 0.5 0.5
vt 0.34549147 0.97552824
vt 0.5 0.5
vt 0.2061074 0.90450853
vt 0.5 0.5
vt 0.09549149 0.7938926
vt 0.5 0.5
vt 0.024471754 0.65450853
vt 0.5 0.5
vt 0.0 0.5
vt 0.5 0.5
vt 0.024471754 0.34549147
vt 0.5 0.5
vt 0.09549154 0.20610732
vt 0.5 0.5
vt 0.20610732 0.09549154
vt 0.5 0.5
vt 0.34549147 0.024471754
vt 0.5 0.5
vt 0.5 0.0
vt 0.5 0.5
vt 0.65450853 0.024471754
vt 0.5 0.5
vt 0.7938927 0.09549154
vt 0.5 0.5
vt 0.9045085 0.20610732
vt 0.5 0.5
vt 0.97552824 0.34549147
vt 0.5 0.5
vt 1.0 0.5
vt 0.5 0.5
vn -0.54818726 0.66695446 0.50464094
vn -0.48678485 0.68512297 0.5418921
vn -0.499452 0.6488013 0.574112
vn -0.44308218 0.66193837 0.604579
vn -0.41290754 0.7319892 0.54194015
vn -0.3715625 0.7045847 0.60456735
vn -0.33456331 0.77092004 0.5419868
vn -0.29598042 0.7395325 0.6045555
vn -0.25260133 0.8014948 0.54203206
vn -0.21716177 0.7663993 0.6045435
vn -0.16790977 0.82338333 0.5420759
vn -0.13596775 0.7848915 0.6045313
vn -0.08140629 0.83634967 0.5421183
vn -0.053285547 0.79480654 0.60451895
vn 0.0059720525 0.8402545 0.5421593
vn 0.02998132 0.7960358 0.6045065
vn 0.09327883 0.8350565 0.542199
vn 0.11292292 0.7885656 0.6044938
vn 0.17956856 0.82081294 0.5422373
vn 0.19463283 0.7724771 0.604481
vn 0.26390687 0.79767907 0.5422742
vn 0.27421802 0.74794585 0.6044679
vn 0.3453806 0.7659063 0.5423097
vn 0.3508087 0.7152396 0.6044548
vn 0.40055546 0.7261192 0.5588437
vn 0.38705873 0.67188233 0.63147426
vn -0.46425247 0.59489965 0.65617377
vn -0.4104828 0.6076645 0.679888
vn -0.34389555 0.64768684 0.6798806
vn -0.27344722 0.6804405 0.67987305
vn -0.19992843 0.70555776 0.67986536
vn -0.124164246 0.7227565 0.6798575
vn -0.047004938 0.73184365 0.67984957
vn 0.030683536 0.7327169 0.6798415
vn 0.108029254 0.72536635 0.6798333
vn 0.18416412 0.70987433 0.67982495
vn 0.25823364 0.68641454 0.6798165
vn 0.3294064 0.65525 0.6798079
vn 0.3631733 0.6136275 0.701118
vn -0.42078283 0.55142236 0.72032994
vn -0.3705989 0.5630848 0.738642
vn -0.309173 0.59902227 0.73863685
vn -0.24430035 0.628284 0.73863155
vn -0.17670399 0.6505437 0.7386262
vn -0.10713723 0.6655532 0.7386207
vn -0.036375377 0.67314523 0.73861516
vn 0.034792952 0.6732351 0.73860943
vn 0.10557461 0.66582173 0.7386037
vn 0.17518073 0.6509877 0.7385978
vn 0.2428356 0.6288982 0.73859185
vn 0.30778518 0.59979945 0.73858577
vn 0.33892888 0.5609065 0.7553218
vn -0.37296635 0.5172067 0.7703203
vn -0.32674998 0.5271262 0.7844568
vn -0.27043718 0.55812025 0.7844523
vn -0.21121863 0.58311945 0.78444785
vn -0.1497304 0.60185516 0.78444326
vn -0.08663297 0.6141261 0.78443855
vn -0.0226041 0.6198005 0.78443384
vn 0.041668456 0.6188173 0.78442895
vn 0.105494335 0.6111872 0.78442407
vn 0.16818799 0.5969921 0.78441906
vn 0.229076 0.57638437 0.784414
vn 0.2875044 0.54958534 0.7844088
vn 0.31596354 0.5138667 0.79756385
vn -0.32306707 0.4904563 0.8093703
vn -0.28087723 0.49815103 0.8203375
vn -0.22954628 0.52379614 0.82033294
vn -0.17590357 0.54416853 0.82032835
vn -0.12048913 0.559063 0.82032365
vn -0.06386077 0.56832975 0.82031894
vn -0.0065885466 0.5718753 0.8203141
vn 0.050751004 0.56966406 0.8203092
vn 0.107580684 0.56171817 0.8203043
vn 0.16332842 0.54811764 0.82029927
vn 0.21743307 0.5289993 0.8202942
vn 0.26934996 0.5045557 0.8202891
vn 0.29511112 0.47213513 0.83066106
vn -0.27228984 0.4692427 0.8400414
vn -0.23405324 0.47440022 0.84862447
vn -0.18758859 0.49462652 0.8486195
vn -0.13940129 0.5103142 0.8486145
vn -0.08993352 0.5213194 0.8486095
vn -0.039639194 0.52754086 0.8486044
vn 0.0110202 0.52892154 0.8485992
vn 0.061579797 0.5254486 0.84859395
vn 0.11157566 0.51715386 0.84858865
vn 0.16054901 0.50411344 0.84858334
vn 0.20805047 0.4864468 0.8485779
vn 0.25364414 0.464316 0.8485725
vn 0.27672753 0.43514588 0.8567788
vn -0.22124872 0.45172593 0.8642874
vn -0.18687072 0.45419267 0.8710846
vn -0.14520758 0.46918607 0.8710793
vn -0.102362595 0.4803665 0.871074
vn -0.058683917 0.48764288 0.87106866
vn -0.014526532 0.490956 0.87106323
vn 0.029750679 0.49027872 0.8710578
vn 0.07378785 0.48561636 0.8710523
vn 0.11722705 0.47700667 0.8710467
vn 0.15971519 0.4645195 0.8710412
vn 0.2009069 0.4482561 0.8710355
vn 0.24046731 0.42834854 0.87102985
vn 0.2609196 0.40229547 0.8775416
vn -0.1702785 0.43624088 0.8835718
vn -0.1396977 0.4360078 0.88903415
vn -0.1028188 0.44615665 0.88902897
vn -0.065220185 0.4531921 0.8890238
vn -0.027164195 0.45706478 0.8890185
vn 0.01108361 0.45774743 0.8890132
vn 0.049256295 0.45523497 0.8890078
vn 0.08708742 0.44954473 0.88900244
vn 0.12431292 0.4407161 0.88899696
vn 0.16067289 0.42881042 0.8889915
vn 0.19591346 0.41391054 0.88898593
vn 0.22978854 0.3961202 0.8889803
vn 0.24767935 0.3730101 0.89415795
vn -0.11962373 0.42132843 0.89898413
vn -0.09282996 0.4185194 0.9034512
vn -0.06074128 0.42437527 0.9034468
vn -0.028298344 0.4277746 0.9034423
vn 0.0043110866 0.42869744 0.90343785
vn 0.03689826 0.427138 0.90343326
vn 0.0692745 0.42310494 0.9034286
vn 0.101252325 0.41662118 0.9034239
vn 0.1326465 0.4077239 0.90341914
vn 0.16327512 0.39646423 0.90341425
vn 0.1929607 0.38290694 0.90340936
vn 0.22153112 0.3671302 0.90340436
vn 0.2369518 0.3467706 0.9075263
vn -0.0695411 0.40574807 0.9113356
vn -0.046570815 0.40061072 0.91506404
vn -0.019268679 0.40285394 0.9150614
vn 0.008125443 0.40323877 0.91505873
vn 0.03548523 0.401763 0.91505593
vn 0.06268446 0.39843282 0.91505295
vn 0.08959761 0.39326313 0.9150499
vn 0.116100416 0.38627726 0.91504675
vn 0.14207044 0.3775069 0.9150435
vn 0.16738766 0.366992 0.91504
vn 0.19193503 0.35478052 0.91503644
vn 0.21559894 0.3409284 0.91503274
vn 0.22866227 0.32312018 0.91831744
vn -0.02033905 0.38848397 0.921231
vn -0.0012580038 0.38138136 0.92441696
vn 0.021302756 0.3807863 0.9244176
vn 0.043792628 0.3788579 0.92441815
vn 0.0661329 0.37560222 0.9244184
vn 0.08824532 0.37103 0.92441845
vn 0.11005236 0.36515656 0.9244183
vn 0.13147752 0.35800177 0.92441785
vn 0.15244554 0.34959003 0.9244172
vn 0.17288272 0.33995014 0.9244163
vn 0.19271713 0.32911518 0.9244151
vn 0.21187894 0.31712252 0.9244137
vn 0.22271805 0.30166814 0.9270345
vn 0.027637705 0.36874285 0.9291205
vn 0.042754352 0.36014596 0.93191576
vn 0.06068208 0.35754505 0.9319223
vn 0.078463264 0.35405207 0.93192846
vn 0.09605355 0.34967485 0.9319341
vn 0.113408975 0.34442338 0.93193936
vn 0.13048609 0.3383099 0.9319441
vn 0.14724208 0.3313488 0.93194836
vn 0.16363484 0.32355654 0.9319522
vn 0.17962311 0.3149517 0.93195546
vn 0.19516659 0.30555493 0.93195826
vn 0.21022595 0.29538885 0.9319606
vn 0.21898928 0.28210402 0.9340562
vn 0.07410095 0.34593138 0.9353291
vn 0.08517646 0.3364197 0.9378522
vn 0.09864066 0.33267087 0.93786997
vn 0.11195262 0.3283824 0.9378868
vn 0.12509067 0.32356 0.93790257
vn 0.13803336 0.31821024 0.9379174
vn 0.15075946 0.31234056 0.93793124
vn 0.16324799 0.30595925 0.93794405
vn 0.17547832 0.29907545 0.93795586
vn 0.18743014 0.29169914 0.9379667
vn 0.19908354 0.2838411 0.93797654
vn 0.21041897 0.27551293 0.93798536
vn 0.21725589 0.2642513 0.93966544
vn 0.11916419 0.31956393 0.9400419
vn 0.12608933 0.30989352 0.94237334
vn 0.13524552 0.30586708 0.94241923
vn 0.14429854 0.3015667 0.94246244
vn 0.15324001 0.29699418 0.94250304
vn 0.16206157 0.29215145 0.942541
vn 0.17075488 0.2870408 0.94257647
vn 0.17931165 0.28166473 0.9426093
vn 0.18772364 0.27602598 0.94263965
vn 0.19598266 0.27012756 0.9426674
vn 0.20408061 0.2639727 0.9426927
vn 0.2120094 0.2575649 0.9427154
vn 0.21701753 0.24830514 0.9440593
vn 0.17052837 0.28795543 0.94233847
vn 0.17482476 0.28111026 0.94361717
vn 0.17758907 0.2778573 0.9440643
vn 0.1805942 0.27455366 0.9444607
vn 0.18382163 0.27118355 0.94481164
vn 0.18725735 0.26773152 0.9451214
vn 0.19089119 0.26418206 0.94539326
vn 0.19471653 0.2605193 0.94562954
vn 0.19872984 0.25672644 0.9458319
vn 0.20293072 0.2527856 0.94600135
vn 0.2073218 0.24867707 0.94613814
vn 0.21190879 0.24437909 0.9462418
vn 0.21389636 0.23871912 0.9472389
vn 0.24585834 0.2596 0.9338959
vn 0.23390783 0.2590362 0.9371165
vn 0.22490656 0.25817433 0.9395547
vn 0.21815696 0.25707412 0.94144595
vn 0.21317318 0.25577036 0.94294155
vn 0.20960934 0.25428194 0.9441423
vn 0.20721565 0.25261685 0.9451171
vn 0.20581071 0.25077447 0.94591445
vn 0.20526409 0.24874684 0.94656837
vn 0.20548525 0.24651831 0.9471032
vn 0.20641714 0.24406478 0.94753593
vn 0.20803338 0.24135138 0.9478774
vn 0.0 1.0 0.0
vn -0.26871744 0.3034989 -0.914155
vn -0.12777579 0.22306849 -0.96639216
vn 0.024634289 -0.012507741 -0.9996183
vn 0.17448197 -0.16316223 -0.97104794
vn 0.35290736 -0.53568107 -0.76713896
vn 0.3389445 -0.5158425 -0.78678024
vn 0.3390014 -0.6534648 -0.6768027
vn 0.3141384 -0.6225633 -0.716751
vn 0.28466985 -0.73033786 -0.6209426
vn 0.25818858 -0.69599617 -0.67002094
vn 0.21117811 -0.7871633 -0.5794633
vn 0.18553385 -0.7511814 -0.6334853
vn 0.1253693 -0.8289025 -0.5451635
vn 0.10143078 -0.79199266 -0.6020461
vn 0.030621532 -0.85697824 -0.5144421
vn 0.008665754 -0.81957877 -0.57290095
vn -0.07098057 -0.8717135 -0.48484772
vn -0.09102208 -0.8342142 -0.54387647
vn -0.17816785 -0.8730681 -0.4538814
vn -0.19673231 -0.83592796 -0.51236784
vn -0.29098022 -0.8609941 -0.41715664
vn -0.3092897 -0.8249541 -0.47306514
vn -0.42253953 -0.83830154 -0.34454447
vn -0.44902325 -0.8071311 -0.3832982
vn -0.52131855 -0.80149454 -0.29297355
vn -0.52067643 -0.7749325 -0.3582955
vn 0.01669764 0.1460288 -0.98913944
vn 0.22096163 -0.15362142 -0.9631077
vn 0.3278756 -0.45554006 -0.8276357
vn 0.30096462 -0.5582453 -0.773164
vn 0.24807236 -0.6309961 -0.7350538
vn 0.18017754 -0.6867957 -0.70416456
vn 0.10152859 -0.7291613 -0.6767686
vn 0.014457044 -0.7592228 -0.65067023
vn -0.07959195 -0.7773684 -0.62398994
vn -0.17999387 -0.7838954 -0.59423083
vn -0.28798005 -0.7797486 -0.55593127
vn -0.42589653 -0.7770515 -0.46346858
vn -0.4968469 -0.7524195 -0.43244433
vn 0.11055157 0.10933263 -0.9878384
vn 0.24660979 -0.13922793 -0.9590616
vn 0.31167573 -0.4084804 -0.85790557
vn 0.28229073 -0.5056899 -0.8152237
vn 0.23191111 -0.57538867 -0.7843119
vn 0.16869068 -0.62938416 -0.7585638
vn 0.09594152 -0.671047 -0.7351811
vn 0.015524828 -0.7015877 -0.712414
vn -0.07143372 -0.72157913 -0.6886369
vn -0.16458817 -0.7316469 -0.66151613
vn -0.26548687 -0.73350877 -0.6256849
vn -0.3973031 -0.7456977 -0.5348693
vn -0.4660048 -0.7299156 -0.5000627
vn 0.17281888 0.09100599 -0.9807403
vn 0.26057327 -0.12604634 -0.95719063
vn 0.29240468 -0.37197852 -0.88098323
vn 0.26028883 -0.4630617 -0.8472447
vn 0.21190311 -0.52841014 -0.82211906
vn 0.15303643 -0.57915473 -0.80072445
vn 0.08615715 -0.61866367 -0.7809175
vn 0.01267991 -0.64829504 -0.76128364
vn -0.066575184 -0.6688444 -0.7404154
vn -0.1515055 -0.68128294 -0.71617013
vn -0.24385138 -0.68807954 -0.6834347
vn -0.3664532 -0.7137142 -0.5969289
vn -0.43140134 -0.7071398 -0.56021976
vn 0.21627295 0.080378935 -0.97301865
vn 0.26767758 -0.11585569 -0.95651776
vn 0.27133664 -0.3436864 -0.8990306
vn 0.23630284 -0.42843312 -0.8721273
vn 0.1894674 -0.4887862 -0.851581
vn 0.13456531 -0.53549695 -0.8337477
vn 0.07329953 -0.57201093 -0.8169643
vn 0.006670595 -0.5998633 -0.8000747
vn -0.06477939 -0.62008125 -0.78185856
vn -0.14114387 -0.6339681 -0.7603702
vn -0.22423029 -0.6446741 -0.73083246
vn -0.3355476 -0.681876 -0.6499638
vn -0.39544815 -0.6842321 -0.6127375
vn 0.24834976 0.072403595 -0.96596074
vn 0.27056408 -0.10897857 -0.9565138
vn 0.24921311 -0.32165757 -0.913471
vn 0.2111413 -0.40005141 -0.8918398
vn 0.16550563 -0.45515317 -0.8748963
vn 0.114190616 -0.49748287 -0.85992515
vn 0.05819125 -0.5305913 -0.84562796
vn -0.0018763227 -0.5561913 -0.8310521
vn -0.06571888 -0.5755282 -0.81513697
vn -0.13358001 -0.59020436 -0.7961251
vn -0.20722876 -0.6039603 -0.76960266
vn -0.30608574 -0.65083855 -0.69478106
vn -0.3599704 -0.6614613 -0.65794396
vn 0.27333006 0.064633094 -0.9597464
vn 0.270723 -0.10521089 -0.95689064
vn 0.22646749 -0.30429506 -0.9252659
vn 0.18530232 -0.3764028 -0.90773565
vn 0.14060365 -0.42623305 -0.8936196
vn 0.092536926 -0.46412027 -0.88092524
vn 0.04142898 -0.4937109 -0.8686387
vn -0.012464041 -0.51687396 -0.8559708
vn -0.069071464 -0.5350437 -0.841996
vn -0.12874782 -0.55007803 -0.82512915
vn -0.1931447 -0.56621075 -0.80131173
vn -0.27910548 -0.6210534 -0.7323884
vn -0.32637912 -0.6390818 -0.69645613
vn 0.2937508 0.055891465 -0.95424664
vn 0.26904833 -0.1041314 -0.9574809
vn 0.20338914 -0.2902748 -0.93507934
vn 0.15912654 -0.35620168 -0.9207601
vn 0.11516841 -0.4008915 -0.90885764
vn 0.070046954 -0.4344677 -0.8979595
vn 0.023448529 -0.4606357 -0.8872795
vn -0.02471099 -0.48138422 -0.8761613
vn -0.07456095 -0.49829838 -0.8637936
vn -0.12653579 -0.5134423 -0.8487436
vn -0.18211746 -0.53144866 -0.827282
vn -0.25534147 -0.59279126 -0.7638058
vn -0.29577556 -0.6173057 -0.7290065
vn 0.3112335 0.045696918 -0.9492342
vn 0.2661784 -0.1052019 -0.95816576
vn 0.18024164 -0.2784785 -0.9433783
vn 0.13289924 -0.3383594 -0.9315851
vn 0.089517586 -0.37814638 -0.9214076
vn 0.047053996 -0.4076783 -0.91191244
vn 0.0045745196 -0.43066537 -0.9025001
vn -0.038328953 -0.44917092 -0.8926233
vn -0.081966996 -0.46488816 -0.881567
vn -0.12683114 -0.4800379 -0.8680308
vn -0.17420624 -0.49956542 -0.84857917
vn -0.23531692 -0.566215 -0.78995353
vn -0.26900342 -0.59634376 -0.7563143
vn 0.32702976 0.03400575 -0.944402
vn 0.2627642 -0.10779594 -0.9588196
vn 0.1573648 -0.26794356 -0.95049596
vn 0.106926516 -0.32195225 -0.9406984
vn 0.06394141 -0.35715717 -0.9318531
vn 0.023831185 -0.3830104 -0.9234366
vn -0.014943652 -0.4031639 -0.91500574
vn -0.0531019 -0.41970766 -0.9061047
vn -0.091120474 -0.4344004 -0.896099
vn -0.12953287 -0.44957402 -0.8838011
vn -0.1694204 -0.4704132 -0.8660301
vn -0.21937804 -0.5414779 -0.8115879
vn -0.24664496 -0.57649654 -0.77898526
vn 0.34251925 0.021097898 -0.9392739
vn 0.25979352 -0.111198865 -0.9592404
vn 0.13530573 -0.2578238 -0.95667094
vn 0.08161672 -0.30619115 -0.94846493
vn 0.038757194 -0.33720654 -0.9406326
vn 0.0006289109 -0.3598228 -0.9330205
vn -0.034906358 -0.37757015 -0.92532283
vn -0.06886951 -0.39251986 -0.91716146
vn -0.10189348 -0.40645897 -0.9079696
vn -0.13454553 -0.4217934 -0.8966537
vn -0.16771205 -0.44389525 -0.8802441
vn -0.20766056 -0.51886094 -0.8292529
vn -0.22892044 -0.5583273 -0.7974121
vn 0.3599563 0.007531798 -0.93293875
vn 0.25922117 -0.11457927 -0.95899737
vn 0.11509077 -0.24734604 -0.9620676
vn 0.057631206 -0.29038534 -0.9551728
vn 0.0143914465 -0.3176742 -0.94809073
vn -0.022284089 -0.33756208 -0.94103944
vn -0.055146098 -0.35340253 -0.9338445
vn -0.08551962 -0.36721194 -0.92619747
vn -0.11419007 -0.3807792 -0.91758806
vn -0.14175493 -0.39656398 -0.9069964
vn -0.16891691 -0.42010915 -0.8916139
vn -0.19992395 -0.4990388 -0.84320265
vn -0.2153421 -0.5430765 -0.8116007
vn 0.3842421 -0.0058685355 -0.9232137
vn 0.2657747 -0.116888724 -0.9569226
vn 0.09904659 -0.2357266 -0.9667589
vn 0.036326736 -0.27387547 -0.9610789
vn -0.008399989 -0.29798886 -0.9545324
vn -0.04453518 -0.31574118 -0.9477996
vn -0.075516135 -0.33027512 -0.940859
vn -0.10300314 -0.3435347 -0.9334743
vn -0.12794326 -0.35730582 -0.9251827
vn -0.15095864 -0.37411442 -0.9150136
vn -0.17254893 -0.3997299 -0.900246
vn -0.19496496 -0.48382747 -0.85317034
vn -0.20348723 -0.5339654 -0.8206546
vn 0.42922232 -0.018200973 -0.9030155
vn 0.29473427 -0.116550356 -0.9484449
vn 0.09449036 -0.22193538 -0.97047216
vn 0.021733081 -0.25584945 -0.9664723
vn -0.027575634 -0.2775 -0.96032983
vn -0.06530922 -0.29389688 -0.9536033
vn -0.09588617 -0.30798757 -0.9465461
vn -0.12143576 -0.32167023 -0.93903226
vn -0.14311162 -0.33677733 -0.930645
vn -0.16152513 -0.3560023 -0.92041945
vn -0.17678931 -0.38559783 -0.9055716
vn -0.18777785 -0.47927657 -0.85734093
vn -0.1826046 -0.54212385 -0.8202178
vn 0.59835994 -0.043522365 -0.8000445
vn 0.5209195 -0.11575266 -0.8457211
vn 0.1918391 -0.20609993 -0.95954186
vn 0.060979147 -0.23607355 -0.96982
vn -0.021538336 -0.255741 -0.96650535
vn -0.0775855 -0.27212146 -0.95913005
vn -0.11617991 -0.28840238 -0.9504348
vn -0.14166676 -0.30684093 -0.9411584
vn -0.15593252 -0.32986745 -0.9310599
vn -0.15885398 -0.36130428 -0.918817
vn -0.146972 -0.41001973 -0.9001573
vn -0.09204677 -0.54661053 -0.83231264
vn 0.08254768 -0.69684345 -0.71245706
vn 0.9204191 -0.0125889 -0.39073038
vn 0.8598838 -0.027404167 -0.5097537
vn 0.5501321 -0.11723278 -0.8268078
vn 0.27165598 -0.1711121 -0.9470605
vn 0.06371929 -0.21094398 -0.97541916
vn -0.06855399 -0.24679857 -0.9666389
vn -0.14190729 -0.28651908 -0.9475068
vn -0.16947147 -0.33605847 -0.9264686
vn -0.15577435 -0.4012244 -0.9026369
vn -0.09603851 -0.4887835 -0.8671028
vn 0.026911288 -0.60638064 -0.79471904
vn 0.2979766 -0.7865 -0.5409508
vn 0.58881485 -0.80826795 0.0
vn -0.3035059 -0.80822134 0.50464094
vn -0.34994146 -0.7641295 0.5418921
vn -0.31215242 -0.75693876 0.574112
vn -0.35171434 -0.7146896 0.604579
vn -0.4274675 -0.72358304 0.54194015
vn -0.42440704 -0.67407495 0.60456735
vn -0.5003547 -0.67520034 0.5419868
vn -0.49246368 -0.6260928 0.6045555
vn -0.5678142 -0.61950654 0.54203206
vn -0.5551404 -0.5712673 0.6045435
vn -0.629116 -0.5571058 0.5420759
vn -0.6117521 -0.5101973 0.6045313
vn -0.6835969 -0.48867476 0.5421183
vn -0.66167986 -0.4435499 0.60451895
vn -0.73066777 -0.4149553 0.5421593
vn -0.7043779 -0.37205333 0.6045065
vn -0.76981956 -0.3367464 0.542199
vn -0.7393793 -0.29648867 0.6044938
vn -0.80062914 -0.25489554 0.5422373
vn -0.7663012 -0.21768156 0.604481
vn -0.82276374 -0.1702895 0.5422742
vn -0.7848491 -0.13649313 0.6044679
vn -0.8359846 -0.08384476 0.5423097
vn -0.79482 -0.05381054 0.6044548
vn -0.8291154 -0.016168404 0.5588437
vn -0.7753965 -0.00073845 0.63147426
vn -0.283072 -0.69950426 0.65617377
vn -0.32101148 -0.6593208 0.679888
vn -0.3889655 -0.6216657 0.6798806
vn -0.45255515 -0.5770325 0.67987305
vn -0.51106673 -0.525922 0.67986536
vn -0.56384337 -0.46890765 0.6798575
vn -0.61029273 -0.4066293 0.67984957
vn -0.6498932 -0.33978572 0.6798415
vn -0.6822003 -0.2691271 0.6798333
vn -0.7068513 -0.19544636 0.67982495
vn -0.7235692 -0.11957038 0.6798165
vn -0.73216635 -0.0423507 0.6798079
vn -0.71300364 0.007703567 0.701118
vn -0.26715434 -0.6401198 0.72032994
vn -0.30234626 -0.6024904 0.738642
vn -0.36418203 -0.5672628 0.73863685
vn -0.4219597 -0.5257123 0.73863155
vn -0.47503534 -0.47830197 0.7386262
vn -0.5228174 -0.42556018 0.7386207
vn -0.5647732 -0.36807463 0.73861516
vn -0.6004352 -0.30648598 0.73860943
vn -0.62940586 -0.24148059 0.7386037
vn -0.65136224 -0.17378289 0.7385978
vn -0.6660596 -0.104147315 0.73859185
vn -0.6733341 -0.03334992 0.73858577
vn -0.6552237 0.0130677335 0.7553218
vn -0.26143098 -0.5816017 0.7703203
vn -0.29312968 -0.54653686 0.7844568
vn -0.34812775 -0.5132656 0.7844523
vn -0.39938694 -0.47448042 0.78444785
vn -0.44635662 -0.4305979 0.78444326
vn -0.4885323 -0.3820894 0.78443855
vn -0.5254609 -0.32947597 0.78443384
vn -0.55674577 -0.27332273 0.78442895
vn -0.58205086 -0.21423285 0.78442407
vn -0.6011043 -0.15284097 0.78441906
vn -0.61370146 -0.089806534 0.784414
vn -0.61970705 -0.025806556 0.7844088
vn -0.6030034 0.016699113 0.79756385
vn -0.26321408 -0.52501243 0.8093703
vn -0.29097283 -0.49232233 0.8203375
vn -0.33884764 -0.46069098 0.82033294
vn -0.38331196 -0.42442122 0.82032835
vn -0.42391822 -0.38387817 0.82032365
vn -0.4602576 -0.3394699 0.82031894
vn -0.49196428 -0.2916435 0.8203141
vn -0.518719 -0.24088036 0.8203092
vn -0.54025257 -0.18769148 0.8203043
vn -0.556348 -0.13261226 0.82029927
vn -0.5668434 -0.07619712 0.8202942
vn -0.57163304 -0.019013943 0.8202891
vn -0.5564366 0.019506162 0.83066106
vn -0.27023116 -0.47043127 0.8400414
vn -0.293816 -0.43989617 0.84862447
vn -0.33456483 -0.40976974 0.8486195
vn -0.37224448 -0.37588218 0.8486145
vn -0.40650907 -0.3385444 0.8486095
vn -0.4370442 -0.29809898 0.8486044
vn -0.46356958 -0.254917 0.8485992
vn -0.48584172 -0.20939463 0.84859395
vn -0.5036562 -0.16194959 0.84858865
vn -0.5168495 -0.11301719 0.84858334
vn -0.5253005 -0.0630464 0.8485779
vn -0.52893156 -0.01249575 0.8485725
vn -0.51521116 0.022080116 0.8567788
vn -0.28058177 -0.41746998 0.8642874
vn -0.29990703 -0.38893113 0.8710846
vn -0.33372325 -0.3603465 0.8710793
vn -0.3648283 -0.32883185 0.871074
vn -0.3929692 -0.29464322 0.87106866
vn -0.4179171 -0.25805834 0.87106323
vn -0.43946916 -0.21937451 0.8710578
vn -0.45745003 -0.17890602 0.8710523
vn -0.47171342 -0.13698174 0.8710467
vn -0.48214328 -0.09394233 0.8710412
vn -0.4886546 -0.050137576 0.8710355
vn -0.49119437 -0.005923472 0.87102985
vn -0.4788579 0.024815269 0.8775416
vn -0.29265645 -0.36558595 0.8835718
vn -0.30774498 -0.33898565 0.88903415
vn -0.3349736 -0.31212202 0.88902897
vn -0.35986578 -0.2830784 0.8890238
vn -0.38224763 -0.25205728 0.8890185
vn -0.4019627 -0.21927503 0.8890132
vn -0.41887322 -0.18496029 0.8890078
vn -0.43286088 -0.14935245 0.88900244
vn -0.44382778 -0.112699896 0.88899696
vn -0.45169717 -0.07525841 0.8889915
vn -0.45641378 -0.03728924 0.88898593
vn -0.45794442 0.0009426161 0.8889803
vn -0.4468759 0.027991556 0.89415795
vn -0.30506924 -0.3142614 0.89898413
vn -0.31603345 -0.2896528 0.9034512
vn -0.3371491 -0.26479113 0.9034468
vn -0.3563145 -0.2383944 0.9034423
vn -0.37341842 -0.2106152 0.90343785
vn -0.38836148 -0.18161418 0.90343326
vn -0.40105686 -0.15155898 0.9034286
vn -0.4114307 -0.12062351 0.9034239
vn -0.4194225 -0.088986725 0.90341914
vn -0.42498565 -0.056831714 0.90341425
vn -0.4280875 -0.024344608 0.90340936
vn -0.42870963 0.008286498 0.90340436
vn -0.41878808 0.03182096 0.9075263
vn -0.3166176 -0.2630984 0.9113356
vn -0.32365364 -0.24063686 0.91506404
vn -0.3392474 -0.21811412 0.9150614
vn -0.35327774 -0.19458255 0.91505873
vn -0.36567956 -0.17015038 0.91505593
vn -0.37639517 -0.14493008 0.91505295
vn -0.38537467 -0.11903776 0.9150499
vn -0.39257613 -0.09259272 0.91504675
vn -0.3979658 -0.06571683 0.9150435
vn -0.40151823 -0.03853402 0.91504
vn -0.40321648 -0.011169657 0.91503644
vn -0.40305212 0.01624996 0.91503274
vn -0.3941614 0.03646725 0.91831744
vn -0.32626745 -0.21185611 0.921231
vn -0.32965696 -0.19178015 0.92441696
vn -0.340422 -0.17194442 0.9244176
vn -0.3499969 -0.15150343 0.92441815
vn -0.35834754 -0.13052835 0.9244184
vn -0.36544406 -0.10909231 0.92441845
vn -0.37126103 -0.08727013 0.9244183
vn -0.3757774 -0.06513801 0.92441785
vn -0.3789766 -0.042773306 0.9244172
vn -0.3808468 -0.020254243 0.9244163
vn -0.38138068 0.0023403428 0.9244151
vn -0.38057563 0.024931284 0.9244137
vn -0.37261128 0.042045414 0.9270345
vn -0.33315954 -0.16043647 0.9291205
vn -0.33327273 -0.14304663 0.93191576
vn -0.33998415 -0.1262203 0.9319223
vn -0.34584972 -0.10907486 0.93192846
vn -0.35085407 -0.09165261 0.9319341
vn -0.3549839 -0.07399664 0.93193936
vn -0.35822803 -0.05615069 0.9319441
vn -0.36057752 -0.03815902 0.93194836
vn -0.3620256 -0.020066336 0.9319522
vn -0.36256772 -0.0019176638 0.93195546
vn -0.36220163 0.016241759 0.93195826
vn -0.36092722 0.0343666 0.9319606
vn -0.35380387 0.048598282 0.9340562
vn -0.33663586 -0.108792394 0.9353291
vn -0.33393624 -0.09444487 0.9378522
vn -0.33742175 -0.08091011 0.93786997
vn -0.3403638 -0.067237385 0.9378868
vn -0.3427565 -0.053448293 0.93790257
vn -0.34459484 -0.03956472 0.9379174
vn -0.34587458 -0.025608769 0.93793124
vn -0.3465925 -0.011602728 0.93794405
vn -0.34674612 0.0024309503 0.93795586
vn -0.34633395 0.016469693 0.9379667
vn -0.34535536 0.030490845 0.93797654
vn -0.34381068 0.0444717 0.93798536
vn -0.33747628 0.056023475 0.93966544
vn -0.33633256 -0.056582738 0.9400419
vn -0.33142033 -0.045750193 0.94237334
vn -0.3325114 -0.03580747 0.94241923
vn -0.3333137 -0.025817147 0.94246244
vn -0.33382452 -0.015787343 0.94250304
vn -0.33404136 -0.0057262974 0.942541
vn -0.33396208 0.004357651 0.94257647
vn -0.33358464 0.014456071 0.9426093
vn -0.33290735 0.024560448 0.94263965
vn -0.33192867 0.034662187 0.9426674
vn -0.33064738 0.044752635 0.9426927
vn -0.32906246 0.054823067 0.9427154
vn -0.32354733 0.06379012 0.9440593
vn -0.33464092 0.0037041754 0.94233847
vn -0.330861 0.010847556 0.94361717
vn -0.32942602 0.014868009 0.9440643
vn -0.32806754 0.019122334 0.9444607
vn -0.32676268 0.023602424 0.94481164
vn -0.32549098 0.028303854 0.9451214
vn -0.32423398 0.033225592 0.94539326
vn -0.3229746 0.03836981 0.94562954
vn -0.32169655 0.043741863 0.9458319
vn -0.32038411 0.04935037 0.94600135
vn -0.31902155 0.055207405 0.94613814
vn -0.3175929 0.06132885 0.9462418
vn -0.313685 0.065880135 0.9472389
vn -0.34774938 0.083119564 0.9338959
vn -0.34128585 0.07305202 0.9371165
vn -0.3360388 0.06568763 0.9395547
vn -0.3317112 0.060392402 0.94144595
vn -0.32809022 0.05672821 0.94294155
vn -0.3250193 0.05438605 0.9441423
vn -0.32238042 0.053145595 0.9451171
vn -0.32008243 0.05285006 0.94591445
vn -0.31805313 0.0533905 0.94656837
vn -0.31623375 0.05469629 0.9471032
vn -0.31457487 0.0567301 0.94753593
vn -0.3130331 0.0594865 0.9478774
vn 0.0 1.0 0.0
vn -0.12847902 -0.38446558 -0.914155
vn -0.12929508 -0.22219132 -0.96639216
vn -0.0014851226 0.02758779 -0.9996183
vn 0.05406166 0.23268694 -0.97104794
vn 0.28745973 0.57346725 -0.76713896
vn 0.27726048 0.5514558 -0.78678024
vn 0.3964164 0.6203162 -0.6768027
vn 0.38208643 0.5833335 -0.716751
vn 0.4901562 0.61170024 -0.6209426
vn 0.47365603 0.57159597 -0.67002094
vn 0.57611436 0.5764673 -0.5794633
vn 0.55777526 0.53626776 -0.6334853
vn 0.655166 0.52302426 -0.5451635
vn 0.63517034 0.48383796 -0.6020461
vn 0.72685415 0.45500815 -0.5144421
vn 0.7054432 0.41729414 -0.57290095
vn 0.7904163 0.37438577 -0.48484772
vn 0.76796174 0.33827966 -0.54387647
vn 0.8451831 0.28223616 -0.4538814
vn 0.82230103 0.24758881 -0.51236784
vn 0.8911329 0.1785008 -0.41715664
vn 0.8690761 0.14462431 -0.47306514
vn 0.9372602 0.053220786 -0.34454447
vn 0.9235077 0.014700013 -0.3832982
vn 0.9547739 -0.05072782 -0.29297355
vn 0.9314495 -0.06345276 -0.3582955
vn -0.13481347 -0.058553822 -0.98913944
vn 0.022559242 0.2681691 -0.9631077
vn 0.23057145 0.51171863 -0.8276357
vn 0.33297226 0.53976566 -0.773164
vn 0.42242247 0.530335 -0.7350538
vn 0.50469375 0.49943617 -0.70416456
vn 0.5807079 0.452507 -0.6767686
vn 0.65027773 0.39213157 -0.65067023
vn 0.71301675 0.31975555 -0.62398994
vn 0.76887023 0.23606843 -0.59423083
vn 0.81927216 0.14047627 -0.55593127
vn 0.8858946 0.01968853 -0.46346858
vn 0.9000378 -0.054072306 -0.43244433
vn -0.14996062 0.041074157 -0.9878384
vn -0.0027299705 0.28318432 -0.9590616
vn 0.19791654 0.4741593 -0.85790557
vn 0.29679495 0.4973159 -0.8152237
vn 0.38234565 0.48853526 -0.7843119
vn 0.46071732 0.4607825 -0.7585638
vn 0.53317297 0.41861126 -0.7351811
vn 0.5998303 0.36423874 -0.712414
vn 0.6606227 0.29892614 -0.6886369
vn 0.7159189 0.22328591 -0.66151613
vn 0.76798064 0.136836 -0.6256849
vn 0.8444447 0.02877428 -0.5348693
vn 0.86512786 -0.038614165 -0.5000627
vn -0.16522294 0.10416256 -0.9807403
vn -0.021127297 0.28868625 -0.95719063
vn 0.1759405 0.43921915 -0.88098323
vn 0.2708788 0.45694757 -0.8472447
vn 0.35166505 0.44771856 -0.82211906
vn 0.42504448 0.4221108 -0.80072445
vn 0.4926999 0.38394612 -0.7809175
vn 0.5551 0.33512864 -0.76128364
vn 0.6125238 0.2767664 -0.7404154
vn 0.66576105 0.20943385 -0.71617013
vn 0.71782005 0.13285829 -0.6834347
vn 0.8013212 0.039499324 -0.5969289
vn 0.8281017 -0.020034607 -0.56021976
vn -0.17774667 0.1471084 -0.97301865
vn -0.033504818 0.28974342 -0.95651776
vn 0.16197284 0.40682766 -0.8990306
vn 0.25288254 0.41886082 -0.8721273
vn 0.32856756 0.40847668 -0.851581
vn 0.39647132 0.38428545 -0.8337477
vn 0.45872623 0.3494847 -0.8169643
vn 0.51616156 0.30570856 -0.8000747
vn 0.56939584 0.25394002 -0.78185856
vn 0.6196044 0.19474988 -0.7603702
vn 0.6704193 0.12814793 -0.73083246
vn 0.7582958 0.050345257 -0.6499638
vn 0.7902865 -0.0003520756 -0.6127375
vn -0.18687823 0.1788754 -0.96596074
vn -0.040903833 0.28880465 -0.9565138
vn 0.15395705 0.37665367 -0.913471
vn 0.24088402 0.38287944 -0.8918398
vn 0.3114214 0.37090868 -0.8748963
vn 0.37373748 0.3476334 -0.85992515
vn 0.4304099 0.31569076 -0.84562796
vn 0.482614 0.27647072 -0.8310521
vn 0.5312815 0.23084988 -0.81513697
vn 0.5779219 0.17941847 -0.7961251
vn 0.62665933 0.12251477 -0.76960266
vn 0.7166856 0.060341246 -0.69478106
vn 0.7528275 0.018987164 -0.65794396
vn -0.19263893 0.20439424 -0.9597464
vn -0.044246193 0.28705844 -0.95689064
vn 0.1502935 0.34827414 -0.9252659
vn 0.23332323 0.3486779 -0.90773565
vn 0.29882684 0.33488286 -0.8936196
vn 0.3556715 0.31219947 -0.88092524
vn 0.40685168 0.282734 -0.8686387
vn 0.453858 0.2476428 -0.8559708
vn 0.4978972 0.20770423 -0.841996
vn 0.5407555 0.16354014 -0.82512915
vn 0.5869252 0.11583716 -0.80131173
vn 0.67740077 0.06881426 -0.7323884
vn 0.7166506 0.036888294 -0.69645613
vn -0.19527882 0.22644992 -0.95424664
vn -0.044343725 0.2850684 -0.9574809
vn 0.14969078 0.32127756 -0.93507934
vn 0.22891642 0.31590846 -0.9207601
vn 0.28959802 0.30018452 -0.90885764
vn 0.3412366 0.27789629 -0.8979595
vn 0.38719794 0.25062487 -0.8872795
vn 0.42924646 0.21929176 -0.8761613
vn 0.46881953 0.18457752 -0.8637936
vn 0.507922 0.14713794 -0.8487436
vn 0.5513068 0.108005986 -0.827282
vn 0.641043 0.07526342 -0.7638058
vn 0.68249017 0.052503683 -0.7290065
vn -0.19519143 0.24668765 -0.9492342
vn -0.041981682 0.28311822 -0.95816576
vn 0.15104863 0.29533312 -0.9433783
vn 0.2265782 0.2842738 -0.9315851
vn 0.28272557 0.2665977 -0.9214076
vn 0.32953277 0.24458912 -0.91191244
vn 0.3706799 0.21929434 -0.9025001
vn 0.40815789 0.1913916 -0.8926233
vn 0.44358847 0.16145858 -0.881567
vn 0.4791406 0.13017996 -0.8680308
vn 0.51973945 0.098915674 -0.84857917
vn 0.608015 0.079317056 -0.78995353
vn 0.65095055 0.0652081 -0.7563143
vn -0.19296472 0.2662132 -0.944402
vn -0.038028065 0.2814584 -0.9588196
vn 0.15336354 0.2702537 -0.95049596
vn 0.22535558 0.2535772 -0.9406984
vn 0.27733648 0.23395348 -0.9318531
vn 0.31978115 0.21214361 -0.9234366
vn 0.356622 0.18864037 -0.91500574
vn 0.39002845 0.16386622 -0.9061047
vn 0.42176205 0.13828757 -0.896099
vn 0.45410895 0.112608254 -0.8838011
vn 0.4921 0.08848423 -0.8660301
vn 0.57862264 0.08075199 -0.8115879
vn 0.6225831 0.07464746 -0.77898526
vn -0.18953095 0.28608143 -0.9392739
vn -0.033595722 0.28058723 -0.9592404
vn 0.1556291 0.2460901 -0.95667094
vn 0.22436096 0.22377773 -0.94846493
vn 0.27265084 0.20216799 -0.9406326
vn 0.31130123 0.18045606 -0.9330205
vn 0.34443852 0.15855528 -0.92532283
vn 0.3743669 0.13661718 -0.91716146
vn 0.40295056 0.11498715 -0.9079696
vn 0.43255657 0.09437685 -0.8966537
vn 0.46828058 0.07670473 -0.8802441
vn 0.55317706 0.079591155 -0.8292529
vn 0.59798586 0.08091274 -0.7974121
vn -0.18650088 0.3079654 -0.93293875
vn -0.030382022 0.28178173 -0.95899737
vn 0.15666257 0.22334455 -0.9620676
vn 0.22266549 0.19510277 -0.9551728
vn 0.2679182 0.17130046 -0.94809073
vn 0.30347937 0.14948246 -0.94103944
vn 0.33362862 0.12894334 -0.9338445
vn 0.3607747 0.10954381 -0.92619747
vn 0.3868595 0.09149811 -0.91758806
vn 0.41431195 0.075518616 -0.9069964
vn 0.44828364 0.063768245 -0.8916139
vn 0.5321422 0.07638017 -0.84320265
vn 0.5779891 0.08504653 -0.8116007
vn -0.18703875 0.33569768 -0.9232137
vn -0.031658746 0.288612 -0.9569226
vn 0.15462191 0.20364015 -0.9667589
vn 0.21901976 0.16839762 -0.9610789
vn 0.26226592 0.14171982 -0.9545324
vn 0.29570746 0.11930199 -0.9477996
vn 0.3237847 0.099738665 -0.940859
vn 0.34901136 0.08256402 -0.9334743
vn 0.37340754 0.0678508 -0.9251827
vn 0.39947194 0.056323197 -0.9150136
vn 0.4324507 0.050433192 -0.900246
vn 0.5164894 0.07306913 -0.85317034
vn 0.5641712 0.090757586 -0.8206546
vn -0.19884865 0.38081792 -0.9030155
vn -0.046431568 0.31352255 -0.9484449
vn 0.14495648 0.19279873 -0.97047216
vn 0.21070558 0.14674611 -0.9664723
vn 0.25410986 0.1148688 -0.96032983
vn 0.2871768 0.090389006 -0.9536033
vn 0.31466815 0.07095392 -0.9465461
vn 0.33929247 0.055668667 -0.93903226
vn 0.36321354 0.044450376 -0.930645
vn 0.3890696 0.03811628 -0.92041945
vn 0.42233217 0.039694868 -0.9055716
vn 0.5089546 0.077017896 -0.85734093
vn 0.56079537 0.11292172 -0.8202178
vn -0.2614885 0.5399561 -0.8000445
vn -0.16021502 0.50900584 -0.8457211
vn 0.08256822 0.2691875 -0.95954186
vn 0.17395611 0.17084627 -0.96982
vn 0.23224738 0.109217755 -0.96650535
vn 0.27445686 0.06886972 -0.95913005
vn 0.30785376 0.043586437 -0.9504348
vn 0.33656543 0.03073346 -0.9411584
vn 0.36363986 0.02989221 -0.9310599
vn 0.3923257 0.043080565 -0.918817
vn 0.4285735 0.07772837 -0.9001573
vn 0.51940197 0.19359042 -0.83231264
vn 0.5622103 0.4199101 -0.71245706
vn -0.44930723 0.80340075 -0.39073038
vn -0.4062092 0.7583833 -0.5097537
vn -0.17353949 0.5350448 -0.8268078
vn 0.012359431 0.32081702 -0.9470605
vn 0.1508232 0.16065452 -0.97541916
vn 0.24801083 0.06402978 -0.9666389
vn 0.31908646 0.02036423 -0.9475068
vn 0.37577093 0.021262644 -0.9264686
vn 0.4253577 0.065707654 -0.9026369
vn 0.4713182 0.16121995 -0.8671028
vn 0.5116854 0.32649618 -0.79471904
vn 0.5321407 0.6513053 -0.5409508
vn 0.4055732 0.91406256 0.0
vn 0.85169315 0.14126685 0.50464094
vn 0.8367263 0.07900657 0.5418921
vn 0.81160444 0.10813747 0.574112
vn 0.7947965 0.052751247 0.604579
vn 0.840375 -0.008406187 0.54194015
vn 0.79596955 -0.030509802 0.60456735
vn 0.83491796 -0.095719695 0.5419868
vn 0.7884441 -0.11343965 0.6045555
vn 0.8204155 -0.18198822 0.54203206
vn 0.77230215 -0.19513205 0.6045435
vn 0.79702574 -0.26627752 0.5420759
vn 0.7477198 -0.27469423 0.6045313
vn 0.7650032 -0.3476749 0.5421183
vn 0.71496546 -0.35125664 0.60451895
vn 0.7246957 -0.4252992 0.5421593
vn 0.6743966 -0.4239825 0.6045065
vn 0.6765407 -0.49831006 0.542199
vn 0.6264564 -0.4920769 0.6044938
vn 0.62106055 -0.5659174 0.5422373
vn 0.5716684 -0.5547955 0.604481
vn 0.5588569 -0.62738955 0.5422742
vn 0.5106311 -0.6114527 0.6044679
vn 0.49060398 -0.6820615 0.5423097
vn 0.4440113 -0.66142905 0.6044548
vn 0.42855996 -0.7099508 0.5588437
vn 0.38833776 -0.67114383 0.63147426
vn 0.74732447 0.1046046 0.65617377
vn 0.7314943 0.05165628 0.679888
vn 0.73286104 -0.026021143 0.6798806
vn 0.7260024 -0.10340801 0.67987305
vn 0.71099514 -0.17963576 0.67986536
vn 0.68800765 -0.25384888 0.6798575
vn 0.6572977 -0.32521436 0.67984957
vn 0.6192097 -0.39293116 0.6798415
vn 0.57417107 -0.45623925 0.6798333
vn 0.52268714 -0.51442796 0.67982495
vn 0.4653356 -0.56684417 0.6798165
vn 0.40275997 -0.6128993 0.6798079
vn 0.34983033 -0.62133104 0.701118
vn 0.68793714 0.08869745 0.72032994
vn 0.67294514 0.03940568 0.738642
vn 0.673355 -0.031759482 0.73863685
vn 0.66626006 -0.10257167 0.73863155
vn 0.65173936 -0.17224169 0.7386262
vn 0.6299546 -0.23999304 0.7386207
vn 0.60114855 -0.3050706 0.73861516
vn 0.56564224 -0.36674914 0.73860943
vn 0.52383125 -0.42434117 0.7386037
vn 0.4761815 -0.47720483 0.7385978
vn 0.42322403 -0.5247509 0.73859185
vn 0.36554894 -0.5664495 0.73858577
vn 0.31629488 -0.5739743 0.7553218
vn 0.6343973 0.064394966 0.7703203
vn 0.61987966 0.019410694 0.7844568
vn 0.61856496 -0.04485466 0.7844523
vn 0.61060554 -0.108639024 0.78444785
vn 0.59608704 -0.17125724 0.78444326
vn 0.5751653 -0.2320367 0.78443855
vn 0.548065 -0.2903245 0.78443384
vn 0.5150773 -0.34549463 0.78442895
vn 0.4765565 -0.3969544 0.78442407
vn 0.4329163 -0.4441511 0.78441906
vn 0.3846255 -0.4865778 0.784414
vn 0.33220267 -0.5237788 0.7844088
vn 0.28703985 -0.5305658 0.79756385
vn 0.5862812 0.03455614 0.8093703
vn 0.57185006 -0.005828703 0.8203375
vn 0.5683939 -0.063105166 0.82033294
vn 0.55921555 -0.11974729 0.82032835
vn 0.54440737 -0.17518486 0.82032365
vn 0.52411836 -0.22885981 0.82031894
vn 0.4985528 -0.2802318 0.8203141
vn 0.46796802 -0.3287837 0.8203092
vn 0.43267184 -0.3740267 0.8203043
vn 0.3930196 -0.41550538 0.82029927
vn 0.34941036 -0.45280224 0.8202942
vn 0.30228308 -0.48554176 0.8202891
vn 0.26132545 -0.4916413 0.83066106
vn 0.542521 0.0011885886 0.8400414
vn 0.5278692 -0.034504052 0.84862447
vn 0.52215344 -0.08485678 0.8486195
vn 0.51164573 -0.13443206 0.8486145
vn 0.4964426 -0.18277498 0.8486095
vn 0.47668338 -0.22944188 0.8486044
vn 0.45254937 -0.27400452 0.8485992
vn 0.42426193 -0.31605396 0.84859395
vn 0.39208058 -0.3552043 0.84858865
vn 0.35630053 -0.39109623 0.84858334
vn 0.31725004 -0.4234004 0.8485779
vn 0.2752874 -0.45182028 0.8485725
vn 0.23848364 -0.457226 0.8567788
vn 0.5018305 -0.03425596 0.8642874
vn 0.48677775 -0.065261535 0.8710846
vn 0.47893086 -0.10883957 0.8710793
vn 0.4671909 -0.15153463 0.871074
vn 0.4516531 -0.19299969 0.87106866
vn 0.43244365 -0.23289765 0.87106323
vn 0.40971848 -0.27090418 0.8710578
vn 0.38366216 -0.30671033 0.8710523
vn 0.35448638 -0.34002495 0.8710467
vn 0.32242808 -0.37057716 0.8710412
vn 0.28774774 -0.39811853 0.8710355
vn 0.25072706 -0.42242506 0.87102985
vn 0.2179383 -0.42711076 0.8775416
vn 0.46293494 -0.070654936 0.8835718
vn 0.44744268 -0.09702215 0.88903415
vn 0.4377924 -0.13403463 0.88902897
vn 0.42508596 -0.17011371 0.8890238
vn 0.40941182 -0.20500751 0.8890185
vn 0.3908791 -0.2384724 0.8890132
vn 0.36961693 -0.2702747 0.8890078
vn 0.34577343 -0.3001923 0.88900244
vn 0.31951487 -0.3280162 0.88899696
vn 0.29102427 -0.353552 0.8889915
vn 0.2605003 -0.3766213 0.88898593
vn 0.22815588 -0.3970628 0.8889803
vn 0.19919655 -0.40100166 0.89415795
vn 0.424693 -0.107067026 0.89898413
vn 0.4088634 -0.1288666 0.9034512
vn 0.3978904 -0.15958413 0.9034468
vn 0.38461286 -0.18938023 0.9034423
vn 0.36910734 -0.21808223 0.90343785
vn 0.35146323 -0.24552383 0.90343326
vn 0.33178237 -0.27154595 0.9034286
vn 0.31017837 -0.29599768 0.9034239
vn 0.28677604 -0.31873718 0.90341914
vn 0.26171052 -0.3396325 0.90341425
vn 0.2351268 -0.35856235 0.90340936
vn 0.20717849 -0.37541667 0.90340436
vn 0.18183628 -0.3785916 0.9075263
vn 0.38615867 -0.14264968 0.9113356
vn 0.37022445 -0.15997384 0.91506404
vn 0.35851607 -0.1847398 0.9150614
vn 0.34515232 -0.20865624 0.91505873
vn 0.33019432 -0.2316126 0.91505593
vn 0.31371072 -0.25350276 0.91505295
vn 0.29577705 -0.27422538 0.9150499
vn 0.27647573 -0.29368454 0.91504675
vn 0.25589535 -0.31179005 0.9150435
vn 0.23413055 -0.32845798 0.91504
vn 0.21128145 -0.34361088 0.91503644
vn 0.18745318 -0.35717836 0.91503274
vn 0.16549914 -0.35958743 0.91831744
vn 0.3466065 -0.17662784 0.921231
vn 0.33091494 -0.18960123 0.92441696
vn 0.31911924 -0.20884189 0.9244176
vn 0.30620426 -0.22735448 0.92441815
vn 0.29221463 -0.24507388 0.9244184
vn 0.27719873 -0.26193768 0.92441845
vn 0.26120865 -0.27788642 0.9244183
vn 0.24429986 -0.29286376 0.92441785
vn 0.22653107 -0.30681673 0.9244172
vn 0.20796409 -0.3196959 0.9244163
vn 0.18866354 -0.33145553 0.9244151
vn 0.16869669 -0.3420538 0.9244137
vn 0.14989325 -0.34371355 0.9270345
vn 0.30552182 -0.20830637 0.9291205
vn 0.29051837 -0.21709934 0.93191576
vn 0.27930206 -0.23132475 0.9319223
vn 0.26738647 -0.24497722 0.93192846
vn 0.25480053 -0.25802225 0.9319341
vn 0.24157493 -0.27042675 0.93193936
vn 0.22774194 -0.28215924 0.9319441
vn 0.21333544 -0.2931898 0.93194836
vn 0.19839075 -0.3034902 0.9319522
vn 0.18294461 -0.31303403 0.93195546
vn 0.16703503 -0.3217967 0.93195826
vn 0.15070127 -0.32975546 0.9319606
vn 0.1348146 -0.3307023 0.9340562
vn 0.2625349 -0.237139 0.9353291
vn 0.24875978 -0.24197483 0.9378522
vn 0.23878108 -0.25176075 0.93786997
vn 0.22841118 -0.261145 0.9378868
vn 0.21766584 -0.2701117 0.93790257
vn 0.20656148 -0.27864552 0.9379174
vn 0.19511513 -0.2867318 0.93793124
vn 0.1833445 -0.29435652 0.93794405
vn 0.1712678 -0.3015064 0.93795586
vn 0.1589038 -0.30816883 0.9379667
vn 0.14627184 -0.31433195 0.93797654
vn 0.13339172 -0.31998464 0.93798536
vn 0.12022039 -0.32027477 0.93966544
vn 0.21716836 -0.26298118 0.9400419
vn 0.205331 -0.26414332 0.94237334
vn 0.19726588 -0.2700596 0.94241923
vn 0.18901515 -0.27574956 0.94246244
vn 0.18058449 -0.28120682 0.94250304
vn 0.1719798 -0.28642517 0.942541
vn 0.1632072 -0.29139847 0.94257647
vn 0.15427299 -0.29612082 0.9426093
vn 0.1451837 -0.30058643 0.94263965
vn 0.13594599 -0.30478975 0.9426674
vn 0.12656677 -0.30872536 0.9426927
vn 0.11705306 -0.31238797 0.9427154
vn 0.106529795 -0.31209525 0.9440593
vn 0.16411255 -0.29165962 0.94233847
vn 0.15603624 -0.29195783 0.94361717
vn 0.15183693 -0.2927253 0.9440643
vn 0.14747335 -0.293676 0.9444607
vn 0.14294103 -0.29478598 0.94481164
vn 0.13823363 -0.29603538 0.9451214
vn 0.13334279 -0.29740766 0.94539326
vn 0.12825806 -0.2988891 0.94562954
vn 0.12296671 -0.3004683 0.9458319
vn 0.117453374 -0.30213594 0.94600135
vn 0.11169977 -0.30388448 0.94613814
vn 0.1056841 -0.30570793 0.9462418
vn 0.099788636 -0.30459926 0.9472389
vn 0.10189104 -0.34271958 0.9338959
vn 0.10737802 -0.33208823 0.9371165
vn 0.11113225 -0.32386196 0.9395547
vn 0.11355425 -0.31746653 0.94144595
vn 0.11491704 -0.31249857 0.94294155
vn 0.11540995 -0.308668 0.9441423
vn 0.11516478 -0.30576244 0.9451171
vn 0.11427172 -0.30362454 0.94591445
vn 0.112789035 -0.30213735 0.94656837
vn 0.1107485 -0.3012146 0.9471032
vn 0.10815773 -0.30079487 0.94753593
vn 0.104999736 -0.30083787 0.9478774
vn 0.0 1.0 0.0
vn 0.39719647 0.080966696 -0.914155
vn 0.25707087 -0.00087716774 -0.96639216
vn -0.023149166 -0.01508005 -0.9996183
vn -0.22854362 -0.069524705 -0.97104794
vn -0.6403671 -0.037786204 -0.76713896
vn -0.616205 -0.035613276 -0.78678024
vn -0.7354178 0.033148568 -0.6768027
vn -0.69622487 0.039229814 -0.716751
vn -0.77482605 0.118637614 -0.6209426
vn -0.7318446 0.12440019 -0.67002094
vn -0.7872925 0.21069606 -0.5794633
vn -0.74330914 0.21491368 -0.6334853
vn -0.7805352 0.30587822 -0.5451635
vn -0.7366011 0.30815467 -0.6020461
vn -0.7574757 0.4019701 -0.5144421
vn -0.71410894 0.40228462 -0.57290095
vn -0.71943575 0.49732774 -0.48484772
vn -0.67693967 0.49593455 -0.54387647
vn -0.6670152 0.59083194 -0.4538814
vn -0.6255687 0.58833915 -0.51236784
vn -0.6001527 0.6824933 -0.41715664
vn -0.5597863 0.6803298 -0.47306514
vn -0.5147206 0.78508073 -0.34454447
vn -0.4744844 0.7924311 -0.3832982
vn -0.43345538 0.8522224 -0.29297355
vn -0.41077304 0.8383853 -0.3582955
vn 0.118115835 -0.08747498 -0.98913944
vn -0.24352087 -0.11454768 -0.9631077
vn -0.55844706 -0.056178585 -0.8276357
vn -0.6339369 0.018479617 -0.773164
vn -0.6704948 0.100661084 -0.7350538
vn -0.68487126 0.18735953 -0.70416456
vn -0.68223655 0.27665433 -0.6767686
vn -0.6647348 0.36709124 -0.65067023
vn -0.6334248 0.45761284 -0.62398994
vn -0.58887637 0.54782695 -0.59423083
vn -0.5312921 0.63927233 -0.55593127
vn -0.45999807 0.75736296 -0.46346858
vn -0.4031909 0.8064918 -0.43244433
vn 0.03940905 -0.1504068 -0.9878384
vn -0.24387981 -0.14395638 -0.9590616
vn -0.5095923 -0.0656789 -0.85790557
vn -0.5790857 0.008374024 -0.8152237
vn -0.61425674 0.08685342 -0.7843119
vn -0.629408 0.16860166 -0.7585638
vn -0.62911445 0.25243568 -0.7351811
vn -0.6153552 0.33734894 -0.712414
vn -0.589189 0.422653 -0.6886369
vn -0.5513307 0.508361 -0.66151613
vn -0.5024938 0.5966728 -0.6256849
vn -0.44714162 0.7169234 -0.5348693
vn -0.39912307 0.7685298 -0.5000627
vn -0.00759595 -0.19516854 -0.9807403
vn -0.23944597 -0.1626399 -0.95719063
vn -0.4683452 -0.06724062 -0.88098323
vn -0.5311676 0.006114114 -0.8472447
vn -0.5635682 0.080691606 -0.82211906
vn -0.5780809 0.15704392 -0.80072445
vn -0.57885706 0.23471756 -0.7809175
vn -0.5677799 0.31316638 -0.76128364
vn -0.5459486 0.39207798 -0.7404154
vn -0.5142556 0.47184908 -0.71617013
vn -0.47396868 0.55522126 -0.6834347
vn -0.43486804 0.67421484 -0.5969289
vn -0.39670038 0.7271744 -0.56021976
vn -0.03852628 -0.22748734 -0.97301865
vn -0.23417275 -0.17388773 -0.95651776
vn -0.4333095 -0.063141234 -0.8990306
vn -0.4891854 0.00957229 -0.8721273
vn -0.51803493 0.08030952 -0.851581
vn -0.5310366 0.15121152 -0.8337477
vn -0.53202575 0.22252621 -0.8169643
vn -0.52283216 0.29415473 -0.8000747
vn -0.50461644 0.36614123 -0.78185856
vn -0.47846055 0.43921825 -0.7603702
vn -0.44618902 0.51652616 -0.73083246
vn -0.42274815 0.63153076 -0.6499638
vn -0.39483833 0.6845842 -0.6127375
vn -0.061471526 -0.251279 -0.96596074
vn -0.22966026 -0.17982608 -0.9565138
vn -0.40317017 -0.05499611 -0.913471
vn -0.45202532 0.01717197 -0.8918398
vn -0.476927 0.084244505 -0.8748963
vn -0.4879281 0.14984946 -0.85992515
vn -0.48860115 0.21490054 -0.84562796
vn -0.4807377 0.2797206 -0.8310521
vn -0.4655626 0.3446783 -0.81513697
vn -0.44434193 0.41078585 -0.7961251
vn -0.41943055 0.4814455 -0.76960266
vn -0.41059986 0.5904973 -0.69478106
vn -0.3928571 0.6424742 -0.65794396
vn -0.08069114 -0.26902732 -0.9597464
vn -0.2264768 -0.18184754 -0.95689064
vn -0.376761 -0.04397908 -0.9252659
vn -0.41862553 0.027724892 -0.90773565
vn -0.43943048 0.09135019 -0.8936196
vn -0.44820842 0.15192081 -0.88092524
vn -0.44828066 0.2109769 -0.8686387
vn -0.44139394 0.26923114 -0.8559708
vn -0.42882574 0.3273395 -0.841996
vn -0.41200766 0.3865379 -0.82512915
vn -0.39378053 0.4503736 -0.80131173
vn -0.39829528 0.5522392 -0.7323884
vn -0.3902715 0.6021935 -0.69645613
vn -0.09847197 -0.2823414 -0.95424664
vn -0.22470461 -0.18093699 -0.9574809
vn -0.35307992 -0.031002762 -0.93507934
vn -0.38804296 0.04029321 -0.9207601
vn -0.40476644 0.10070699 -0.90885764
vn -0.41128355 0.15657142 -0.8979595
vn -0.41064647 0.21001083 -0.8872795
vn -0.40453547 0.26209244 -0.8761613
vn -0.3942586 0.31372085 -0.8637936
vn -0.3813862 0.36630437 -0.8487436
vn -0.36918932 0.4234427 -0.827282
vn -0.38570154 0.5175278 -0.7638058
vn -0.3867146 0.564802 -0.7290065
vn -0.11604205 -0.29238456 -0.9492342
vn -0.22419672 -0.1779163 -0.95816576
vn -0.33129027 -0.016854594 -0.9433783
vn -0.35947746 0.05408558 -0.9315851
vn -0.37224317 0.11154869 -0.9214076
vn -0.37658677 0.1630892 -0.91191244
vn -0.37525442 0.21137103 -0.9025001
vn -0.36982894 0.2577793 -0.8926233
vn -0.36162144 0.30342957 -0.881567
vn -0.35230947 0.34985796 -0.8680308
vn -0.34553322 0.40064976 -0.84857917
vn -0.3726981 0.48689792 -0.78995353
vn -0.38194716 0.5311357 -0.7563143
vn -0.13406503 -0.30021894 -0.944402
vn -0.22473611 -0.17366248 -0.9588196
vn -0.31072834 -0.002310131 -0.95049596
vn -0.3322821 0.06837505 -0.9406984
vn -0.3412779 0.123203695 -0.9318531
vn -0.34361234 0.17086679 -0.9234366
vn -0.34167838 0.21452354 -0.91500574
vn -0.33692652 0.2558414 -0.9061047
vn -0.33064157 0.29611287 -0.896099
vn -0.32457608 0.33696577 -0.8838011
vn -0.32267958 0.38192898 -0.8660301
vn -0.35924459 0.4607259 -0.8115879
vn -0.37593815 0.50184906 -0.77898526
vn -0.15298831 -0.30717933 -0.9392739
vn -0.22619781 -0.16938837 -0.9592404
vn -0.29093483 0.0117337005 -0.95667094
vn -0.30597767 0.08241342 -0.94846493
vn -0.311408 0.13503855 -0.9406326
vn -0.31193015 0.17936674 -0.9330205
vn -0.30953217 0.21901487 -0.92532283
vn -0.3054974 0.25590268 -0.91716146
vn -0.30105707 0.29147184 -0.9079696
vn -0.29801103 0.32741654 -0.8966537
vn -0.30056855 0.3671905 -0.8802441
vn -0.34551647 0.43926978 -0.8292529
vn -0.3690654 0.47741458 -0.7974121
vn -0.17345543 -0.31549722 -0.93293875
vn -0.22883913 -0.16720247 -0.95899737
vn -0.27175334 0.024001483 -0.9620676
vn -0.28029668 0.095282584 -0.9551728
vn -0.28230965 0.14637373 -0.94809073
vn -0.2811953 0.18807963 -0.94103944
vn -0.27848253 0.22445919 -0.9338445
vn -0.27525505 0.25766814 -0.92619747
vn -0.27266943 0.2892811 -0.91758806
vn -0.27255702 0.32104537 -0.9069964
vn -0.27936673 0.35634091 -0.8916139
vn -0.3322183 0.42265862 -0.84320265
vn -0.36264703 0.45803 -0.8116007
vn -0.19720334 -0.32982916 -0.9232137
vn -0.23411594 -0.17172328 -0.9569226
vn -0.25366852 0.032086436 -0.9667589
vn -0.25534648 0.10547786 -0.9610789
vn -0.25386593 0.15626903 -0.9545324
vn -0.25117227 0.19643918 -0.9477996
vn -0.24826857 0.23053645 -0.940859
vn -0.24600822 0.26097068 -0.9334743
vn -0.24546428 0.28945503 -0.9251827
vn -0.24851328 0.31779125 -0.9150136
vn -0.2599018 0.34929672 -0.900246
vn -0.3215244 0.41075835 -0.85317034
vn -0.36068398 0.4432078 -0.8206546
vn -0.23037365 -0.36261693 -0.9030155
vn -0.24830271 -0.19697219 -0.9484449
vn -0.23944685 0.029136635 -0.97047216
vn -0.23243865 0.10910332 -0.9664723
vn -0.22653423 0.1626312 -0.96032983
vn -0.22186756 0.20350789 -0.9536033
vn -0.21878196 0.23703364 -0.9465461
vn -0.21785672 0.26600158 -0.93903226
vn -0.22010192 0.29232696 -0.930645
vn -0.22754447 0.31788602 -0.92041945
vn -0.24554285 0.34590295 -0.9055716
vn -0.32117677 0.40225866 -0.85734093
vn -0.37819076 0.42920217 -0.8202178
vn -0.33687145 -0.4964337 -0.8000445
vn -0.3607045 -0.3932532 -0.8457211
vn -0.27440733 -0.063087575 -0.95954186
vn -0.23493527 0.065227285 -0.96982
vn -0.21070904 0.14652325 -0.96650535
vn -0.19687136 0.20325175 -0.95913005
vn -0.19167385 0.24481596 -0.9504348
vn -0.19489866 0.2761075 -0.9411584
vn -0.20770735 0.29997525 -0.9310599
vn -0.2334717 0.31822374 -0.918817
vn -0.2816015 0.33229133 -0.9001573
vn -0.4273552 0.3530201 -0.83231264
vn -0.644758 0.27693334 -0.71245706
vn -0.47111186 -0.79081184 -0.39073038
vn -0.4536746 -0.73097914 -0.5097537
vn -0.37659264 -0.417812 -0.8268078
vn -0.28401542 -0.14970493 -0.9470605
vn -0.2145425 0.05028947 -0.97541916
vn -0.17945683 0.18276879 -0.9666389
vn -0.17717917 0.26615486 -0.9475068
vn -0.20629945 0.31479585 -0.9264686
vn -0.26958334 0.33551675 -0.9026369
vn -0.37527966 0.32756355 -0.8671028
vn -0.5385967 0.27988446 -0.79471904
vn -0.8301173 0.13519467 -0.5409508
vn -0.994388 -0.105794616 0.0
vn 1.2246469e-16 1.0 4.371139e-08
vn -0.38268343 0.9238795 4.0384055e-08
vn 1.2246469e-16 1.0 4.371139e-08
vn -0.38268343 0.9238795 4.0384055e-08
vn -0.70710677 0.70710677 3.090862e-08
vn -0.70710677 0.70710677 3.090862e-08
vn -0.9238795 0.38268343 1.6727624e-08
vn -0.9238795 0.38268343 1.6727624e-08
vn -1.0 1.8369701e-16 8.029652e-24
vn -1.0 1.8369701e-16 8.029652e-24
vn -0.9238795 -0.38268343 -1.6727624e-08
vn -0.9238795 -0.38268343 -1.6727624e-08
vn -0.70710677 -0.70710677 -3.090862e-08
vn -0.70710677 -0.70710677 -3.090862e-08
vn -0.38268343 -0.9238795 -4.0384055e-08
vn -0.38268343 -0.9238795 -4.0384055e-08
vn -2.4492937e-16 -1.0 -4.371139e-08
vn -2.4492937e-16 -1.0 -4.371139e-08
vn 0.38268343 -0.9238795 -4.0384055e-08
vn 0.38268343 -0.9238795 -4.0384055e-08
vn 0.70710677 -0.70710677 -3.090862e-08
vn 0.70710677 -0.70710677 -3.090862e-08
vn 0.9238795 -0.38268343 -1.6727624e-08
vn 0.9238795 -0.38268343 -1.6727624e-08
vn 1.0 -3.061617e-16 -1.3382752e-23
vn 1.0 -3.061617e-16 -1.3382752e-23
vn 0.9238795 0.38268343 1.6727624e-08
vn 0.9238795 0.38268343 1.6727624e-08
vn 0.70710677 0.70710677 3.090862e-08
vn 0.70710677 0.70710677 3.090862e-08
vn 0.38268343 0.9238795 4.0384055e-08
vn 0.38268343 0.9238795 4.0384055e-08
vn 3.6739403e-16 1.0 4.371139e-08
vn 3.6739403e-16 1.0 4.371139e-08
vn 0.0 -4.371139e-08 1.0
vn 0.0 -4.371139e-08 1.0
vn 0.0 -4.371139e-08 1.0
vn 0.0 -4.371139e-08 1.0
vn 0.0 -4.371139e-08 1.0
vn 0.0 -4.371139e-08 1.0
vn 0.0 -4.371139e-08 1.0
vn 0.0 -4.371139e-08 1.0
vn 0.0 -4.371139e-08 1.0
vn 0.0 -4.371139e-08 1.0
vn 0.0 -4.371139e-08 1.0
vn 0.0 -4.371139e-08 1.0
vn 0.0 -4.371139e-08 1.0
vn 0.0 -4.371139e-08 1.0
vn 0.0 -4.371139e-08 1.0
vn 0.0 -4.371139e-08 1.0
vn 0.0 -4.371139e-08 1.0
vn 0.0 -4.371139e-08 1.0
vn 0.0 -4.371139e-08 1.0
vn 0.0 -4.371139e-08 1.0
vn 0.0 -4.371139e-08 1.0
vn 0.0 -4.371139e-08 1.0
vn 0.0 -4.371139e-08 1.0
vn 0.0 -4.371139e-08 1.0
vn 0.0 -4.371139e-08 1.0
vn 0.0 -4.371139e-08 1.0
vn 0.0 -4.371139e-08 1.0
vn 0.0 -4.371139e-08 1.0
vn 0.0 -4.371139e-08 1.0
vn 0.0 -4.371139e-08 1.0
vn 0.0 -4.371139e-08 1.0
vn 0.0 -4.371139e-08 1.0
vn 0.0 -4.371139e-08 1.0
vn 0.0 4.371139e-08 -1.0
vn 0.0 4.371139e-08 -1.0
vn 0.0 4.371139e-08 -1.0
vn 0.0 4.371139e-08 -1.0
vn 0.0 4.371139e-08 -1.0
vn 0.0 4.371139e-08 -1.0
vn 0.0 4.371139e-08 -1.0
vn 0.0 4.371139e-08 -1.0
vn 0.0 4.371139e-08 -1.0
vn 0.0 4.371139e-08 -1.0
vn 0.0 4.371139e-08 -1.0
vn 0.0 4.371139e-08 -1.0
vn 0.0 4.371139e-08 -1.0
vn 0.0 4.371139e-08 -1.0
vn 0.0 4.371139e-08 -1.0
vn 0.0 4.371139e-08 -1.0
vn 0.0 4.371139e-08 -1.0
vn 0.0 4.371139e-08 -1.0
vn 0.0 4.371139e-08 -1.0
vn 0.0 4.371139e-08 -1.0
vn 0.0 4.371139e-08 -1.0
vn 0.0 4.371139e-08 -1.0
vn 0.0 4.371139e-08 -1.0
vn 0.0 4.371139e-08 -1.0
vn 0.0 4.371139e-08 -1.0
vn 0.0 4.371139e-08 -1.0
vn 0.0 4.371139e-08 -1.0
vn 0.0 4.371139e-08 -1.0
vn 0.0 4.371139e-08 -1.0
vn 0.0 4.371139e-08 -1.0
vn 0.0 4.371139e-08 -1.0
vn 0.0 4.371139e-08 -1.0
vn 0.0 4.371139e-08 -1.0
vn 1.2246469e-16 1.0 4.371139e-08
vn -0.309017 0.95105654 4.1572e-08
vn 1.2246469e-16 1.0 4.371139e-08
vn -0.309017 0.95105654 4.1572e-08
vn -0.58778524 0.809017 3.5363257e-08
vn -0.58778524 0.809017 3.5363257e-08
vn -0.809017 0.58778524 2.569291e-08
vn -0.809017 0.58778524 2.569291e-08
vn -0.95105654 0.30901697 1.3507561e-08
vn -0.95105654 0.30901697 1.3507561e-08
vn -1.0 1.8369701e-16 8.029652e-24
vn -1.0 1.8369701e-16 8.029652e-24
vn -0.9510565 -0.30901706 -1.3507565e-08
vn -0.9510565 -0.30901706 -1.3507565e-08
vn -0.809017 -0.58778524 -2.569291e-08
vn -0.809017 -0.58778524 -2.569291e-08
vn -0.58778524 -0.809017 -3.5363257e-08
vn -0.58778524 -0.809017 -3.5363257e-08
vn -0.30901706 -0.9510565 -4.1571997e-08
vn -0.30901706 -0.9510565 -4.1571997e-08
vn -2.4492937e-16 -1.0 -4.371139e-08
vn -2.4492937e-16 -1.0 -4.371139e-08
vn 0.30901706 -0.9510565 -4.1571997e-08
vn 0.30901706 -0.9510565 -4.1571997e-08
vn 0.58778536 -0.8090169 -3.536325e-08
vn 0.58778536 -0.8090169 -3.536325e-08
vn 0.8090169 -0.58778536 -2.5692914e-08
vn 0.8090169 -0.58778536 -2.5692914e-08
vn 0.9510565 -0.30901706 -1.3507565e-08
vn 0.9510565 -0.30901706 -1.3507565e-08
vn 1.0 -3.061617e-16 -1.3382752e-23
vn 1.0 -3.061617e-16 -1.3382752e-23
vn 0.9510565 0.30901706 1.3507565e-08
vn 0.9510565 0.30901706 1.3507565e-08
vn 0.8090169 0.58778536 2.5692914e-08
vn 0.8090169 0.58778536 2.5692914e-08
vn 0.58778536 0.8090169 3.536325e-08
vn 0.58778536 0.8090169 3.536325e-08
vn 0.30901706 0.9510565 4.1571997e-08
vn 0.30901706 0.9510565 4.1571997e-08
vn 3.6739403e-16 1.0 4.371139e-08
vn 3.6739403e-16 1.0 4.371139e-08
vn 0.0 -4.371139e-08 1.0
vn 0.0 -4.371139e-08 1.0
vn 0.0 -4.371139e-08 1.0
vn 0.0 -4.371139e-08 1.0
vn 0.0 -4.371139e-08 1.0
vn 0.0 -4.371139e-08 1.0
vn 0.0 -4.371139e-08 1.0
vn 0.0 -4.371139e-08 1.0
vn 0.0 -4.371139e-08 1.0
vn 0.0 -4.371139e-08 1.0
vn 0.0 -4.371139e-08 1.0
vn 0.0 -4.371139e-08 1.0
vn 0.0 -4.371139e-08 1.0
vn 0.0 -4.371139e-08 1.0
vn 0.0 -4.371139e-08 1.0
vn 0.0 -4.371139e-08 1.0
vn 0.0 -4.371139e-08 1.0
vn 0.0 -4.371139e-08 1.0
vn 0.0 -4.371139e-08 1.0
vn 0.0 -4.371139e-08 1.0
vn 0.0 -4.371139e-08 1.0
vn 0.0 -4.371139e-08 1.0
vn 0.0 -4.371139e-08 1.0
vn 0.0 -4.371139e-08 1.0
vn 0.0 -4.371139e-08 1.0
vn 0.0 -4.371139e-08 1.0
vn 0.0 -4.371139e-08 1.0
vn 0.0 -4.371139e-08 1.0
vn 0.0 -4.371139e-08 1.0
vn 0.0 -4.371139e-08 1.0
vn 0.0 -4.371139e-08 1.0
vn 0.0 -4.371139e-08 1.0
vn 0.0 -4.371139e-08 1.0
vn 0.0 -4.371139e-08 1.0
vn 0.0 -4.371139e-08 1.0
vn 0.0 -4.371139e-08 1.0
vn 0.0 -4.371139e-08 1.0
vn 0.0 -4.371139e-08 1.0
vn 0.0 -4.371139e-08 1.0
vn 0.0 -4.371139e-08 1.0
vn 0.0 -4.371139e-08 1.0
vn 0.0 4.371139e-08 -1.0
vn 0.0 4.371139e-08 -1.0
vn 0.0 4.371139e-08 -1.0
vn 0.0 4.371139e-08 -1.0
vn 0.0 4.371139e-08 -1.0
vn 0.0 4.371139e-08 -1.0
vn 0.0 4.371139e-08 -1.0
vn 0.0 4.371139e-08 -1.0
vn 0.0 4.371139e-08 -1.0
vn 0.0 4.371139e-08 -1.0
vn 0.0 4.371139e-08 -1.0
vn 0.0 4.371139e-08 -1.0
vn 0.0 4.371139e-08 -1.0
vn 0.0 4.371139e-08 -1.0
vn 0.0 4.371139e-08 -1.0
vn 0.0 4.371139e-08 -1.0
vn 0.0 4.371139e-08 -1.0
vn 0.0 4.371139e-08 -1.0
vn 0.0 4.371139e-08 -1.0
vn 0.0 4.371139e-08 -1.0
vn 0.0 4.371139e-08 -1.0
vn 0.0 4.371139e-08 -1.0
vn 0.0 4.371139e-08 -1.0
vn 0.0 4.371139e-08 -1.0
vn 0.0 4.371139e-08 -1.0
vn 0.0 4.371139e-08 -1.0
vn 0.0 4.371139e-08 -1.0
vn 0.0 4.371139e-08 -1.0
vn 0.0 4.371139e-08 -1.0
vn 0.0 4.371139e-08 -1.0
vn 0.0 4.371139e-08 -1.0
vn 0.0 4.371139e-08 -1.0
vn 0.0 4.371139e-08 -1.0
vn 0.0 4.371139e-08 -1.0
vn 0.0 4.371139e-08 -1.0
vn 0.0 4.371139e-08 -1.0
vn 0.0 4.371139e-08 -1.0
vn 0.0 4.371139e-08 -1.0
vn 0.0 4.371139e-08 -1.0
vn 0.0 4.371139e-08 -1.0
vn 0.0 4.371139e-08 -1.0
vn 1.2246469e-16 1.0 4.371139e-08
vn -0.309017 0.95105654 4.1572e-08
vn 1.2246469e-16 1.0 4.371139e-08
vn -0.309017 0.95105654 4.1572e-08
vn -0.58778524 0.809017 3.5363257e-08
vn -0.58778524 0.809017 3.5363257e-08
vn -0.809017 0.58778524 2.569291e-08
vn -0.809017 0.58778524 2.569291e-08
vn -0.95105654 0.30901697 1.3507561e-08
vn -0.95105654 0.30901697 1.3507561e-08
vn -1.0 1.8369701e-16 8.029652e-24
vn -1.0 1.8369701e-16 8.029652e-24
vn -0.9510565 -0.30901706 -1.3507565e-08
vn -0.9510565 -0.30901706 -1.3507565e-08
vn -0.809017 -0.58778524 -2.569291e-08
vn -0.809017 -0.58778524 -2.569291e-08
vn -0.58778524 -0.809017 -3.5363257e-08
vn -0.58778524 -0.809017 -3.5363257e-08
vn -0.30901706 -0.9510565 -4.1571997e-08
vn -0.30901706 -0.9510565 -4.1571997e-08
vn -2.4492937e-16 -1.0 -4.371139e-08
vn -2.4492937e-16 -1.0 -4.371139e-08
vn 0.30901706 -0.9510565 -4.1571997e-08
vn 0.30901706 -0.9510565 -4.1571997e-08
vn 0.58778536 -0.8090169 -3.536325e-08
vn 0.58778536 -0.8090169 -3.536325e-08
vn 0.8090169 -0.58778536 -2.5692914e-08
vn 0.8090169 -0.58778536 -2.5692914e-08
vn 0.9510565 -0.30901706 -1.3507565e-08
vn 0.9510565 -0.30901706 -1.3507565e-08
vn 1.0 -3.061617e-16 -1.3382752e-23
vn 1.0 -3.061617e-16 -1.3382752e-23
vn 0.9510565 0.30901706 1.3507565e-08
vn 0.9510565 0.30901706 1.3507565e-08
vn 0.8090169 0.58778536 2.5692914e-08
vn 0.8090169 0.58778536 2.5692914e-08
vn 0.58778536 0.8090169 3.536325e-08
vn 0.58778536 0.8090169 3.536325e-08
vn 0.30901706 0.9510565 4.1571997e-08
vn 0.30901706 0.9510565 4.1571997e-08
vn 3.6739403e-16 1.0 4.371139e-08
vn 3.6739403e-16 1.0 4.371139e-08
vn 0.0 -4.371139e-08 1.0
vn 0.0 -4.371139e-08 1.0
vn 0.0 -4.371139e-08 1.0
vn 0.0 -4.371139e-08 1.0
vn 0.0 -4.371139e-08 1.0
vn 0.0 -4.371139e-08 1.0
vn 0.0 -4.371139e-08 1.0
vn 0.0 -4.371139e-08 1.0
vn 0.0 -4.371139e-08 1.0
vn 0.0 -4.371139e-08 1.0
vn 0.0 -4.371139e-08 1.0
vn 0.0 -4.371139e-08 1.0
vn 0.0 -4.371139e-08 1.0
vn 0.0 -4.371139e-08 1.0
vn 0.0 -4.371139e-08 1.0
vn 0.0 -4.371139e-08 1.0
vn 0.0 -4.371139e-08 1.0
vn 0.0 -4.371139e-08 1.0
vn 0.0 -4.371139e-08 1.0
vn 0.0 -4.371139e-08 1.0
vn 0.0 -4.371139e-08 1.0
vn 0.0 -4.371139e-08 1.0
vn 0.0 -4.371139e-08 1.0
vn 0.0 -4.371139e-08 1.0
vn 0.0 -4.371139e-08 1.0
vn 0.0 -4.371139e-08 1.0
vn 0.0 -4.371139e-08 1.0
vn 0.0 -4.371139e-08 1.0
vn 0.0 -4.371139e-08 1.0
vn 0.0 -4.371139e-08 1.0
vn 0.0 -4.371139e-08 1.0
vn 0.0 -4.371139e-08 1.0
vn 0.0 -4.371139e-08 1.0
vn 0.0 -4.371139e-08 1.0
vn 0.0 -4.371139e-08 1.0
vn 0.0 -4.371139e-08 1.0
vn 0.0 -4.371139e-08 1.0
vn 0.0 -4.371139e-08 1.0
vn 0.0 -4.371139e-08 1.0
vn 0.0 -4.371139e-08 1.0
vn 0.0 -4.371139e-08 1.0
vn 0.0 4.371139e-08 -1.0
vn 0.0 4.371139e-08 -1.0
vn 0.0 4.371139e-08 -1.0
vn 0.0 4.371139e-08 -1.0
vn 0.0 4.371139e-08 -1.0
vn 0.0 4.371139e-08 -1.0
vn 0.0 4.371139e-08 -1.0
vn 0.0 4.371139e-08 -1.0
vn 0.0 4.371139e-08 -1.0
vn 0.0 4.371139e-08 -1.0
vn 0.0 4.371139e-08 -1.0
vn 0.0 4.371139e-08 -1.0
vn 0.0 4.371139e-08 -1.0
vn 0.0 4.371139e-08 -1.0
vn 0.0 4.371139e-08 -1.0
vn 0.0 4.371139e-08 -1.0
vn 0.0 4.371139e-08 -1.0
vn 0.0 4.371139e-08 -1.0
vn 0.0 4.371139e-08 -1.0
vn 0.0 4.371139e-08 -1.0
vn 0.0 4.371139e-08 -1.0
vn 0.0 4.371139e-08 -1.0
vn 0.0 4.371139e-08 -1.0
vn 0.0 4.371139e-08 -1.0
vn 0.0 4.371139e-08 -1.0
vn 0.0 4.371139e-08 -1.0
vn 0.0 4.371139e-08 -1.0
vn 0.0 4.371139e-08 -1.0
vn 0.0 4.371139e-08 -1.0
vn 0.0 4.371139e-08 -1.0
vn 0.0 4.371139e-08 -1.0
vn 0.0 4.371139e-08 -1.0
vn 0.0 4.371139e-08 -1.0
vn 0.0 4.371139e-08 -1.0
vn 0.0 4.371139e-08 -1.0
vn 0.0 4.371139e-08 -1.0
vn 0.0 4.371139e-08 -1.0
vn 0.0 4.371139e-08 -1.0
vn 0.0 4.371139e-08 -1.0
vn 0.0 4.371139e-08 -1.0
vn 0.0 4.371139e-08 -1.0
usemtl Material_1
f 1/1/1 2/2/2 3/3/3
f 2/2/2 4/4/4 3/3/3
f 2/2/2 5/5/5 4/4/4
f 5/5/5 6/6/6 4/4/4
f 5/5/5 7/7/7 6/6/6
f 7/7/7 8/8/8 6/6/6
f 7/7/7 9/9/9 8/8/8
f 9/9/9 10/10/10 8/8/8
f 9/9/9 11/11/11 10/10/10
f 11/11/11 12/12/12 10/10/10
f 11/11/11 13/13/13 12/12/12
f 13/13/13 14/14/14 12/12/12
f 13/13/13 15/15/15 14/14/14
f 15/15/15 16/16/16 14/14/14
f 15/15/15 17/17/17 16/16/16
f 17/17/17 18/18/18 16/16/16
f 17/17/17 19/19/19 18/18/18
f 19/19/19 20/20/20 18/18/18
f 19/19/19 21/21/21 20/20/20
f 21/21/21 22/22/22 20/20/20
f 21/21/21 23/23/23 22/22/22
f 23/23/23 24/24/24 22/22/22
f 23/23/23 25/25/25 24/24/24
f 25/25/25 26/26/26 24/24/24
f 3/3/3 4/4/4 27/27/27
f 4/4/4 28/28/28 27/27/27
f 4/4/4 6/6/6 28/28/28
f 6/6/6 29/29/29 28/28/28
f 6/6/6 8/8/8 29/29/29
f 8/8/8 30/30/30 29/29/29
f 8/8/8 10/10/10 30/30/30
f 10/10/10 31/31/31 30/30/30
f 10/10/10 12/12/12 31/31/31
f 12/12/12 32/32/32 31/31/31
f 12/12/12 14/14/14 32/32/32
f 14/14/14 33/33/33 32/32/32
f 14/14/14 16/16/16 33/33/33
f 16/16/16 34/34/34 33/33/33
f 16/16/16 18/18/18 34/34/34
f 18/18/18 35/35/35 34/34/34
f 18/18/18 20/20/20 35/35/35
f 20/20/20 36/36/36 35/35/35
f 20/20/20 22/22/22 36/36/36
f 22/22/22 37/37/37 36/36/36
f 22/22/22 24/24/24 37/37/37
f 24/24/24 38/38/38 37/37/37
f 24/24/24 26/26/26 38/38/38
f 26/26/26 39/39/39 38/38/38
f 27/27/27 28/28/28 40/40/40
f 28/28/28 41/41/41 40/40/40
f 28/28/28 29/29/29 41/41/41
f 29/29/29 42/42/42 41/41/41
f 29/29/29 30/30/30 42/42/42
f 30/30/30 43/43/43 42/42/42
f 30/30/30 31/31/31 43/43/43
f 31/31/31 44/44/44 43/43/43
f 31/31/31 32/32/32 44/44/44
f 32/32/32 45/45/45 44/44/44
f 32/32/32 33/33/33 45/45/45
f 33/33/33 46/46/46 45/45/45
f 33/33/33 34/34/34 46/46/46
f 34/34/34 47/47/47 46/46/46
f 34/34/34 35/35/35 47/47/47
f 35/35/35 48/48/48 47/47/47
f 35/35/35 36/36/36 48/48/48
f 36/36/36 49/49/49 48/48/48
f 36/36/36 37/37/37 49/49/49
f 37/37/37 50/50/50 49/49/49
f 37/37/37 38/38/38 50/50/50
f 38/38/38 51/51/51 50/50/50
f 38/38/38 39/39/39 51/51/51
f 39/39/39 52/52/52 51/51/51
f 40/40/40 41/41/41 53/53/53
f 41/41/41 54/54/54 53/53/53
f 41/41/41 42/42/42 54/54/54
f 42/42/42 55/55/55 54/54/54
f 42/42/42 43/43/43 55/55/55
f 43/43/43 56/56/56 55/55/55
f 43/43/43 44/44/44 56/56/56
f 44/44/44 57/57/57 56/56/56
f 44/44/44 45/45/45 57/57/57
f 45/45/45 58/58/58 57/57/57
f 45/45/45 46/46/46 58/58/58
f 46/46/46 59/59/59 58/58/58
f 46/46/46 47/47/47 59/59/59
f 47/47/47 60/60/60 59/59/59
f 47/47/47 48/48/48 60/60/60
f 48/48/48 61/61/61 60/60/60
f 48/48/48 49/49/49 61/61/61
f 49/49/49 62/62/62 61/61/61
f 49/49/49 50/50/50 62/62/62
f 50/50/50 63/63/63 62/62/62
f 50/50/50 51/51/51 63/63/63
f 51/51/51 64/64/64 63/63/63
f 51/51/51 52/52/52 64/64/64
f 52/52/52 65/65/65 64/64/64
f 53/53/53 54/54/54 66/66/66
f 54/54/54 67/67/67 66/66/66
f 54/54/54 55/55/55 67/67/67
f 55/55/55 68/68/68 67/67/67
f 55/55/55 56/56/56 68/68/68
f 56/56/56 69/69/69 68/68/68
f 56/56/56 57/57/57 69/69/69
f 57/57/57 70/70/70 69/69/69
f 57/57/57 58/58/58 70/70/70
f 58/58/58 71/71/71 70/70/70
f 58/58/58 59/59/59 71/71/71
f 59/59/59 72/72/72 71/71/71
f 59/59/59 60/60/60 72/72/72
f 60/60/60 73/73/73 72/72/72
f 60/60/60 61/61/61 73/73/73
f 61/61/61 74/74/74 73/73/73
f 61/61/61 62/62/62 74/74/74
f 62/62/62 75/75/75 74/74/74
f 62/62/62 63/63/63 75/75/75
f 63/63/63 76/76/76 75/75/75
f 63/63/63 64/64/64 76/76/76
f 64/64/64 77/77/77 76/76/76
f 64/64/64 65/65/65 77/77/77
f 65/65/65 78/78/78 77/77/77
f 66/66/66 67/67/67 79/79/79
f 67/67/67 80/80/80 79/79/79
f 67/67/67 68/68/68 80/80/80
f 68/68/68 81/81/81 80/80/80
f 68/68/68 69/69/69 81/81/81
f 69/69/69 82/82/82 81/81/81
f 69/69/69 70/70/70 82/82/82
f 70/70/70 83/83/83 82/82/82
f 70/70/70 71/71/71 83/83/83
f 71/71/71 84/84/84 83/83/83
f 71/71/71 72/72/72 84/84/84
f 72/72/72 85/85/85 84/84/84
f 72/72/72 73/73/73 85/85/85
f 73/73/73 86/86/86 85/85/85
f 73/73/73 74/74/74 86/86/86
f 74/74/74 87/87/87 86/86/86
f 74/74/74 75/75/75 87/87/87
f 75/75/75 88/88/88 87/87/87
f 75/75/75 76/76/76 88/88/88
f 76/76/76 89/89/89 88/88/88
f 76/76/76 77/77/77 89/89/89
f 77/77/77 90/90/90 89/89/89
f 77/77/77 78/78/78 90/90/90
f 78/78/78 91/91/91 90/90/90
f 79/79/79 80/80/80 92/92/92
f 80/80/80 93/93/93 92/92/92
f 80/80/80 81/81/81 93/93/93
f 81/81/81 94/94/94 93/93/93
f 81/81/81 82/82/82 94/94/94
f 82/82/82 95/95/95 94/94/94
f 82/82/82 83/83/83 95/95/95
f 83/83/83 96/96/96 95/95/95
f 83/83/83 84/84/84 96/96/96
f 84/84/84 97/97/97 96/96/96
f 84/84/84 85/85/85 97/97/97
f 85/85/85 98/98/98 97/97/97
f 85/85/85 86/86/86 98/98/98
f 86/86/86 99/99/99 98/98/98
f 86/86/86 87/87/87 99/99/99
f 87/87/87 100/100/100 99/99/99
f 87/87/87 88/88/88 100/100/100
f 88/88/88 101/101/101 100/100/100
f 88/88/88 89/89/89 101/101/101
f 89/89/89 102/102/102 101/101/101
f 89/89/89 90/90/90 102/102/102
f 90/90/90 103/103/103 102/102/102
f 90/90/90 91/91/91 103/103/103
f 91/91/91 104/104/104 103/103/103
f 92/92/92 93/93/93 105/105/105
f 93/93/93 106/106/106 105/105/105
f 93/93/93 94/94/94 106/106/106
f 94/94/94 107/107/107 106/106/106
f 94/94/94 95/95/95 107/107/107
f 95/95/95 108/108/108 107/107/107
f 95/95/95 96/96/96 108/108/108
f 96/96/96 109/109/109 108/108/108
f 96/96/96 97/97/97 109/109/109
f 97/97/97 110/110/110 109/109/109
f 97/97/97 98/98/98 110/110/110
f 98/98/98 111/111/111 110/110/110
f 98/98/98 99/99/99 111/111/111
f 99/99/99 112/112/112 111/111/111
f 99/99/99 100/100/100 112/112/112
f 100/100/100 113/113/113 112/112/112
f 100/100/100 101/101/101 113/113/113
f 101/101/101 114/114/114 113/113/113
f 101/101/101 102/102/102 114/114/114
f 102/102/102 115/115/115 114/114/114
f 102/102/102 103/103/103 115/115/115
f 103/103/103 116/116/116 115/115/115
f 103/103/103 104/104/104 116/116/116
f 104/104/104 117/117/117 116/116/116
f 105/105/105 106/106/106 118/118/118
f 106/106/106 119/119/119 118/118/118
f 106/106/106 107/107/107 119/119/119
f 107/107/107 120/120/120 119/119/119
f 107/107/107 108/108/108 120/120/120
f 108/108/108 121/121/121 120/120/120
f 108/108/108 109/109/109 121/121/121
f 109/109/109 122/122/122 121/121/121
f 109/109/109 110/110/110 122/122/122
f 110/110/110 123/123/123 122/122/122
f 110/110/110 111/111/111 123/123/123
f 111/111/111 124/124/124 123/123/123
f 111/111/111 112/112/112 124/124/124
f 112/112/112 125/125/125 124/124/124
f 112/112/112 113/113/113 125/125/125
f 113/113/113 126/126/126 125/125/125
f 113/113/113 114/114/114 126/126/126
f 114/114/114 127/127/127 126/126/126
f 114/114/114 115/115/115 127/127/127
f 115/115/115 128/128/128 127/127/127
f 115/115/115 116/116/116 128/128/128
f 116/116/116 129/129/129 128/128/128
f 116/116/116 117/117/117 129/129/129
f 117/117/117 130/130/130 129/129/129
f 118/118/118 119/119/119 131/131/131
f 119/119/119 132/132/132 131/131/131
f 119/119/119 120/120/120 132/132/132
f 120/120/120 133/133/133 132/132/132
f 120/120/120 121/121/121 133/133/133
f 121/121/121 134/134/134 133/133/133
f 121/121/121 122/122/122 134/134/134
f 122/122/122 135/135/135 134/134/134
f 122/122/122 123/123/123 135/135/135
f 123/123/123 136/136/136 135/135/135
f 123/123/123 124/124/124 136/136/136
f 124/124/124 137/137/137 136/136/136
f 124/124/124 125/125/125 137/137/137
f 125/125/125 138/138/138 137/137/137
f 125/125/125 126/126/126 138/138/138
f 126/126/126 139/139/139 138/138/138
f 126/126/126 127/127/127 139/139/139
f 127/127/127 140/140/140 139/139/139
f 127/127/127 128/128/128 140/140/140
f 128/128/128 141/141/141 140/140/140
f 128/128/128 129/129/129 141/141/141
f 129/129/129 142/142/142 141/141/141
f 129/129/129 130/130/130 142/142/142
f 130/130/130 143/143/143 142/142/142
f 131/131/131 132/132/132 144/144/144
f 132/132/132 145/145/145 144/144/144
f 132/132/132 133/133/133 145/145/145
f 133/133/133 146/146/146 145/145/145
f 133/133/133 134/134/134 146/146/146
f 134/134/134 147/147/147 146/146/146
f 134/134/134 135/135/135 147/147/147
f 135/135/135 148/148/148 147/147/147
f 135/135/135 136/136/136 148/148/148
f 136/136/136 149/149/149 148/148/148
f 136/136/136 137/137/137 149/149/149
f 137/137/137 150/150/150 149/149/149
f 137/137/137 138/138/138 150/150/150
f 138/138/138 151/151/151 150/150/150
f 138/138/138 139/139/139 151/151/151
f 139/139/139 152/152/152 151/151/151
f 139/139/139 140/140/140 152/152/152
f 140/140/140 153/153/153 152/152/152
f 140/140/140 141/141/141 153/153/153
f 141/141/141 154/154/154 153/153/153
f 141/141/141 142/142/142 154/154/154
f 142/142/142 155/155/155 154/154/154
f 142/142/142 143/143/143 155/155/155
f 143/143/143 156/156/156 155/155/155
f 144/144/144 145/145/145 157/157/157
f 145/145/145 158/158/158 157/157/157
f 145/145/145 146/146/146 158/158/158
f 146/146/146 159/159/159 158/158/158
f 146/146/146 147/147/147 159/159/159
f 147/147/147 160/160/160 159/159/159
f 147/147/147 148/148/148 160/160/160
f 148/148/148 161/161/161 160/160/160
f 148/148/148 149/149/149 161/161/161
f 149/149/149 162/162/162 161/161/161
f 149/149/149 150/150/150 162/162/162
f 150/150/150 163/163/163 162/162/162
f 150/150/150 151/151/151 163/163/163
f 151/151/151 164/164/164 163/163/163
f 151/151/151 152/152/152 164/164/164
f 152/152/152 165/165/165 164/164/164
f 152/152/152 153/153/153 165/165/165
f 153/153/153 166/166/166 165/165/165
f 153/153/153 154/154/154 166/166/166
f 154/154/154 167/167/167 166/166/166
f 154/154/154 155/155/155 167/167/167
f 155/155/155 168/168/168 167/167/167
f 155/155/155 156/156/156 168/168/168
f 156/156/156 169/169/169 168/168/168
f 157/157/157 158/158/158 170/170/170
f 158/158/158 171/171/171 170/170/170
f 158/158/158 159/159/159 171/171/171
f 159/159/159 172/172/172 171/171/171
f 159/159/159 160/160/160 172/172/172
f 160/160/160 173/173/173 172/172/172
f 160/160/160 161/161/161 173/173/173
f 161/161/161 174/174/174 173/173/173
f 161/161/161 162/162/162 174/174/174
f 162/162/162 175/175/175 174/174/174
f 162/162/162 163/163/163 175/175/175
f 163/163/163 176/176/176 175/175/175
f 163/163/163 164/164/164 176/176/176
f 164/164/164 177/177/177 176/176/176
f 164/164/164 165/165/165 177/177/177
f 165/165/165 178/178/178 177/177/177
f 165/165/165 166/166/166 178/178/178
f 166/166/166 179/179/179 178/178/178
f 166/166/166 167/167/167 179/179/179
f 167/167/167 180/180/180 179/179/179
f 167/167/167 168/168/168 180/180/180
f 168/168/168 181/181/181 180/180/180
f 168/168/168 169/169/169 181/181/181
f 169/169/169 182/182/182 181/181/181
f 170/170/170 171/171/171 183/183/183
f 171/171/171 184/184/184 183/183/183
f 171/171/171 172/172/172 184/184/184
f 172/172/172 185/185/185 184/184/184
f 172/172/172 173/173/173 185/185/185
f 173/173/173 186/186/186 185/185/185
f 173/173/173 174/174/174 186/186/186
f 174/174/174 187/187/187 186/186/186
f 174/174/174 175/175/175 187/187/187
f 175/175/175 188/188/188 187/187/187
f 175/175/175 176/176/176 188/188/188
f 176/176/176 189/189/189 188/188/188
f 176/176/176 177/177/177 189/189/189
f 177/177/177 190/190/190 189/189/189
f 177/177/177 178/178/178 190/190/190
f 178/178/178 191/191/191 190/190/190
f 178/178/178 179/179/179 191/191/191
f 179/179/179 192/192/192 191/191/191
f 179/179/179 180/180/180 192/192/192
f 180/180/180 193/193/193 192/192/192
f 180/180/180 181/181/181 193/193/193
f 181/181/181 194/194/194 193/193/193
f 181/181/181 182/182/182 194/194/194
f 182/182/182 195/195/195 194/194/194
f 183/183/183 184/184/184 196/196/196
f 184/184/184 197/197/197 196/196/196
f 184/184/184 185/185/185 197/197/197
f 185/185/185 198/198/198 197/197/197
f 185/185/185 186/186/186 198/198/198
f 186/186/186 199/199/199 198/198/198
f 186/186/186 187/187/187 199/199/199
f 187/187/187 200/200/200 199/199/199
f 187/187/187 188/188/188 200/200/200
f 188/188/188 201/201/201 200/200/200
f 188/188/188 189/189/189 201/201/201
f 189/189/189 202/202/202 201/201/201
f 189/189/189 190/190/190 202/202/202
f 190/190/190 203/203/203 202/202/202
f 190/190/190 191/191/191 203/203/203
f 191/191/191 204/204/204 203/203/203
f 191/191/191 192/192/192 204/204/204
f 192/192/192 205/205/205 204/204/204
f 192/192/192 193/193/193 205/205/205
f 193/193/193 206/206/206 205/205/205
f 193/193/193 194/194/194 206/206/206
f 194/194/194 207/207/207 206/206/206
f 194/194/194 195/195/195 207/207/207
f 195/195/195 208/208/208 207/207/207
f 196/196/196 197/197/197 209/209/209
f 197/197/197 210/210/210 209/209/209
f 197/197/197 198/198/198 210/210/210
f 198/198/198 211/211/211 210/210/210
f 198/198/198 199/199/199 211/211/211
f 199/199/199 212/212/212 211/211/211
f 199/199/199 200/200/200 212/212/212
f 200/200/200 213/213/213 212/212/212
f 200/200/200 201/201/201 213/213/213
f 201/201/201 214/214/214 213/213/213
f 201/201/201 202/202/202 214/214/214
f 202/202/202 215/215/215 214/214/214
f 202/202/202 203/203/203 215/215/215
f 203/203/203 216/216/216 215/215/215
f 203/203/203 204/204/204 216/216/216
f 204/204/204 217/217/217 216/216/216
f 204/204/204 205/205/205 217/217/217
f 205/205/205 218/218/218 217/217/217
f 205/205/205 206/206/206 218/218/218
f 206/206/206 219/219/219 218/218/218
f 206/206/206 207/207/207 219/219/219
f 207/207/207 220/220/220 219/219/219
f 207/207/207 208/208/208 220/220/220
f 208/208/208 221/221/221 220/220/220
f 222/222/222 223/223/223 224/224/224
f 224/224/224 223/223/223 225/225/225
f 224/224/224 225/225/225 226/226/226
f 226/226/226 225/225/225 227/227/227
f 226/226/226 227/227/227 228/228/228
f 228/228/228 227/227/227 229/229/229
f 228/228/228 229/229/229 230/230/230
f 230/230/230 229/229/229 231/231/231
f 230/230/230 231/231/231 232/232/232
f 232/232/232 231/231/231 233/233/233
f 232/232/232 233/233/233 234/234/234
f 234/234/234 233/233/233 235/235/235
f 234/234/234 235/235/235 236/236/236
f 236/236/236 235/235/235 237/237/237
f 236/236/236 237/237/237 238/238/238
f 238/238/238 237/237/237 239/239/239
f 238/238/238 239/239/239 240/240/240
f 240/240/240 239/239/239 241/241/241
f 240/240/240 241/241/241 242/242/242
f 242/242/242 241/241/241 243/243/243
f 242/242/242 243/243/243 244/244/244
f 244/244/244 243/243/243 245/245/245
f 244/244/244 245/245/245 246/246/246
f 246/246/246 245/245/245 247/247/247
f 223/223/223 248/248/248 225/225/225
f 225/225/225 248/248/248 249/249/249
f 225/225/225 249/249/249 227/227/227
f 227/227/227 249/249/249 250/250/250
f 227/227/227 250/250/250 229/229/229
f 229/229/229 250/250/250 251/251/251
f 229/229/229 251/251/251 231/231/231
f 231/231/231 251/251/251 252/252/252
f 231/231/231 252/252/252 233/233/233
f 233/233/233 252/252/252 253/253/253
f 233/233/233 253/253/253 235/235/235
f 235/235/235 253/253/253 254/254/254
f 235/235/235 254/254/254 237/237/237
f 237/237/237 254/254/254 255/255/255
f 237/237/237 255/255/255 239/239/239
f 239/239/239 255/255/255 256/256/256
f 239/239/239 256/256/256 241/241/241
f 241/241/241 256/256/256 257/257/257
f 241/241/241 257/257/257 243/243/243
f 243/243/243 257/257/257 258/258/258
f 243/243/243 258/258/258 245/245/245
f 245/245/245 258/258/258 259/259/259
f 245/245/245 259/259/259 247/247/247
f 247/247/247 259/259/259 260/260/260
f 248/248/248 261/261/261 249/249/249
f 249/249/249 261/261/261 262/262/262
f 249/249/249 262/262/262 250/250/250
f 250/250/250 262/262/262 263/263/263
f 250/250/250 263/263/263 251/251/251
f 251/251/251 263/263/263 264/264/264
f 251/251/251 264/264/264 252/252/252
f 252/252/252 264/264/264 265/265/265
f 252/252/252 265/265/265 253/253/253
f 253/253/253 265/265/265 266/266/266
f 253/253/253 266/266/266 254/254/254
f 254/254/254 266/266/266 267/267/267
f 254/254/254 267/267/267 255/255/255
f 255/255/255 267/267/267 268/268/268
f 255/255/255 268/268/268 256/256/256
f 256/256/256 268/268/268 269/269/269
f 256/256/256 269/269/269 257/257/257
f 257/257/257 269/269/269 270/270/270
f 257/257/257 270/270/270 258/258/258
f 258/258/258 270/270/270 271/271/271
f 258/258/258 271/271/271 259/259/259
f 259/259/259 271/271/271 272/272/272
f 259/259/259 272/272/272 260/260/260
f 260/260/260 272/272/272 273/273/273
f 261/261/261 274/274/274 262/262/262
f 262/262/262 274/274/274 275/275/275
f 262/262/262 275/275/275 263/263/263
f 263/263/263 275/275/275 276/276/276
f 263/263/263 276/276/276 264/264/264
f 264/264/264 276/276/276 277/277/277
f 264/264/264 277/277/277 265/265/265
f 265/265/265 277/277/277 278/278/278
f 265/265/265 278/278/278 266/266/266
f 266/266/266 278/278/278 279/279/279
f 266/266/266 279/279/279 267/267/267
f 267/267/267 279/279/279 280/280/280
f 267/267/267 280/280/280 268/268/268
f 268/268/268 280/280/280 281/281/281
f 268/268/268 281/281/281 269/269/269
f 269/269/269 281/281/281 282/282/282
f 269/269/269 282/282/282 270/270/270
f 270/270/270 282/282/282 283/283/283
f 270/270/270 283/283/283 271/271/271
f 271/271/271 283/283/283 284/284/284
f 271/271/271 284/284/284 272/272/272
f 272/272/272 284/284/284 285/285/285
f 272/272/272 285/285/285 273/273/273
f 273/273/273 285/285/285 286/286/286
f 274/274/274 287/287/287 275/275/275
f 275/275/275 287/287/287 288/288/288
f 275/275/275 288/288/288 276/276/276
f 276/276/276 288/288/288 289/289/289
f 276/276/276 289/289/289 277/277/277
f 277/277/277 289/289/289 290/290/290
f 277/277/277 290/290/290 278/278/278
f 278/278/278 290/290/290 291/291/291
f 278/278/278 291/291/291 279/279/279
f 279/279/279 291/291/291 292/292/292
f 279/279/279 292/292/292 280/280/280
f 280/280/280 292/292/292 293/293/293
f 280/280/280 293/293/293 281/281/281
f 281/281/281 293/293/293 294/294/294
f 281/281/281 294/294/294 282/282/282
f 282/282/282 294/294/294 295/295/295
f 282/282/282 295/295/295 283/283/283
f 283/283/283 295/295/295 296/296/296
f 283/283/283 296/296/296 284/284/284
f 284/284/284 296/296/296 297/297/297
f 284/284/284 297/297/297 285/285/285
f 285/285/285 297/297/297 298/298/298
f 285/285/285 298/298/298 286/286/286
f 286/286/286 298/298/298 299/299/299
f 287/287/287 300/300/300 288/288/288
f 288/288/288 300/300/300 301/301/301
f 288/288/288 301/301/301 289/289/289
f 289/289/289 301/301/301 302/302/302
f 289/289/289 302/302/302 290/290/290
f 290/290/290 302/302/302 303/303/303
f 290/290/290 303/303/303 291/291/291
f 291/291/291 303/303/303 304/304/304
f 291/291/291 304/304/304 292/292/292
f 292/292/292 304/304/304 305/305/305
f 292/292/292 305/305/305 293/293/293
f 293/293/293 305/305/305 306/306/306
f 293/293/293 306/306/306 294/294/294
f 294/294/294 306/306/306 307/307/307
f 294/294/294 307/307/307 295/295/295
f 295/295/295 307/307/307 308/308/308
f 295/295/295 308/308/308 296/296/296
f 296/296/296 308/308/308 309/309/309
f 296/296/296 309/309/309 297/297/297
f 297/297/297 309/309/309 310/310/310
f 297/297/297 310/310/310 298/298/298
f 298/298/298 310/310/310 311/311/311
f 298/298/298 311/311/311 299/299/299
f 299/299/299 311/311/311 312/312/312
f 300/300/300 313/313/313 301/301/301
f 301/301/301 313/313/313 314/314/314
f 301/301/301 314/314/314 302/302/302
f 302/302/302 314/314/314 315/315/315
f 302/302/302 315/315/315 303/303/303
f 303/303/303 315/315/315 316/316/316
f 303/303/303 316/316/316 304/304/304
f 304/304/304 316/316/316 317/317/317
f 304/304/304 317/317/317 305/305/305
f 305/305/305 317/317/317 318/318/318
f 305/305/305 318/318/318 306/306/306
f 306/306/306 318/318/318 319/319/319
f 306/306/306 319/319/319 307/307/307
f 307/307/307 319/319/319 320/320/320
f 307/307/307 320/320/320 308/308/308
f 308/308/308 320/320/320 321/321/321
f 308/308/308 321/321/321 309/309/309
f 309/309/309 321/321/321 322/322/322
f 309/309/309 322/322/322 310/310/310
f 310/310/310 322/322/322 323/323/323
f 310/310/310 323/323/323 311/311/311
f 311/311/311 323/323/323 324/324/324
f 311/311/311 324/324/324 312/312/312
f 312/312/312 324/324/324 325/325/325
f 313/313/313 326/326/326 314/314/314
f 314/314/314 326/326/326 327/327/327
f 314/314/314 327/327/327 315/315/315
f 315/315/315 327/327/327 328/328/328
f 315/315/315 328/328/328 316/316/316
f 316/316/316 328/328/328 329/329/329
f 316/316/316 329/329/329 317/317/317
f 317/317/317 329/329/329 330/330/330
f 317/317/317 330/330/330 318/318/318
f 318/318/318 330/330/330 331/331/331
f 318/318/318 331/331/331 319/319/319
f 319/319/319 331/331/331 332/332/332
f 319/319/319 332/332/332 320/320/320
f 320/320/320 332/332/332 333/333/333
f 320/320/320 333/333/333 321/321/321
f 321/321/321 333/333/333 334/334/334
f 321/321/321 334/334/334 322/322/322
f 322/322/322 334/334/334 335/335/335
f 322/322/322 335/335/335 323/323/323
f 323/323/323 335/335/335 336/336/336
f 323/323/323 336/336/336 324/324/324
f 324/324/324 336/336/336 337/337/337
f 324/324/324 337/337/337 325/325/325
f 325/325/325 337/337/337 338/338/338
f 326/326/326 339/339/339 327/327/327
f 327/327/327 339/339/339 340/340/340
f 327/327/327 340/340/340 328/328/328
f 328/328/328 340/340/340 341/341/341
f 328/328/328 341/341/341 329/329/329
f 329/329/329 341/341/341 342/342/342
f 329/329/329 342/342/342 330/330/330
f 330/330/330 342/342/342 343/343/343
f 330/330/330 343/343/343 331/331/331
f 331/331/331 343/343/343 344/344/344
f 331/331/331 344/344/344 332/332/332
f 332/332/332 344/344/344 345/345/345
f 332/332/332 345/345/345 333/333/333
f 333/333/333 345/345/345 346/346/346
f 333/333/333 346/346/346 334/334/334
f 334/334/334 346/346/346 347/347/347
f 334/334/334 347/347/347 335/335/335
f 335/335/335 347/347/347 348/348/348
f 335/335/335 348/348/348 336/336/336
f 336/336/336 348/348/348 349/349/349
f 336/336/336 349/349/349 337/337/337
f 337/337/337 349/349/349 350/350/350
f 337/337/337 350/350/350 338/338/338
f 338/338/338 350/350/350 351/351/351
f 339/339/339 352/352/352 340/340/340
f 340/340/340 352/352/352 353/353/353
f 340/340/340 353/353/353 341/341/341
f 341/341/341 353/353/353 354/354/354
f 341/341/341 354/354/354 342/342/342
f 342/342/342 354/354/354 355/355/355
f 342/342/342 355/355/355 343/343/343
f 343/343/343 355/355/355 356/356/356
f 343/343/343 356/356/356 344/344/344
f 344/344/344 356/356/356 357/357/357
f 344/344/344 357/357/357 345/345/345
f 345/345/345 357/357/357 358/358/358
f 345/345/345 358/358/358 346/346/346
f 346/346/346 358/358/358 359/359/359
f 346/346/346 359/359/359 347/347/347
f 347/347/347 359/359/359 360/360/360
f 347/347/347 360/360/360 348/348/348
f 348/348/348 360/360/360 361/361/361
f 348/348/348 361/361/361 349/349/349
f 349/349/349 361/361/361 362/362/362
f 349/349/349 362/362/362 350/350/350
f 350/350/350 362/362/362 363/363/363
f 350/350/350 363/363/363 351/351/351
f 351/351/351 363/363/363 364/364/364
f 352/352/352 365/365/365 353/353/353
f 353/353/353 365/365/365 366/366/366
f 353/353/353 366/366/366 354/354/354
f 354/354/354 366/366/366 367/367/367
f 354/354/354 367/367/367 355/355/355
f 355/355/355 367/367/367 368/368/368
f 355/355/355 368/368/368 356/356/356
f 356/356/356 368/368/368 369/369/369
f 356/356/356 369/369/369 357/357/357
f 357/357/357 369/369/369 370/370/370
f 357/357/357 370/370/370 358/358/358
f 358/358/358 370/370/370 371/371/371
f 358/358/358 371/371/371 359/359/359
f 359/359/359 371/371/371 372/372/372
f 359/359/359 372/372/372 360/360/360
f 360/360/360 372/372/372 373/373/373
f 360/360/360 373/373/373 361/361/361
f 361/361/361 373/373/373 374/374/374
f 361/361/361 374/374/374 362/362/362
f 362/362/362 374/374/374 375/375/375
f 362/362/362 375/375/375 363/363/363
f 363/363/363 375/375/375 376/376/376
f 363/363/363 376/376/376 364/364/364
f 364/364/364 376/376/376 377/377/377
f 365/365/365 378/378/378 366/366/366
f 366/366/366 378/378/378 379/379/379
f 366/366/366 379/379/379 367/367/367
f 367/367/367 379/379/379 380/380/380
f 367/367/367 380/380/380 368/368/368
f 368/368/368 380/380/380 381/381/381
f 368/368/368 381/381/381 369/369/369
f 369/369/369 381/381/381 382/382/382
f 369/369/369 382/382/382 370/370/370
f 370/370/370 382/382/382 383/383/383
f 370/370/370 383/383/383 371/371/371
f 371/371/371 383/383/383 384/384/384
f 371/371/371 384/384/384 372/372/372
f 372/372/372 384/384/384 385/385/385
f 372/372/372 385/385/385 373/373/373
f 373/373/373 385/385/385 386/386/386
f 373/373/373 386/386/386 374/374/374
f 374/374/374 386/386/386 387/387/387
f 374/374/374 387/387/387 375/375/375
f 375/375/375 387/387/387 388/388/388
f 375/375/375 388/388/388 376/376/376
f 376/376/376 388/388/388 389/389/389
f 376/376/376 389/389/389 377/377/377
f 377/377/377 389/389/389 390/390/390
f 378/378/378 391/391/391 379/379/379
f 379/379/379 391/391/391 392/392/392
f 379/379/379 392/392/392 380/380/380
f 380/380/380 392/392/392 393/393/393
f 380/380/380 393/393/393 381/381/381
f 381/381/381 393/393/393 394/394/394
f 381/381/381 394/394/394 382/382/382
f 382/382/382 394/394/394 395/395/395
f 382/382/382 395/395/395 383/383/383
f 383/383/383 395/395/395 396/396/396
f 383/383/383 396/396/396 384/384/384
f 384/384/384 396/396/396 397/397/397
f 384/384/384 397/397/397 385/385/385
f 385/385/385 397/397/397 398/398/398
f 385/385/385 398/398/398 386/386/386
f 386/386/386 398/398/398 399/399/399
f 386/386/386 399/399/399 387/387/387
f 387/387/387 399/399/399 400/400/400
f 387/387/387 400/400/400 388/388/388
f 388/388/388 400/400/400 401/401/401
f 388/388/388 401/401/401 389/389/389
f 389/389/389 401/401/401 402/402/402
f 389/389/389 402/402/402 390/390/390
f 390/390/390 402/402/402 403/403/403
f 391/391/391 404/404/404 392/392/392
f 392/392/392 404/404/404 405/405/405
f 392/392/392 405/405/405 393/393/393
f 393/393/393 405/405/405 406/406/406
f 393/393/393 406/406/406 394/394/394
f 394/394/394 406/406/406 407/407/407
f 394/394/394 407/407/407 395/395/395
f 395/395/395 407/407/407 408/408/408
f 395/395/395 408/408/408 396/396/396
f 396/396/396 408/408/408 409/409/409
f 396/396/396 409/409/409 397/397/397
f 397/397/397 409/409/409 410/410/410
f 397/397/397 410/410/410 398/398/398
f 398/398/398 410/410/410 411/411/411
f 398/398/398 411/411/411 399/399/399
f 399/399/399 411/411/411 412/412/412
f 399/399/399 412/412/412 400/400/400
f 400/400/400 412/412/412 413/413/413
f 400/400/400 413/413/413 401/401/401
f 401/401/401 413/413/413 414/414/414
f 401/401/401 414/414/414 402/402/402
f 402/402/402 414/414/414 415/415/415
f 402/402/402 415/415/415 403/403/403
f 403/403/403 415/415/415 416/416/416
f 404/404/404 417/417/417 405/405/405
f 405/405/405 417/417/417 418/418/418
f 405/405/405 418/418/418 406/406/406
f 406/406/406 418/418/418 419/419/419
f 406/406/406 419/419/419 407/407/407
f 407/407/407 419/419/419 420/420/420
f 407/407/407 420/420/420 408/408/408
f 408/408/408 420/420/420 421/421/421
f 408/408/408 421/421/421 409/409/409
f 409/409/409 421/421/421 422/422/422
f 409/409/409 422/422/422 410/410/410
f 410/410/410 422/422/422 423/423/423
f 410/410/410 423/423/423 411/411/411
f 411/411/411 423/423/423 424/424/424
f 411/411/411 424/424/424 412/412/412
f 412/412/412 424/424/424 425/425/425
f 412/412/412 425/425/425 413/413/413
f 413/413/413 425/425/425 426/426/426
f 413/413/413 426/426/426 414/414/414
f 414/414/414 426/426/426 427/427/427
f 414/414/414 427/427/427 415/415/415
f 415/415/415 427/427/427 428/428/428
f 415/415/415 428/428/428 416/416/416
f 416/416/416 428/428/428 429/429/429
f 417/417/417 430/430/430 418/418/418
f 418/418/418 430/430/430 431/431/431
f 418/418/418 431/431/431 419/419/419
f 419/419/419 431/431/431 432/432/432
f 419/419/419 432/432/432 420/420/420
f 420/420/420 432/432/432 433/433/433
f 420/420/420 433/433/433 421/421/421
f 421/421/421 433/433/433 434/434/434
f 421/421/421 434/434/434 422/422/422
f 422/422/422 434/434/434 435/435/435
f 422/422/422 435/435/435 423/423/423
f 423/423/423 435/435/435 436/436/436
f 423/423/423 436/436/436 424/424/424
f 424/424/424 436/436/436 437/437/437
f 424/424/424 437/437/437 425/425/425
f 425/425/425 437/437/437 438/438/438
f 425/425/425 438/438/438 426/426/426
f 426/426/426 438/438/438 439/439/439
f 426/426/426 439/439/439 427/427/427
f 427/427/427 439/439/439 440/440/440
f 427/427/427 440/440/440 428/428/428
f 428/428/428 440/440/440 441/441/441
f 428/428/428 441/441/441 429/429/429
f 429/429/429 441/441/441 442/442/442
f 443/443/443 444/444/444 445/445/445
f 444/444/444 446/446/446 445/445/445
f 444/444/444 447/447/447 446/446/446
f 447/447/447 448/448/448 446/446/446
f 447/447/447 449/449/449 448/448/448
f 449/449/449 450/450/450 448/448/448
f 449/449/449 451/451/451 450/450/450
f 451/451/451 452/452/452 450/450/450
f 451/451/451 453/453/453 452/452/452
f 453/453/453 454/454/454 452/452/452
f 453/453/453 455/455/455 454/454/454
f 455/455/455 456/456/456 454/454/454
f 455/455/455 457/457/457 456/456/456
f 457/457/457 458/458/458 456/456/456
f 457/457/457 459/459/459 458/458/458
f 459/459/459 460/460/460 458/458/458
f 459/459/459 461/461/461 460/460/460
f 461/461/461 462/462/462 460/460/460
f 461/461/461 463/463/463 462/462/462
f 463/463/463 464/464/464 462/462/462
f 463/463/463 465/465/465 464/464/464
f 465/465/465 466/466/466 464/464/464
f 465/465/465 467/467/467 466/466/466
f 467/467/467 468/468/468 466/466/466
f 445/445/445 446/446/446 469/469/469
f 446/446/446 470/470/470 469/469/469
f 446/446/446 448/448/448 470/470/470
f 448/448/448 471/471/471 470/470/470
f 448/448/448 450/450/450 471/471/471
f 450/450/450 472/472/472 471/471/471
f 450/450/450 452/452/452 472/472/472
f 452/452/452 473/473/473 472/472/472
f 452/452/452 454/454/454 473/473/473
f 454/454/454 474/474/474 473/473/473
f 454/454/454 456/456/456 474/474/474
f 456/456/456 475/475/475 474/474/474
f 456/456/456 458/458/458 475/475/475
f 458/458/458 476/476/476 475/475/475
f 458/458/458 460/460/460 476/476/476
f 460/460/460 477/477/477 476/476/476
f 460/460/460 462/462/462 477/477/477
f 462/462/462 478/478/478 477/477/477
f 462/462/462 464/464/464 478/478/478
f 464/464/464 479/479/479 478/478/478
f 464/464/464 466/466/466 479/479/479
f 466/466/466 480/480/480 479/479/479
f 466/466/466 468/468/468 480/480/480
f 468/468/468 481/481/481 480/480/480
f 469/469/469 470/470/470 482/482/482
f 470/470/470 483/483/483 482/482/482
f 470/470/470 471/471/471 483/483/483
f 471/471/471 484/484/484 483/483/483
f 471/471/471 472/472/472 484/484/484
f 472/472/472 485/485/485 484/484/484
f 472/472/472 473/473/473 485/485/485
f 473/473/473 486/486/486 485/485/485
f 473/473/473 474/474/474 486/486/486
f 474/474/474 487/487/487 486/486/486
f 474/474/474 475/475/475 487/487/487
f 475/475/475 488/488/488 487/487/487
f 475/475/475 476/476/476 488/488/488
f 476/476/476 489/489/489 488/488/488
f 476/476/476 477/477/477 489/489/489
f 477/477/477 490/490/490 489/489/489
f 477/477/477 478/478/478 490/490/490
f 478/478/478 491/491/491 490/490/490
f 478/478/478 479/479/479 491/491/491
f 479/479/479 492/492/492 491/491/491
f 479/479/479 480/480/480 492/492/492
f 480/480/480 493/493/493 492/492/492
f 480/480/480 481/481/481 493/493/493
f 481/481/481 494/494/494 493/493/493
f 482/482/482 483/483/483 495/495/495
f 483/483/483 496/496/496 495/495/495
f 483/483/483 484/484/484 496/496/496
f 484/484/484 497/497/497 496/496/496
f 484/484/484 485/485/485 497/497/497
f 485/485/485 498/498/498 497/497/497
f 485/485/485 486/486/486 498/498/498
f 486/486/486 499/499/499 498/498/498
f 486/486/486 487/487/487 499/499/499
f 487/487/487 500/500/500 499/499/499
f 487/487/487 488/488/488 500/500/500
f 488/488/488 501/501/501 500/500/500
f 488/488/488 489/489/489 501/501/501
f 489/489/489 502/502/502 501/501/501
f 489/489/489 490/490/490 502/502/502
f 490/490/490 503/503/503 502/502/502
f 490/490/490 491/491/491 503/503/503
f 491/491/491 504/504/504 503/503/503
f 491/491/491 492/492/492 504/504/504
f 492/492/492 505/505/505 504/504/504
f 492/492/492 493/493/493 505/505/505
f 493/493/493 506/506/506 505/505/505
f 493/493/493 494/494/494 506/506/506
f 494/494/494 507/507/507 506/506/506
f 495/495/495 496/496/496 508/508/508
f 496/496/496 509/509/509 508/508/508
f 496/496/496 497/497/497 509/509/509
f 497/497/497 510/510/510 509/509/509
f 497/497/497 498/498/498 510/510/510
f 498/498/498 511/511/511 510/510/510
f 498/498/498 499/499/499 511/511/511
f 499/499/499 512/512/512 511/511/511
f 499/499/499 500/500/500 512/512/512
f 500/500/500 513/513/513 512/512/512
f 500/500/500 501/501/501 513/513/513
f 501/501/501 514/514/514 513/513/513
f 501/501/501 502/502/502 514/514/514
f 502/502/502 515/515/515 514/514/514
f 502/502/502 503/503/503 515/515/515
f 503/503/503 516/516/516 515/515/515
f 503/503/503 504/504/504 516/516/516
f 504/504/504 517/517/517 516/516/516
f 504/504/504 505/505/505 517/517/517
f 505/505/505 518/518/518 517/517/517
f 505/505/505 506/506/506 518/518/518
f 506/506/506 519/519/519 518/518/518
f 506/506/506 507/507/507 519/519/519
f 507/507/507 520/520/520 519/519/519
f 508/508/508 509/509/509 521/521/521
f 509/509/509 522/522/522 521/521/521
f 509/509/509 510/510/510 522/522/522
f 510/510/510 523/523/523 522/522/522
f 510/510/510 511/511/511 523/523/523
f 511/511/511 524/524/524 523/523/523
f 511/511/511 512/512/512 524/524/524
f 512/512/512 525/525/525 524/524/524
f 512/512/512 513/513/513 525/525/525
f 513/513/513 526/526/526 525/525/525
f 513/513/513 514/514/514 526/526/526
f 514/514/514 527/527/527 526/526/526
f 514/514/514 515/515/515 527/527/527
f 515/515/515 528/528/528 527/527/527
f 515/515/515 516/516/516 528/528/528
f 516/516/516 529/529/529 528/528/528
f 516/516/516 517/517/517 529/529/529
f 517/517/517 530/530/530 529/529/529
f 517/517/517 518/518/518 530/530/530
f 518/518/518 531/531/531 530/530/530
f 518/518/518 519/519/519 531/531/531
f 519/519/519 532/532/532 531/531/531
f 519/519/519 520/520/520 532/532/532
f 520/520/520 533/533/533 532/532/532
f 521/521/521 522/522/522 534/534/534
f 522/522/522 535/535/535 534/534/534
f 522/522/522 523/523/523 535/535/535
f 523/523/523 536/536/536 535/535/535
f 523/523/523 524/524/524 536/536/536
f 524/524/524 537/537/537 536/536/536
f 524/524/524 525/525/525 537/537/537
f 525/525/525 538/538/538 537/537/537
f 525/525/525 526/526/526 538/538/538
f 526/526/526 539/539/539 538/538/538
f 526/526/526 527/527/527 539/539/539
f 527/527/527 540/540/540 539/539/539
f 527/527/527 528/528/528 540/540/540
f 528/528/528 541/541/541 540/540/540
f 528/528/528 529/529/529 541/541/541
f 529/529/529 542/542/542 541/541/541
f 529/529/529 530/530/530 542/542/542
f 530/530/530 543/543/543 542/542/542
f 530/530/530 531/531/531 543/543/543
f 531/531/531 544/544/544 543/543/543
f 531/531/531 532/532/532 544/544/544
f 532/532/532 545/545/545 544/544/544
f 532/532/532 533/533/533 545/545/545
f 533/533/533 546/546/546 545/545/545
f 534/534/534 535/535/535 547/547/547
f 535/535/535 548/548/548 547/547/547
f 535/535/535 536/536/536 548/548/548
f 536/536/536 549/549/549 548/548/548
f 536/536/536 537/537/537 549/549/549
f 537/537/537 550/550/550 549/549/549
f 537/537/537 538/538/538 550/550/550
f 538/538/538 551/551/551 550/550/550
f 538/538/538 539/539/539 551/551/551
f 539/539/539 552/552/552 551/551/551
f 539/539/539 540/540/540 552/552/552
f 540/540/540 553/553/553 552/552/552
f 540/540/540 541/541/541 553/553/553
f 541/541/541 554/554/554 553/553/553
f 541/541/541 542/542/542 554/554/554
f 542/542/542 555/555/555 554/554/554
f 542/542/542 543/543/543 555/555/555
f 543/543/543 556/556/556 555/555/555
f 543/543/543 544/544/544 556/556/556
f 544/544/544 557/557/557 556/556/556
f 544/544/544 545/545/545 557/557/557
f 545/545/545 558/558/558 557/557/557
f 545/545/545 546/546/546 558/558/558
f 546/546/546 559/559/559 558/558/558
f 547/547/547 548/548/548 560/560/560
f 548/548/548 561/561/561 560/560/560
f 548/548/548 549/549/549 561/561/561
f 549/549/549 562/562/562 561/561/561
f 549/549/549 550/550/550 562/562/562
f 550/550/550 563/563/563 562/562/562
f 550/550/550 551/551/551 563/563/563
f 551/551/551 564/564/564 563/563/563
f 551/551/551 552/552/552 564/564/564
f 552/552/552 565/565/565 564/564/564
f 552/552/552 553/553/553 565/565/565
f 553/553/553 566/566/566 565/565/565
f 553/553/553 554/554/554 566/566/566
f 554/554/554 567/567/567 566/566/566
f 554/554/554 555/555/555 567/567/567
f 555/555/555 568/568/568 567/567/567
f 555/555/555 556/556/556 568/568/568
f 556/556/556 569/569/569 568/568/568
f 556/556/556 557/557/557 569/569/569
f 557/557/557 570/570/570 569/569/569
f 557/557/557 558/558/558 570/570/570
f 558/558/558 571/571/571 570/570/570
f 558/558/558 559/559/559 571/571/571
f 559/559/559 572/572/572 571/571/571
f 560/560/560 561/561/561 573/573/573
f 561/561/561 574/574/574 573/573/573
f 561/561/561 562/562/562 574/574/574
f 562/562/562 575/575/575 574/574/574
f 562/562/562 563/563/563 575/575/575
f 563/563/563 576/576/576 575/575/575
f 563/563/563 564/564/564 576/576/576
f 564/564/564 577/577/577 576/576/576
f 564/564/564 565/565/565 577/577/577
f 565/565/565 578/578/578 577/577/577
f 565/565/565 566/566/566 578/578/578
f 566/566/566 579/579/579 578/578/578
f 566/566/566 567/567/567 579/579/579
f 567/567/567 580/580/580 579/579/579
f 567/567/567 568/568/568 580/580/580
f 568/568/568 581/581/581 580/580/580
f 568/568/568 569/569/569 581/581/581
f 569/569/569 582/582/582 581/581/581
f 569/569/569 570/570/570 582/582/582
f 570/570/570 583/583/583 582/582/582
f 570/570/570 571/571/571 583/583/583
f 571/571/571 584/584/584 583/583/583
f 571/571/571 572/572/572 584/584/584
f 572/572/572 585/585/585 584/584/584
f 573/573/573 574/574/574 586/586/586
f 574/574/574 587/587/587 586/586/586
f 574/574/574 575/575/575 587/587/587
f 575/575/575 588/588/588 587/587/587
f 575/575/575 576/576/576 588/588/588
f 576/576/576 589/589/589 588/588/588
f 576/576/576 577/577/577 589/589/589
f 577/577/577 590/590/590 589/589/589
f 577/577/577 578/578/578 590/590/590
f 578/578/578 591/591/591 590/590/590
f 578/578/578 579/579/579 591/591/591
f 579/579/579 592/592/592 591/591/591
f 579/579/579 580/580/580 592/592/592
f 580/580/580 593/593/593 592/592/592
f 580/580/580 581/581/581 593/593/593
f 581/581/581 594/594/594 593/593/593
f 581/581/581 582/582/582 594/594/594
f 582/582/582 595/595/595 594/594/594
f 582/582/582 583/583/583 595/595/595
f 583/583/583 596/596/596 595/595/595
f 583/583/583 584/584/584 596/596/596
f 584/584/584 597/597/597 596/596/596
f 584/584/584 585/585/585 597/597/597
f 585/585/585 598/598/598 597/597/597
f 586/586/586 587/587/587 599/599/599
f 587/587/587 600/600/600 599/599/599
f 587/587/587 588/588/588 600/600/600
f 588/588/588 601/601/601 600/600/600
f 588/588/588 589/589/589 601/601/601
f 589/589/589 602/602/602 601/601/601
f 589/589/589 590/590/590 602/602/602
f 590/590/590 603/603/603 602/602/602
f 590/590/590 591/591/591 603/603/603
f 591/591/591 604/604/604 603/603/603
f 591/591/591 592/592/592 604/604/604
f 592/592/592 605/605/605 604/604/604
f 592/592/592 593/593/593 605/605/605
f 593/593/593 606/606/606 605/605/605
f 593/593/593 594/594/594 606/606/606
f 594/594/594 607/607/607 606/606/606
f 594/594/594 595/595/595 607/607/607
f 595/595/595 608/608/608 607/607/607
f 595/595/595 596/596/596 608/608/608
f 596/596/596 609/609/609 608/608/608
f 596/596/596 597/597/597 609/609/609
f 597/597/597 610/610/610 609/609/609
f 597/597/597 598/598/598 610/610/610
f 598/598/598 611/611/611 610/610/610
f 599/599/599 600/600/600 612/612/612
f 600/600/600 613/613/613 612/612/612
f 600/600/600 601/601/601 613/613/613
f 601/601/601 614/614/614 613/613/613
f 601/601/601 602/602/602 614/614/614
f 602/602/602 615/615/615 614/614/614
f 602/602/602 603/603/603 615/615/615
f 603/603/603 616/616/616 615/615/615
f 603/603/603 604/604/604 616/616/616
f 604/604/604 617/617/617 616/616/616
f 604/604/604 605/605/605 617/617/617
f 605/605/605 618/618/618 617/617/617
f 605/605/605 606/606/606 618/618/618
f 606/606/606 619/619/619 618/618/618
f 606/606/606 607/607/607 619/619/619
f 607/607/607 620/620/620 619/619/619
f 607/607/607 608/608/608 620/620/620
f 608/608/608 621/621/621 620/620/620
f 608/608/608 609/609/609 621/621/621
f 609/609/609 622/622/622 621/621/621
f 609/609/609 610/610/610 622/622/622
f 610/610/610 623/623/623 622/622/622
f 610/610/610 611/611/611 623/623/623
f 611/611/611 624/624/624 623/623/623
f 612/612/612 613/613/613 625/625/625
f 613/613/613 626/626/626 625/625/625
f 613/613/613 614/614/614 626/626/626
f 614/614/614 627/627/627 626/626/626
f 614/614/614 615/615/615 627/627/627
f 615/615/615 628/628/628 627/627/627
f 615/615/615 616/616/616 628/628/628
f 616/616/616 629/629/629 628/628/628
f 616/616/616 617/617/617 629/629/629
f 617/617/617 630/630/630 629/629/629
f 617/617/617 618/618/618 630/630/630
f 618/618/618 631/631/631 630/630/630
f 618/618/618 619/619/619 631/631/631
f 619/619/619 632/632/632 631/631/631
f 619/619/619 620/620/620 632/632/632
f 620/620/620 633/633/633 632/632/632
f 620/620/620 621/621/621 633/633/633
f 621/621/621 634/634/634 633/633/633
f 621/621/621 622/622/622 634/634/634
f 622/622/622 635/635/635 634/634/634
f 622/622/622 623/623/623 635/635/635
f 623/623/623 636/636/636 635/635/635
f 623/623/623 624/624/624 636/636/636
f 624/624/624 637/637/637 636/636/636
f 625/625/625 626/626/626 638/638/638
f 626/626/626 639/639/639 638/638/638
f 626/626/626 627/627/627 639/639/639
f 627/627/627 640/640/640 639/639/639
f 627/627/627 628/628/628 640/640/640
f 628/628/628 641/641/641 640/640/640
f 628/628/628 629/629/629 641/641/641
f 629/629/629 642/642/642 641/641/641
f 629/629/629 630/630/630 642/642/642
f 630/630/630 643/643/643 642/642/642
f 630/630/630 631/631/631 643/643/643
f 631/631/631 644/644/644 643/643/643
f 631/631/631 632/632/632 644/644/644
f 632/632/632 645/645/645 644/644/644
f 632/632/632 633/633/633 645/645/645
f 633/633/633 646/646/646 645/645/645
f 633/633/633 634/634/634 646/646/646
f 634/634/634 647/647/647 646/646/646
f 634/634/634 635/635/635 647/647/647
f 635/635/635 648/648/648 647/647/647
f 635/635/635 636/636/636 648/648/648
f 636/636/636 649/649/649 648/648/648
f 636/636/636 637/637/637 649/649/649
f 637/637/637 650/650/650 649/649/649
f 638/638/638 639/639/639 651/651/651
f 639/639/639 652/652/652 651/651/651
f 639/639/639 640/640/640 652/652/652
f 640/640/640 653/653/653 652/652/652
f 640/640/640 641/641/641 653/653/653
f 641/641/641 654/654/654 653/653/653
f 641/641/641 642/642/642 654/654/654
f 642/642/642 655/655/655 654/654/654
f 642/642/642 643/643/643 655/655/655
f 643/643/643 656/656/656 655/655/655
f 643/643/643 644/644/644 656/656/656
f 644/644/644 657/657/657 656/656/656
f 644/644/644 645/645/645 657/657/657
f 645/645/645 658/658/658 657/657/657
f 645/645/645 646/646/646 658/658/658
f 646/646/646 659/659/659 658/658/658
f 646/646/646 647/647/647 659/659/659
f 647/647/647 660/660/660 659/659/659
f 647/647/647 648/648/648 660/660/660
f 648/648/648 661/661/661 660/660/660
f 648/648/648 649/649/649 661/661/661
f 649/649/649 662/662/662 661/661/661
f 649/649/649 650/650/650 662/662/662
f 650/650/650 663/663/663 662/662/662
f 664/664/664 665/665/665 666/666/666
f 666/666/666 665/665/665 667/667/667
f 666/666/666 667/667/667 668/668/668
f 668/668/668 667/667/667 669/669/669
f 668/668/668 669/669/669 670/670/670
f 670/670/670 669/669/669 671/671/671
f 670/670/670 671/671/671 672/672/672
f 672/672/672 671/671/671 673/673/673
f 672/672/672 673/673/673 674/674/674
f 674/674/674 673/673/673 675/675/675
f 674/674/674 675/675/675 676/676/676
f 676/676/676 675/675/675 677/677/677
f 676/676/676 677/677/677 678/678/678
f 678/678/678 677/677/677 679/679/679
f 678/678/678 679/679/679 680/680/680
f 680/680/680 679/679/679 681/681/681
f 680/680/680 681/681/681 682/682/682
f 682/682/682 681/681/681 683/683/683
f 682/682/682 683/683/683 684/684/684
f 684/684/684 683/683/683 685/685/685
f 684/684/684 685/685/685 686/686/686
f 686/686/686 685/685/685 687/687/687
f 686/686/686 687/687/687 688/688/688
f 688/688/688 687/687/687 689/689/689
f 665/665/665 690/690/690 667/667/667
f 667/667/667 690/690/690 691/691/691
f 667/667/667 691/691/691 669/669/669
f 669/669/669 691/691/691 692/692/692
f 669/669/669 692/692/692 671/671/671
f 671/671/671 692/692/692 693/693/693
f 671/671/671 693/693/693 673/673/673
f 673/673/673 693/693/693 694/694/694
f 673/673/673 694/694/694 675/675/675
f 675/675/675 694/694/694 695/695/695
f 675/675/675 695/695/695 677/677/677
f 677/677/677 695/695/695 696/696/696
f 677/677/677 696/696/696 679/679/679
f 679/679/679 696/696/696 697/697/697
f 679/679/679 697/697/697 681/681/681
f 681/681/681 697/697/697 698/698/698
f 681/681/681 698/698/698 683/683/683
f 683/683/683 698/698/698 699/699/699
f 683/683/683 699/699/699 685/685/685
f 685/685/685 699/699/699 700/700/700
f 685/685/685 700/700/700 687/687/687
f 687/687/687 700/700/700 701/701/701
f 687/687/687 701/701/701 689/689/689
f 689/689/689 701/701/701 702/702/702
f 690/690/690 703/703/703 691/691/691
f 691/691/691 703/703/703 704/704/704
f 691/691/691 704/704/704 692/692/692
f 692/692/692 704/704/704 705/705/705
f 692/692/692 705/705/705 693/693/693
f 693/693/693 705/705/705 706/706/706
f 693/693/693 706/706/706 694/694/694
f 694/694/694 706/706/706 707/707/707
f 694/694/694 707/707/707 695/695/695
f 695/695/695 707/707/707 708/708/708
f 695/695/695 708/708/708 696/696/696
f 696/696/696 708/708/708 709/709/709
f 696/696/696 709/709/709 697/697/697
f 697/697/697 709/709/709 710/710/710
f 697/697/697 710/710/710 698/698/698
f 698/698/698 710/710/710 711/711/711
f 698/698/698 711/711/711 699/699/699
f 699/699/699 711/711/711 712/712/712
f 699/699/699 712/712/712 700/700/700
f 700/700/700 712/712/712 713/713/713
f 700/700/700 713/713/713 701/701/701
f 701/701/701 713/713/713 714/714/714
f 701/701/701 714/714/714 702/702/702
f 702/702/702 714/714/714 715/715/715
f 703/703/703 716/716/716 704/704/704
f 704/704/704 716/716/716 717/717/717
f 704/704/704 717/717/717 705/705/705
f 705/705/705 717/717/717 718/718/718
f 705/705/705 718/718/718 706/706/706
f 706/706/706 718/718/718 719/719/719
f 706/706/706 719/719/719 707/707/707
f 707/707/707 719/719/719 720/720/720
f 707/707/707 720/720/720 708/708/708
f 708/708/708 720/720/720 721/721/721
f 708/708/708 721/721/721 709/709/709
f 709/709/709 721/721/721 722/722/722
f 709/709/709 722/722/722 710/710/710
f 710/710/710 722/722/722 723/723/723
f 710/710/710 723/723/723 711/711/711
f 711/711/711 723/723/723 724/724/724
f 711/711/711 724/724/724 712/712/712
f 712/712/712 724/724/724 725/725/725
f 712/712/712 725/725/725 713/713/713
f 713/713/713 725/725/725 726/726/726
f 713/713/713 726/726/726 714/714/714
f 714/714/714 726/726/726 727/727/727
f 714/714/714 727/727/727 715/715/715
f 715/715/715 727/727/727 728/728/728
f 716/716/716 729/729/729 717/717/717
f 717/717/717 729/729/729 730/730/730
f 717/717/717 730/730/730 718/718/718
f 718/718/718 730/730/730 731/731/731
f 718/718/718 731/731/731 719/719/719
f 719/719/719 731/731/731 732/732/732
f 719/719/719 732/732/732 720/720/720
f 720/720/720 732/732/732 733/733/733
f 720/720/720 733/733/733 721/721/721
f 721/721/721 733/733/733 734/734/734
f 721/721/721 734/734/734 722/722/722
f 722/722/722 734/734/734 735/735/735
f 722/722/722 735/735/735 723/723/723
f 723/723/723 735/735/735 736/736/736
f 723/723/723 736/736/736 724/724/724
f 724/724/724 736/736/736 737/737/737
f 724/724/724 737/737/737 725/725/725
f 725/725/725 737/737/737 738/738/738
f 725/725/725 738/738/738 726/726/726
f 726/726/726 738/738/738 739/739/739
f 726/726/726 739/739/739 727/727/727
f 727/727/727 739/739/739 740/740/740
f 727/727/727 740/740/740 728/728/728
f 728/728/728 740/740/740 741/741/741
f 729/729/729 742/742/742 730/730/730
f 730/730/730 742/742/742 743/743/743
f 730/730/730 743/743/743 731/731/731
f 731/731/731 743/743/743 744/744/744
f 731/731/731 744/744/744 732/732/732
f 732/732/732 744/744/744 745/745/745
f 732/732/732 745/745/745 733/733/733
f 733/733/733 745/745/745 746/746/746
f 733/733/733 746/746/746 734/734/734
f 734/734/734 746/746/746 747/747/747
f 734/734/734 747/747/747 735/735/735
f 735/735/735 747/747/747 748/748/748
f 735/735/735 748/748/748 736/736/736
f 736/736/736 748/748/748 749/749/749
f 736/736/736 749/749/749 737/737/737
f 737/737/737 749/749/749 750/750/750
f 737/737/737 750/750/750 738/738/738
f 738/738/738 750/750/750 751/751/751
f 738/738/738 751/751/751 739/739/739
f 739/739/739 751/751/751 752/752/752
f 739/739/739 752/752/752 740/740/740
f 740/740/740 752/752/752 753/753/753
f 740/740/740 753/753/753 741/741/741
f 741/741/741 753/753/753 754/754/754
f 742/742/742 755/755/755 743/743/743
f 743/743/743 755/755/755 756/756/756
f 743/743/743 756/756/756 744/744/744
f 744/744/744 756/756/756 757/757/757
f 744/744/744 757/757/757 745/745/745
f 745/745/745 757/757/757 758/758/758
f 745/745/745 758/758/758 746/746/746
f 746/746/746 758/758/758 759/759/759
f 746/746/746 759/759/759 747/747/747
f 747/747/747 759/759/759 760/760/760
f 747/747/747 760/760/760 748/748/748
f 748/748/748 760/760/760 761/761/761
f 748/748/748 761/761/761 749/749/749
f 749/749/749 761/761/761 762/762/762
f 749/749/749 762/762/762 750/750/750
f 750/750/750 762/762/762 763/763/763
f 750/750/750 763/763/763 751/751/751
f 751/751/751 763/763/763 764/764/764
f 751/751/751 764/764/764 752/752/752
f 752/752/752 764/764/764 765/765/765
f 752/752/752 765/765/765 753/753/753
f 753/753/753 765/765/765 766/766/766
f 753/753/753 766/766/766 754/754/754
f 754/754/754 766/766/766 767/767/767
f 755/755/755 768/768/768 756/756/756
f 756/756/756 768/768/768 769/769/769
f 756/756/756 769/769/769 757/757/757
f 757/757/757 769/769/769 770/770/770
f 757/757/757 770/770/770 758/758/758
f 758/758/758 770/770/770 771/771/771
f 758/758/758 771/771/771 759/759/759
f 759/759/759 771/771/771 772/772/772
f 759/759/759 772/772/772 760/760/760
f 760/760/760 772/772/772 773/773/773
f 760/760/760 773/773/773 761/761/761
f 761/761/761 773/773/773 774/774/774
f 761/761/761 774/774/774 762/762/762
f 762/762/762 774/774/774 775/775/775
f 762/762/762 775/775/775 763/763/763
f 763/763/763 775/775/775 776/776/776
f 763/763/763 776/776/776 764/764/764
f 764/764/764 776/776/776 777/777/777
f 764/764/764 777/777/777 765/765/765
f 765/765/765 777/777/777 778/778/778
f 765/765/765 778/778/778 766/766/766
f 766/766/766 778/778/778 779/779/779
f 766/766/766 779/779/779 767/767/767
f 767/767/767 779/779/779 780/780/780
f 768/768/768 781/781/781 769/769/769
f 769/769/769 781/781/781 782/782/782
f 769/769/769 782/782/782 770/770/770
f 770/770/770 782/782/782 783/783/783
f 770/770/770 783/783/783 771/771/771
f 771/771/771 783/783/783 784/784/784
f 771/771/771 784/784/784 772/772/772
f 772/772/772 784/784/784 785/785/785
f 772/772/772 785/785/785 773/773/773
f 773/773/773 785/785/785 786/786/786
f 773/773/773 786/786/786 774/774/774
f 774/774/774 786/786/786 787/787/787
f 774/774/774 787/787/787 775/775/775
f 775/775/775 787/787/787 788/788/788
f 775/775/775 788/788/788 776/776/776
f 776/776/776 788/788/788 789/789/789
f 776/776/776 789/789/789 777/777/777
f 777/777/777 789/789/789 790/790/790
f 777/777/777 790/790/790 778/778/778
f 778/778/778 790/790/790 791/791/791
f 778/778/778 791/791/791 779/779/779
f 779/779/779 791/791/791 792/792/792
f 779/779/779 792/792/792 780/780/780
f 780/780/780 792/792/792 793/793/793
f 781/781/781 794/794/794 782/782/782
f 782/782/782 794/794/794 795/795/795
f 782/782/782 795/795/795 783/783/783
f 783/783/783 795/795/795 796/796/796
f 783/783/783 796/796/796 784/784/784
f 784/784/784 796/796/796 797/797/797
f 784/784/784 797/797/797 785/785/785
f 785/785/785 797/797/797 798/798/798
f 785/785/785 798/798/798 786/786/786
f 786/786/786 798/798/798 799/799/799
f 786/786/786 799/799/799 787/787/787
f 787/787/787 799/799/799 800/800/800
f 787/787/787 800/800/800 788/788/788
f 788/788/788 800/800/800 801/801/801
f 788/788/788 801/801/801 789/789/789
f 789/789/789 801/801/801 802/802/802
f 789/789/789 802/802/802 790/790/790
f 790/790/790 802/802/802 803/803/803
f 790/790/790 803/803/803 791/791/791
f 791/791/791 803/803/803 804/804/804
f 791/791/791 804/804/804 792/792/792
f 792/792/792 804/804/804 805/805/805
f 792/792/792 805/805/805 793/793/793
f 793/793/793 805/805/805 806/806/806
f 794/794/794 807/807/807 795/795/795
f 795/795/795 807/807/807 808/808/808
f 795/795/795 808/808/808 796/796/796
f 796/796/796 808/808/808 809/809/809
f 796/796/796 809/809/809 797/797/797
f 797/797/797 809/809/809 810/810/810
f 797/797/797 810/810/810 798/798/798
f 798/798/798 810/810/810 811/811/811
f 798/798/798 811/811/811 799/799/799
f 799/799/799 811/811/811 812/812/812
f 799/799/799 812/812/812 800/800/800
f 800/800/800 812/812/812 813/813/813
f 800/800/800 813/813/813 801/801/801
f 801/801/801 813/813/813 814/814/814
f 801/801/801 814/814/814 802/802/802
f 802/802/802 814/814/814 815/815/815
f 802/802/802 815/815/815 803/803/803
f 803/803/803 815/815/815 816/816/816
f 803/803/803 816/816/816 804/804/804
f 804/804/804 816/816/816 817/817/817
f 804/804/804 817/817/817 805/805/805
f 805/805/805 817/817/817 818/818/818
f 805/805/805 818/818/818 806/806/806
f 806/806/806 818/818/818 819/819/819
f 807/807/807 820/820/820 808/808/808
f 808/808/808 820/820/820 821/821/821
f 808/808/808 821/821/821 809/809/809
f 809/809/809 821/821/821 822/822/822
f 809/809/809 822/822/822 810/810/810
f 810/810/810 822/822/822 823/823/823
f 810/810/810 823/823/823 811/811/811
f 811/811/811 823/823/823 824/824/824
f 811/811/811 824/824/824 812/812/812
f 812/812/812 824/824/824 825/825/825
f 812/812/812 825/825/825 813/813/813
f 813/813/813 825/825/825 826/826/826
f 813/813/813 826/826/826 814/814/814
f 814/814/814 826/826/826 827/827/827
f 814/814/814 827/827/827 815/815/815
f 815/815/815 827/827/827 828/828/828
f 815/815/815 828/828/828 816/816/816
f 816/816/816 828/828/828 829/829/829
f 816/816/816 829/829/829 817/817/817
f 817/817/817 829/829/829 830/830/830
f 817/817/817 830/830/830 818/818/818
f 818/818/818 830/830/830 831/831/831
f 818/818/818 831/831/831 819/819/819
f 819/819/819 831/831/831 832/832/832
f 820/820/820 833/833/833 821/821/821
f 821/821/821 833/833/833 834/834/834
f 821/821/821 834/834/834 822/822/822
f 822/822/822 834/834/834 835/835/835
f 822/822/822 835/835/835 823/823/823
f 823/823/823 835/835/835 836/836/836
f 823/823/823 836/836/836 824/824/824
f 824/824/824 836/836/836 837/837/837
f 824/824/824 837/837/837 825/825/825
f 825/825/825 837/837/837 838/838/838
f 825/825/825 838/838/838 826/826/826
f 826/826/826 838/838/838 839/839/839
f 826/826/826 839/839/839 827/827/827
f 827/827/827 839/839/839 840/840/840
f 827/827/827 840/840/840 828/828/828
f 828/828/828 840/840/840 841/841/841
f 828/828/828 841/841/841 829/829/829
f 829/829/829 841/841/841 842/842/842
f 829/829/829 842/842/842 830/830/830
f 830/830/830 842/842/842 843/843/843
f 830/830/830 843/843/843 831/831/831
f 831/831/831 843/843/843 844/844/844
f 831/831/831 844/844/844 832/832/832
f 832/832/832 844/844/844 845/845/845
f 833/833/833 846/846/846 834/834/834
f 834/834/834 846/846/846 847/847/847
f 834/834/834 847/847/847 835/835/835
f 835/835/835 847/847/847 848/848/848
f 835/835/835 848/848/848 836/836/836
f 836/836/836 848/848/848 849/849/849
f 836/836/836 849/849/849 837/837/837
f 837/837/837 849/849/849 850/850/850
f 837/837/837 850/850/850 838/838/838
f 838/838/838 850/850/850 851/851/851
f 838/838/838 851/851/851 839/839/839
f 839/839/839 851/851/851 852/852/852
f 839/839/839 852/852/852 840/840/840
f 840/840/840 852/852/852 853/853/853
f 840/840/840 853/853/853 841/841/841
f 841/841/841 853/853/853 854/854/854
f 841/841/841 854/854/854 842/842/842
f 842/842/842 854/854/854 855/855/855
f 842/842/842 855/855/855 843/843/843
f 843/843/843 855/855/855 856/856/856
f 843/843/843 856/856/856 844/844/844
f 844/844/844 856/856/856 857/857/857
f 844/844/844 857/857/857 845/845/845
f 845/845/845 857/857/857 858/858/858
f 846/846/846 859/859/859 847/847/847
f 847/847/847 859/859/859 860/860/860
f 847/847/847 860/860/860 848/848/848
f 848/848/848 860/860/860 861/861/861
f 848/848/848 861/861/861 849/849/849
f 849/849/849 861/861/861 862/862/862
f 849/849/849 862/862/862 850/850/850
f 850/850/850 862/862/862 863/863/863
f 850/850/850 863/863/863 851/851/851
f 851/851/851 863/863/863 864/864/864
f 851/851/851 864/864/864 852/852/852
f 852/852/852 864/864/864 865/865/865
f 852/852/852 865/865/865 853/853/853
f 853/853/853 865/865/865 866/866/866
f 853/853/853 866/866/866 854/854/854
f 854/854/854 866/866/866 867/867/867
f 854/854/854 867/867/867 855/855/855
f 855/855/855 867/867/867 868/868/868
f 855/855/855 868/868/868 856/856/856
f 856/856/856 868/868/868 869/869/869
f 856/856/856 869/869/869 857/857/857
f 857/857/857 869/869/869 870/870/870
f 857/857/857 870/870/870 858/858/858
f 858/858/858 870/870/870 871/871/871
f 859/859/859 872/872/872 860/860/860
f 860/860/860 872/872/872 873/873/873
f 860/860/860 873/873/873 861/861/861
f 861/861/861 873/873/873 874/874/874
f 861/861/861 874/874/874 862/862/862
f 862/862/862 874/874/874 875/875/875
f 862/862/862 875/875/875 863/863/863
f 863/863/863 875/875/875 876/876/876
f 863/863/863 876/876/876 864/864/864
f 864/864/864 876/876/876 877/877/877
f 864/864/864 877/877/877 865/865/865
f 865/865/865 877/877/877 878/878/878
f 865/865/865 878/878/878 866/866/866
f 866/866/866 878/878/878 879/879/879
f 866/866/866 879/879/879 867/867/867
f 867/867/867 879/879/879 880/880/880
f 867/867/867 880/880/880 868/868/868
f 868/868/868 880/880/880 881/881/881
f 868/868/868 881/881/881 869/869/869
f 869/869/869 881/881/881 882/882/882
f 869/869/869 882/882/882 870/870/870
f 870/870/870 882/882/882 883/883/883
f 870/870/870 883/883/883 871/871/871
f 871/871/871 883/883/883 884/884/884
f 885/885/885 886/886/886 887/887/887
f 886/886/886 888/888/888 887/887/887
f 886/886/886 889/889/889 888/888/888
f 889/889/889 890/890/890 888/888/888
f 889/889/889 891/891/891 890/890/890
f 891/891/891 892/892/892 890/890/890
f 891/891/891 893/893/893 892/892/892
f 893/893/893 894/894/894 892/892/892
f 893/893/893 895/895/895 894/894/894
f 895/895/895 896/896/896 894/894/894
f 895/895/895 897/897/897 896/896/896
f 897/897/897 898/898/898 896/896/896
f 897/897/897 899/899/899 898/898/898
f 899/899/899 900/900/900 898/898/898
f 899/899/899 901/901/901 900/900/900
f 901/901/901 902/902/902 900/900/900
f 901/901/901 903/903/903 902/902/902
f 903/903/903 904/904/904 902/902/902
f 903/903/903 905/905/905 904/904/904
f 905/905/905 906/906/906 904/904/904
f 905/905/905 907/907/907 906/906/906
f 907/907/907 908/908/908 906/906/906
f 907/907/907 909/909/909 908/908/908
f 909/909/909 910/910/910 908/908/908
f 887/887/887 888/888/888 911/911/911
f 888/888/888 912/912/912 911/911/911
f 888/888/888 890/890/890 912/912/912
f 890/890/890 913/913/913 912/912/912
f 890/890/890 892/892/892 913/913/913
f 892/892/892 914/914/914 913/913/913
f 892/892/892 894/894/894 914/914/914
f 894/894/894 915/915/915 914/914/914
f 894/894/894 896/896/896 915/915/915
f 896/896/896 916/916/916 915/915/915
f 896/896/896 898/898/898 916/916/916
f 898/898/898 917/917/917 916/916/916
f 898/898/898 900/900/900 917/917/917
f 900/900/900 918/918/918 917/917/917
f 900/900/900 902/902/902 918/918/918
f 902/902/902 919/919/919 918/918/918
f 902/902/902 904/904/904 919/919/919
f 904/904/904 920/920/920 919/919/919
f 904/904/904 906/906/906 920/920/920
f 906/906/906 921/921/921 920/920/920
f 906/906/906 908/908/908 921/921/921
f 908/908/908 922/922/922 921/921/921
f 908/908/908 910/910/910 922/922/922
f 910/910/910 923/923/923 922/922/922
f 911/911/911 912/912/912 924/924/924
f 912/912/912 925/925/925 924/924/924
f 912/912/912 913/913/913 925/925/925
f 913/913/913 926/926/926 925/925/925
f 913/913/913 914/914/914 926/926/926
f 914/914/914 927/927/927 926/926/926
f 914/914/914 915/915/915 927/927/927
f 915/915/915 928/928/928 927/927/927
f 915/915/915 916/916/916 928/928/928
f 916/916/916 929/929/929 928/928/928
f 916/916/916 917/917/917 929/929/929
f 917/917/917 930/930/930 929/929/929
f 917/917/917 918/918/918 930/930/930
f 918/918/918 931/931/931 930/930/930
f 918/918/918 919/919/919 931/931/931
f 919/919/919 932/932/932 931/931/931
f 919/919/919 920/920/920 932/932/932
f 920/920/920 933/933/933 932/932/932
f 920/920/920 921/921/921 933/933/933
f 921/921/921 934/934/934 933/933/933
f 921/921/921 922/922/922 934/934/934
f 922/922/922 935/935/935 934/934/934
f 922/922/922 923/923/923 935/935/935
f 923/923/923 936/936/936 935/935/935
f 924/924/924 925/925/925 937/937/937
f 925/925/925 938/938/938 937/937/937
f 925/925/925 926/926/926 938/938/938
f 926/926/926 939/939/939 938/938/938
f 926/926/926 927/927/927 939/939/939
f 927/927/927 940/940/940 939/939/939
f 927/927/927 928/928/928 940/940/940
f 928/928/928 941/941/941 940/940/940
f 928/928/928 929/929/929 941/941/941
f 929/929/929 942/942/942 941/941/941
f 929/929/929 930/930/930 942/942/942
f 930/930/930 943/943/943 942/942/942
f 930/930/930 931/931/931 943/943/943
f 931/931/931 944/944/944 943/943/943
f 931/931/931 932/932/932 944/944/944
f 932/932/932 945/945/945 944/944/944
f 932/932/932 933/933/933 945/945/945
f 933/933/933 946/946/946 945/945/945
f 933/933/933 934/934/934 946/946/946
f 934/934/934 947/947/947 946/946/946
f 934/934/934 935/935/935 947/947/947
f 935/935/935 948/948/948 947/947/947
f 935/935/935 936/936/936 948/948/948
f 936/936/936 949/949/949 948/948/948
f 937/937/937 938/938/938 950/950/950
f 938/938/938 951/951/951 950/950/950
f 938/938/938 939/939/939 951/951/951
f 939/939/939 952/952/952 951/951/951
f 939/939/939 940/940/940 952/952/952
f 940/940/940 953/953/953 952/952/952
f 940/940/940 941/941/941 953/953/953
f 941/941/941 954/954/954 953/953/953
f 941/941/941 942/942/942 954/954/954
f 942/942/942 955/955/955 954/954/954
f 942/942/942 943/943/943 955/955/955
f 943/943/943 956/956/956 955/955/955
f 943/943/943 944/944/944 956/956/956
f 944/944/944 957/957/957 956/956/956
f 944/944/944 945/945/945 957/957/957
f 945/945/945 958/958/958 957/957/957
f 945/945/945 946/946/946 958/958/958
f 946/946/946 959/959/959 958/958/958
f 946/946/946 947/947/947 959/959/959
f 947/947/947 960/960/960 959/959/959
f 947/947/947 948/948/948 960/960/960
f 948/948/948 961/961/961 960/960/960
f 948/948/948 949/949/949 961/961/961
f 949/949/949 962/962/962 961/961/961
f 950/950/950 951/951/951 963/963/963
f 951/951/951 964/964/964 963/963/963
f 951/951/951 952/952/952 964/964/964
f 952/952/952 965/965/965 964/964/964
f 952/952/952 953/953/953 965/965/965
f 953/953/953 966/966/966 965/965/965
f 953/953/953 954/954/954 966/966/966
f 954/954/954 967/967/967 966/966/966
f 954/954/954 955/955/955 967/967/967
f 955/955/955 968/968/968 967/967/967
f 955/955/955 956/956/956 968/968/968
f 956/956/956 969/969/969 968/968/968
f 956/956/956 957/957/957 969/969/969
f 957/957/957 970/970/970 969/969/969
f 957/957/957 958/958/958 970/970/970
f 958/958/958 971/971/971 970/970/970
f 958/958/958 959/959/959 971/971/971
f 959/959/959 972/972/972 971/971/971
f 959/959/959 960/960/960 972/972/972
f 960/960/960 973/973/973 972/972/972
f 960/960/960 961/961/961 973/973/973
f 961/961/961 974/974/974 973/973/973
f 961/961/961 962/962/962 974/974/974
f 962/962/962 975/975/975 974/974/974
f 963/963/963 964/964/964 976/976/976
f 964/964/964 977/977/977 976/976/976
f 964/964/964 965/965/965 977/977/977
f 965/965/965 978/978/978 977/977/977
f 965/965/965 966/966/966 978/978/978
f 966/966/966 979/979/979 978/978/978
f 966/966/966 967/967/967 979/979/979
f 967/967/967 980/980/980 979/979/979
f 967/967/967 968/968/968 980/980/980
f 968/968/968 981/981/981 980/980/980
f 968/968/968 969/969/969 981/981/981
f 969/969/969 982/982/982 981/981/981
f 969/969/969 970/970/970 982/982/982
f 970/970/970 983/983/983 982/982/982
f 970/970/970 971/971/971 983/983/983
f 971/971/971 984/984/984 983/983/983
f 971/971/971 972/972/972 984/984/984
f 972/972/972 985/985/985 984/984/984
f 972/972/972 973/973/973 985/985/985
f 973/973/973 986/986/986 985/985/985
f 973/973/973 974/974/974 986/986/986
f 974/974/974 987/987/987 986/986/986
f 974/974/974 975/975/975 987/987/987
f 975/975/975 988/988/988 987/987/987
f 976/976/976 977/977/977 989/989/989
f 977/977/977 990/990/990 989/989/989
f 977/977/977 978/978/978 990/990/990
f 978/978/978 991/991/991 990/990/990
f 978/978/978 979/979/979 991/991/991
f 979/979/979 992/992/992 991/991/991
f 979/979/979 980/980/980 992/992/992
f 980/980/980 993/993/993 992/992/992
f 980/980/980 981/981/981 993/993/993
f 981/981/981 994/994/994 993/993/993
f 981/981/981 982/982/982 994/994/994
f 982/982/982 995/995/995 994/994/994
f 982/982/982 983/983/983 995/995/995
f 983/983/983 996/996/996 995/995/995
f 983/983/983 984/984/984 996/996/996
f 984/984/984 997/997/997 996/996/996
f 984/984/984 985/985/985 997/997/997
f 985/985/985 998/998/998 997/997/997
f 985/985/985 986/986/986 998/998/998
f 986/986/986 999/999/999 998/998/998
f 986/986/986 987/987/987 999/999/999
f 987/987/987 1000/1000/1000 999/999/999
f 987/987/987 988/988/988 1000/1000/1000
f 988/988/988 1001/1001/1001 1000/1000/1000
f 989/989/989 990/990/990 1002/1002/1002
f 990/990/990 1003/1003/1003 1002/1002/1002
f 990/990/990 991/991/991 1003/1003/1003
f 991/991/991 1004/1004/1004 1003/1003/1003
f 991/991/991 992/992/992 1004/1004/1004
f 992/992/992 1005/1005/1005 1004/1004/1004
f 992/992/992 993/993/993 1005/1005/1005
f 993/993/993 1006/1006/1006 1005/1005/1005
f 993/993/993 994/994/994 1006/1006/1006
f 994/994/994 1007/1007/1007 1006/1006/1006
f 994/994/994 995/995/995 1007/1007/1007
f 995/995/995 1008/1008/1008 1007/1007/1007
f 995/995/995 996/996/996 1008/1008/1008
f 996/996/996 1009/1009/1009 1008/1008/1008
f 996/996/996 997/997/997 1009/1009/1009
f 997/997/997 1010/1010/1010 1009/1009/1009
f 997/997/997 998/998/998 1010/1010/1010
f 998/998/998 1011/1011/1011 1010/1010/1010
f 998/998/998 999/999/999 1011/1011/1011
f 999/999/999 1012/1012/1012 1011/1011/1011
f 999/999/999 1000/1000/1000 1012/1012/1012
f 1000/1000/1000 1013/1013/1013 1012/1012/1012
f 1000/1000/1000 1001/1001/1001 1013/1013/1013
f 1001/1001/1001 1014/1014/1014 1013/1013/1013
f 1002/1002/1002 1003/1003/1003 1015/1015/1015
f 1003/1003/1003 1016/1016/1016 1015/1015/1015
f 1003/1003/1003 1004/1004/1004 1016/1016/1016
f 1004/1004/1004 1017/1017/1017 1016/1016/1016
f 1004/1004/1004 1005/1005/1005 1017/1017/1017
f 1005/1005/1005 1018/1018/1018 1017/1017/1017
f 1005/1005/1005 1006/1006/1006 1018/1018/1018
f 1006/1006/1006 1019/1019/1019 1018/1018/1018
f 1006/1006/1006 1007/1007/1007 1019/1019/1019
f 1007/1007/1007 1020/1020/1020 1019/1019/1019
f 1007/1007/1007 1008/1008/1008 1020/1020/1020
f 1008/1008/1008 1021/1021/1021 1020/1020/1020
f 1008/1008/1008 1009/1009/1009 1021/1021/1021
f 1009/1009/1009 1022/1022/1022 1021/1021/1021
f 1009/1009/1009 1010/1010/1010 1022/1022/1022
f 1010/1010/1010 1023/1023/1023 1022/1022/1022
f 1010/1010/1010 1011/1011/1011 1023/1023/1023
f 1011/1011/1011 1024/1024/1024 1023/1023/1023
f 1011/1011/1011 1012/1012/1012 1024/1024/1024
f 1012/1012/1012 1025/1025/1025 1024/1024/1024
f 1012/1012/1012 1013/1013/1013 1025/1025/1025
f 1013/1013/1013 1026/1026/1026 1025/1025/1025
f 1013/1013/1013 1014/1014/1014 1026/1026/1026
f 1014/1014/1014 1027/1027/1027 1026/1026/1026
f 1015/1015/1015 1016/1016/1016 1028/1028/1028
f 1016/1016/1016 1029/1029/1029 1028/1028/1028
f 1016/1016/1016 1017/1017/1017 1029/1029/1029
f 1017/1017/1017 1030/1030/1030 1029/1029/1029
f 1017/1017/1017 1018/1018/1018 1030/1030/1030
f 1018/1018/1018 1031/1031/1031 1030/1030/1030
f 1018/1018/1018 1019/1019/1019 1031/1031/1031
f 1019/1019/1019 1032/1032/1032 1031/1031/1031
f 1019/1019/1019 1020/1020/1020 1032/1032/1032
f 1020/1020/1020 1033/1033/1033 1032/1032/1032
f 1020/1020/1020 1021/1021/1021 1033/1033/1033
f 1021/1021/1021 1034/1034/1034 1033/1033/1033
f 1021/1021/1021 1022/1022/1022 1034/1034/1034
f 1022/1022/1022 1035/1035/1035 1034/1034/1034
f 1022/1022/1022 1023/1023/1023 1035/1035/1035
f 1023/1023/1023 1036/1036/1036 1035/1035/1035
f 1023/1023/1023 1024/1024/1024 1036/1036/1036
f 1024/1024/1024 1037/1037/1037 1036/1036/1036
f 1024/1024/1024 1025/1025/1025 1037/1037/1037
f 1025/1025/1025 1038/1038/1038 1037/1037/1037
f 1025/1025/1025 1026/1026/1026 1038/1038/1038
f 1026/1026/1026 1039/1039/1039 1038/1038/1038
f 1026/1026/1026 1027/1027/1027 1039/1039/1039
f 1027/1027/1027 1040/1040/1040 1039/1039/1039
f 1028/1028/1028 1029/1029/1029 1041/1041/1041
f 1029/1029/1029 1042/1042/1042 1041/1041/1041
f 1029/1029/1029 1030/1030/1030 1042/1042/1042
f 1030/1030/1030 1043/1043/1043 1042/1042/1042
f 1030/1030/1030 1031/1031/1031 1043/1043/1043
f 1031/1031/1031 1044/1044/1044 1043/1043/1043
f 1031/1031/1031 1032/1032/1032 1044/1044/1044
f 1032/1032/1032 1045/1045/1045 1044/1044/1044
f 1032/1032/1032 1033/1033/1033 1045/1045/1045
f 1033/1033/1033 1046/1046/1046 1045/1045/1045
f 1033/1033/1033 1034/1034/1034 1046/1046/1046
f 1034/1034/1034 1047/1047/1047 1046/1046/1046
f 1034/1034/1034 1035/1035/1035 1047/1047/1047
f 1035/1035/1035 1048/1048/1048 1047/1047/1047
f 1035/1035/1035 1036/1036/1036 1048/1048/1048
f 1036/1036/1036 1049/1049/1049 1048/1048/1048
f 1036/1036/1036 1037/1037/1037 1049/1049/1049
f 1037/1037/1037 1050/1050/1050 1049/1049/1049
f 1037/1037/1037 1038/1038/1038 1050/1050/1050
f 1038/1038/1038 1051/1051/1051 1050/1050/1050
f 1038/1038/1038 1039/1039/1039 1051/1051/1051
f 1039/1039/1039 1052/1052/1052 1051/1051/1051
f 1039/1039/1039 1040/1040/1040 1052/1052/1052
f 1040/1040/1040 1053/1053/1053 1052/1052/1052
f 1041/1041/1041 1042/1042/1042 1054/1054/1054
f 1042/1042/1042 1055/1055/1055 1054/1054/1054
f 1042/1042/1042 1043/1043/1043 1055/1055/1055
f 1043/1043/1043 1056/1056/1056 1055/1055/1055
f 1043/1043/1043 1044/1044/1044 1056/1056/1056
f 1044/1044/1044 1057/1057/1057 1056/1056/1056
f 1044/1044/1044 1045/1045/1045 1057/1057/1057
f 1045/1045/1045 1058/1058/1058 1057/1057/1057
f 1045/1045/1045 1046/1046/1046 1058/1058/1058
f 1046/1046/1046 1059/1059/1059 1058/1058/1058
f 1046/1046/1046 1047/1047/1047 1059/1059/1059
f 1047/1047/1047 1060/1060/1060 1059/1059/1059
f 1047/1047/1047 1048/1048/1048 1060/1060/1060
f 1048/1048/1048 1061/1061/1061 1060/1060/1060
f 1048/1048/1048 1049/1049/1049 1061/1061/1061
f 1049/1049/1049 1062/1062/1062 1061/1061/1061
f 1049/1049/1049 1050/1050/1050 1062/1062/1062
f 1050/1050/1050 1063/1063/1063 1062/1062/1062
f 1050/1050/1050 1051/1051/1051 1063/1063/1063
f 1051/1051/1051 1064/1064/1064 1063/1063/1063
f 1051/1051/1051 1052/1052/1052 1064/1064/1064
f 1052/1052/1052 1065/1065/1065 1064/1064/1064
f 1052/1052/1052 1053/1053/1053 1065/1065/1065
f 1053/1053/1053 1066/1066/1066 1065/1065/1065
f 1054/1054/1054 1055/1055/1055 1067/1067/1067
f 1055/1055/1055 1068/1068/1068 1067/1067/1067
f 1055/1055/1055 1056/1056/1056 1068/1068/1068
f 1056/1056/1056 1069/1069/1069 1068/1068/1068
f 1056/1056/1056 1057/1057/1057 1069/1069/1069
f 1057/1057/1057 1070/1070/1070 1069/1069/1069
f 1057/1057/1057 1058/1058/1058 1070/1070/1070
f 1058/1058/1058 1071/1071/1071 1070/1070/1070
f 1058/1058/1058 1059/1059/1059 1071/1071/1071
f 1059/1059/1059 1072/1072/1072 1071/1071/1071
f 1059/1059/1059 1060/1060/1060 1072/1072/1072
f 1060/1060/1060 1073/1073/1073 1072/1072/1072
f 1060/1060/1060 1061/1061/1061 1073/1073/1073
f 1061/1061/1061 1074/1074/1074 1073/1073/1073
f 1061/1061/1061 1062/1062/1062 1074/1074/1074
f 1062/1062/1062 1075/1075/1075 1074/1074/1074
f 1062/1062/1062 1063/1063/1063 1075/1075/1075
f 1063/1063/1063 1076/1076/1076 1075/1075/1075
f 1063/1063/1063 1064/1064/1064 1076/1076/1076
f 1064/1064/1064 1077/1077/1077 1076/1076/1076
f 1064/1064/1064 1065/1065/1065 1077/1077/1077
f 1065/1065/1065 1078/1078/1078 1077/1077/1077
f 1065/1065/1065 1066/1066/1066 1078/1078/1078
f 1066/1066/1066 1079/1079/1079 1078/1078/1078
f 1067/1067/1067 1068/1068/1068 1080/1080/1080
f 1068/1068/1068 1081/1081/1081 1080/1080/1080
f 1068/1068/1068 1069/1069/1069 1081/1081/1081
f 1069/1069/1069 1082/1082/1082 1081/1081/1081
f 1069/1069/1069 1070/1070/1070 1082/1082/1082
f 1070/1070/1070 1083/1083/1083 1082/1082/1082
f 1070/1070/1070 1071/1071/1071 1083/1083/1083
f 1071/1071/1071 1084/1084/1084 1083/1083/1083
f 1071/1071/1071 1072/1072/1072 1084/1084/1084
f 1072/1072/1072 1085/1085/1085 1084/1084/1084
f 1072/1072/1072 1073/1073/1073 1085/1085/1085
f 1073/1073/1073 1086/1086/1086 1085/1085/1085
f 1073/1073/1073 1074/1074/1074 1086/1086/1086
f 1074/1074/1074 1087/1087/1087 1086/1086/1086
f 1074/1074/1074 1075/1075/1075 1087/1087/1087
f 1075/1075/1075 1088/1088/1088 1087/1087/1087
f 1075/1075/1075 1076/1076/1076 1088/1088/1088
f 1076/1076/1076 1089/1089/1089 1088/1088/1088
f 1076/1076/1076 1077/1077/1077 1089/1089/1089
f 1077/1077/1077 1090/1090/1090 1089/1089/1089
f 1077/1077/1077 1078/1078/1078 1090/1090/1090
f 1078/1078/1078 1091/1091/1091 1090/1090/1090
f 1078/1078/1078 1079/1079/1079 1091/1091/1091
f 1079/1079/1079 1092/1092/1092 1091/1091/1091
f 1080/1080/1080 1081/1081/1081 1093/1093/1093
f 1081/1081/1081 1094/1094/1094 1093/1093/1093
f 1081/1081/1081 1082/1082/1082 1094/1094/1094
f 1082/1082/1082 1095/1095/1095 1094/1094/1094
f 1082/1082/1082 1083/1083/1083 1095/1095/1095
f 1083/1083/1083 1096/1096/1096 1095/1095/1095
f 1083/1083/1083 1084/1084/1084 1096/1096/1096
f 1084/1084/1084 1097/1097/1097 1096/1096/1096
f 1084/1084/1084 1085/1085/1085 1097/1097/1097
f 1085/1085/1085 1098/1098/1098 1097/1097/1097
f 1085/1085/1085 1086/1086/1086 1098/1098/1098
f 1086/1086/1086 1099/1099/1099 1098/1098/1098
f 1086/1086/1086 1087/1087/1087 1099/1099/1099
f 1087/1087/1087 1100/1100/1100 1099/1099/1099
f 1087/1087/1087 1088/1088/1088 1100/1100/1100
f 1088/1088/1088 1101/1101/1101 1100/1100/1100
f 1088/1088/1088 1089/1089/1089 1101/1101/1101
f 1089/1089/1089 1102/1102/1102 1101/1101/1101
f 1089/1089/1089 1090/1090/1090 1102/1102/1102
f 1090/1090/1090 1103/1103/1103 1102/1102/1102
f 1090/1090/1090 1091/1091/1091 1103/1103/1103
f 1091/1091/1091 1104/1104/1104 1103/1103/1103
f 1091/1091/1091 1092/1092/1092 1104/1104/1104
f 1092/1092/1092 1105/1105/1105 1104/1104/1104
f 1106/1106/1106 1107/1107/1107 1108/1108/1108
f 1108/1108/1108 1107/1107/1107 1109/1109/1109
f 1108/1108/1108 1109/1109/1109 1110/1110/1110
f 1110/1110/1110 1109/1109/1109 1111/1111/1111
f 1110/1110/1110 1111/1111/1111 1112/1112/1112
f 1112/1112/1112 1111/1111/1111 1113/1113/1113
f 1112/1112/1112 1113/1113/1113 1114/1114/1114
f 1114/1114/1114 1113/1113/1113 1115/1115/1115
f 1114/1114/1114 1115/1115/1115 1116/1116/1116
f 1116/1116/1116 1115/1115/1115 1117/1117/1117
f 1116/1116/1116 1117/1117/1117 1118/1118/1118
f 1118/1118/1118 1117/1117/1117 1119/1119/1119
f 1118/1118/1118 1119/1119/1119 1120/1120/1120
f 1120/1120/1120 1119/1119/1119 1121/1121/1121
f 1120/1120/1120 1121/1121/1121 1122/1122/1122
f 1122/1122/1122 1121/1121/1121 1123/1123/1123
f 1122/1122/1122 1123/1123/1123 1124/1124/1124
f 1124/1124/1124 1123/1123/1123 1125/1125/1125
f 1124/1124/1124 1125/1125/1125 1126/1126/1126
f 1126/1126/1126 1125/1125/1125 1127/1127/1127
f 1126/1126/1126 1127/1127/1127 1128/1128/1128
f 1128/1128/1128 1127/1127/1127 1129/1129/1129
f 1128/1128/1128 1129/1129/1129 1130/1130/1130
f 1130/1130/1130 1129/1129/1129 1131/1131/1131
f 1107/1107/1107 1132/1132/1132 1109/1109/1109
f 1109/1109/1109 1132/1132/1132 1133/1133/1133
f 1109/1109/1109 1133/1133/1133 1111/1111/1111
f 1111/1111/1111 1133/1133/1133 1134/1134/1134
f 1111/1111/1111 1134/1134/1134 1113/1113/1113
f 1113/1113/1113 1134/1134/1134 1135/1135/1135
f 1113/1113/1113 1135/1135/1135 1115/1115/1115
f 1115/1115/1115 1135/1135/1135 1136/1136/1136
f 1115/1115/1115 1136/1136/1136 1117/1117/1117
f 1117/1117/1117 1136/1136/1136 1137/1137/1137
f 1117/1117/1117 1137/1137/1137 1119/1119/1119
f 1119/1119/1119 1137/1137/1137 1138/1138/1138
f 1119/1119/1119 1138/1138/1138 1121/1121/1121
f 1121/1121/1121 1138/1138/1138 1139/1139/1139
f 1121/1121/1121 1139/1139/1139 1123/1123/1123
f 1123/1123/1123 1139/1139/1139 1140/1140/1140
f 1123/1123/1123 1140/1140/1140 1125/1125/1125
f 1125/1125/1125 1140/1140/1140 1141/1141/1141
f 1125/1125/1125 1141/1141/1141 1127/1127/1127
f 1127/1127/1127 1141/1141/1141 1142/1142/1142
f 1127/1127/1127 1142/1142/1142 1129/1129/1129
f 1129/1129/1129 1142/1142/1142 1143/1143/1143
f 1129/1129/1129 1143/1143/1143 1131/1131/1131
f 1131/1131/1131 1143/1143/1143 1144/1144/1144
f 1132/1132/1132 1145/1145/1145 1133/1133/1133
f 1133/1133/1133 1145/1145/1145 1146/1146/1146
f 1133/1133/1133 1146/1146/1146 1134/1134/1134
f 1134/1134/1134 1146/1146/1146 1147/1147/1147
f 1134/1134/1134 1147/1147/1147 1135/1135/1135
f 1135/1135/1135 1147/1147/1147 1148/1148/1148
f 1135/1135/1135 1148/1148/1148 1136/1136/1136
f 1136/1136/1136 1148/1148/1148 1149/1149/1149
f 1136/1136/1136 1149/1149/1149 1137/1137/1137
f 1137/1137/1137 1149/1149/1149 1150/1150/1150
f 1137/1137/1137 1150/1150/1150 1138/1138/1138
f 1138/1138/1138 1150/1150/1150 1151/1151/1151
f 1138/1138/1138 1151/1151/1151 1139/1139/1139
f 1139/1139/1139 1151/1151/1151 1152/1152/1152
f 1139/1139/1139 1152/1152/1152 1140/1140/1140
f 1140/1140/1140 1152/1152/1152 1153/1153/1153
f 1140/1140/1140 1153/1153/1153 1141/1141/1141
f 1141/1141/1141 1153/1153/1153 1154/1154/1154
f 1141/1141/1141 1154/1154/1154 1142/1142/1142
f 1142/1142/1142 1154/1154/1154 1155/1155/1155
f 1142/1142/1142 1155/1155/1155 1143/1143/1143
f 1143/1143/1143 1155/1155/1155 1156/1156/1156
f 1143/1143/1143 1156/1156/1156 1144/1144/1144
f 1144/1144/1144 1156/1156/1156 1157/1157/1157
f 1145/1145/1145 1158/1158/1158 1146/1146/1146
f 1146/1146/1146 1158/1158/1158 1159/1159/1159
f 1146/1146/1146 1159/1159/1159 1147/1147/1147
f 1147/1147/1147 1159/1159/1159 1160/1160/1160
f 1147/1147/1147 1160/1160/1160 1148/1148/1148
f 1148/1148/1148 1160/1160/1160 1161/1161/1161
f 1148/1148/1148 1161/1161/1161 1149/1149/1149
f 1149/1149/1149 1161/1161/1161 1162/1162/1162
f 1149/1149/1149 1162/1162/1162 1150/1150/1150
f 1150/1150/1150 1162/1162/1162 1163/1163/1163
f 1150/1150/1150 1163/1163/1163 1151/1151/1151
f 1151/1151/1151 1163/1163/1163 1164/1164/1164
f 1151/1151/1151 1164/1164/1164 1152/1152/1152
f 1152/1152/1152 1164/1164/1164 1165/1165/1165
f 1152/1152/1152 1165/1165/1165 1153/1153/1153
f 1153/1153/1153 1165/1165/1165 1166/1166/1166
f 1153/1153/1153 1166/1166/1166 1154/1154/1154
f 1154/1154/1154 1166/1166/1166 1167/1167/1167
f 1154/1154/1154 1167/1167/1167 1155/1155/1155
f 1155/1155/1155 1167/1167/1167 1168/1168/1168
f 1155/1155/1155 1168/1168/1168 1156/1156/1156
f 1156/1156/1156 1168/1168/1168 1169/1169/1169
f 1156/1156/1156 1169/1169/1169 1157/1157/1157
f 1157/1157/1157 1169/1169/1169 1170/1170/1170
f 1158/1158/1158 1171/1171/1171 1159/1159/1159
f 1159/1159/1159 1171/1171/1171 1172/1172/1172
f 1159/1159/1159 1172/1172/1172 1160/1160/1160
f 1160/1160/1160 1172/1172/1172 1173/1173/1173
f 1160/1160/1160 1173/1173/1173 1161/1161/1161
f 1161/1161/1161 1173/1173/1173 1174/1174/1174
f 1161/1161/1161 1174/1174/1174 1162/1162/1162
f 1162/1162/1162 1174/1174/1174 1175/1175/1175
f 1162/1162/1162 1175/1175/1175 1163/1163/1163
f 1163/1163/1163 1175/1175/1175 1176/1176/1176
f 1163/1163/1163 1176/1176/1176 1164/1164/1164
f 1164/1164/1164 1176/1176/1176 1177/1177/1177
f 1164/1164/1164 1177/1177/1177 1165/1165/1165
f 1165/1165/1165 1177/1177/1177 1178/1178/1178
f 1165/1165/1165 1178/1178/1178 1166/1166/1166
f 1166/1166/1166 1178/1178/1178 1179/1179/1179
f 1166/1166/1166 1179/1179/1179 1167/1167/1167
f 1167/1167/1167 1179/1179/1179 1180/1180/1180
f 1167/1167/1167 1180/1180/1180 1168/1168/1168
f 1168/1168/1168 1180/1180/1180 1181/1181/1181
f 1168/1168/1168 1181/1181/1181 1169/1169/1169
f 1169/1169/1169 1181/1181/1181 1182/1182/1182
f 1169/1169/1169 1182/1182/1182 1170/1170/1170
f 1170/1170/1170 1182/1182/1182 1183/1183/1183
f 1171/1171/1171 1184/1184/1184 1172/1172/1172
f 1172/1172/1172 1184/1184/1184 1185/1185/1185
f 1172/1172/1172 1185/1185/1185 1173/1173/1173
f 1173/1173/1173 1185/1185/1185 1186/1186/1186
f 1173/1173/1173 1186/1186/1186 1174/1174/1174
f 1174/1174/1174 1186/1186/1186 1187/1187/1187
f 1174/1174/1174 1187/1187/1187 1175/1175/1175
f 1175/1175/1175 1187/1187/1187 1188/1188/1188
f 1175/1175/1175 1188/1188/1188 1176/1176/1176
f 1176/1176/1176 1188/1188/1188 1189/1189/1189
f 1176/1176/1176 1189/1189/1189 1177/1177/1177
f 1177/1177/1177 1189/1189/1189 1190/1190/1190
f 1177/1177/1177 1190/1190/1190 1178/1178/1178
f 1178/1178/1178 1190/1190/1190 1191/1191/1191
f 1178/1178/1178 1191/1191/1191 1179/1179/1179
f 1179/1179/1179 1191/1191/1191 1192/1192/1192
f 1179/1179/1179 1192/1192/1192 1180/1180/1180
f 1180/1180/1180 1192/1192/1192 1193/1193/1193
f 1180/1180/1180 1193/1193/1193 1181/1181/1181
f 1181/1181/1181 1193/1193/1193 1194/1194/1194
f 1181/1181/1181 1194/1194/1194 1182/1182/1182
f 1182/1182/1182 1194/1194/1194 1195/1195/1195
f 1182/1182/1182 1195/1195/1195 1183/1183/1183
f 1183/1183/1183 1195/1195/1195 1196/1196/1196
f 1184/1184/1184 1197/1197/1197 1185/1185/1185
f 1185/1185/1185 1197/1197/1197 1198/1198/1198
f 1185/1185/1185 1198/1198/1198 1186/1186/1186
f 1186/1186/1186 1198/1198/1198 1199/1199/1199
f 1186/1186/1186 1199/1199/1199 1187/1187/1187
f 1187/1187/1187 1199/1199/1199 1200/1200/1200
f 1187/1187/1187 1200/1200/1200 1188/1188/1188
f 1188/1188/1188 1200/1200/1200 1201/1201/1201
f 1188/1188/1188 1201/1201/1201 1189/1189/1189
f 1189/1189/1189 1201/1201/1201 1202/1202/1202
f 1189/1189/1189 1202/1202/1202 1190/1190/1190
f 1190/1190/1190 1202/1202/1202 1203/1203/1203
f 1190/1190/1190 1203/1203/1203 1191/1191/1191
f 1191/1191/1191 1203/1203/1203 1204/1204/1204
f 1191/1191/1191 1204/1204/1204 1192/1192/1192
f 1192/1192/1192 1204/1204/1204 1205/1205/1205
f 1192/1192/1192 1205/1205/1205 1193/1193/1193
f 1193/1193/1193 1205/1205/1205 1206/1206/1206
f 1193/1193/1193 1206/1206/1206 1194/1194/1194
f 1194/1194/1194 1206/1206/1206 1207/1207/1207
f 1194/1194/1194 1207/1207/1207 1195/1195/1195
f 1195/1195/1195 1207/1207/1207 1208/1208/1208
f 1195/1195/1195 1208/1208/1208 1196/1196/1196
f 1196/1196/1196 1208/1208/1208 1209/1209/1209
f 1197/1197/1197 1210/1210/1210 1198/1198/1198
f 1198/1198/1198 1210/1210/1210 1211/1211/1211
f 1198/1198/1198 1211/1211/1211 1199/1199/1199
f 1199/1199/1199 1211/1211/1211 1212/1212/1212
f 1199/1199/1199 1212/1212/1212 1200/1200/1200
f 1200/1200/1200 1212/1212/1212 1213/1213/1213
f 1200/1200/1200 1213/1213/1213 1201/1201/1201
f 1201/1201/1201 1213/1213/1213 1214/1214/1214
f 1201/1201/1201 1214/1214/1214 1202/1202/1202
f 1202/1202/1202 1214/1214/1214 1215/1215/1215
f 1202/1202/1202 1215/1215/1215 1203/1203/1203
f 1203/1203/1203 1215/1215/1215 1216/1216/1216
f 1203/1203/1203 1216/1216/1216 1204/1204/1204
f 1204/1204/1204 1216/1216/1216 1217/1217/1217
f 1204/1204/1204 1217/1217/1217 1205/1205/1205
f 1205/1205/1205 1217/1217/1217 1218/1218/1218
f 1205/1205/1205 1218/1218/1218 1206/1206/1206
f 1206/1206/1206 1218/1218/1218 1219/1219/1219
f 1206/1206/1206 1219/1219/1219 1207/1207/1207
f 1207/1207/1207 1219/1219/1219 1220/1220/1220
f 1207/1207/1207 1220/1220/1220 1208/1208/1208
f 1208/1208/1208 1220/1220/1220 1221/1221/1221
f 1208/1208/1208 1221/1221/1221 1209/1209/1209
f 1209/1209/1209 1221/1221/1221 1222/1222/1222
f 1210/1210/1210 1223/1223/1223 1211/1211/1211
f 1211/1211/1211 1223/1223/1223 1224/1224/1224
f 1211/1211/1211 1224/1224/1224 1212/1212/1212
f 1212/1212/1212 1224/1224/1224 1225/1225/1225
f 1212/1212/1212 1225/1225/1225 1213/1213/1213
f 1213/1213/1213 1225/1225/1225 1226/1226/1226
f 1213/1213/1213 1226/1226/1226 1214/1214/1214
f 1214/1214/1214 1226/1226/1226 1227/1227/1227
f 1214/1214/1214 1227/1227/1227 1215/1215/1215
f 1215/1215/1215 1227/1227/1227 1228/1228/1228
f 1215/1215/1215 1228/1228/1228 1216/1216/1216
f 1216/1216/1216 1228/1228/1228 1229/1229/1229
f 1216/1216/1216 1229/1229/1229 1217/1217/1217
f 1217/1217/1217 1229/1229/1229 1230/1230/1230
f 1217/1217/1217 1230/1230/1230 1218/1218/1218
f 1218/1218/1218 1230/1230/1230 1231/1231/1231
f 1218/1218/1218 1231/1231/1231 1219/1219/1219
f 1219/1219/1219 1231/1231/1231 1232/1232/1232
f 1219/1219/1219 1232/1232/1232 1220/1220/1220
f 1220/1220/1220 1232/1232/1232 1233/1233/1233
f 1220/1220/1220 1233/1233/1233 1221/1221/1221
f 1221/1221/1221 1233/1233/1233 1234/1234/1234
f 1221/1221/1221 1234/1234/1234 1222/1222/1222
f 1222/1222/1222 1234/1234/1234 1235/1235/1235
f 1223/1223/1223 1236/1236/1236 1224/1224/1224
f 1224/1224/1224 1236/1236/1236 1237/1237/1237
f 1224/1224/1224 1237/1237/1237 1225/1225/1225
f 1225/1225/1225 1237/1237/1237 1238/1238/1238
f 1225/1225/1225 1238/1238/1238 1226/1226/1226
f 1226/1226/1226 1238/1238/1238 1239/1239/1239
f 1226/1226/1226 1239/1239/1239 1227/1227/1227
f 1227/1227/1227 1239/1239/1239 1240/1240/1240
f 1227/1227/1227 1240/1240/1240 1228/1228/1228
f 1228/1228/1228 1240/1240/1240 1241/1241/1241
f 1228/1228/1228 1241/1241/1241 1229/1229/1229
f 1229/1229/1229 1241/1241/1241 1242/1242/1242
f 1229/1229/1229 1242/1242/1242 1230/1230/1230
f 1230/1230/1230 1242/1242/1242 1243/1243/1243
f 1230/1230/1230 1243/1243/1243 1231/1231/1231
f 1231/1231/1231 1243/1243/1243 1244/1244/1244
f 1231/1231/1231 1244/1244/1244 1232/1232/1232
f 1232/1232/1232 1244/1244/1244 1245/1245/1245
f 1232/1232/1232 1245/1245/1245 1233/1233/1233
f 1233/1233/1233 1245/1245/1245 1246/1246/1246
f 1233/1233/1233 1246/1246/1246 1234/1234/1234
f 1234/1234/1234 1246/1246/1246 1247/1247/1247
f 1234/1234/1234 1247/1247/1247 1235/1235/1235
f 1235/1235/1235 1247/1247/1247 1248/1248/1248
f 1236/1236/1236 1249/1249/1249 1237/1237/1237
f 1237/1237/1237 1249/1249/1249 1250/1250/1250
f 1237/1237/1237 1250/1250/1250 1238/1238/1238
f 1238/1238/1238 1250/1250/1250 1251/1251/1251
f 1238/1238/1238 1251/1251/1251 1239/1239/1239
f 1239/1239/1239 1251/1251/1251 1252/1252/1252
f 1239/1239/1239 1252/1252/1252 1240/1240/1240
f 1240/1240/1240 1252/1252/1252 1253/1253/1253
f 1240/1240/1240 1253/1253/1253 1241/1241/1241
f 1241/1241/1241 1253/1253/1253 1254/1254/1254
f 1241/1241/1241 1254/1254/1254 1242/1242/1242
f 1242/1242/1242 1254/1254/1254 1255/1255/1255
f 1242/1242/1242 1255/1255/1255 1243/1243/1243
f 1243/1243/1243 1255/1255/1255 1256/1256/1256
f 1243/1243/1243 1256/1256/1256 1244/1244/1244
f 1244/1244/1244 1256/1256/1256 1257/1257/1257
f 1244/1244/1244 1257/1257/1257 1245/1245/1245
f 1245/1245/1245 1257/1257/1257 1258/1258/1258
f 1245/1245/1245 1258/1258/1258 1246/1246/1246
f 1246/1246/1246 1258/1258/1258 1259/1259/1259
f 1246/1246/1246 1259/1259/1259 1247/1247/1247
f 1247/1247/1247 1259/1259/1259 1260/1260/1260
f 1247/1247/1247 1260/1260/1260 1248/1248/1248
f 1248/1248/1248 1260/1260/1260 1261/1261/1261
f 1249/1249/1249 1262/1262/1262 1250/1250/1250
f 1250/1250/1250 1262/1262/1262 1263/1263/1263
f 1250/1250/1250 1263/1263/1263 1251/1251/1251
f 1251/1251/1251 1263/1263/1263 1264/1264/1264
f 1251/1251/1251 1264/1264/1264 1252/1252/1252
f 1252/1252/1252 1264/1264/1264 1265/1265/1265
f 1252/1252/1252 1265/1265/1265 1253/1253/1253
f 1253/1253/1253 1265/1265/1265 1266/1266/1266
f 1253/1253/1253 1266/1266/1266 1254/1254/1254
f 1254/1254/1254 1266/1266/1266 1267/1267/1267
f 1254/1254/1254 1267/1267/1267 1255/1255/1255
f 1255/1255/1255 1267/1267/1267 1268/1268/1268
f 1255/1255/1255 1268/1268/1268 1256/1256/1256
f 1256/1256/1256 1268/1268/1268 1269/1269/1269
f 1256/1256/1256 1269/1269/1269 1257/1257/1257
f 1257/1257/1257 1269/1269/1269 1270/1270/1270
f 1257/1257/1257 1270/1270/1270 1258/1258/1258
f 1258/1258/1258 1270/1270/1270 1271/1271/1271
f 1258/1258/1258 1271/1271/1271 1259/1259/1259
f 1259/1259/1259 1271/1271/1271 1272/1272/1272
f 1259/1259/1259 1272/1272/1272 1260/1260/1260
f 1260/1260/1260 1272/1272/1272 1273/1273/1273
f 1260/1260/1260 1273/1273/1273 1261/1261/1261
f 1261/1261/1261 1273/1273/1273 1274/1274/1274
f 1262/1262/1262 1275/1275/1275 1263/1263/1263
f 1263/1263/1263 1275/1275/1275 1276/1276/1276
f 1263/1263/1263 1276/1276/1276 1264/1264/1264
f 1264/1264/1264 1276/1276/1276 1277/1277/1277
f 1264/1264/1264 1277/1277/1277 1265/1265/1265
f 1265/1265/1265 1277/1277/1277 1278/1278/1278
f 1265/1265/1265 1278/1278/1278 1266/1266/1266
f 1266/1266/1266 1278/1278/1278 1279/1279/1279
f 1266/1266/1266 1279/1279/1279 1267/1267/1267
f 1267/1267/1267 1279/1279/1279 1280/1280/1280
f 1267/1267/1267 1280/1280/1280 1268/1268/1268
f 1268/1268/1268 1280/1280/1280 1281/1281/1281
f 1268/1268/1268 1281/1281/1281 1269/1269/1269
f 1269/1269/1269 1281/1281/1281 1282/1282/1282
f 1269/1269/1269 1282/1282/1282 1270/1270/1270
f 1270/1270/1270 1282/1282/1282 1283/1283/1283
f 1270/1270/1270 1283/1283/1283 1271/1271/1271
f 1271/1271/1271 1283/1283/1283 1284/1284/1284
f 1271/1271/1271 1284/1284/1284 1272/1272/1272
f 1272/1272/1272 1284/1284/1284 1285/1285/1285
f 1272/1272/1272 1285/1285/1285 1273/1273/1273
f 1273/1273/1273 1285/1285/1285 1286/1286/1286
f 1273/1273/1273 1286/1286/1286 1274/1274/1274
f 1274/1274/1274 1286/1286/1286 1287/1287/1287
f 1275/1275/1275 1288/1288/1288 1276/1276/1276
f 1276/1276/1276 1288/1288/1288 1289/1289/1289
f 1276/1276/1276 1289/1289/1289 1277/1277/1277
f 1277/1277/1277 1289/1289/1289 1290/1290/1290
f 1277/1277/1277 1290/1290/1290 1278/1278/1278
f 1278/1278/1278 1290/1290/1290 1291/1291/1291
f 1278/1278/1278 1291/1291/1291 1279/1279/1279
f 1279/1279/1279 1291/1291/1291 1292/1292/1292
f 1279/1279/1279 1292/1292/1292 1280/1280/1280
f 1280/1280/1280 1292/1292/1292 1293/1293/1293
f 1280/1280/1280 1293/1293/1293 1281/1281/1281
f 1281/1281/1281 1293/1293/1293 1294/1294/1294
f 1281/1281/1281 1294/1294/1294 1282/1282/1282
f 1282/1282/1282 1294/1294/1294 1295/1295/1295
f 1282/1282/1282 1295/1295/1295 1283/1283/1283
f 1283/1283/1283 1295/1295/1295 1296/1296/1296
f 1283/1283/1283 1296/1296/1296 1284/1284/1284
f 1284/1284/1284 1296/1296/1296 1297/1297/1297
f 1284/1284/1284 1297/1297/1297 1285/1285/1285
f 1285/1285/1285 1297/1297/1297 1298/1298/1298
f 1285/1285/1285 1298/1298/1298 1286/1286/1286
f 1286/1286/1286 1298/1298/1298 1299/1299/1299
f 1286/1286/1286 1299/1299/1299 1287/1287/1287
f 1287/1287/1287 1299/1299/1299 1300/1300/1300
f 1288/1288/1288 1301/1301/1301 1289/1289/1289
f 1289/1289/1289 1301/1301/1301 1302/1302/1302
f 1289/1289/1289 1302/1302/1302 1290/1290/1290
f 1290/1290/1290 1302/1302/1302 1303/1303/1303
f 1290/1290/1290 1303/1303/1303 1291/1291/1291
f 1291/1291/1291 1303/1303/1303 1304/1304/1304
f 1291/1291/1291 1304/1304/1304 1292/1292/1292
f 1292/1292/1292 1304/1304/1304 1305/1305/1305
f 1292/1292/1292 1305/1305/1305 1293/1293/1293
f 1293/1293/1293 1305/1305/1305 1306/1306/1306
f 1293/1293/1293 1306/1306/1306 1294/1294/1294
f 1294/1294/1294 1306/1306/1306 1307/1307/1307
f 1294/1294/1294 1307/1307/1307 1295/1295/1295
f 1295/1295/1295 1307/1307/1307 1308/1308/1308
f 1295/1295/1295 1308/1308/1308 1296/1296/1296
f 1296/1296/1296 1308/1308/1308 1309/1309/1309
f 1296/1296/1296 1309/1309/1309 1297/1297/1297
f 1297/1297/1297 1309/1309/1309 1310/1310/1310
f 1297/1297/1297 1310/1310/1310 1298/1298/1298
f 1298/1298/1298 1310/1310/1310 1311/1311/1311
f 1298/1298/1298 1311/1311/1311 1299/1299/1299
f 1299/1299/1299 1311/1311/1311 1312/1312/1312
f 1299/1299/1299 1312/1312/1312 1300/1300/1300
f 1300/1300/1300 1312/1312/1312 1313/1313/1313
f 1301/1301/1301 1314/1314/1314 1302/1302/1302
f 1302/1302/1302 1314/1314/1314 1315/1315/1315
f 1302/1302/1302 1315/1315/1315 1303/1303/1303
f 1303/1303/1303 1315/1315/1315 1316/1316/1316
f 1303/1303/1303 1316/1316/1316 1304/1304/1304
f 1304/1304/1304 1316/1316/1316 1317/1317/1317
f 1304/1304/1304 1317/1317/1317 1305/1305/1305
f 1305/1305/1305 1317/1317/1317 1318/1318/1318
f 1305/1305/1305 1318/1318/1318 1306/1306/1306
f 1306/1306/1306 1318/1318/1318 1319/1319/1319
f 1306/1306/1306 1319/1319/1319 1307/1307/1307
f 1307/1307/1307 1319/1319/1319 1320/1320/1320
f 1307/1307/1307 1320/1320/1320 1308/1308/1308
f 1308/1308/1308 1320/1320/1320 1321/1321/1321
f 1308/1308/1308 1321/1321/1321 1309/1309/1309
f 1309/1309/1309 1321/1321/1321 1322/1322/1322
f 1309/1309/1309 1322/1322/1322 1310/1310/1310
f 1310/1310/1310 1322/1322/1322 1323/1323/1323
f 1310/1310/1310 1323/1323/1323 1311/1311/1311
f 1311/1311/1311 1323/1323/1323 1324/1324/1324
f 1311/1311/1311 1324/1324/1324 1312/1312/1312
f 1312/1312/1312 1324/1324/1324 1325/1325/1325
f 1312/1312/1312 1325/1325/1325 1313/1313/1313
f 1313/1313/1313 1325/1325/1325 1326/1326/1326
f 1327/1327/1327 1328/1328/1328 1329/1329/1329
f 1327/1327/1327 1330/1330/1330 1328/1328/1328
f 1330/1330/1330 1331/1331/1331 1328/1328/1328
f 1330/1330/1330 1332/1332/1332 1331/1331/1331
f 1332/1332/1332 1333/1333/1333 1331/1331/1331
f 1332/1332/1332 1334/1334/1334 1333/1333/1333
f 1334/1334/1334 1335/1335/1335 1333/1333/1333
f 1334/1334/1334 1336/1336/1336 1335/1335/1335
f 1336/1336/1336 1337/1337/1337 1335/1335/1335
f 1336/1336/1336 1338/1338/1338 1337/1337/1337
f 1338/1338/1338 1339/1339/1339 1337/1337/1337
f 1338/1338/1338 1340/1340/1340 1339/1339/1339
f 1340/1340/1340 1341/1341/1341 1339/1339/1339
f 1340/1340/1340 1342/1342/1342 1341/1341/1341
f 1342/1342/1342 1343/1343/1343 1341/1341/1341
f 1342/1342/1342 1344/1344/1344 1343/1343/1343
f 1344/1344/1344 1345/1345/1345 1343/1343/1343
f 1344/1344/1344 1346/1346/1346 1345/1345/1345
f 1346/1346/1346 1347/1347/1347 1345/1345/1345
f 1346/1346/1346 1348/1348/1348 1347/1347/1347
f 1348/1348/1348 1349/1349/1349 1347/1347/1347
f 1348/1348/1348 1350/1350/1350 1349/1349/1349
f 1350/1350/1350 1351/1351/1351 1349/1349/1349
f 1350/1350/1350 1352/1352/1352 1351/1351/1351
f 1352/1352/1352 1353/1353/1353 1351/1351/1351
f 1352/1352/1352 1354/1354/1354 1353/1353/1353
f 1354/1354/1354 1355/1355/1355 1353/1353/1353
f 1354/1354/1354 1356/1356/1356 1355/1355/1355
f 1356/1356/1356 1357/1357/1357 1355/1355/1355
f 1356/1356/1356 1358/1358/1358 1357/1357/1357
f 1358/1358/1358 1359/1359/1359 1357/1357/1357
f 1358/1358/1358 1360/1360/1360 1359/1359/1359
f 1361/1361/1361 1362/1362/1362 1363/1363/1363
f 1362/1362/1362 1364/1364/1364 1365/1365/1365
f 1364/1364/1364 1366/1366/1366 1367/1367/1367
f 1366/1366/1366 1368/1368/1368 1369/1369/1369
f 1368/1368/1368 1370/1370/1370 1371/1371/1371
f 1370/1370/1370 1372/1372/1372 1373/1373/1373
f 1372/1372/1372 1374/1374/1374 1375/1375/1375
f 1374/1374/1374 1376/1376/1376 1377/1377/1377
f 1376/1376/1376 1378/1378/1378 1379/1379/1379
f 1378/1378/1378 1380/1380/1380 1381/1381/1381
f 1380/1380/1380 1382/1382/1382 1383/1383/1383
f 1382/1382/1382 1384/1384/1384 1385/1385/1385
f 1384/1384/1384 1386/1386/1386 1387/1387/1387
f 1386/1386/1386 1388/1388/1388 1389/1389/1389
f 1388/1388/1388 1390/1390/1390 1391/1391/1391
f 1390/1390/1390 1392/1392/1392 1393/1393/1393
f 1394/1394/1394 1395/1395/1395 1396/1396/1396
f 1395/1395/1395 1397/1397/1397 1398/1398/1398
f 1397/1397/1397 1399/1399/1399 1400/1400/1400
f 1399/1399/1399 1401/1401/1401 1402/1402/1402
f 1401/1401/1401 1403/1403/1403 1404/1404/1404
f 1403/1403/1403 1405/1405/1405 1406/1406/1406
f 1405/1405/1405 1407/1407/1407 1408/1408/1408
f 1407/1407/1407 1409/1409/1409 1410/1410/1410
f 1409/1409/1409 1411/1411/1411 1412/1412/1412
f 1411/1411/1411 1413/1413/1413 1414/1414/1414
f 1413/1413/1413 1415/1415/1415 1416/1416/1416
f 1415/1415/1415 1417/1417/1417 1418/1418/1418
f 1417/1417/1417 1419/1419/1419 1420/1420/1420
f 1419/1419/1419 1421/1421/1421 1422/1422/1422
f 1421/1421/1421 1423/1423/1423 1424/1424/1424
f 1423/1423/1423 1425/1425/1425 1426/1426/1426
f 1427/1427/1427 1428/1428/1428 1429/1429/1429
f 1427/1427/1427 1430/1430/1430 1428/1428/1428
f 1430/1430/1430 1431/1431/1431 1428/1428/1428
f 1430/1430/1430 1432/1432/1432 1431/1431/1431
f 1432/1432/1432 1433/1433/1433 1431/1431/1431
f 1432/1432/1432 1434/1434/1434 1433/1433/1433
f 1434/1434/1434 1435/1435/1435 1433/1433/1433
f 1434/1434/1434 1436/1436/1436 1435/1435/1435
f 1436/1436/1436 1437/1437/1437 1435/1435/1435
f 1436/1436/1436 1438/1438/1438 1437/1437/1437
f 1438/1438/1438 1439/1439/1439 1437/1437/1437
f 1438/1438/1438 1440/1440/1440 1439/1439/1439
f 1440/1440/1440 1441/1441/1441 1439/1439/1439
f 1440/1440/1440 1442/1442/1442 1441/1441/1441
f 1442/1442/1442 1443/1443/1443 1441/1441/1441
f 1442/1442/1442 1444/1444/1444 1443/1443/1443
f 1444/1444/1444 1445/1445/1445 1443/1443/1443
f 1444/1444/1444 1446/1446/1446 1445/1445/1445
f 1446/1446/1446 1447/1447/1447 1445/1445/1445
f 1446/1446/1446 1448/1448/1448 1447/1447/1447
f 1448/1448/1448 1449/1449/1449 1447/1447/1447
f 1448/1448/1448 1450/1450/1450 1449/1449/1449
f 1450/1450/1450 1451/1451/1451 1449/1449/1449
f 1450/1450/1450 1452/1452/1452 1451/1451/1451
f 1452/1452/1452 1453/1453/1453 1451/1451/1451
f 1452/1452/1452 1454/1454/1454 1453/1453/1453
f 1454/1454/1454 1455/1455/1455 1453/1453/1453
f 1454/1454/1454 1456/1456/1456 1455/1455/1455
f 1456/1456/1456 1457/1457/1457 1455/1455/1455
f 1456/1456/1456 1458/1458/1458 1457/1457/1457
f 1458/1458/1458 1459/1459/1459 1457/1457/1457
f 1458/1458/1458 1460/1460/1460 1459/1459/1459
f 1460/1460/1460 1461/1461/1461 1459/1459/1459
f 1460/1460/1460 1462/1462/1462 1461/1461/1461
f 1462/1462/1462 1463/1463/1463 1461/1461/1461
f 1462/1462/1462 1464/1464/1464 1463/1463/1463
f 1464/1464/1464 1465/1465/1465 1463/1463/1463
f 1464/1464/1464 1466/1466/1466 1465/1465/1465
f 1466/1466/1466 1467/1467/1467 1465/1465/1465
f 1466/1466/1466 1468/1468/1468 1467/1467/1467
f 1469/1469/1469 1470/1470/1470 1471/1471/1471
f 1470/1470/1470 1472/1472/1472 1473/1473/1473
f 1472/1472/1472 1474/1474/1474 1475/1475/1475
f 1474/1474/1474 1476/1476/1476 1477/1477/1477
f 1476/1476/1476 1478/1478/1478 1479/1479/1479
f 1478/1478/1478 1480/1480/1480 1481/1481/1481
f 1480/1480/1480 1482/1482/1482 1483/1483/1483
f 1482/1482/1482 1484/1484/1484 1485/1485/1485
f 1484/1484/1484 1486/1486/1486 1487/1487/1487
f 1486/1486/1486 1488/1488/1488 1489/1489/1489
f 1488/1488/1488 1490/1490/1490 1491/1491/1491
f 1490/1490/1490 1492/1492/1492 1493/1493/1493
f 1492/1492/1492 1494/1494/1494 1495/1495/1495
f 1494/1494/1494 1496/1496/1496 1497/1497/1497
f 1496/1496/1496 1498/1498/1498 1499/1499/1499
f 1498/1498/1498 1500/1500/1500 1501/1501/1501
f 1500/1500/1500 1502/1502/1502 1503/1503/1503
f 1502/1502/1502 1504/1504/1504 1505/1505/1505
f 1504/1504/1504 1506/1506/1506 1507/1507/1507
f 1506/1506/1506 1508/1508/1508 1509/1509/1509
f 1510/1510/1510 1511/1511/1511 1512/1512/1512
f 1511/1511/1511 1513/1513/1513 1514/1514/1514
f 1513/1513/1513 1515/1515/1515 1516/1516/1516
f 1515/1515/1515 1517/1517/1517 1518/1518/1518
f 1517/1517/1517 1519/1519/1519 1520/1520/1520
f 1519/1519/1519 1521/1521/1521 1522/1522/1522
f 1521/1521/1521 1523/1523/1523 1524/1524/1524
f 1523/1523/1523 1525/1525/1525 1526/1526/1526
f 1525/1525/1525 1527/1527/1527 1528/1528/1528
f 1527/1527/1527 1529/1529/1529 1530/1530/1530
f 1529/1529/1529 1531/1531/1531 1532/1532/1532
f 1531/1531/1531 1533/1533/1533 1534/1534/1534
f 1533/1533/1533 1535/1535/1535 1536/1536/1536
f 1535/1535/1535 1537/1537/1537 1538/1538/1538
f 1537/1537/1537 1539/1539/1539 1540/1540/1540
f 1539/1539/1539 1541/1541/1541 1542/1542/1542
f 1541/1541/1541 1543/1543/1543 1544/1544/1544
f 1543/1543/1543 1545/1545/1545 1546/1546/1546
f 1545/1545/1545 1547/1547/1547 1548/1548/1548
f 1547/1547/1547 1549/1549/1549 1550/1550/1550
f 1551/1551/1551 1552/1552/1552 1553/1553/1553
f 1551/1551/1551 1554/1554/1554 1552/1552/1552
f 1554/1554/1554 1555/1555/1555 1552/1552/1552
f 1554/1554/1554 1556/1556/1556 1555/1555/1555
f 1556/1556/1556 1557/1557/1557 1555/1555/1555
f 1556/1556/1556 1558/1558/1558 1557/1557/1557
f 1558/1558/1558 1559/1559/1559 1557/1557/1557
f 1558/1558/1558 1560/1560/1560 1559/1559/1559
f 1560/1560/1560 1561/1561/1561 1559/1559/1559
f 1560/1560/1560 1562/1562/1562 1561/1561/1561
f 1562/1562/1562 1563/1563/1563 1561/1561/1561
f 1562/1562/1562 1564/1564/1564 1563/1563/1563
f 1564/1564/1564 1565/1565/1565 1563/1563/1563
f 1564/1564/1564 1566/1566/1566 1565/1565/1565
f 1566/1566/1566 1567/1567/1567 1565/1565/1565
f 1566/1566/1566 1568/1568/1568 1567/1567/1567
f 1568/1568/1568 1569/1569/1569 1567/1567/1567
f 1568/1568/1568 1570/1570/1570 1569/1569/1569
f 1570/1570/1570 1571/1571/1571 1569/1569/1569
f 1570/1570/1570 1572/1572/1572 1571/1571/1571
f 1572/1572/1572 1573/1573/1573 1571/1571/1571
f 1572/1572/1572 1574/1574/1574 1573/1573/1573
f 1574/1574/1574 1575/1575/1575 1573/1573/1573
f 1574/1574/1574 1576/1576/1576 1575/1575/1575
f 1576/1576/1576 1577/1577/1577 1575/1575/1575
f 1576/1576/1576 1578/1578/1578 1577/1577/1577
f 1578/1578/1578 1579/1579/1579 1577/1577/1577
f 1578/1578/1578 1580/1580/1580 1579/1579/1579
f 1580/1580/1580 1581/1581/1581 1579/1579/1579
f 1580/1580/1580 1582/1582/1582 1581/1581/1581
f 1582/1582/1582 1583/1583/1583 1581/1581/1581
f 1582/1582/1582 1584/1584/1584 1583/1583/1583
f 1584/1584/1584 1585/1585/1585 1583/1583/1583
f 1584/1584/1584 1586/1586/1586 1585/1585/1585
f 1586/1586/1586 1587/1587/1587 1585/1585/1585
f 1586/1586/1586 1588/1588/1588 1587/1587/1587
f 1588/1588/1588 1589/1589/1589 1587/1587/1587
f 1588/1588/1588 1590/1590/1590 1589/1589/1589
f 1590/1590/1590 1591/1591/1591 1589/1589/1589
f 1590/1590/1590 1592/1592/1592 1591/1591/1591
f 1593/1593/1593 1594/1594/1594 1595/1595/1595
f 1594/1594/1594 1596/1596/1596 1597/1597/1597
f 1596/1596/1596 1598/1598/1598 1599/1599/1599
f 1598/1598/1598 1600/1600/1600 1601/1601/1601
f 1600/1600/1600 1602/1602/1602 1603/1603/1603
f 1602/1602/1602 1604/1604/1604 1605/1605/1605
f 1604/1604/1604 1606/1606/1606 1607/1607/1607
f 1606/1606/1606 1608/1608/1608 1609/1609/1609
f 1608/1608/1608 1610/1610/1610 1611/1611/1611
f 1610/1610/1610 1612/1612/1612 1613/1613/1613
f 1612/1612/1612 1614/1614/1614 1615/1615/1615
f 1614/1614/1614 1616/1616/1616 1617/1617/1617
f 1616/1616/1616 1618/1618/1618 1619/1619/1619
f 1618/1618/1618 1620/1620/1620 1621/1621/1621
f 1620/1620/1620 1622/1622/1622 1623/1623/1623
f 1622/1622/1622 1624/1624/1624 1625/1625/1625
f 1624/1624/1624 1626/1626/1626 1627/1627/1627
f 1626/1626/1626 1628/1628/1628 1629/1629/1629
f 1628/1628/1628 1630/1630/1630 1631/1631/1631
f 1630/1630/1630 1632/1632/1632 1633/1633/1633
f 1634/1634/1634 1635/1635/1635 1636/1636/1636
f 1635/1635/1635 1637/1637/1637 1638/1638/1638
f 1637/1637/1637 1639/1639/1639 1640/1640/1640
f 1639/1639/1639 1641/1641/1641 1642/1642/1642
f 1641/1641/1641 1643/1643/1643 1644/1644/1644
f 1643/1643/1643 1645/1645/1645 1646/1646/1646
f 1645/1645/1645 1647/1647/1647 1648/1648/1648
f 1647/1647/1647 1649/1649/1649 1650/1650/1650
f 1649/1649/1649 1651/1651/1651 1652/1652/1652
f 1651/1651/1651 1653/1653/1653 1654/1654/1654
f 1653/1653/1653 1655/1655/1655 1656/1656/1656
f 1655/1655/1655 1657/1657/1657 1658/1658/1658
f 1657/1657/1657 1659/1659/1659 1660/1660/1660
f 1659/1659/1659 1661/1661/1661 1662/1662/1662
f 1661/1661/1661 1663/1663/1663 1664/1664/1664
f 1663/1663/1663 1665/1665/1665 1666/1666/1666
f 1665/1665/1665 1667/1667/1667 1668/1668/1668
f 1667/1667/1667 1669/1669/1669 1670/1670/1670
f 1669/1669/1669 1671/1671/1671 1672/1672/1672
f 1671/1671/1671 1673/1673/1673 1674/1674/1674
