mtllib VIIC.mtl
o rudderStarboard
v -1.1920928910669204e-08 -1.85 0.16649961853027406
v 0.00012388807907104393 -1.85 0.1664496185302724
v -1.1920928910669204e-08 -1.7593459 0.6630156185302738
v 0.0020992880790710045 -1.7593459 0.6505376185302723
v 0.0004779880790710678 -1.85 0.16630161853027303
v 0.008099438079071097 -1.7593459 0.613719618530272
v 0.0010149880790710775 -1.85 0.16606361853027352
v 0.017200188079071088 -1.7593459 0.5544146185302736
v 0.0016706880790710033 -1.85 0.1657466185302745
v 0.028310538079071024 -1.7593459 0.4755956185302743
v 0.0023741880790710823 -1.85 0.16536761853027215
v 0.04023223807907106 -1.7593459 0.38120961853027424
v 0.0030516380790710507 -1.85 0.1649456185302718
v 0.051712748079071 -1.7593459 0.2759976185302726
v 0.003623188079071027 -1.85 0.16449961853027517
v 0.06139888807907101 -1.7593459 0.1652296185302724
v 0.0040029280790711 -1.85 0.16405461853027248
v 0.06783312807907105 -1.7593459 0.0544596185302737
v 0.0041086880790710545 -1.85 0.16363161853027464
v 0.06962528807907109 -1.7593459 -0.050752381469727936
v 0.0038824880790711003 -1.85 0.16325361853027331
v 0.06579172807907108 -1.7593459 -0.14513538146972493
v 0.0033099880790710134 -1.85 0.16293761853027178
v 0.05609068807907103 -1.7593459 -0.22395738146972732
v 0.0024263280790710606 -1.85 0.16269961853027226
v 0.04111678807907104 -1.7593459 -0.2832623814697257
v 0.00129985807907107 -1.85 0.1625496185302744
v 0.02202772807907105 -1.7593459 -0.32007838146972745
v -1.1920928910669204e-08 -1.85 0.16249961853027273
v -1.1920928910669204e-08 -1.7593459 -0.33255738146972647
v -0.001299861920928902 -1.85 0.1625496185302744
v -0.022027711920929005 -1.7593459 -0.32007838146972745
v -0.002426311920928903 -1.85 0.16269961853027226
v -0.041116771920928996 -1.7593459 -0.2832623814697257
v -0.0033099619209289166 -1.85 0.16293761853027178
v -0.05609071192092896 -1.7593459 -0.22395738146972732
v -0.0038824719209289427 -1.85 0.16325361853027331
v -0.06579171192092892 -1.7593459 -0.14513538146972493
v -0.004108671920929008 -1.85 0.16363161853027464
v -0.069625261920929 -1.7593459 -0.050752381469727936
v -0.004002911920928942 -1.85 0.16405461853027248
v -0.067833111920929 -1.7593459 0.0544596185302737
v -0.0036232119209289593 -1.85 0.16449961853027517
v -0.061398861920928915 -1.7593459 0.1652296185302724
v -0.003051611920928954 -1.85 0.1649456185302718
v -0.051712751920928945 -1.7593459 0.2759976185302726
v -0.0023741719209289247 -1.85 0.16536761853027215
v -0.04023221192092896 -1.7593459 0.38120961853027424
v -0.0016706619209289064 -1.85 0.1657466185302745
v -0.028310511920928927 -1.7593459 0.4755956185302743
v -0.0010150119209290098 -1.85 0.16606361853027352
v -0.01720017192092893 -1.7593459 0.5544146185302736
v -0.00047797192092891017 -1.85 0.16630161853027303
v -0.008099411920929 -1.7593459 0.613719618530272
v -0.0001238619209289471 -1.85 0.1664496185302724
v -0.002099271920928958 -1.7593459 0.6505376185302723
v -1.1920928910669204e-08 -1.6686918 0.7570396185302712
v 0.0024927280790710826 -1.6686918 0.742219618530271
v 0.009617388079071088 -1.6686918 0.6985036185302747
v 0.020423688079071023 -1.6686918 0.6280846185302735
v 0.03361628807907102 -1.6686918 0.534490618530274
v 0.04777228807907108 -1.6686918 0.42241861853027274
v 0.061404388079071004 -1.6686918 0.2974856185302741
v 0.07290588807907106 -1.6686918 0.16595861853027216
v 0.08054608807907104 -1.6686918 0.034431618530273767
v 0.0826740280790711 -1.6686918 -0.09050138146972486
v 0.07812201807907104 -1.6686918 -0.20257338146972614
v 0.06660294807907108 -1.6686918 -0.29616738146972565
v 0.04882263807907106 -1.6686918 -0.3665863814697268
v 0.026155988079071046 -1.6686918 -0.41030038146972814
v -1.1920928910669204e-08 -1.6686918 -0.42512038146972486
v -0.02615601192092898 -1.6686918 -0.41030038146972814
v -0.04882261192092896 -1.6686918 -0.3665863814697268
v -0.06660294192092897 -1.6686918 -0.29616738146972565
v -0.07812201192092894 -1.6686918 -0.20257338146972614
v -0.08267401192092894 -1.6686918 -0.09050138146972486
v -0.08054608192092894 -1.6686918 0.034431618530273767
v -0.07290591192092899 -1.6686918 0.16595861853027216
v -0.061404411920928936 -1.6686918 0.2974856185302741
v -0.0477723119209289 -1.6686918 0.42241861853027274
v -0.033616311920928954 -1.6686918 0.534490618530274
v -0.020423711920928955 -1.6686918 0.6280846185302735
v -0.009617411920928909 -1.6686918 0.6985036185302747
v -0.002492711920928925 -1.6686918 0.742219618530271
v -1.1920928910669204e-08 -1.5780375 0.7619996185302753
v 0.002510588079071008 -1.5780375 0.7470756185302747
v 0.009686228079071046 -1.5780375 0.7030466185302728
v 0.020569988079071067 -1.5780375 0.6321216185302738
v 0.033857048079071084 -1.5780375 0.5378596185302733
v 0.04811441807907102 -1.5780375 0.42498361853027333
v 0.06184408807907105 -1.5780375 0.2991566185302723
v 0.07342788807907108 -1.5780375 0.16668661853027444
v 0.08112278807907103 -1.5780375 0.03421761853027405
v 0.08326601807907108 -1.5780375 -0.09160838146972594
v 0.07868138807907099 -1.5780375 -0.2044833814697249
v 0.06707983807907103 -1.5780375 -0.29874638146972643
v 0.049172288079071036 -1.5780375 -0.36967038146972797
v 0.026343288079071048 -1.5780375 -0.4137003814697273
v -1.1920928910669204e-08 -1.5780375 -0.4286253814697254
v -0.02634331192092898 -1.5780375 -0.4137003814697273
v -0.04917231192092897 -1.5780375 -0.36967038146972797
v -0.06707984192092897 -1.5780375 -0.29874638146972643
v -0.07868141192092892 -1.5780375 -0.2044833814697249
v -0.08326601192092897 -1.5780375 -0.09160838146972594
v -0.08112281192092896 -1.5780375 0.03421761853027405
v -0.0734279119209289 -1.5780375 0.16668661853027444
v -0.06184411192092898 -1.5780375 0.2991566185302723
v -0.04811441192092891 -1.5780375 0.42498361853027333
v -0.033857051920928916 -1.5780375 0.5378596185302733
v -0.02056998192092896 -1.5780375 0.6321216185302738
v -0.009686211920929 -1.5780375 0.7030466185302728
v -0.00251061192092894 -1.5780375 0.7470756185302747
v -1.1920928910669204e-08 -1.4873834 0.7653336185302706
v 0.002521588079070991 -1.4873834 0.7503396185302762
v 0.009728588079071065 -1.4873834 0.7061196185302734
v 0.02065998807907099 -1.4873834 0.6348856185302729
v 0.03400518807907105 -1.4873834 0.5402106185302742
v 0.04832488807907109 -1.4873834 0.42684361853027397
v 0.06211465807907102 -1.4873834 0.30046661853027246
v 0.07374912807907108 -1.4873834 0.1674176185302727
v 0.08147768807907108 -1.4873834 0.034368618530272954
v 0.08363028807907102 -1.4873834 -0.09201038146972706
v 0.0790256280790711 -1.4873834 -0.20537738146972728
v 0.06737333807907109 -1.4873834 -0.300052381469726
v 0.04938738807907106 -1.4873834 -0.371288381469725
v 0.026458588079071088 -1.4873834 -0.4155083814697278
v -1.1920928910669204e-08 -1.4873834 -0.43050038146972724
v -0.02645856192092899 -1.4873834 -0.4155083814697278
v -0.04938741192092899 -1.4873834 -0.371288381469725
v -0.06737331192092899 -1.4873834 -0.300052381469726
v -0.07902561192092894 -1.4873834 -0.20537738146972728
v -0.08363026192092893 -1.4873834 -0.09201038146972706
v -0.08147771192092901 -1.4873834 0.034368618530272954
v -0.07374911192092892 -1.4873834 0.1674176185302727
v -0.06211465192092891 -1.4873834 0.30046661853027246
v -0.048324911920928915 -1.4873834 0.42684361853027397
v -0.03400516192092895 -1.4873834 0.5402106185302742
v -0.020660011920928922 -1.4873834 0.6348856185302729
v -0.009728611920928998 -1.4873834 0.7061196185302734
v -0.0025215719209289444 -1.4873834 0.7503396185302762
v -1.1920928910669204e-08 -1.3967292 0.768667618530273
v 0.002532538079071056 -1.3967292 0.7536096185302767
v 0.009770988079071063 -1.3967292 0.7091956185302735
v 0.020749928079071056 -1.3967292 0.6376516185302741
v 0.03415328807907103 -1.3967292 0.5425646185302746
v 0.048535348079071006 -1.3967292 0.42870161853027255
v 0.06238518807907101 -1.3967292 0.3017746185302741
v 0.07407033807907104 -1.3967292 0.16814661853027246
v 0.08183258807907101 -1.3967292 0.03451761853027335
v 0.08399448807907106 -1.3967292 -0.09241038146972613
v 0.07936978807907102 -1.3967292 -0.20627238146972715
v 0.06766668807907106 -1.3967292 -0.30136038146972766
v 0.04960244807907099 -1.3967292 -0.372903381469726
v 0.02657378807907107 -1.3967292 -0.4173183814697268
v -1.1920928910669204e-08 -1.3967292 -0.43237538146972554
v -0.026573781920928963 -1.3967292 -0.4173183814697268
v -0.049602451920928936 -1.3967292 -0.372903381469726
v -0.06766671192092899 -1.3967292 -0.30136038146972766
v -0.07936981192092896 -1.3967292 -0.20627238146972715
v -0.083994511920929 -1.3967292 -0.09241038146972613
v -0.08183261192092894 -1.3967292 0.03451761853027335
v -0.07407031192092894 -1.3967292 0.16814661853027246
v -0.06238521192092894 -1.3967292 0.3017746185302741
v -0.04853535192092895 -1.3967292 0.42870161853027255
v -0.034153311920928964 -1.3967292 0.5425646185302746
v -0.02074991192092901 -1.3967292 0.6376516185302741
v -0.009771011920928996 -1.3967292 0.7091956185302735
v -0.002532541920928999 -1.3967292 0.7536096185302767
v -1.1920928910669204e-08 -1.3060751 0.7719996185302733
v 0.0025435880790710685 -1.3060751 0.7568796185302702
v 0.009813388079071061 -1.3060751 0.7122696185302715
v 0.02083992807907109 -1.3060751 0.6404166185302742
v 0.0343013380790711 -1.3060751 0.544917618530274
v 0.04874578807907104 -1.3060751 0.43056061853027217
v 0.06265574807907104 -1.3060751 0.3030836185302732
v 0.074391548079071 -1.3060751 0.16887461853027474
v 0.082187388079071 -1.3060751 0.03466761853027478
v 0.08435874807907107 -1.3060751 -0.09281138146972623
v 0.07971398807907104 -1.3060751 -0.207166381469726
v 0.067960188079071 -1.3060751 -0.30266738146972827
v 0.049817588079070996 -1.3060751 -0.37452038146972555
v 0.026688988079071052 -1.3060751 -0.41912838146972575
v -1.1920928910669204e-08 -1.3060751 -0.4342503814697274
v -0.026689011920928984 -1.3060751 -0.41912838146972575
v -0.04981756192092901 -1.3060751 -0.37452038146972555
v -0.06796021192092894 -1.3060751 -0.30266738146972827
v -0.07971401192092897 -1.3060751 -0.207166381469726
v -0.08435875192092901 -1.3060751 -0.09281138146972623
v -0.08218741192092893 -1.3060751 0.03466761853027478
v -0.074391541920929 -1.3060751 0.16887461853027474
v -0.06265575192092898 -1.3060751 0.3030836185302732
v -0.04874581192092897 -1.3060751 0.43056061853027217
v -0.034301311920929 -1.3060751 0.544917618530274
v -0.020839911920928933 -1.3060751 0.6404166185302742
v -0.009813371920928904 -1.3060751 0.7122696185302715
v -0.002543571920928911 -1.3060751 0.7568796185302702
v -1.1920928910669204e-08 -1.215421 0.7753296185302716
v 0.0025545380790710226 -1.215421 0.7601456185302737
v 0.00985574807907108 -1.215421 0.7153456185302716
v 0.020929928079071014 -1.215421 0.6431826185302718
v 0.03444945807907107 -1.215421 0.5472696185302723
v 0.04895628807907104 -1.215421 0.4324206185302728
v 0.06292628807907108 -1.215421 0.30439161853027485
v 0.07471275807907107 -1.215421 0.1696036185302745
v 0.08254228807907105 -1.215421 0.03481661853027518
v 0.08472298807907108 -1.215421 -0.09321238146972632
v 0.08005815807907102 -1.215421 -0.20806038146972483
v 0.06825363807907103 -1.215421 -0.30397438146972533
v 0.05003268807907102 -1.215421 -0.3761383814697261
v 0.026804288079071092 -1.215421 -0.4209383814697283
v -1.1920928910669204e-08 -1.215421 -0.4361243814697282
v -0.026804271920928935 -1.215421 -0.4209383814697283
v -0.05003267192092897 -1.215421 -0.3761383814697261
v -0.06825361192092894 -1.215421 -0.30397438146972533
v -0.08005816192092896 -1.215421 -0.20806038146972483
v -0.0847230119209289 -1.215421 -0.09321238146972632
v -0.08254231192092898 -1.215421 0.03481661853027518
v -0.07471275192092897 -1.215421 0.1696036185302745
v -0.0629263119209289 -1.215421 0.30439161853027485
v -0.048956271920928995 -1.215421 0.4324206185302728
v -0.0344494619209289 -1.215421 0.5472696185302723
v -0.020929911920928967 -1.215421 0.6431826185302718
v -0.009855751920928912 -1.215421 0.7153456185302716
v -0.0025545119209289258 -1.215421 0.7601456185302737
v -1.1920928910669204e-08 -1.1247668 0.778665618530276
v 0.0025654880790710877 -1.1247668 0.7634146185302768
v 0.009898128079071089 -1.1247668 0.7184236185302737
v 0.02101988807907107 -1.1247668 0.645948618530273
v 0.034597588079071095 -1.1247668 0.5496236185302728
v 0.049166738079071015 -1.1247668 0.43427861853027494
v 0.06319678807907103 -1.1247668 0.30569961853027294
v 0.07503398807907102 -1.1247668 0.17033361853027174
v 0.08289712807907101 -1.1247668 0.034965618530272025
v 0.08508723807907104 -1.1247668 -0.09361238146972539
v 0.08040238807907107 -1.1247668 -0.20895538146972825
v 0.06854708807907106 -1.1247668 -0.3052803814697249
v 0.05024778807907104 -1.1247668 -0.3777563814697267
v 0.026919488079071074 -1.1247668 -0.42274838146972726
v -1.1920928910669204e-08 -1.1247668 -0.43800038146972753
v -0.026919511920929007 -1.1247668 -0.42274838146972726
v -0.050247811920928975 -1.1247668 -0.3777563814697267
v -0.0685470719209289 -1.1247668 -0.3052803814697249
v -0.08040237192092892 -1.1247668 -0.20895538146972825
v -0.08508721192092894 -1.1247668 -0.09361238146972539
v -0.08289711192092897 -1.1247668 0.034965618530272025
v -0.07503396192092893 -1.1247668 0.17033361853027174
v -0.06319678192092892 -1.1247668 0.30569961853027294
v -0.04916671192092892 -1.1247668 0.43427861853027494
v -0.03459757192092894 -1.1247668 0.5496236185302728
v -0.021019871920928912 -1.1247668 0.645948618530273
v -0.009898111920928931 -1.1247668 0.7184236185302737
v -0.002565511920928909 -1.1247668 0.7634146185302768
v -1.1920928910669204e-08 -1.0341127 0.7819996185302713
v 0.002576488079071071 -1.0341127 0.7666836185302728
v 0.009940488079070997 -1.0341127 0.7214996185302738
v 0.021109888079070993 -1.0341127 0.6487126185302721
v 0.03474568807907108 -1.0341127 0.5519756185302747
v 0.04937728807907105 -1.0341127 0.436138618530272
v 0.06346732807907107 -1.0341127 0.3070096185302731
v 0.07535518807907104 -1.0341127 0.17106261853027505
v 0.08325198807907108 -1.0341127 0.03511661853027448
v 0.08545148807907099 -1.0341127 -0.09401338146972549
v 0.08074652807907101 -1.0341127 -0.20985038146972812
v 0.06884048807907106 -1.0341127 -0.30658738146972553
v 0.05046288807907107 -1.0341127 -0.3793733814697262
v 0.027034688079071056 -1.0341127 -0.42455638146972774
v -1.1920928910669204e-08 -1.0341127 -0.4398743814697248
v -0.02703471192092899 -1.0341127 -0.42455638146972774
v -0.050462911920929 -1.0341127 -0.3793733814697262
v -0.06884051192092899 -1.0341127 -0.30658738146972553
v -0.08074651192092897 -1.0341127 -0.20985038146972812
v -0.08545151192092892 -1.0341127 -0.09401338146972549
v -0.0832520119209289 -1.0341127 0.03511661853027448
v -0.075355171920929 -1.0341127 0.17106261853027505
v -0.06346731192092891 -1.0341127 0.3070096185302731
v -0.04937726192092895 -1.0341127 0.436138618530272
v -0.0347457119209289 -1.0341127 0.5519756185302747
v -0.021109881920928997 -1.0341127 0.6487126185302721
v -0.00994051192092893 -1.0341127 0.7214996185302738
v -0.0025764719209289133 -1.0341127 0.7666836185302728
v -1.1920928910669204e-08 -0.94345856 0.7853336185302737
v 0.002587488079071054 -0.94345856 0.7699496185302763
v 0.009982888079070995 -0.94345856 0.7245736185302718
v 0.021199888079071028 -0.94345856 0.6514796185302743
v 0.034893788079071064 -0.94345856 0.5543296185302751
v 0.04958772807907108 -0.94345856 0.4379976185302752
v 0.06373788807907099 -0.94345856 0.30831761853027473
v 0.07567638807907107 -0.94345856 0.17179061853027378
v 0.08360688807907102 -0.94345856 0.03526461853027385
v 0.08581572807907101 -0.94345856 -0.09441338146972811
v 0.08109074807907102 -0.94345856 -0.21074438146972696
v 0.06913393807907109 -0.94345856 -0.3078933814697251
v 0.05067795807907105 -0.94345856 -0.38099038146972575
v 0.027149988079071097 -0.94345856 -0.4263663814697267
v -1.1920928910669204e-08 -0.94345856 -0.44175038146972767
v -0.02714997192092894 -0.94345856 -0.4263663814697267
v -0.05067795192092894 -0.94345856 -0.38099038146972575
v -0.06913391192092899 -0.94345856 -0.3078933814697251
v -0.08109075192092896 -0.94345856 -0.21074438146972696
v -0.08581571192092896 -0.94345856 -0.09441338146972811
v -0.08360691192092895 -0.94345856 0.03526461853027385
v -0.07567638192092896 -0.94345856 0.17179061853027378
v -0.06373787192092895 -0.94345856 0.30831761853027473
v -0.04958771192092892 -0.94345856 0.4379976185302752
v -0.034893811920928997 -0.94345856 0.5543296185302751
v -0.02119988192092892 -0.94345856 0.6514796185302743
v -0.009982911920928927 -0.94345856 0.7245736185302718
v -0.0025875119209289865 -0.94345856 0.7699496185302763
v -1.1920928910669204e-08 -0.85280436 0.7886676185302761
v 0.0025984880790710374 -0.85280436 0.7732196185302769
v 0.010025188079071046 -0.85280436 0.7276496185302719
v 0.021289828079071094 -0.85280436 0.6542416185302713
v 0.03504188807907105 -0.85280436 0.5566806185302724
v 0.04979818807907099 -0.85280436 0.4398556185302738
v 0.06400838807907105 -0.85280436 0.3096256185302728
v 0.07599758807907109 -0.85280436 0.17252161853027204
v 0.08396178807907106 -0.85280436 0.03541561853027275
v 0.08617998807907101 -0.85280436 -0.0948143814697282
v 0.08143488807907107 -0.85280436 -0.21163938146972683
v 0.069427388079071 -0.85280436 -0.3092023814697278
v 0.050893088079071 -0.85280436 -0.3826063814697278
v 0.02726518807907108 -0.85280436 -0.4281763814697257
v -1.1920928910669204e-08 -0.85280436 -0.44362438146972494
v -0.0272652119209289 -0.85280436 -0.4281763814697257
v -0.050893071920928956 -0.85280436 -0.3826063814697278
v -0.06942737192092896 -0.85280436 -0.3092023814697278
v -0.081434911920929 -0.85280436 -0.21163938146972683
v -0.08617997192092897 -0.85280436 -0.0948143814697282
v -0.083961811920929 -0.85280436 0.03541561853027275
v -0.07599761192092891 -0.85280436 0.17252161853027204
v -0.06400841192092899 -0.85280436 0.3096256185302728
v -0.049798211920928925 -0.85280436 0.4398556185302738
v -0.035041871920929 -0.85280436 0.5566806185302724
v -0.021289811920928936 -0.85280436 0.6542416185302713
v -0.010025211920928978 -0.85280436 0.7276496185302719
v -0.0025984619209289406 -0.85280436 0.7732196185302769
v -1.1920928910669204e-08 -0.7621502 0.7920016185302714
v 0.0026094280790710522 -0.7621502 0.7764876185302754
v 0.010067588079071044 -0.7621502 0.7307266185302765
v 0.021379828079071017 -0.7621502 0.6570076185302725
v 0.03518998807907103 -0.7621502 0.5590346185302728
v 0.05000865807907107 -0.7621502 0.4417156185302744
v 0.06427898807907106 -0.7621502 0.31093361853027446
v 0.076318788079071 -0.7621502 0.17324961853027432
v 0.08431658807907105 -0.7621502 0.03556461853027315
v 0.08654418807907105 -0.7621502 -0.09521438146972727
v 0.08177911807907101 -0.7621502 -0.2125343814697267
v 0.069720788079071 -0.7621502 -0.31050838146972737
v 0.051108188079071026 -0.7621502 -0.3842243814697248
v 0.027380488079071008 -0.7621502 -0.4299873814697257
v -1.1920928910669204e-08 -0.7621502 -0.4454993814697268
v -0.02738046192092891 -0.7621502 -0.4299873814697257
v -0.05110818192092892 -0.7621502 -0.3842243814697248
v -0.06972081192092894 -0.7621502 -0.31050838146972737
v -0.0817791119209289 -0.7621502 -0.2125343814697267
v -0.08654421192092898 -0.7621502 -0.09521438146972727
v -0.08431661192092899 -0.7621502 0.03556461853027315
v -0.07631881192092893 -0.7621502 0.17324961853027432
v -0.06427896192092897 -0.7621502 0.31093361853027446
v -0.05000865192092896 -0.7621502 0.4417156185302744
v -0.035190011920928965 -0.7621502 0.5590346185302728
v -0.02137981192092897 -0.7621502 0.6570076185302725
v -0.010067611920928976 -0.7621502 0.7307266185302765
v -0.0026094119209290056 -0.7621502 0.7764876185302754
v -1.1920928910669204e-08 -0.6714961 0.7953316185302768
v 0.0026203880790710565 -0.6714961 0.7797566185302713
v 0.010109988079071042 -0.6714961 0.73379961853027
v 0.02146982807907105 -0.6714961 0.6597726185302761
v 0.03533808807907102 -0.6714961 0.5613876185302722
v 0.05021911807907109 -0.6714961 0.443574618530274
v 0.06454948807907102 -0.6714961 0.3122426185302736
v 0.07663998807907102 -0.6714961 0.1739796185302751
v 0.0846714880790711 -0.6714961 0.03571461853027458
v 0.08690848807907103 -0.6714961 -0.09561538146972737
v 0.0821232880790711 -0.6714961 -0.21342838146972554
v 0.07001423807907103 -0.6714961 -0.311815381469728
v 0.05132328807907105 -0.6714961 -0.3858413814697279
v 0.02749568807907099 -0.6714961 -0.43179738146972824
v -1.1920928910669204e-08 -0.6714961 -0.4473743814697251
v -0.027495711920928922 -0.6714961 -0.43179738146972824
v -0.05132331192092898 -0.6714961 -0.3858413814697279
v -0.07001421192092894 -0.6714961 -0.311815381469728
v -0.08212328192092899 -0.6714961 -0.21342838146972554
v -0.08690846192092894 -0.6714961 -0.09561538146972737
v -0.08467151192092892 -0.6714961 0.03571461853027458
v -0.07664001192092895 -0.6714961 0.1739796185302751
v -0.06454951192092895 -0.6714961 0.3122426185302736
v -0.05021911192092898 -0.6714961 0.443574618530274
v -0.03533811192092895 -0.6714961 0.5613876185302722
v -0.021469811920929005 -0.6714961 0.6597726185302761
v -0.010109961920928945 -0.6714961 0.73379961853027
v -0.002620411920928989 -0.6714961 0.7797566185302713
v -1.1920928910669204e-08 -0.58084196 0.7986656185302721
v 0.0026314280790710187 -0.58084196 0.7830216185302703
v 0.01015233807907101 -0.58084196 0.7368756185302701
v 0.021559788079070996 -0.58084196 0.6625396185302748
v 0.03548621807907104 -0.58084196 0.5637396185302741
v 0.05042958807907105 -0.58084196 0.44543461853027466
v 0.06481998807907108 -0.58084196 0.3135526185302737
v 0.07696121807907108 -0.58084196 0.17470761853027383
v 0.08502638807907104 -0.58084196 0.03586361853027498
v 0.08727268807907107 -0.58084196 -0.09601738146972494
v 0.082467488079071 -0.58084196 -0.2143233814697254
v 0.07030768807907106 -0.58084196 -0.31312138146972757
v 0.051538388079071074 -0.58084196 -0.38745838146972744
v 0.027610888079071083 -0.58084196 -0.43360538146972516
v -1.1920928910669204e-08 -0.58084196 -0.4492493814697269
v -0.027610911920928904 -0.58084196 -0.43360538146972516
v -0.051538411920929006 -0.58084196 -0.38745838146972744
v -0.0703076719209289 -0.58084196 -0.31312138146972757
v -0.08246751192092894 -0.58084196 -0.2143233814697254
v -0.087272711920929 -0.58084196 -0.09601738146972494
v -0.08502641192092897 -0.58084196 0.03586361853027498
v -0.07696121192092897 -0.58084196 0.17470761853027383
v -0.06482001192092901 -0.58084196 0.3135526185302737
v -0.050429611920928985 -0.58084196 0.44543461853027466
v -0.035486211920928934 -0.58084196 0.5637396185302741
v -0.02155977192092895 -0.58084196 0.6625396185302748
v -0.010152311920928914 -0.58084196 0.7368756185302701
v -0.002631411920928972 -0.58084196 0.7830216185302703
v -1.1920928910669204e-08 -0.4901878 0.8019996185302745
v 0.002642388079071023 -0.4901878 0.7862896185302759
v 0.010194718079071019 -0.4901878 0.7399496185302752
v 0.02164978807907103 -0.4901878 0.6653046185302713
v 0.035634338079071015 -0.4901878 0.5660936185302745
v 0.050640088079071055 -0.4901878 0.44729261853027324
v 0.06509053807907106 -0.4901878 0.31486161853027284
v 0.07728242807907104 -0.4901878 0.17543761853027462
v 0.08538118807907102 -0.4901878 0.03601461853027388
v 0.08763694807907108 -0.4901878 -0.09641838146972503
v 0.0828116580790711 -0.4901878 -0.2152173814697278
v 0.07060108807907106 -0.4901878 -0.3144283814697282
v 0.0517534880790711 -0.4901878 -0.389076381469728
v 0.027726188079071012 -0.4901878 -0.4354153814697277
v -1.1920928910669204e-08 -0.4901878 -0.4511243814697252
v -0.027726171920928966 -0.4901878 -0.4354153814697277
v -0.051753461920929 -0.4901878 -0.389076381469728
v -0.070601111920929 -0.4901878 -0.3144283814697282
v -0.08281165192092899 -0.4901878 -0.2152173814697278
v -0.08763695192092891 -0.4901878 -0.09641838146972503
v -0.08538121192092896 -0.4901878 0.03601461853027388
v -0.077282411920929 -0.4901878 0.17543761853027462
v -0.06509051192092896 -0.4901878 0.31486161853027284
v -0.05064011192092899 -0.4901878 0.44729261853027324
v -0.03563431192092892 -0.4901878 0.5660936185302745
v -0.021649781920928923 -0.4901878 0.6653046185302713
v -0.010194711920928912 -0.4901878 0.7399496185302752
v -0.0026424119209289554 -0.4901878 0.7862896185302759
v -1.1920928910669204e-08 -0.39953366 0.8053336185302769
v 0.0026533880790710063 -0.39953366 0.7895596185302765
v 0.010237088079071088 -0.39953366 0.7430246185302707
v 0.021739788079071065 -0.39953366 0.668069618530275
v 0.03578238807907108 -0.39953366 0.5684456185302729
v 0.05085058807907106 -0.39953366 0.44915161853027286
v 0.06536108807907104 -0.39953366 0.3161696185302745
v 0.077603638079071 -0.39953366 0.17616661853027438
v 0.08573608807907107 -0.39953366 0.03616361853027428
v 0.08800118807907109 -0.39953366 -0.09681938146972513
v 0.08315588807907104 -0.39953366 -0.21611238146972767
v 0.07089453807907109 -0.39953366 -0.31573438146972777
v 0.05196858807907101 -0.39953366 -0.39069338146972754
v 0.027841388079070994 -0.39953366 -0.43722538146972667
v -1.1920928910669204e-08 -0.39953366 -0.45299938146972707
v -0.027841411920928927 -0.39953366 -0.43722538146972667
v -0.05196857192092896 -0.39953366 -0.39069338146972754
v -0.070894511920929 -0.39953366 -0.31573438146972777
v -0.08315587192092899 -0.39953366 -0.21611238146972767
v -0.08800121192092891 -0.39953366 -0.09681938146972513
v -0.085736111920929 -0.39953366 0.03616361853027428
v -0.0776036119209289 -0.39953366 0.17616661853027438
v -0.06536111192092897 -0.39953366 0.3161696185302745
v -0.0508505719209289 -0.39953366 0.44915161853027286
v -0.0357824119209289 -0.39953366 0.5684456185302729
v -0.021739781920928958 -0.39953366 0.668069618530275
v -0.01023711192092891 -0.39953366 0.7430246185302707
v -0.0026533619209289094 -0.39953366 0.7895596185302765
v -1.1920928910669204e-08 -0.3088795 0.8086696185302742
v 0.002664328079071021 -0.3088795 0.7928256185302729
v 0.010279488079071086 -0.3088795 0.7461036185302703
v 0.02182972807907102 -0.3088795 0.6708356185302762
v 0.035930488079071066 -0.3088795 0.5707996185302733
v 0.05106103807907103 -0.3088795 0.4510116185302735
v 0.06563162807907108 -0.3088795 0.3174786185302736
v 0.07792484807907107 -0.3088795 0.17689561853027413
v 0.086090988079071 -0.3088795 0.03631361853027215
v 0.08836543807907105 -0.3088795 -0.09722038146972523
v 0.08350002807907109 -0.3088795 -0.2170063814697265
v 0.07118798807907101 -0.3088795 -0.3170433814697269
v 0.05218368807907103 -0.3088795 -0.39230938146972605
v 0.027956588079071087 -0.3088795 -0.43903538146972565
v -1.1920928910669204e-08 -0.3088795 -0.45487438146972536
v -0.02795661192092891 -0.3088795 -0.43903538146972565
v -0.052183711920928966 -0.3088795 -0.39230938146972605
v -0.07118797192092896 -0.3088795 -0.3170433814697269
v -0.08350001192092893 -0.3088795 -0.2170063814697265
v -0.08836541192092895 -0.3088795 -0.09722038146972523
v -0.08609098192092901 -0.3088795 0.03631361853027215
v -0.0779248519209289 -0.3088795 0.17689561853027413
v -0.06563161192092892 -0.3088795 0.3174786185302736
v -0.051061011920928934 -0.3088795 0.4510116185302735
v -0.035930511920929 -0.3088795 0.5707996185302733
v -0.021829711920928974 -0.3088795 0.6708356185302762
v -0.010279471920928929 -0.3088795 0.7461036185302703
v -0.0026643119209289745 -0.3088795 0.7928256185302729
v -1.1920928910669204e-08 -0.21822536 0.8119996185302725
v 0.002675358079071044 -0.21822536 0.796094618530276
v 0.010321858079071045 -0.21822536 0.7491796185302704
v 0.021919728079071055 -0.21822536 0.6735996185302753
v 0.03607862807907103 -0.21822536 0.5731506185302742
v 0.051271488079071004 -0.21822536 0.4528696185302721
v 0.065902188079071 -0.21822536 0.3187866185302717
v 0.07824605807907103 -0.21822536 0.17762561853027492
v 0.08644588807907105 -0.21822536 0.03646261853027255
v 0.088729688079071 -0.21822536 -0.09762038146972785
v 0.0838442480790711 -0.21822536 -0.21790038146972535
v 0.071481388079071 -0.21822536 -0.3183503814697275
v 0.05239878807907106 -0.21822536 -0.3939263814697256
v 0.028071888079071017 -0.21822536 -0.4408453814697282
v -1.1920928910669204e-08 -0.21822536 -0.45675038146972824
v -0.02807188192092891 -0.21822536 -0.4408453814697282
v -0.05239881192092899 -0.21822536 -0.3939263814697256
v -0.07148141192092894 -0.21822536 -0.3183503814697275
v -0.08384424192092899 -0.21822536 -0.21790038146972535
v -0.088729681920929 -0.21822536 -0.09762038146972785
v -0.08644587192092901 -0.21822536 0.03646261853027255
v -0.07824606192092898 -0.21822536 0.17762561853027492
v -0.06590217192092895 -0.21822536 0.3187866185302717
v -0.051271511920928936 -0.21822536 0.4528696185302721
v -0.03607861192092898 -0.21822536 0.5731506185302742
v -0.021919711920929008 -0.21822536 0.6735996185302753
v -0.010321851920928937 -0.21822536 0.7491796185302704
v -0.0026753519209289367 -0.21822536 0.796094618530276
v -1.1920928910669204e-08 -0.12757121 0.8153326185302703
v 0.0026863180790710484 -0.12757121 0.7993636185302719
v 0.010364238079071053 -0.12757121 0.7522526185302709
v 0.022009688079071 -0.12757121 0.6763626185302769
v 0.036226748079071 -0.12757121 0.5755046185302746
v 0.051481988079071006 -0.12757121 0.4547296185302727
v 0.06617268807907106 -0.12757121 0.3200946185302733
v 0.0785672880790711 -0.12757121 0.17835461853027468
v 0.08680068807907104 -0.12757121 0.036613618530275005
v 0.08909392807907102 -0.12757121 -0.09802038146972691
v 0.08418838807907103 -0.12757121 -0.21879538146972521
v 0.07177488807907106 -0.12757121 -0.3196563814697271
v 0.05261388807907108 -0.12757121 -0.39554438146972615
v 0.028187088079071 -0.12757121 -0.44265538146972716
v -1.1920928910669204e-08 -0.12757121 -0.45862538146972653
v -0.02818711192092893 -0.12757121 -0.44265538146972716
v -0.0526139119209289 -0.12757121 -0.39554438146972615
v -0.071774911920929 -0.12757121 -0.3196563814697271
v -0.08418841192092896 -0.12757121 -0.21879538146972521
v -0.08909391192092897 -0.12757121 -0.09802038146972691
v -0.08680071192092897 -0.12757121 0.036613618530275005
v -0.078567261920929 -0.12757121 0.17835461853027468
v -0.06617266192092897 -0.12757121 0.3200946185302733
v -0.05148196192092891 -0.12757121 0.4547296185302727
v -0.036226751920928946 -0.12757121 0.5755046185302746
v -0.022009671920928953 -0.12757121 0.6763626185302769
v -0.010364211920928956 -0.12757121 0.7522526185302709
v -0.002686311920928941 -0.12757121 0.7993636185302719
v -1.1920928910669204e-08 -0.03691706 0.8186666185302727
v 0.002697288079070992 -0.03691706 0.8026296185302755
v 0.010406558079071093 -0.03691706 0.7553276185302735
v 0.022099688079071034 -0.03691706 0.6791296185302755
v 0.03637488807907108 -0.03691706 0.5778556185302719
v 0.05169242807907104 -0.03691706 0.45658961853027336
v 0.06644318807907101 -0.03691706 0.32140361853027244
v 0.078888488079071 -0.03691706 0.1790826185302734
v 0.08715558807907109 -0.03691706 0.03676261853027185
v 0.08945818807907102 -0.03691706 -0.09842038146972598
v 0.08453261807907109 -0.03691706 -0.21969038146972508
v 0.07206828807907106 -0.03691706 -0.3209633814697277
v 0.05282898807907099 -0.03691706 -0.3971613814697257
v 0.02830238807907104 -0.03691706 -0.44446338146972764
v -1.1920928910669204e-08 -0.03691706 -0.46050038146972483
v -0.028302371920928993 -0.03691706 -0.44446338146972764
v -0.05282897192092895 -0.03691706 -0.3971613814697257
v -0.0720682719209289 -0.03691706 -0.3209633814697277
v -0.08453261192092898 -0.03691706 -0.21969038146972508
v -0.08945817192092897 -0.03691706 -0.09842038146972598
v -0.08715558192092898 -0.03691706 0.03676261853027185
v -0.07888847192092896 -0.03691706 0.1790826185302734
v -0.06644321192092895 -0.03691706 0.32140361853027244
v -0.05169241192092899 -0.03691706 0.45658961853027336
v -0.03637487192092892 -0.03691706 0.5778556185302719
v -0.022099671920928987 -0.03691706 0.6791296185302755
v -0.010406551920928986 -0.03691706 0.7553276185302735
v -0.0026973119209289242 -0.03691706 0.8026296185302755
v -1.1920928910669204e-08 0.053737085 0.8219996185302705
v 0.0027082580790710464 0.053737085 0.805899618530276
v 0.010448928079071051 0.053737085 0.7584016185302715
v 0.022189688079071068 0.053737085 0.6818946185302721
v 0.03652292807907109 0.053737085 0.5802096185302723
v 0.05190294807907103 0.053737085 0.45844661853027446
v 0.06671374807907104 0.053737085 0.3227116185302741
v 0.07920962807907106 0.053737085 0.17981361853027167
v 0.08751048807907102 0.053737085 0.03691261853027328
v 0.08982238807907106 0.053737085 -0.09882138146972608
v 0.08487683807907109 0.053737085 -0.22058438146972748
v 0.07236178807907101 0.053737085 -0.3222703814697283
v 0.05304408807907102 0.053737085 -0.39877938146972625
v 0.02841758807907102 0.053737085 -0.4462733814697266
v -1.1920928910669204e-08 0.053737085 -0.4623753814697267
v -0.028417611920928953 0.053737085 -0.4462733814697266
v -0.05304408192092891 0.053737085 -0.39877938146972625
v -0.07236177192092896 0.053737085 -0.3222703814697283
v -0.084876811920929 0.053737085 -0.22058438146972748
v -0.08982241192092899 0.053737085 -0.09882138146972608
v -0.08751046192092893 0.053737085 0.03691261853027328
v -0.0792096119209289 0.053737085 0.17981361853027167
v -0.06671375192092899 0.053737085 0.3227116185302741
v -0.051902951920928975 0.053737085 0.45844661853027446
v -0.036522911920928935 0.053737085 0.5802096185302723
v -0.02218967192092891 0.053737085 0.6818946185302721
v -0.010448911920929005 0.053737085 0.7584016185302715
v -0.002708251920928939 0.053737085 0.805899618530276
v -1.1920928910669204e-08 0.14439124 0.8253346185302703
v 0.0027192880790710694 0.14439124 0.8091696185302766
v 0.01049128807907107 0.14439124 0.7614796185302737
v 0.022279618079071084 0.14439124 0.6846596185302758
v 0.03667103807907102 0.14439124 0.5825636185302727
v 0.052113388079071066 0.14439124 0.4603066185302751
v 0.06698428807907109 0.14439124 0.32401961853027217
v 0.07953088807907105 0.14439124 0.18054161853027395
v 0.08786528807907101 0.14439124 0.03706161853027368
v 0.090186658079071 0.14439124 -0.09922238146972617
v 0.08522098807907108 0.14439124 -0.22147938146972734
v 0.07265518807907101 0.14439124 -0.3235763814697279
v 0.05325918807907104 0.14439124 -0.4003963814697258
v 0.028532788079071003 0.14439124 -0.4480833814697256
v -1.1920928910669204e-08 0.14439124 -0.46425038146972497
v -0.028532811920928935 0.14439124 -0.4480833814697256
v -0.05325921192092897 0.14439124 -0.4003963814697258
v -0.07265521192092894 0.14439124 -0.3235763814697279
v -0.0852210119209289 0.14439124 -0.22147938146972734
v -0.090186651920929 0.14439124 -0.09922238146972617
v -0.08786531192092895 0.14439124 0.03706161853027368
v -0.07953091192092898 0.14439124 0.18054161853027395
v -0.06698431192092891 0.14439124 0.32401961853027217
v -0.052113411920929 0.14439124 0.4603066185302751
v -0.03667104192092896 0.14439124 0.5825636185302727
v -0.022279611920928977 0.14439124 0.6846596185302758
v -0.010491311920929003 0.14439124 0.7614796185302737
v -0.0027193119209290018 0.14439124 0.8091696185302766
v -1.1920928910669204e-08 0.23504537 0.8286646185302757
v 0.0027302480790710737 0.23504537 0.812433618530271
v 0.010533688079071069 0.23504537 0.7645546185302763
v 0.022369628079071058 0.23504537 0.687425618530277
v 0.03681918807907103 0.23504537 0.5849156185302746
v 0.05232388807907107 0.23504537 0.4621656185302747
v 0.06725483807907107 0.23504537 0.32533061853027334
v 0.07985204807907109 0.23504537 0.1812706185302737
v 0.08822018807907106 0.23504537 0.03721261853027258
v 0.09055088807907108 0.23504537 -0.0996243814697273
v 0.08556514807907101 0.23504537 -0.2223743814697272
v 0.07294863807907104 0.23504537 -0.324884381469726
v 0.053474288079071064 0.23504537 -0.4020113814697268
v 0.028648088079071043 0.23504537 -0.4498943814697256
v -1.1920928910669204e-08 0.23504537 -0.4661253814697268
v -0.028648081920928936 0.23504537 -0.4498943814697256
v -0.053474311920928996 0.23504537 -0.4020113814697268
v -0.07294861192092894 0.23504537 -0.324884381469726
v -0.08556515192092895 0.23504537 -0.2223743814697272
v -0.0905509119209289 0.23504537 -0.0996243814697273
v -0.08822018192092895 0.23504537 0.03721261853027258
v -0.07985204192092898 0.23504537 0.1812706185302737
v -0.06725481192092897 0.23504537 0.32533061853027334
v -0.05232388192092896 0.23504537 0.4621656185302747
v -0.03681916192092893 0.23504537 0.5849156185302746
v -0.0223696119209289 0.23504537 0.687425618530277
v -0.010533711920929001 0.23504537 0.7645546185302763
v -0.0027302519209289056 0.23504537 0.812433618530271
v -1.1920928910669204e-08 0.32569954 0.8319996185302756
v 0.0027411880790710885 0.32569954 0.815702618530274
v 0.010576088079071067 0.32569954 0.7676296185302718
v 0.022459628079071092 0.32569954 0.690189618530276
v 0.036967288079071015 0.32569954 0.587269618530275
v 0.05253433807907104 0.32569954 0.4640236185302733
v 0.06752532807907108 0.32569954 0.32663961853027246
v 0.08017325807907105 0.32569954 0.18199961853027347
v 0.088575088079071 0.32569954 0.03736161853027298
v 0.09091514807907108 0.32569954 -0.10002538146972739
v 0.085909388079071 0.32569954 -0.22326838146972605
v 0.07324208807907107 0.32569954 -0.32619038146972557
v 0.053689418079071016 0.32569954 -0.4036293814697274
v 0.028763288079071025 0.32569954 -0.45170438146972813
v -1.1920928910669204e-08 0.32569954 -0.4680003814697251
v -0.028763311920928958 0.32569954 -0.45170438146972813
v -0.05368941192092891 0.32569954 -0.4036293814697274
v -0.07324207192092891 0.32569954 -0.32619038146972557
v -0.0859093619209289 0.32569954 -0.22326838146972605
v -0.09091514192092898 0.32569954 -0.10002538146972739
v -0.08857506192092901 0.32569954 0.03736161853027298
v -0.08017325192092895 0.32569954 0.18199961853027347
v -0.06752531192092892 0.32569954 0.32663961853027246
v -0.052534341920928984 0.32569954 0.4640236185302733
v -0.03696728192092891 0.32569954 0.587269618530275
v -0.022459611920928935 0.32569954 0.690189618530276
v -0.010576071920928909 0.32569954 0.7676296185302718
v -0.00274121192092891 0.32569954 0.815702618530274
v -1.1920928910669204e-08 -1.85 0.16449961853027517
v -1.1920928910669204e-08 0.32569954 0.18199961853027347
v -1.1920928910669204e-08 0.24569951 -0.08000038146972699
v -0.030614671920928926 0.6456995 -0.07391038146972662
v -1.1920928910669204e-08 0.6456995 -0.08000038146972699
v -0.030614671920928926 0.24569951 -0.07391038146972662
v -0.05656856192092896 0.6456995 -0.056568381469727314
v -0.05656856192092896 0.24569951 -0.056568381469727314
v -0.07391035192092898 0.6456995 -0.03061438146972506
v -0.07391035192092898 0.24569951 -0.03061438146972506
v -0.08000001192092898 0.6456995 -3.8146972514141453e-07
v -0.08000001192092898 0.24569951 -3.8146972514141453e-07
v -0.07391035192092898 0.6456995 0.030614618530272253
v -0.07391035192092898 0.24569951 0.030614618530272253
v -0.05656856192092896 0.6456995 0.056568618530274506
v -0.05656856192092896 0.24569951 0.056568618530274506
v -0.030614671920928926 0.6456995 0.07390961853027278
v -0.030614671920928926 0.24569951 0.07390961853027278
v -1.1920928910669204e-08 0.6456995 0.07999961853027315
v -1.1920928910669204e-08 0.24569951 0.07999961853027315
v 0.030614688079071084 0.6456995 0.07390961853027278
v 0.030614688079071084 0.24569951 0.07390961853027278
v 0.05656858807907106 0.6456995 0.056568618530274506
v 0.05656858807907106 0.24569951 0.056568618530274506
v 0.07391035807907109 0.6456995 0.030614618530272253
v 0.07391035807907109 0.24569951 0.030614618530272253
v 0.07999998807907105 0.6456995 -3.8146972514141453e-07
v 0.07999998807907105 0.24569951 -3.8146972514141453e-07
v 0.07391035807907109 0.6456995 -0.03061438146972506
v 0.07391035807907109 0.24569951 -0.03061438146972506
v 0.05656858807907106 0.6456995 -0.056568381469727314
v 0.05656858807907106 0.24569951 -0.056568381469727314
v 0.030614688079071084 0.6456995 -0.07391038146972662
v 0.030614688079071084 0.24569951 -0.07391038146972662
v -1.1920928910669204e-08 0.6456995 -0.08000038146972699
v -1.1920928910669204e-08 0.24569951 -0.08000038146972699
v -1.1920928910669204e-08 0.6456995 -0.08000038146972699
v -0.030614671920928926 0.6456995 -0.07391038146972662
v -1.1920928910669204e-08 0.6456995 -3.8146972514141453e-07
v -0.05656856192092896 0.6456995 -0.056568381469727314
v -1.1920928910669204e-08 0.6456995 -3.8146972514141453e-07
v -0.07391035192092898 0.6456995 -0.03061438146972506
v -1.1920928910669204e-08 0.6456995 -3.8146972514141453e-07
v -0.08000001192092898 0.6456995 -3.8146972514141453e-07
v -1.1920928910669204e-08 0.6456995 -3.8146972514141453e-07
v -0.07391035192092898 0.6456995 0.030614618530272253
v -1.1920928910669204e-08 0.6456995 -3.8146972514141453e-07
v -0.05656856192092896 0.6456995 0.056568618530274506
v -1.1920928910669204e-08 0.6456995 -3.8146972514141453e-07
v -0.030614671920928926 0.6456995 0.07390961853027278
v -1.1920928910669204e-08 0.6456995 -3.8146972514141453e-07
v -1.1920928910669204e-08 0.6456995 0.07999961853027315
v -1.1920928910669204e-08 0.6456995 -3.8146972514141453e-07
v 0.030614688079071084 0.6456995 0.07390961853027278
v -1.1920928910669204e-08 0.6456995 -3.8146972514141453e-07
v 0.05656858807907106 0.6456995 0.056568618530274506
v -1.1920928910669204e-08 0.6456995 -3.8146972514141453e-07
v 0.07391035807907109 0.6456995 0.030614618530272253
v -1.1920928910669204e-08 0.6456995 -3.8146972514141453e-07
v 0.07999998807907105 0.6456995 -3.8146972514141453e-07
v -1.1920928910669204e-08 0.6456995 -3.8146972514141453e-07
v 0.07391035807907109 0.6456995 -0.03061438146972506
v -1.1920928910669204e-08 0.6456995 -3.8146972514141453e-07
v 0.05656858807907106 0.6456995 -0.056568381469727314
v -1.1920928910669204e-08 0.6456995 -3.8146972514141453e-07
v 0.030614688079071084 0.6456995 -0.07391038146972662
v -1.1920928910669204e-08 0.6456995 -3.8146972514141453e-07
v -1.1920928910669204e-08 0.6456995 -0.08000038146972699
v -1.1920928910669204e-08 0.6456995 -3.8146972514141453e-07
v -1.1920928910669204e-08 0.24569951 -0.08000038146972699
v 0.030614688079071084 0.24569951 -0.07391038146972662
v -1.1920928910669204e-08 0.24569951 -3.8146972514141453e-07
v 0.056568488079071 0.24569951 -0.056568381469727314
v -1.1920928910669204e-08 0.24569951 -3.8146972514141453e-07
v 0.07391035807907109 0.24569951 -0.03061438146972506
v -1.1920928910669204e-08 0.24569951 -3.8146972514141453e-07
v 0.07999998807907105 0.24569951 -3.8146972514141453e-07
v -1.1920928910669204e-08 0.24569951 -3.8146972514141453e-07
v 0.07391035807907109 0.24569951 0.030614618530272253
v -1.1920928910669204e-08 0.24569951 -3.8146972514141453e-07
v 0.05656858807907106 0.24569951 0.056568618530274506
v -1.1920928910669204e-08 0.24569951 -3.8146972514141453e-07
v 0.030614688079071084 0.24569951 0.07390961853027278
v -1.1920928910669204e-08 0.24569951 -3.8146972514141453e-07
v -1.1920928910669204e-08 0.24569951 0.07999961853027315
v -1.1920928910669204e-08 0.24569951 -3.8146972514141453e-07
v -0.030614671920928926 0.24569951 0.07390961853027278
v -1.1920928910669204e-08 0.24569951 -3.8146972514141453e-07
v -0.05656851192092893 0.24569951 0.056568618530274506
v -1.1920928910669204e-08 0.24569951 -3.8146972514141453e-07
v -0.07391035192092898 0.24569951 0.030614618530272253
v -1.1920928910669204e-08 0.24569951 -3.8146972514141453e-07
v -0.08000001192092898 0.24569951 -3.8146972514141453e-07
v -1.1920928910669204e-08 0.24569951 -3.8146972514141453e-07
v -0.07391035192092898 0.24569951 -0.03061438146972506
v -1.1920928910669204e-08 0.24569951 -3.8146972514141453e-07
v -0.05656856192092896 0.24569951 -0.056568381469727314
v -1.1920928910669204e-08 0.24569951 -3.8146972514141453e-07
v -0.030614671920928926 0.24569951 -0.07391038146972662
v -1.1920928910669204e-08 0.24569951 -3.8146972514141453e-07
v -1.1920928910669204e-08 0.24569951 -0.08000038146972699
v -1.1920928910669204e-08 0.24569951 -3.8146972514141453e-07
v -1.1920928910669204e-08 -2.01 -0.07000038146972543
v -0.02678781192092894 -1.81 -0.06467238146972676
v -1.1920928910669204e-08 -1.81 -0.07000038146972543
v -0.02678781192092894 -2.01 -0.06467238146972676
v -0.049497511920928994 -1.81 -0.049497381469727486
v -0.049497511920928994 -2.01 -0.049497381469727486
v -0.06467157192092898 -1.81 -0.026788381469724953
v -0.06467157192092898 -2.01 -0.026788381469724953
v -0.07000001192092897 -1.81 -3.8146972514141453e-07
v -0.07000001192092897 -2.01 -3.8146972514141453e-07
v -0.06467157192092898 -1.81 0.026789618530273174
v -0.06467157192092898 -2.01 0.026789618530273174
v -0.049497511920928994 -1.81 0.04949761853027468
v -0.049497511920928994 -2.01 0.04949761853027468
v -0.02678781192092894 -1.81 0.06467261853027395
v -0.02678781192092894 -2.01 0.06467261853027395
v -1.1920928910669204e-08 -1.81 0.06999961853027514
v -1.1920928910669204e-08 -2.01 0.06999961853027514
v 0.026787788079071007 -1.81 0.06467261853027395
v 0.026787788079071007 -2.01 0.06467261853027395
v 0.04949748807907106 -1.81 0.04949761853027468
v 0.04949748807907106 -2.01 0.04949761853027468
v 0.06467158807907103 -1.81 0.026789618530273174
v 0.06467158807907103 -2.01 0.026789618530273174
v 0.06999998807907104 -1.81 -3.8146972514141453e-07
v 0.06999998807907104 -2.01 -3.8146972514141453e-07
v 0.06467158807907103 -1.81 -0.026788381469724953
v 0.06467158807907103 -2.01 -0.026788381469724953
v 0.04949748807907106 -1.81 -0.049497381469727486
v 0.04949748807907106 -2.01 -0.049497381469727486
v 0.026787788079071007 -1.81 -0.06467238146972676
v 0.026787788079071007 -2.01 -0.06467238146972676
v -1.1920928910669204e-08 -1.81 -0.07000038146972543
v -1.1920928910669204e-08 -2.01 -0.07000038146972543
v -1.1920928910669204e-08 -1.81 -0.07000038146972543
v -0.02678781192092894 -1.81 -0.06467238146972676
v -1.1920928910669204e-08 -1.81 -3.8146972514141453e-07
v -0.049497511920928994 -1.81 -0.049497381469727486
v -1.1920928910669204e-08 -1.81 -3.8146972514141453e-07
v -0.06467157192092898 -1.81 -0.026788381469724953
v -1.1920928910669204e-08 -1.81 -3.8146972514141453e-07
v -0.07000001192092897 -1.81 -3.8146972514141453e-07
v -1.1920928910669204e-08 -1.81 -3.8146972514141453e-07
v -0.06467157192092898 -1.81 0.026789618530273174
v -1.1920928910669204e-08 -1.81 -3.8146972514141453e-07
v -0.049497511920928994 -1.81 0.04949761853027468
v -1.1920928910669204e-08 -1.81 -3.8146972514141453e-07
v -0.02678781192092894 -1.81 0.06467261853027395
v -1.1920928910669204e-08 -1.81 -3.8146972514141453e-07
v -1.1920928910669204e-08 -1.81 0.06999961853027514
v -1.1920928910669204e-08 -1.81 -3.8146972514141453e-07
v 0.026787788079071007 -1.81 0.06467261853027395
v -1.1920928910669204e-08 -1.81 -3.8146972514141453e-07
v 0.04949748807907106 -1.81 0.04949761853027468
v -1.1920928910669204e-08 -1.81 -3.8146972514141453e-07
v 0.06467158807907103 -1.81 0.026789618530273174
v -1.1920928910669204e-08 -1.81 -3.8146972514141453e-07
v 0.06999998807907104 -1.81 -3.8146972514141453e-07
v -1.1920928910669204e-08 -1.81 -3.8146972514141453e-07
v 0.06467158807907103 -1.81 -0.026788381469724953
v -1.1920928910669204e-08 -1.81 -3.8146972514141453e-07
v 0.04949748807907106 -1.81 -0.049497381469727486
v -1.1920928910669204e-08 -1.81 -3.8146972514141453e-07
v 0.026787788079071007 -1.81 -0.06467238146972676
v -1.1920928910669204e-08 -1.81 -3.8146972514141453e-07
v -1.1920928910669204e-08 -1.81 -0.07000038146972543
v -1.1920928910669204e-08 -1.81 -3.8146972514141453e-07
v -1.1920928910669204e-08 -2.01 -0.07000038146972543
v 0.026787788079071007 -2.01 -0.06467238146972676
v -1.1920928910669204e-08 -2.01 -3.8146972514141453e-07
v 0.04949748807907106 -2.01 -0.049497381469727486
v -1.1920928910669204e-08 -2.01 -3.8146972514141453e-07
v 0.06467158807907103 -2.01 -0.026788381469724953
v -1.1920928910669204e-08 -2.01 -3.8146972514141453e-07
v 0.06999998807907104 -2.01 -3.8146972514141453e-07
v -1.1920928910669204e-08 -2.01 -3.8146972514141453e-07
v 0.06467158807907103 -2.01 0.026789618530273174
v -1.1920928910669204e-08 -2.01 -3.8146972514141453e-07
v 0.04949748807907106 -2.01 0.04949761853027468
v -1.1920928910669204e-08 -2.01 -3.8146972514141453e-07
v 0.026787888079071065 -2.01 0.06467261853027395
v -1.1920928910669204e-08 -2.01 -3.8146972514141453e-07
v -1.1920928910669204e-08 -2.01 0.06999961853027514
v -1.1920928910669204e-08 -2.01 -3.8146972514141453e-07
v -0.02678781192092894 -2.01 0.06467261853027395
v -1.1920928910669204e-08 -2.01 -3.8146972514141453e-07
v -0.049497511920928994 -2.01 0.04949761853027468
v -1.1920928910669204e-08 -2.01 -3.8146972514141453e-07
v -0.06467157192092898 -2.01 0.026789618530273174
v -1.1920928910669204e-08 -2.01 -3.8146972514141453e-07
v -0.07000001192092897 -2.01 -3.8146972514141453e-07
v -1.1920928910669204e-08 -2.01 -3.8146972514141453e-07
v -0.06467157192092898 -2.01 -0.026788381469724953
v -1.1920928910669204e-08 -2.01 -3.8146972514141453e-07
v -0.049497511920928994 -2.01 -0.049497381469727486
v -1.1920928910669204e-08 -2.01 -3.8146972514141453e-07
v -0.026787881920928958 -2.01 -0.06467238146972676
v -1.1920928910669204e-08 -2.01 -3.8146972514141453e-07
v -1.1920928910669204e-08 -2.01 -0.07000038146972543
v -1.1920928910669204e-08 -2.01 -3.8146972514141453e-07
vt 0.49248138 0.3
vt 0.46248063 0.3
vt 0.49988103 0.3060436
vt 0.46969503 0.3060436
vt 0.46247843 0.3
vt 0.46914634 0.3060436
vt 0.46247488 0.3
vt 0.46826252 0.3060436
vt 0.46247014 0.3
vt 0.46708784 0.3060436
vt 0.4624645 0.3
vt 0.46568123 0.3060436
vt 0.4624582 0.3
vt 0.46411324 0.3060436
vt 0.46245158 0.3
vt 0.46246243 0.3060436
vt 0.46244493 0.3
vt 0.46081164 0.3060436
vt 0.46243864 0.3
vt 0.45924363 0.3060436
vt 0.46243298 0.3
vt 0.45783702 0.3060436
vt 0.46242827 0.3
vt 0.45666236 0.3060436
vt 0.4624247 0.3
vt 0.4557785 0.3060436
vt 0.46242252 0.3
vt 0.45522985 0.3060436
vt 0.46242175 0.3
vt 0.45504385 0.3060436
vt 0.4924225 0.3
vt 0.48522985 0.3060436
vt 0.4924247 0.3
vt 0.4857785 0.3060436
vt 0.49242827 0.3
vt 0.48666236 0.3060436
vt 0.49243298 0.3
vt 0.48783702 0.3060436
vt 0.49243864 0.3
vt 0.48924363 0.3060436
vt 0.49244493 0.3
vt 0.49081165 0.3060436
vt 0.49245158 0.3
vt 0.49246243 0.3060436
vt 0.4924582 0.3
vt 0.49411324 0.3060436
vt 0.49246448 0.3
vt 0.49568123 0.3060436
vt 0.49247015 0.3
vt 0.49708784 0.3060436
vt 0.49247485 0.3
vt 0.49826252 0.3060436
vt 0.49247843 0.3
vt 0.49914634 0.3060436
vt 0.49248064 0.3
vt 0.49969503 0.3060436
vt 0.5012822 0.3120872
vt 0.47106138 0.3120872
vt 0.47040987 0.3120872
vt 0.4693604 0.3120872
vt 0.46796557 0.3120872
vt 0.46629536 0.3120872
vt 0.46443346 0.3120872
vt 0.4624733 0.3120872
vt 0.46051311 0.3120872
vt 0.45865124 0.3120872
vt 0.456981 0.3120872
vt 0.4555862 0.3120872
vt 0.4545367 0.3120872
vt 0.45388523 0.3120872
vt 0.45366436 0.3120872
vt 0.48388523 0.3120872
vt 0.4845367 0.3120872
vt 0.4855862 0.3120872
vt 0.486981 0.3120872
vt 0.48865125 0.3120872
vt 0.49051312 0.3120872
vt 0.4924733 0.3120872
vt 0.49443346 0.3120872
vt 0.49629536 0.3120872
vt 0.49796557 0.3120872
vt 0.4993604 0.3120872
vt 0.5004099 0.3120872
vt 0.5010614 0.3120872
vt 0.5013562 0.31813082
vt 0.47113374 0.31813082
vt 0.47047758 0.31813082
vt 0.46942058 0.31813082
vt 0.4680158 0.31813082
vt 0.4663336 0.31813082
vt 0.46445838 0.31813082
vt 0.46248415 0.31813082
vt 0.46050996 0.31813082
vt 0.45863473 0.31813082
vt 0.45695254 0.31813082
vt 0.45554775 0.31813082
vt 0.45449075 0.31813082
vt 0.4538346 0.31813082
vt 0.45361215 0.31813082
vt 0.4838346 0.31813082
vt 0.48449075 0.31813082
vt 0.48554775 0.31813082
vt 0.48695254 0.31813082
vt 0.48863474 0.31813082
vt 0.49050996 0.31813082
vt 0.49248415 0.31813082
vt 0.49445838 0.31813082
vt 0.4963336 0.31813082
vt 0.4980158 0.31813082
vt 0.49942058 0.31813082
vt 0.50047755 0.31813082
vt 0.50113374 0.31813082
vt 0.50140584 0.32417443
vt 0.47118244 0.32417443
vt 0.47052342 0.32417443
vt 0.4694618 0.32417443
vt 0.46805084 0.32417443
vt 0.46636128 0.32417443
vt 0.46447787 0.32417443
vt 0.46249503 0.32417443
vt 0.4605122 0.32417443
vt 0.45862877 0.32417443
vt 0.45693922 0.32417443
vt 0.45552826 0.32417443
vt 0.45446664 0.32417443
vt 0.45380762 0.32417443
vt 0.4535842 0.32417443
vt 0.48380762 0.32417443
vt 0.48446664 0.32417443
vt 0.48552826 0.32417443
vt 0.48693922 0.32417443
vt 0.48862877 0.32417443
vt 0.4905122 0.32417443
vt 0.49249503 0.32417443
vt 0.49447787 0.32417443
vt 0.4963613 0.32417443
vt 0.49805084 0.32417443
vt 0.4994618 0.32417443
vt 0.5005234 0.32417443
vt 0.50118244 0.32417443
vt 0.50145555 0.33021805
vt 0.47123116 0.33021805
vt 0.47056925 0.33021805
vt 0.46950302 0.33021805
vt 0.4680859 0.33021805
vt 0.466389 0.33021805
vt 0.4644974 0.33021805
vt 0.4625059 0.33021805
vt 0.46051443 0.33021805
vt 0.45862278 0.33021805
vt 0.4569259 0.33021805
vt 0.4555088 0.33021805
vt 0.45444256 0.33021805
vt 0.45378065 0.33021805
vt 0.45355627 0.33021805
vt 0.48378065 0.33021805
vt 0.48444256 0.33021805
vt 0.4855088 0.33021805
vt 0.4869259 0.33021805
vt 0.48862278 0.33021805
vt 0.49051443 0.33021805
vt 0.4925059 0.33021805
vt 0.4944974 0.33021805
vt 0.496389 0.33021805
vt 0.49808592 0.33021805
vt 0.49950302 0.33021805
vt 0.5005692 0.33021805
vt 0.50123113 0.33021805
vt 0.5015052 0.33626166
vt 0.47127986 0.33626166
vt 0.4706151 0.33626166
vt 0.46954423 0.33626166
vt 0.46812096 0.33626166
vt 0.46641672 0.33626166
vt 0.46451688 0.33626166
vt 0.46251675 0.33626166
vt 0.46051666 0.33626166
vt 0.45861682 0.33626166
vt 0.45691255 0.33626166
vt 0.4554893 0.33626166
vt 0.45441845 0.33626166
vt 0.45375368 0.33626166
vt 0.4535283 0.33626166
vt 0.48375368 0.33626166
vt 0.48441845 0.33626166
vt 0.4854893 0.33626166
vt 0.48691255 0.33626166
vt 0.48861682 0.33626166
vt 0.49051666 0.33626166
vt 0.49251676 0.33626166
vt 0.49451688 0.33626166
vt 0.49641672 0.33626166
vt 0.49812096 0.33626166
vt 0.49954423 0.33626166
vt 0.50061506 0.33626166
vt 0.50127983 0.33626166
vt 0.5015549 0.34230527
vt 0.47132856 0.34230527
vt 0.47066092 0.34230527
vt 0.46958542 0.34230527
vt 0.46815604 0.34230527
vt 0.4664444 0.34230527
vt 0.4645364 0.34230527
vt 0.46252763 0.34230527
vt 0.46051887 0.34230527
vt 0.45861086 0.34230527
vt 0.45689923 0.34230527
vt 0.45546985 0.34230527
vt 0.45439434 0.34230527
vt 0.4537267 0.34230527
vt 0.45350036 0.34230527
vt 0.4837267 0.34230527
vt 0.48439434 0.34230527
vt 0.48546985 0.34230527
vt 0.48689923 0.34230527
vt 0.48861086 0.34230527
vt 0.49051887 0.34230527
vt 0.49252763 0.34230527
vt 0.4945364 0.34230527
vt 0.4964444 0.34230527
vt 0.49815604 0.34230527
vt 0.49958542 0.34230527
vt 0.5006609 0.34230527
vt 0.5013286 0.34230527
vt 0.50160456 0.3483489
vt 0.47137725 0.3483489
vt 0.47070676 0.3483489
vt 0.46962664 0.3483489
vt 0.46819112 0.3483489
vt 0.46647212 0.3483489
vt 0.4645559 0.3483489
vt 0.4625385 0.3483489
vt 0.4605211 0.3483489
vt 0.45860487 0.3483489
vt 0.4568859 0.3483489
vt 0.45545036 0.3483489
vt 0.45437026 0.3483489
vt 0.45369974 0.3483489
vt 0.45347244 0.3483489
vt 0.48369974 0.3483489
vt 0.48437026 0.3483489
vt 0.48545036 0.3483489
vt 0.4868859 0.3483489
vt 0.48860487 0.3483489
vt 0.4905211 0.3483489
vt 0.4925385 0.3483489
vt 0.4945559 0.3483489
vt 0.49647212 0.3483489
vt 0.4981911 0.3483489
vt 0.49962664 0.3483489
vt 0.50070673 0.3483489
vt 0.5013773 0.3483489
vt 0.50165427 0.3543925
vt 0.47142598 0.3543925
vt 0.47075257 0.3543925
vt 0.46966785 0.3543925
vt 0.46822616 0.3543925
vt 0.46649984 0.3543925
vt 0.46457538 0.3543925
vt 0.46254936 0.3543925
vt 0.46052334 0.3543925
vt 0.4585989 0.3543925
vt 0.45687255 0.3543925
vt 0.4554309 0.3543925
vt 0.45434615 0.3543925
vt 0.45367277 0.3543925
vt 0.45344448 0.3543925
vt 0.48367277 0.3543925
vt 0.48434615 0.3543925
vt 0.4854309 0.3543925
vt 0.48687255 0.3543925
vt 0.4885989 0.3543925
vt 0.49052334 0.3543925
vt 0.49254936 0.3543925
vt 0.49457538 0.3543925
vt 0.49649984 0.3543925
vt 0.49822617 0.3543925
vt 0.49966785 0.3543925
vt 0.50075257 0.3543925
vt 0.501426 0.3543925
vt 0.5017039 0.3604361
vt 0.47147468 0.3604361
vt 0.4707984 0.3604361
vt 0.46970907 0.3604361
vt 0.46826124 0.3604361
vt 0.46652752 0.3604361
vt 0.4645949 0.3604361
vt 0.46256024 0.3604361
vt 0.46052557 0.3604361
vt 0.45859292 0.3604361
vt 0.45685923 0.3604361
vt 0.4554114 0.3604361
vt 0.45432204 0.3604361
vt 0.4536458 0.3604361
vt 0.45341656 0.3604361
vt 0.4836458 0.3604361
vt 0.48432204 0.3604361
vt 0.4854114 0.3604361
vt 0.48685923 0.3604361
vt 0.48859292 0.3604361
vt 0.49052557 0.3604361
vt 0.49256024 0.3604361
vt 0.4945949 0.3604361
vt 0.49652752 0.3604361
vt 0.49826124 0.3604361
vt 0.49970907 0.3604361
vt 0.5007984 0.3604361
vt 0.5014747 0.3604361
vt 0.5017536 0.3664797
vt 0.47152337 0.3664797
vt 0.47084424 0.3664797
vt 0.46975026 0.3664797
vt 0.4682963 0.3664797
vt 0.46655524 0.3664797
vt 0.4646144 0.3664797
vt 0.4625711 0.3664797
vt 0.4605278 0.3664797
vt 0.45858696 0.3664797
vt 0.4568459 0.3664797
vt 0.45539194 0.3664797
vt 0.45429796 0.3664797
vt 0.45361882 0.3664797
vt 0.4533886 0.3664797
vt 0.48361883 0.3664797
vt 0.48429796 0.3664797
vt 0.48539194 0.3664797
vt 0.4868459 0.3664797
vt 0.48858696 0.3664797
vt 0.4905278 0.3664797
vt 0.4925711 0.3664797
vt 0.4946144 0.3664797
vt 0.49655524 0.3664797
vt 0.4982963 0.3664797
vt 0.49975026 0.3664797
vt 0.50084424 0.3664797
vt 0.5015234 0.3664797
vt 0.5018033 0.3725233
vt 0.47157207 0.3725233
vt 0.47089007 0.3725233
vt 0.46979147 0.3725233
vt 0.46833137 0.3725233
vt 0.46658295 0.3725233
vt 0.4646339 0.3725233
vt 0.46258196 0.3725233
vt 0.46053004 0.3725233
vt 0.458581 0.3725233
vt 0.4568326 0.3725233
vt 0.45537245 0.3725233
vt 0.45427385 0.3725233
vt 0.45359185 0.3725233
vt 0.45336065 0.3725233
vt 0.48359185 0.3725233
vt 0.48427385 0.3725233
vt 0.48537245 0.3725233
vt 0.48683256 0.3725233
vt 0.488581 0.3725233
vt 0.49053004 0.3725233
vt 0.49258196 0.3725233
vt 0.4946339 0.3725233
vt 0.49658296 0.3725233
vt 0.49833137 0.3725233
vt 0.49979147 0.3725233
vt 0.5008901 0.3725233
vt 0.5015721 0.3725233
vt 0.5018529 0.37856692
vt 0.4716208 0.37856692
vt 0.4709359 0.37856692
vt 0.4698327 0.37856692
vt 0.4683664 0.37856692
vt 0.46661064 0.37856692
vt 0.4646534 0.37856692
vt 0.46259284 0.37856692
vt 0.46053228 0.37856692
vt 0.458575 0.37856692
vt 0.45681924 0.37856692
vt 0.455353 0.37856692
vt 0.45424974 0.37856692
vt 0.45356488 0.37856692
vt 0.45333272 0.37856692
vt 0.48356488 0.37856692
vt 0.48424974 0.37856692
vt 0.485353 0.37856692
vt 0.48681924 0.37856692
vt 0.488575 0.37856692
vt 0.49053225 0.37856692
vt 0.49259284 0.37856692
vt 0.4946534 0.37856692
vt 0.49661064 0.37856692
vt 0.49836642 0.37856692
vt 0.4998327 0.37856692
vt 0.5009359 0.37856692
vt 0.50162077 0.37856692
vt 0.50190264 0.38461053
vt 0.4716695 0.38461053
vt 0.47098175 0.38461053
vt 0.4698739 0.38461053
vt 0.4684015 0.38461053
vt 0.46663836 0.38461053
vt 0.4646729 0.38461053
vt 0.4626037 0.38461053
vt 0.46053448 0.38461053
vt 0.45856905 0.38461053
vt 0.4568059 0.38461053
vt 0.4553335 0.38461053
vt 0.45422566 0.38461053
vt 0.4535379 0.38461053
vt 0.45330477 0.38461053
vt 0.4835379 0.38461053
vt 0.48422566 0.38461053
vt 0.4853335 0.38461053
vt 0.48680592 0.38461053
vt 0.48856905 0.38461053
vt 0.49053448 0.38461053
vt 0.4926037 0.38461053
vt 0.4946729 0.38461053
vt 0.49663836 0.38461053
vt 0.4984015 0.38461053
vt 0.4998739 0.38461053
vt 0.50098175 0.38461053
vt 0.50166947 0.38461053
vt 0.5019523 0.39065415
vt 0.4717182 0.39065415
vt 0.47102758 0.39065415
vt 0.46991512 0.39065415
vt 0.46843657 0.39065415
vt 0.46666607 0.39065415
vt 0.4646924 0.39065415
vt 0.46261457 0.39065415
vt 0.46053672 0.39065415
vt 0.45856306 0.39065415
vt 0.4567926 0.39065415
vt 0.45531404 0.39065415
vt 0.45420155 0.39065415
vt 0.45351094 0.39065415
vt 0.4532768 0.39065415
vt 0.48351094 0.39065415
vt 0.48420155 0.39065415
vt 0.48531404 0.39065415
vt 0.4867926 0.39065415
vt 0.48856306 0.39065415
vt 0.49053672 0.39065415
vt 0.49261457 0.39065415
vt 0.49469241 0.39065415
vt 0.49666607 0.39065415
vt 0.49843654 0.39065415
vt 0.49991512 0.39065415
vt 0.5010276 0.39065415
vt 0.5017182 0.39065415
vt 0.502002 0.39669776
vt 0.4717669 0.39669776
vt 0.47107342 0.39669776
vt 0.4699563 0.39669776
vt 0.46847162 0.39669776
vt 0.46669376 0.39669776
vt 0.4647119 0.39669776
vt 0.46262544 0.39669776
vt 0.46053895 0.39669776
vt 0.4585571 0.39669776
vt 0.45677924 0.39669776
vt 0.45529455 0.39669776
vt 0.45417744 0.39669776
vt 0.45348397 0.39669776
vt 0.4532489 0.39669776
vt 0.48348397 0.39669776
vt 0.48417744 0.39669776
vt 0.48529455 0.39669776
vt 0.48677924 0.39669776
vt 0.4885571 0.39669776
vt 0.49053895 0.39669776
vt 0.49262545 0.39669776
vt 0.4947119 0.39669776
vt 0.49669376 0.39669776
vt 0.49847162 0.39669776
vt 0.4999563 0.39669776
vt 0.5010734 0.39669776
vt 0.5017669 0.39669776
vt 0.50205165 0.40274137
vt 0.47181562 0.40274137
vt 0.47111925 0.40274137
vt 0.46999753 0.40274137
vt 0.4685067 0.40274137
vt 0.46672148 0.40274137
vt 0.46473143 0.40274137
vt 0.4626363 0.40274137
vt 0.4605412 0.40274137
vt 0.45855114 0.40274137
vt 0.45676592 0.40274137
vt 0.4552751 0.40274137
vt 0.45415336 0.40274137
vt 0.453457 0.40274137
vt 0.45322093 0.40274137
vt 0.483457 0.40274137
vt 0.48415336 0.40274137
vt 0.48527506 0.40274137
vt 0.48676592 0.40274137
vt 0.48855114 0.40274137
vt 0.4905412 0.40274137
vt 0.4926363 0.40274137
vt 0.49473143 0.40274137
vt 0.49672148 0.40274137
vt 0.4985067 0.40274137
vt 0.49999753 0.40274137
vt 0.50111926 0.40274137
vt 0.5018156 0.40274137
vt 0.50210136 0.408785
vt 0.4718643 0.408785
vt 0.4711651 0.408785
vt 0.47003874 0.408785
vt 0.46854174 0.408785
vt 0.4667492 0.408785
vt 0.46475092 0.408785
vt 0.46264717 0.408785
vt 0.46054342 0.408785
vt 0.45854515 0.408785
vt 0.4567526 0.408785
vt 0.4552556 0.408785
vt 0.45412925 0.408785
vt 0.45343003 0.408785
vt 0.453193 0.408785
vt 0.48343003 0.408785
vt 0.48412925 0.408785
vt 0.4852556 0.408785
vt 0.4867526 0.408785
vt 0.48854515 0.408785
vt 0.49054343 0.408785
vt 0.49264717 0.408785
vt 0.49475092 0.408785
vt 0.4967492 0.408785
vt 0.49854174 0.408785
vt 0.50003874 0.408785
vt 0.5011651 0.408785
vt 0.5018643 0.408785
vt 0.502151 0.4148286
vt 0.471913 0.4148286
vt 0.47121093 0.4148286
vt 0.47007996 0.4148286
vt 0.46857682 0.4148286
vt 0.46677688 0.4148286
vt 0.46477044 0.4148286
vt 0.46265805 0.4148286
vt 0.46054566 0.4148286
vt 0.4585392 0.4148286
vt 0.45673925 0.4148286
vt 0.45523614 0.4148286
vt 0.45410514 0.4148286
vt 0.45340306 0.4148286
vt 0.45316505 0.4148286
vt 0.48340306 0.4148286
vt 0.48410514 0.4148286
vt 0.4852361 0.4148286
vt 0.48673925 0.4148286
vt 0.4885392 0.4148286
vt 0.49054566 0.4148286
vt 0.49265805 0.4148286
vt 0.49477044 0.4148286
vt 0.49677688 0.4148286
vt 0.49857682 0.4148286
vt 0.50007993 0.4148286
vt 0.5012109 0.4148286
vt 0.501913 0.4148286
vt 0.5022007 0.42087218
vt 0.4719617 0.42087218
vt 0.47125676 0.42087218
vt 0.47012115 0.42087218
vt 0.46861187 0.42087218
vt 0.4668046 0.42087218
vt 0.46478993 0.42087218
vt 0.4626689 0.42087218
vt 0.46054786 0.42087218
vt 0.4585332 0.42087218
vt 0.45672593 0.42087218
vt 0.45521665 0.42087218
vt 0.45408106 0.42087218
vt 0.45337608 0.42087218
vt 0.4531371 0.42087218
vt 0.4833761 0.42087218
vt 0.48408106 0.42087218
vt 0.48521665 0.42087218
vt 0.48672593 0.42087218
vt 0.4885332 0.42087218
vt 0.49054787 0.42087218
vt 0.4926689 0.42087218
vt 0.49478993 0.42087218
vt 0.4968046 0.42087218
vt 0.49861187 0.42087218
vt 0.5001212 0.42087218
vt 0.50125676 0.42087218
vt 0.5019617 0.42087218
vt 0.5022504 0.4269158
vt 0.4720104 0.4269158
vt 0.4713026 0.4269158
vt 0.47016236 0.4269158
vt 0.46864694 0.4269158
vt 0.4668323 0.4269158
vt 0.46480942 0.4269158
vt 0.46267977 0.4269158
vt 0.4605501 0.4269158
vt 0.45852724 0.4269158
vt 0.4567126 0.4269158
vt 0.45519716 0.4269158
vt 0.45405695 0.4269158
vt 0.4533491 0.4269158
vt 0.45310917 0.4269158
vt 0.4833491 0.4269158
vt 0.48405695 0.4269158
vt 0.48519716 0.4269158
vt 0.4867126 0.4269158
vt 0.48852724 0.4269158
vt 0.4905501 0.4269158
vt 0.49267977 0.4269158
vt 0.49480942 0.4269158
vt 0.4968323 0.4269158
vt 0.49864694 0.4269158
vt 0.50016236 0.4269158
vt 0.5013026 0.4269158
vt 0.5020104 0.4269158
vt 0.5023 0.4329594
vt 0.47205913 0.4329594
vt 0.4713484 0.4329594
vt 0.47020358 0.4329594
vt 0.46868202 0.4329594
vt 0.46686 0.4329594
vt 0.46482894 0.4329594
vt 0.46269062 0.4329594
vt 0.46055233 0.4329594
vt 0.45852128 0.4329594
vt 0.45669925 0.4329594
vt 0.4551777 0.4329594
vt 0.45403284 0.4329594
vt 0.45332214 0.4329594
vt 0.45308122 0.4329594
vt 0.48332214 0.4329594
vt 0.48403284 0.4329594
vt 0.4851777 0.4329594
vt 0.48669925 0.4329594
vt 0.48852128 0.4329594
vt 0.49055234 0.4329594
vt 0.49269062 0.4329594
vt 0.49482894 0.4329594
vt 0.49686 0.4329594
vt 0.49868202 0.4329594
vt 0.50020355 0.4329594
vt 0.50134844 0.4329594
vt 0.5020591 0.4329594
vt 0.50234973 0.43900302
vt 0.47210783 0.43900302
vt 0.47139424 0.43900302
vt 0.4702448 0.43900302
vt 0.46871707 0.43900302
vt 0.4668877 0.43900302
vt 0.46484843 0.43900302
vt 0.4627015 0.43900302
vt 0.46055457 0.43900302
vt 0.4585153 0.43900302
vt 0.45668593 0.43900302
vt 0.4551582 0.43900302
vt 0.45400876 0.43900302
vt 0.45329517 0.43900302
vt 0.45305327 0.43900302
vt 0.48329517 0.43900302
vt 0.48400876 0.43900302
vt 0.4851582 0.43900302
vt 0.48668593 0.43900302
vt 0.4885153 0.43900302
vt 0.49055457 0.43900302
vt 0.4927015 0.43900302
vt 0.49484843 0.43900302
vt 0.4968877 0.43900302
vt 0.49871707 0.43900302
vt 0.5002448 0.43900302
vt 0.5013943 0.43900302
vt 0.5021078 0.43900302
vt 0.5023994 0.44504663
vt 0.47215652 0.44504663
vt 0.47144008 0.44504663
vt 0.470286 0.44504663
vt 0.46875215 0.44504663
vt 0.46691543 0.44504663
vt 0.46486795 0.44504663
vt 0.46271238 0.44504663
vt 0.4605568 0.44504663
vt 0.45850933 0.44504663
vt 0.4566726 0.44504663
vt 0.45513874 0.44504663
vt 0.45398465 0.44504663
vt 0.4532682 0.44504663
vt 0.45302534 0.44504663
vt 0.4832682 0.44504663
vt 0.48398465 0.44504663
vt 0.48513874 0.44504663
vt 0.4866726 0.44504663
vt 0.48850933 0.44504663
vt 0.4905568 0.44504663
vt 0.49271238 0.44504663
vt 0.49486795 0.44504663
vt 0.49691543 0.44504663
vt 0.49875215 0.44504663
vt 0.500286 0.44504663
vt 0.5014401 0.44504663
vt 0.50215656 0.44504663
vt 0.46245158 0.3
vt 0.46271238 0.44504663
vt 0.0 1.0
vt 0.0625 0.0
vt 0.0 0.0
vt 0.0625 1.0
vt 0.125 0.0
vt 0.125 1.0
vt 0.1875 0.0
vt 0.1875 1.0
vt 0.25 0.0
vt 0.25 1.0
vt 0.3125 0.0
vt 0.3125 1.0
vt 0.375 0.0
vt 0.375 1.0
vt 0.4375 0.0
vt 0.4375 1.0
vt 0.5 0.0
vt 0.5 1.0
vt 0.5625 0.0
vt 0.5625 1.0
vt 0.625 0.0
vt 0.625 1.0
vt 0.6875 0.0
vt 0.6875 1.0
vt 0.75 0.0
vt 0.75 1.0
vt 0.8125 0.0
vt 0.8125 1.0
vt 0.875 0.0
vt 0.875 1.0
vt 0.9375 0.0
vt 0.9375 1.0
vt 1.0 0.0
vt 1.0 1.0
vt 1.0 0.5
vt 0.96193975 0.6913417
vt 0.5 0.5
vt 0.8535534 0.8535534
vt 0.5 0.5
vt 0.6913417 0.96193975
vt 0.5 0.5
vt 0.5 1.0
vt 0.5 0.5
vt 0.30865827 0.96193975
vt 0.5 0.5
vt 0.14644662 0.8535534
vt 0.5 0.5
vt 0.038060233 0.6913417
vt 0.5 0.5
vt 0.0 0.5
vt 0.5 0.5
vt 0.038060233 0.30865827
vt 0.5 0.5
vt 0.14644662 0.14644662
vt 0.5 0.5
vt 0.30865827 0.038060233
vt 0.5 0.5
vt 0.5 0.0
vt 0.5 0.5
vt 0.6913417 0.038060233
vt 0.5 0.5
vt 0.8535534 0.14644662
vt 0.5 0.5
vt 0.96193975 0.30865827
vt 0.5 0.5
vt 1.0 0.5
vt 0.5 0.5
vt 1.0 0.5
vt 0.96193975 0.6913417
vt 0.5 0.5
vt 0.8535534 0.8535534
vt 0.5 0.5
vt 0.6913417 0.96193975
vt 0.5 0.5
vt 0.5 1.0
vt 0.5 0.5
vt 0.30865827 0.96193975
vt 0.5 0.5
vt 0.14644662 0.8535534
vt 0.5 0.5
vt 0.038060233 0.6913417
vt 0.5 0.5
vt 0.0 0.5
vt 0.5 0.5
vt 0.038060233 0.30865827
vt 0.5 0.5
vt 0.14644662 0.14644662
vt 0.5 0.5
vt 0.30865827 0.038060233
vt 0.5 0.5
vt 0.5 0.0
vt 0.5 0.5
vt 0.6913417 0.038060233
vt 0.5 0.5
vt 0.8535534 0.14644662
vt 0.5 0.5
vt 0.96193975 0.30865827
vt 0.5 0.5
vt 1.0 0.5
vt 0.5 0.5
vt 0.0 1.0
vt 0.0625 0.0
vt 0.0 0.0
vt 0.0625 1.0
vt 0.125 0.0
vt 0.125 1.0
vt 0.1875 0.0
vt 0.1875 1.0
vt 0.25 0.0
vt 0.25 1.0
vt 0.3125 0.0
vt 0.3125 1.0
vt 0.375 0.0
vt 0.375 1.0
vt 0.4375 0.0
vt 0.4375 1.0
vt 0.5 0.0
vt 0.5 1.0
vt 0.5625 0.0
vt 0.5625 1.0
vt 0.625 0.0
vt 0.625 1.0
vt 0.6875 0.0
vt 0.6875 1.0
vt 0.75 0.0
vt 0.75 1.0
vt 0.8125 0.0
vt 0.8125 1.0
vt 0.875 0.0
vt 0.875 1.0
vt 0.9375 0.0
vt 0.9375 1.0
vt 1.0 0.0
vt 1.0 1.0
vt 1.0 0.5
vt 0.96193975 0.6913417
vt 0.5 0.5
vt 0.8535534 0.8535534
vt 0.5 0.5
vt 0.6913417 0.96193975
vt 0.5 0.5
vt 0.5 1.0
vt 0.5 0.5
vt 0.30865827 0.96193975
vt 0.5 0.5
vt 0.14644662 0.8535534
vt 0.5 0.5
vt 0.038060233 0.6913417
vt 0.5 0.5
vt 0.0 0.5
vt 0.5 0.5
vt 0.038060233 0.30865827
vt 0.5 0.5
vt 0.14644662 0.14644662
vt 0.5 0.5
vt 0.30865827 0.038060233
vt 0.5 0.5
vt 0.5 0.0
vt 0.5 0.5
vt 0.6913417 0.038060233
vt 0.5 0.5
vt 0.8535534 0.14644662
vt 0.5 0.5
vt 0.96193975 0.30865827
vt 0.5 0.5
vt 1.0 0.5
vt 0.5 0.5
vt 1.0 0.5
vt 0.96193975 0.6913417
vt 0.5 0.5
vt 0.8535534 0.8535534
vt 0.5 0.5
vt 0.6913417 0.96193975
vt 0.5 0.5
vt 0.5 1.0
vt 0.5 0.5
vt 0.30865827 0.96193975
vt 0.5 0.5
vt 0.14644662 0.8535534
vt 0.5 0.5
vt 0.038060233 0.6913417
vt 0.5 0.5
vt 0.0 0.5
vt 0.5 0.5
vt 0.038060233 0.30865827
vt 0.5 0.5
vt 0.14644662 0.14644662
vt 0.5 0.5
vt 0.30865827 0.038060233
vt 0.5 0.5
vt 0.5 0.0
vt 0.5 0.5
vt 0.6913417 0.038060233
vt 0.5 0.5
vt 0.8535534 0.14644662
vt 0.5 0.5
vt 0.96193975 0.30865827
vt 0.5 0.5
vt 1.0 0.5
vt 0.5 0.5
vn -0.6909633 -0.71111536 0.12994105
vn 0.6634328 -0.7359821 0.13485992
vn -0.41351274 -0.8566908 0.30836353
vn 0.88363093 -0.44411024 0.14819738
vn 0.7002782 -0.7019854 0.12971836
vn 0.8998106 -0.41174567 0.14424427
vn 0.72971344 -0.6721406 0.1254801
vn 0.9129162 -0.38464284 0.136506
vn 0.7613792 -0.6372175 0.11939696
vn 0.92504764 -0.35836208 0.12595044
vn 0.79207295 -0.6003055 0.11069649
vn 0.9355232 -0.33480844 0.11269265
vn 0.818709 -0.5657418 0.09824349
vn 0.94378227 -0.31640056 0.09573776
vn 0.8379688 -0.5398474 0.07983126
vn 0.948839 -0.3072529 0.07280237
vn 0.84365034 -0.5343402 0.052293662
vn 0.9481795 -0.3151193 0.040688414
vn 0.8242212 -0.56611884 0.012996247
vn 0.9362679 -0.35126513 -0.0038934273
vn 0.76262605 -0.6457716 -0.03715498
vn 0.9020095 -0.42705134 -0.063293524
vn 0.6448671 -0.75890064 -0.090642914
vn 0.8249979 -0.54811317 -0.13766056
vn 0.4774237 -0.86810917 -0.13584203
vn 0.6717594 -0.7065762 -0.22246186
vn 0.28495327 -0.9441218 -0.16563739
vn 0.40336055 -0.8641496 -0.3009083
vn 0.09097487 -0.9795392 -0.17951743
vn 0.043464687 -0.9393849 -0.34009832
vn -0.09313884 -0.9793129 -0.17964254
vn -0.3301525 -0.8886081 -0.31839433
vn -0.29170394 -0.94209254 -0.1654401
vn -0.62977177 -0.7373179 -0.24443763
vn -0.48883325 -0.8619976 -0.13417213
vn -0.8057583 -0.57099634 -0.15721573
vn -0.65745217 -0.7484786 -0.086812556
vn -0.8939829 -0.44111907 -0.07879417
vn -0.7714894 -0.6354345 -0.032047875
vn -0.93311197 -0.35924935 -0.015553698
vn -0.8277907 -0.5607555 0.017772619
vn -0.9470859 -0.31935894 0.03221946
vn -0.8431365 -0.53479964 0.055768903
vn -0.94873154 -0.30895656 0.06674027
vn -0.83515275 -0.5439004 0.0818066
vn -0.94443107 -0.31577697 0.0912958
vn -0.8152645 -0.57057995 0.0989054
vn -0.9371803 -0.33129874 0.10924418
vn -0.789615 -0.6036086 0.11029463
vn -0.9283359 -0.350742 0.1231767
vn -0.7617818 -0.6369827 0.11807459
vn -0.91895765 -0.37072343 0.13446538
vn -0.73577636 -0.66593087 0.12316324
vn -0.9110355 -0.38659504 0.14338286
vn -0.7181604 -0.68443227 0.12569062
vn -0.909258 -0.38835767 0.14976057
vn -0.14644775 -0.46466473 0.8732925
vn 0.9819966 -0.09814938 0.16139813
vn 0.98405486 -0.08773082 0.15472344
vn 0.98621124 -0.080707304 0.14447743
vn 0.98847324 -0.0747652 0.13164665
vn 0.9907401 -0.069891244 0.11640134
vn 0.9930092 -0.066354804 0.0976203
vn 0.9952295 -0.06491443 0.07283145
vn 0.99699396 -0.06720795 0.03855044
vn 0.9970744 -0.07585802 -0.009390829
vn 0.9925854 -0.09452044 -0.07642057
vn 0.97647417 -0.12912546 -0.1726987
vn 0.9257624 -0.1935571 -0.32480702
vn 0.73147863 -0.32298946 -0.6005138
vn 0.014201202 -0.458504 -0.8885789
vn -0.7225894 -0.32060665 -0.61243445
vn -0.92421216 -0.19076402 -0.33081862
vn -0.9762296 -0.12628382 -0.17614803
vn -0.99260515 -0.09240895 -0.07871225
vn -0.997139 -0.074784175 -0.011008172
vn -0.99705565 -0.0669425 0.03739894
vn -0.9952893 -0.06491171 0.07201165
vn -0.99308944 -0.06603136 0.09702153
vn -0.99087524 -0.068736084 0.11593802
vn -0.9887144 -0.072187744 0.13127358
vn -0.98665386 -0.07563154 0.14420137
vn -0.98491895 -0.07765726 0.15460926
vn -0.9840629 -0.0741391 0.16162795
vn -0.011371632 -0.04568284 0.9988913
vn 0.9867404 -0.007652264 0.16212574
vn 0.98785615 -0.00722167 0.15520342
vn 0.9894392 -0.006767878 0.1447903
vn 0.99125266 -0.0063067996 0.13182698
vn 0.9931776 -0.0058768997 0.1164635
vn 0.99521506 -0.0055019907 0.09755359
vn 0.99734735 -0.0052204668 0.072601534
vn 0.99926084 -0.0051229494 0.038099546
vn 0.99993384 -0.0053697554 -0.010172128
vn 0.9969477 -0.006196675 -0.077825546
vn 0.984405 -0.007986646 -0.17573573
vn 0.9425725 -0.011638779 -0.33379886
vn 0.76813334 -0.019733112 -0.6399858
vn 0.0010844754 -0.029633729 -0.99956024
vn -0.76745373 -0.019588903 -0.64080495
vn -0.9424307 -0.011540285 -0.33420244
vn -0.9843642 -0.007909435 -0.17596751
vn -0.9969359 -0.006143881 -0.07798077
vn -0.9999329 -0.005342913 -0.010282179
vn -0.9992638 -0.005115351 0.038021155
vn -0.9973514 -0.005220037 0.07254576
vn -0.9952191 -0.0054964363 0.097512715
vn -0.99318147 -0.005855771 0.11643135
vn -0.9912566 -0.006258336 0.13179994
vn -0.9894432 -0.0066708154 0.14476769
vn -0.98786014 -0.0070267515 0.15518701
vn -0.98674506 -0.007184323 0.16211903
vn -0.008624947 -0.036743585 0.9992875
vn 0.9867519 -0.0059641376 0.16212672
vn 0.987866 -0.005726987 0.15520291
vn 0.98944783 -0.0053985487 0.14478877
vn 0.99126023 -0.005040847 0.13182466
vn 0.99318427 -0.0046941903 0.11646034
vn 0.9952211 -0.0043781665 0.097549185
vn 0.997353 -0.0041177464 0.072595164
vn 0.9992664 -0.003974547 0.038090266
vn 0.99993986 -0.004062729 -0.010185496
vn 0.9969551 -0.0045532705 -0.07784499
vn 0.9844153 -0.005720262 -0.17576645
vn 0.94258744 -0.008191989 -0.333859
vn 0.7681279 -0.013755569 -0.64014864
vn 0.0008223924 -0.020678574 -0.99978584
vn -0.76761085 -0.013767282 -0.6407683
vn -0.9424791 -0.008197185 -0.33416468
vn -0.9843839 -0.0057226927 -0.17594211
vn -0.99694586 -0.004554397 -0.07796266
vn -0.999939 -0.004063094 -0.010268931
vn -0.99926865 -0.003974458 0.03803083
vn -0.99735606 -0.004117417 0.072552875
vn -0.9952241 -0.0043777283 0.0975182
vn -0.9931871 -0.0046936967 0.11643595
vn -0.991263 -0.0050403182 0.13180411
vn -0.9894504 -0.0053980253 0.14477155
vn -0.987868 -0.0057265605 0.15519032
vn -0.9867528 -0.0059639392 0.1621212
vn -0.008587547 -0.036743596 0.99928784
vn 0.9867519 -0.005964137 0.1621267
vn 0.98786604 -0.005726986 0.15520288
vn 0.9894479 -0.0053985473 0.14478873
vn 0.99126023 -0.005040846 0.13182461
vn 0.99318427 -0.004694189 0.116460286
vn 0.9952211 -0.0043781656 0.09754912
vn 0.997353 -0.0041177454 0.07259507
vn 0.9992664 -0.003974547 0.038090136
vn 0.99993986 -0.0040627294 -0.010185677
vn 0.99695504 -0.0045532733 -0.077845246
vn 0.98441523 -0.0057202675 -0.17576684
vn 0.9425872 -0.008192 -0.33385968
vn 0.7681268 -0.013755594 -0.64015
vn 0.0008188261 -0.020678574 -0.99978584
vn -0.767612 -0.013767256 -0.640767
vn -0.9424793 -0.0081971735 -0.33416402
vn -0.98438394 -0.0057226876 -0.17594174
vn -0.9969459 -0.004554394 -0.077962406
vn -0.999939 -0.0040630936 -0.010268751
vn -0.99926865 -0.003974458 0.03803096
vn -0.99735606 -0.0041174176 0.07255297
vn -0.9952241 -0.0043777293 0.097518265
vn -0.9931871 -0.0046936977 0.116436005
vn -0.991263 -0.0050403196 0.13180415
vn -0.9894504 -0.0053980267 0.14477158
vn -0.987868 -0.0057265614 0.15519033
vn -0.9867528 -0.0059639392 0.16212122
vn -0.008550471 -0.036743607 0.99928814
vn 0.9867519 -0.005964137 0.1621267
vn 0.98786604 -0.005726985 0.15520285
vn 0.9894479 -0.0053985463 0.1447887
vn 0.99126023 -0.005040845 0.13182457
vn 0.99318427 -0.004694188 0.116460234
vn 0.9952211 -0.0043781647 0.09754905
vn 0.997353 -0.004117745 0.07259498
vn 0.9992664 -0.0039745467 0.03809001
vn 0.99993986 -0.0040627304 -0.010185855
vn 0.99695504 -0.0045532756 -0.0778455
vn 0.9844151 -0.0057202727 -0.17576721
vn 0.94258696 -0.008192011 -0.33386034
vn 0.7681257 -0.0137556195 -0.6401513
vn 0.0008152906 -0.020678574 -0.99978584
vn -0.7676131 -0.013767231 -0.6407656
vn -0.94247955 -0.008197162 -0.33416337
vn -0.984384 -0.005722682 -0.17594135
vn -0.9969459 -0.004554392 -0.07796215
vn -0.999939 -0.0040630926 -0.010268571
vn -0.99926865 -0.003974458 0.038031086
vn -0.99735606 -0.0041174185 0.07255306
vn -0.9952241 -0.00437773 0.09751833
vn -0.99318707 -0.004693699 0.11643606
vn -0.991263 -0.0050403206 0.1318042
vn -0.9894504 -0.0053980276 0.14477162
vn -0.987868 -0.0057265623 0.15519036
vn -0.9867528 -0.0059639397 0.16212124
vn -0.008513712 -0.03674362 0.99928844
vn 0.9867519 -0.0059641367 0.16212669
vn 0.98786604 -0.0057269842 0.15520282
vn 0.9894479 -0.005398545 0.14478865
vn 0.99126023 -0.0050408435 0.13182452
vn 0.99318427 -0.004694187 0.11646018
vn 0.9952211 -0.0043781637 0.09754899
vn 0.997353 -0.004117744 0.07259489
vn 0.9992664 -0.0039745467 0.038089883
vn 0.99993986 -0.0040627313 -0.010186033
vn 0.99695504 -0.004553278 -0.07784575
vn 0.98441505 -0.005720278 -0.17576759
vn 0.9425867 -0.008192022 -0.33386096
vn 0.7681246 -0.013755645 -0.64015263
vn 0.00081178546 -0.020678574 -0.99978584
vn -0.7676142 -0.013767206 -0.6407643
vn -0.9424797 -0.008197151 -0.3341627
vn -0.98438406 -0.005722677 -0.17594098
vn -0.9969459 -0.0045543895 -0.0779619
vn -0.999939 -0.0040630917 -0.010268393
vn -0.99926865 -0.0039744587 0.038031213
vn -0.99735606 -0.004117419 0.07255315
vn -0.9952241 -0.004377731 0.09751839
vn -0.99318707 -0.0046937 0.11643611
vn -0.991263 -0.0050403215 0.13180424
vn -0.9894504 -0.005398029 0.14477165
vn -0.987868 -0.0057265633 0.1551904
vn -0.9867528 -0.00596394 0.16212124
vn -0.00847727 -0.03674363 0.9992888
vn 0.9867519 -0.005964136 0.16212668
vn 0.98786604 -0.0057269833 0.1552028
vn 0.9894479 -0.005398544 0.14478862
vn 0.99126023 -0.0050408426 0.13182448
vn 0.99318427 -0.004694186 0.11646013
vn 0.9952211 -0.004378163 0.097548924
vn 0.997353 -0.0041177436 0.0725948
vn 0.99926645 -0.0039745467 0.038089756
vn 0.99993986 -0.0040627318 -0.010186209
vn 0.996955 -0.0045532803 -0.077846
vn 0.984415 -0.005720283 -0.17576796
vn 0.9425865 -0.0081920335 -0.33386162
vn 0.7681235 -0.013755669 -0.64015394
vn 0.00080831035 -0.020678574 -0.99978584
vn -0.7676153 -0.013767182 -0.640763
vn -0.94247997 -0.00819714 -0.33416206
vn -0.9843842 -0.0057226717 -0.1759406
vn -0.996946 -0.004554387 -0.07796165
vn -0.999939 -0.0040630912 -0.010268217
vn -0.99926865 -0.0039744587 0.03803134
vn -0.99735606 -0.00411742 0.07255324
vn -0.99522406 -0.004377732 0.09751846
vn -0.99318707 -0.004693701 0.11643616
vn -0.991263 -0.005040323 0.13180429
vn -0.98945034 -0.00539803 0.1447717
vn -0.98786795 -0.005726564 0.15519042
vn -0.9867528 -0.0059639406 0.16212125
vn -0.008441137 -0.03674364 0.9992891
vn 0.9867519 -0.0059641358 0.16212666
vn 0.98786604 -0.0057269824 0.15520278
vn 0.9894479 -0.005398543 0.14478858
vn 0.9912603 -0.005040841 0.13182443
vn 0.99318427 -0.0046941848 0.11646008
vn 0.9952211 -0.004378162 0.09754886
vn 0.997353 -0.0041177426 0.07259471
vn 0.99926645 -0.003974546 0.038089633
vn 0.99993986 -0.0040627327 -0.010186384
vn 0.996955 -0.0045532826 -0.077846244
vn 0.98441494 -0.005720288 -0.17576833
vn 0.94258624 -0.008192045 -0.33386227
vn 0.76812243 -0.013755694 -0.64015526
vn 0.00080486486 -0.020678574 -0.99978584
vn -0.7676164 -0.013767157 -0.6407617
vn -0.9424802 -0.008197129 -0.33416143
vn -0.98438424 -0.0057226666 -0.17594023
vn -0.996946 -0.004554385 -0.07796141
vn -0.999939 -0.0040630903 -0.010268042
vn -0.99926865 -0.003974459 0.038031466
vn -0.99735606 -0.0041174204 0.07255333
vn -0.99522406 -0.004377733 0.097518526
vn -0.99318707 -0.004693702 0.11643621
vn -0.9912629 -0.005040324 0.13180433
vn -0.98945034 -0.005398031 0.14477172
vn -0.98786795 -0.005726565 0.15519045
vn -0.9867528 -0.005963941 0.16212127
vn -0.008405311 -0.036743652 0.9992894
vn 0.9867519 -0.0059641353 0.16212665
vn 0.98786604 -0.0057269814 0.15520275
vn 0.9894479 -0.0053985417 0.14478855
vn 0.9912603 -0.0050408402 0.13182439
vn 0.99318427 -0.004694184 0.116460025
vn 0.99522114 -0.004378161 0.09754879
vn 0.997353 -0.004117742 0.07259462
vn 0.99926645 -0.003974546 0.03808951
vn 0.99993986 -0.0040627336 -0.010186558
vn 0.996955 -0.004553285 -0.07784649
vn 0.9844149 -0.005720293 -0.17576869
vn 0.94258606 -0.008192055 -0.3338629
vn 0.76812136 -0.013755718 -0.6401565
vn 0.00080144865 -0.020678574 -0.99978584
vn -0.76761746 -0.013767133 -0.6407604
vn -0.94248044 -0.0081971185 -0.33416077
vn -0.9843843 -0.0057226615 -0.17593987
vn -0.996946 -0.0045543825 -0.07796116
vn -0.999939 -0.0040630894 -0.010267869
vn -0.99926865 -0.003974459 0.03803159
vn -0.99735606 -0.0041174213 0.07255342
vn -0.99522406 -0.004377734 0.09751859
vn -0.99318707 -0.0046937033 0.116436265
vn -0.9912629 -0.005040325 0.13180438
vn -0.98945034 -0.0053980323 0.14477175
vn -0.98786795 -0.005726566 0.15519047
vn -0.9867528 -0.0059639416 0.16212128
vn -0.0083697885 -0.036743663 0.9992897
vn 0.9867519 -0.005964135 0.16212665
vn 0.98786604 -0.0057269805 0.15520272
vn 0.9894479 -0.0053985408 0.14478852
vn 0.9912603 -0.0050408393 0.13182436
vn 0.99318427 -0.004694183 0.11645998
vn 0.99522114 -0.0043781605 0.09754873
vn 0.997353 -0.0041177412 0.07259454
vn 0.99926645 -0.0039745457 0.038089387
vn 0.99993986 -0.004062734 -0.01018673
vn 0.9969549 -0.0045532873 -0.077846736
vn 0.9844148 -0.005720298 -0.17576906
vn 0.9425858 -0.008192066 -0.33386353
vn 0.7681203 -0.013755742 -0.6401578
vn 0.0007980613 -0.020678574 -0.99978584
vn -0.76761854 -0.013767108 -0.6407591
vn -0.9424807 -0.008197107 -0.33416015
vn -0.98438436 -0.005722657 -0.17593952
vn -0.99694604 -0.00455438 -0.07796092
vn -0.999939 -0.004063089 -0.010267697
vn -0.99926865 -0.003974459 0.038031712
vn -0.997356 -0.004117422 0.0725535
vn -0.99522406 -0.004377735 0.09751865
vn -0.99318707 -0.004693704 0.11643632
vn -0.9912629 -0.005040326 0.13180442
vn -0.98945034 -0.005398033 0.1447718
vn -0.98786795 -0.0057265665 0.1551905
vn -0.9867528 -0.005963942 0.16212128
vn -0.008334565 -0.036743674 0.99929
vn 0.9867519 -0.0059641344 0.16212663
vn 0.98786604 -0.0057269796 0.1552027
vn 0.9894479 -0.00539854 0.14478847
vn 0.9912603 -0.005040838 0.13182431
vn 0.99318427 -0.004694182 0.11645993
vn 0.99522114 -0.0043781595 0.09754866
vn 0.997353 -0.004117741 0.07259445
vn 0.99926645 -0.0039745457 0.038089264
vn 0.99993986 -0.004062735 -0.0101869
vn 0.9969549 -0.0045532896 -0.077846974
vn 0.98441476 -0.005720303 -0.17576942
vn 0.9425856 -0.008192076 -0.33386415
vn 0.7681192 -0.013755766 -0.6401591
vn 0.00079470244 -0.020678574 -0.99978584
vn -0.76761955 -0.013767085 -0.64075786
vn -0.94248086 -0.008197097 -0.33415952
vn -0.9843844 -0.0057226517 -0.17593916
vn -0.99694604 -0.004554378 -0.07796068
vn -0.999939 -0.004063088 -0.010267527
vn -0.99926865 -0.0039744596 0.03803183
vn -0.997356 -0.0041174227 0.07255359
vn -0.99522406 -0.004377736 0.09751872
vn -0.99318707 -0.004693705 0.11643636
vn -0.9912629 -0.005040327 0.13180445
vn -0.98945034 -0.005398034 0.14477183
vn -0.98786795 -0.0057265675 0.15519053
vn -0.9867528 -0.0059639425 0.1621213
vn -0.008299636 -0.036743686 0.9992902
vn 0.9867519 -0.005964134 0.16212662
vn 0.98786604 -0.0057269786 0.15520267
vn 0.9894479 -0.0053985384 0.14478844
vn 0.9912603 -0.005040837 0.13182427
vn 0.9931843 -0.004694181 0.11645988
vn 0.99522114 -0.0043781586 0.097548604
vn 0.9973531 -0.00411774 0.07259437
vn 0.99926645 -0.0039745457 0.038089145
vn 0.99993986 -0.004062736 -0.010187069
vn 0.9969549 -0.004553292 -0.07784721
vn 0.9844147 -0.005720308 -0.17576978
vn 0.9425854 -0.008192087 -0.33386478
vn 0.7681182 -0.01375579 -0.6401603
vn 0.00079137174 -0.020678574 -0.99978584
vn -0.7676206 -0.013767061 -0.6407566
vn -0.9424811 -0.008197087 -0.3341589
vn -0.9843845 -0.0057226466 -0.1759388
vn -0.99694604 -0.0045543755 -0.07796044
vn -0.999939 -0.0040630875 -0.010267357
vn -0.9992686 -0.0039744596 0.03803195
vn -0.997356 -0.004117423 0.07255367
vn -0.99522406 -0.0043777367 0.09751878
vn -0.99318707 -0.004693706 0.116436414
vn -0.9912629 -0.0050403285 0.1318045
vn -0.98945034 -0.0053980355 0.14477186
vn -0.98786795 -0.0057265684 0.15519054
vn -0.9867528 -0.005963943 0.16212131
vn -0.008264999 -0.036743697 0.9992905
vn 0.9867519 -0.0059641334 0.1621266
vn 0.98786604 -0.0057269777 0.15520264
vn 0.9894479 -0.0053985375 0.14478841
vn 0.9912603 -0.005040836 0.13182423
vn 0.9931843 -0.00469418 0.11645983
vn 0.99522114 -0.0043781577 0.097548544
vn 0.9973531 -0.0041177394 0.07259428
vn 0.99926645 -0.0039745453 0.038089026
vn 0.99993986 -0.0040627364 -0.010187237
vn 0.99695486 -0.0045532943 -0.07784745
vn 0.98441464 -0.0057203127 -0.17577012
vn 0.9425852 -0.008192098 -0.33386537
vn 0.76811713 -0.013755813 -0.6401616
vn 0.00078806886 -0.020678574 -0.99978584
vn -0.76762164 -0.013767038 -0.64075536
vn -0.94248134 -0.008197076 -0.3341583
vn -0.98438454 -0.005722642 -0.17593844
vn -0.9969461 -0.004554373 -0.07796021
vn -0.999939 -0.0040630866 -0.01026719
vn -0.9992686 -0.00397446 0.03803207
vn -0.997356 -0.004117424 0.07255376
vn -0.99522406 -0.0043777376 0.09751884
vn -0.99318707 -0.004693707 0.11643646
vn -0.9912629 -0.0050403294 0.13180454
vn -0.98945034 -0.0053980364 0.1447719
vn -0.98786795 -0.0057265693 0.15519057
vn -0.9867528 -0.005963943 0.16212133
vn -0.00823065 -0.036743708 0.9992908
vn 0.9867519 -0.0059641334 0.1621266
vn 0.98786604 -0.0057269773 0.15520261
vn 0.9894479 -0.0053985366 0.14478837
vn 0.9912603 -0.005040835 0.13182418
vn 0.9931843 -0.0046941787 0.11645978
vn 0.99522114 -0.0043781567 0.09754848
vn 0.9973531 -0.004117739 0.072594196
vn 0.99926645 -0.0039745453 0.038088907
vn 0.99993986 -0.0040627373 -0.010187402
vn 0.99695486 -0.0045532966 -0.07784768
vn 0.9844146 -0.005720318 -0.17577048
vn 0.94258493 -0.008192108 -0.333866
vn 0.7681161 -0.0137558365 -0.6401628
vn 0.00078479346 -0.020678574 -0.99978584
vn -0.7676227 -0.013767014 -0.64075416
vn -0.9424815 -0.008197065 -0.33415768
vn -0.9843846 -0.005722637 -0.1759381
vn -0.9969461 -0.004554371 -0.07795997
vn -0.999939 -0.0040630857 -0.010267024
vn -0.9992686 -0.00397446 0.03803219
vn -0.997356 -0.0041174246 0.07255384
vn -0.99522406 -0.0043777386 0.097518906
vn -0.99318707 -0.004693708 0.11643651
vn -0.9912629 -0.0050403303 0.13180459
vn -0.98945034 -0.0053980374 0.14477193
vn -0.98786795 -0.0057265703 0.1551906
vn -0.9867528 -0.0059639434 0.16212133
vn -0.008196585 -0.03674372 0.9992911
vn 0.986752 -0.005964133 0.16212659
vn 0.98786604 -0.0057269763 0.1552026
vn 0.98944795 -0.0053985356 0.14478834
vn 0.9912603 -0.0050408337 0.13182415
vn 0.9931843 -0.004694178 0.116459735
vn 0.99522114 -0.004378156 0.09754842
vn 0.9973531 -0.004117738 0.07259411
vn 0.99926645 -0.003974545 0.03808879
vn 0.99993986 -0.004062738 -0.010187567
vn 0.99695486 -0.0045532985 -0.07784791
vn 0.9844145 -0.0057203225 -0.17577082
vn 0.94258475 -0.008192118 -0.3338666
vn 0.7681151 -0.01375586 -0.640164
vn 0.0007815451 -0.020678574 -0.99978584
vn -0.7676237 -0.013766991 -0.6407529
vn -0.94248176 -0.008197055 -0.33415708
vn -0.98438466 -0.005722632 -0.17593774
vn -0.9969461 -0.004554369 -0.07795974
vn -0.999939 -0.004063085 -0.010266859
vn -0.9992686 -0.00397446 0.03803231
vn -0.997356 -0.004117425 0.072553925
vn -0.99522406 -0.0043777395 0.097518966
vn -0.99318707 -0.004693709 0.116436556
vn -0.9912629 -0.0050403313 0.13180463
vn -0.98945034 -0.0053980383 0.14477196
vn -0.98786795 -0.005726571 0.15519063
vn -0.9867528 -0.005963944 0.16212134
vn -0.0081628 -0.036743727 0.99929136
vn 0.986752 -0.0059641325 0.16212657
vn 0.98786604 -0.0057269754 0.15520257
vn 0.98944795 -0.0053985342 0.14478831
vn 0.9912603 -0.005040833 0.1318241
vn 0.9931843 -0.004694177 0.11645968
vn 0.99522114 -0.004378155 0.09754836
vn 0.9973531 -0.0041177375 0.07259403
vn 0.99926645 -0.003974545 0.038088672
vn 0.99993986 -0.0040627387 -0.010187731
vn 0.99695486 -0.004553301 -0.077848144
vn 0.98441446 -0.005720327 -0.17577116
vn 0.9425845 -0.0081921285 -0.3338672
vn 0.7681141 -0.013755883 -0.64016527
vn 0.0007783236 -0.020678574 -0.9997859
vn -0.76762474 -0.013766968 -0.6407517
vn -0.94248194 -0.008197045 -0.33415648
vn -0.9843847 -0.0057226275 -0.1759374
vn -0.9969461 -0.0045543667 -0.07795951
vn -0.999939 -0.0040630843 -0.010266696
vn -0.9992686 -0.0039744605 0.038032424
vn -0.997356 -0.004117426 0.07255401
vn -0.99522406 -0.00437774 0.097519025
vn -0.993187 -0.00469371 0.11643661
vn -0.9912629 -0.0050403327 0.13180466
vn -0.98945034 -0.0053980397 0.14477201
vn -0.98786795 -0.0057265717 0.15519065
vn -0.9867528 -0.0059639444 0.16212136
vn -0.008129293 -0.036743738 0.99929166
vn 0.986752 -0.005964132 0.16212656
vn 0.98786604 -0.0057269745 0.15520254
vn 0.98944795 -0.0053985333 0.14478828
vn 0.9912603 -0.005040832 0.13182406
vn 0.9931843 -0.004694176 0.11645964
vn 0.99522114 -0.004378154 0.0975483
vn 0.9973531 -0.0041177366 0.07259394
vn 0.99926645 -0.003974545 0.038088556
vn 0.99993986 -0.004062739 -0.010187893
vn 0.9969548 -0.004553303 -0.077848375
vn 0.9844144 -0.005720332 -0.1757715
vn 0.94258434 -0.008192138 -0.3338678
vn 0.7681131 -0.013755905 -0.64016646
vn 0.0007751285 -0.020678574 -0.9997859
vn -0.76762575 -0.013766945 -0.64075047
vn -0.9424822 -0.008197036 -0.3341559
vn -0.9843848 -0.005722623 -0.17593706
vn -0.99694616 -0.0045543644 -0.07795928
vn -0.999939 -0.004063084 -0.010266533
vn -0.9992686 -0.0039744605 0.03803254
vn -0.997356 -0.0041174265 0.07255409
vn -0.995224 -0.004377741 0.097519085
vn -0.993187 -0.004693711 0.11643665
vn -0.9912629 -0.0050403336 0.1318047
vn -0.98945034 -0.0053980406 0.14477204
vn -0.98786795 -0.0057265726 0.15519068
vn -0.9867528 -0.005963945 0.16212137
vn -0.008096061 -0.03674375 0.9992919
vn 0.986752 -0.0059641316 0.16212656
vn 0.98786604 -0.0057269735 0.15520252
vn 0.98944795 -0.0053985324 0.14478824
vn 0.9912603 -0.005040831 0.13182403
vn 0.9931843 -0.004694175 0.11645959
vn 0.9952212 -0.0043781535 0.09754824
vn 0.9973531 -0.004117736 0.07259387
vn 0.99926645 -0.0039745444 0.038088445
vn 0.99993986 -0.00406274 -0.010188053
vn 0.9969548 -0.004553305 -0.0778486
vn 0.98441434 -0.0057203365 -0.17577185
vn 0.9425841 -0.008192148 -0.33386838
vn 0.76811206 -0.013755928 -0.64016765
vn 0.00077195955 -0.020678574 -0.9997859
vn -0.76762676 -0.013766923 -0.6407493
vn -0.9424824 -0.008197025 -0.3341553
vn -0.98438483 -0.005722618 -0.17593673
vn -0.99694616 -0.004554362 -0.07795905
vn -0.999939 -0.004063083 -0.010266373
vn -0.9992686 -0.0039744605 0.038032655
vn -0.997356 -0.0041174274 0.07255417
vn -0.995224 -0.004377742 0.097519144
vn -0.993187 -0.004693712 0.1164367
vn -0.9912629 -0.0050403345 0.13180475
vn -0.98945034 -0.0053980416 0.14477207
vn -0.98786795 -0.0057265735 0.15519069
vn -0.9867528 -0.0059639453 0.16212137
vn -0.008063098 -0.036743756 0.9992922
vn 0.986752 -0.005964131 0.16212654
vn 0.9878661 -0.005726973 0.1552025
vn 0.98944795 -0.0053985314 0.1447882
vn 0.99126035 -0.00504083 0.13182399
vn 0.9931843 -0.004694174 0.11645954
vn 0.9952212 -0.0043781525 0.09754818
vn 0.9973531 -0.0041177357 0.072593786
vn 0.99926645 -0.0039745444 0.03808833
vn 0.99993986 -0.0040627406 -0.010188213
vn 0.9969548 -0.0045533073 -0.07784883
vn 0.9844143 -0.005720341 -0.17577218
vn 0.9425839 -0.008192158 -0.33386895
vn 0.7681111 -0.01375595 -0.64016885
vn 0.0007688164 -0.020678574 -0.9997859
vn -0.7676277 -0.013766901 -0.64074814
vn -0.9424826 -0.008197015 -0.33415473
vn -0.9843849 -0.0057226135 -0.17593639
vn -0.99694616 -0.00455436 -0.07795883
vn -0.999939 -0.0040630824 -0.010266214
vn -0.9992686 -0.003974461 0.038032766
vn -0.997356 -0.004117428 0.07255425
vn -0.995224 -0.0043777428 0.097519204
vn -0.993187 -0.004693713 0.11643675
vn -0.99126285 -0.0050403355 0.13180478
vn -0.9894503 -0.0053980425 0.1447721
vn -0.98786795 -0.0057265745 0.15519072
vn -0.9867528 -0.0059639453 0.16212139
vn -0.008030403 -0.036743768 0.99929243
vn 0.986752 -0.005964131 0.16212653
vn 0.9878661 -0.005726972 0.15520248
vn 0.98944795 -0.0053985305 0.14478818
vn 0.99126035 -0.0050408286 0.13182394
vn 0.9931843 -0.004694173 0.1164595
vn 0.9952212 -0.0043781516 0.09754812
vn 0.9973531 -0.0041177347 0.072593704
vn 0.9992665 -0.0039745444 0.038088217
vn 0.99993986 -0.0040627415 -0.010188371
vn 0.99695474 -0.0045533096 -0.077849045
vn 0.9844142 -0.005720346 -0.17577252
vn 0.9425837 -0.008192168 -0.33386955
vn 0.7681101 -0.0137559725 -0.64017
vn 0.0007656987 -0.020678574 -0.9997859
vn -0.7676287 -0.013766878 -0.64074695
vn -0.94248277 -0.008197006 -0.33415413
vn -0.98438495 -0.005722609 -0.17593606
vn -0.9969462 -0.004554358 -0.077958606
vn -0.999939 -0.0040630815 -0.010266055
vn -0.9992686 -0.003974461 0.03803288
vn -0.99735594 -0.0041174283 0.072554335
vn -0.995224 -0.0043777437 0.09751926
vn -0.993187 -0.004693714 0.116436794
vn -0.99126285 -0.0050403364 0.13180482
vn -0.9894503 -0.0053980434 0.14477214
vn -0.98786795 -0.005726575 0.15519075
vn -0.9867528 -0.0059639458 0.1621214
vn -0.007997973 -0.036743775 0.99929273
vn 0.986752 -0.0059641306 0.16212653
vn 0.9878661 -0.005726971 0.15520245
vn 0.98944795 -0.0053985296 0.14478815
vn 0.99126035 -0.0050408277 0.13182391
vn 0.9931843 -0.004694172 0.11645945
vn 0.9952212 -0.0043781507 0.09754806
vn 0.9973531 -0.0041177343 0.07259362
vn 0.9992665 -0.003974544 0.038088106
vn 0.99993986 -0.004062742 -0.010188528
vn 0.99695474 -0.0045533115 -0.07784927
vn 0.98441416 -0.0057203504 -0.17577285
vn 0.9425835 -0.008192178 -0.3338701
vn 0.76810914 -0.013755995 -0.6401712
vn 0.0007626063 -0.020678574 -0.9997859
vn -0.7676297 -0.013766856 -0.64074576
vn -0.942483 -0.008196996 -0.33415356
vn -0.984385 -0.005722604 -0.17593573
vn -0.9969462 -0.004554356 -0.07795838
vn -0.999939 -0.004063081 -0.010265898
vn -0.9992686 -0.003974461 0.03803299
vn -0.99735594 -0.0041174293 0.07255442
vn -0.995224 -0.004377744 0.09751932
vn -0.993187 -0.004693715 0.11643684
vn -0.99126285 -0.0050403373 0.13180485
vn -0.9894503 -0.0053980444 0.14477217
vn -0.98786795 -0.005726576 0.15519077
vn -0.9867528 -0.005963946 0.1621214
vn -0.007965802 -0.036743786 0.99929297
vn 0.986752 -0.00596413 0.16212651
vn 0.9878661 -0.0057269707 0.15520242
vn 0.98944795 -0.0053985287 0.14478812
vn 0.99126035 -0.0050408267 0.13182387
vn 0.9931844 -0.0046941712 0.11645941
vn 0.9952212 -0.00437815 0.097548
vn 0.99735314 -0.004117734 0.07259355
vn 0.9992665 -0.003974544 0.038087994
vn 0.99993986 -0.004062743 -0.010188684
vn 0.99695474 -0.004553314 -0.07784949
vn 0.9844141 -0.005720355 -0.17577317
vn 0.94258326 -0.008192187 -0.33387068
vn 0.7681082 -0.013756016 -0.6401723
vn 0.00075953867 -0.020678574 -0.9997859
vn -0.76763064 -0.0137668345 -0.6407446
vn -0.9424832 -0.008196986 -0.334153
vn -0.9843851 -0.0057225996 -0.1759354
vn -0.9969462 -0.0045543537 -0.07795817
vn -0.999939 -0.00406308 -0.010265742
vn -0.9992686 -0.0039744615 0.0380331
vn -0.99735594 -0.0041174297 0.07255449
vn -0.995224 -0.004377745 0.09751938
vn -0.993187 -0.004693716 0.116436884
vn -0.99126285 -0.0050403383 0.1318049
vn -0.9894503 -0.0053980453 0.1447722
vn -0.9878679 -0.005726577 0.1551908
vn -0.9867528 -0.0059639467 0.16212142
vn 0.3771195 0.9062957 0.19081138
vn 0.8232144 0.5514977 0.13478972
vn 0.8144815 0.566158 0.12682684
vn 0.8227583 0.5558398 0.118789256
vn 0.8354784 0.5385762 0.10913983
vn 0.8479693 0.5210851 0.097048245
vn 0.85762227 0.5078632 0.080987506
vn 0.86119115 0.5049077 0.058463488
vn 0.85226697 0.52243036 0.026599223
vn 0.8193905 0.5730024 -0.016353194
vn 0.7460542 0.6623263 -0.068753846
vn 0.6165028 0.77756363 -0.123770304
vn 0.42753452 0.8877008 -0.17088467
vn 0.19635624 0.9597969 -0.20058452
vn -0.038651474 0.97795576 -0.20520368
vn -0.26908776 0.9445454 -0.18821748
vn -0.4847004 0.86120015 -0.15296991
vn -0.65325236 0.75002664 -0.103543855
vn -0.7661626 0.6407178 -0.049755037
vn -0.8290558 0.5591654 -0.0006986553
vn -0.8559128 0.5156933 0.038387958
vn -0.86076725 0.50459164 0.066835366
vn -0.85337204 0.51403695 0.086730525
vn -0.8390678 0.5346044 0.10081335
vn -0.8200828 0.5613578 0.11109304
vn -0.79720753 0.5919903 0.118353754
vn -0.77001816 0.6262061 0.12222095
vn -0.7250854 0.678176 0.11970215
vn 0.0 -1.0 0.0
vn 0.0 1.0 0.0
vn 1.2246469e-16 0.0 -1.0
vn -0.38268343 0.0 -0.9238795
vn 1.2246469e-16 0.0 -1.0
vn -0.38268343 0.0 -0.9238795
vn -0.70710677 0.0 -0.70710677
vn -0.70710677 0.0 -0.70710677
vn -0.9238795 0.0 -0.38268343
vn -0.9238795 0.0 -0.38268343
vn -1.0 0.0 -1.8369701e-16
vn -1.0 0.0 -1.8369701e-16
vn -0.9238795 0.0 0.38268343
vn -0.9238795 0.0 0.38268343
vn -0.70710677 0.0 0.70710677
vn -0.70710677 0.0 0.70710677
vn -0.38268343 0.0 0.9238795
vn -0.38268343 0.0 0.9238795
vn -2.4492937e-16 0.0 1.0
vn -2.4492937e-16 0.0 1.0
vn 0.38268343 0.0 0.9238795
vn 0.38268343 0.0 0.9238795
vn 0.70710677 0.0 0.70710677
vn 0.70710677 0.0 0.70710677
vn 0.9238795 0.0 0.38268343
vn 0.9238795 0.0 0.38268343
vn 1.0 0.0 3.061617e-16
vn 1.0 0.0 3.061617e-16
vn 0.9238795 0.0 -0.38268343
vn 0.9238795 0.0 -0.38268343
vn 0.70710677 0.0 -0.70710677
vn 0.70710677 0.0 -0.70710677
vn 0.38268343 0.0 -0.9238795
vn 0.38268343 0.0 -0.9238795
vn 3.6739403e-16 0.0 -1.0
vn 3.6739403e-16 0.0 -1.0
vn 0.0 1.0 0.0
vn 0.0 1.0 0.0
vn 0.0 1.0 0.0
vn 0.0 1.0 0.0
vn 0.0 1.0 0.0
vn 0.0 1.0 0.0
vn 0.0 1.0 0.0
vn 0.0 1.0 0.0
vn 0.0 1.0 0.0
vn 0.0 1.0 0.0
vn 0.0 1.0 0.0
vn 0.0 1.0 0.0
vn 0.0 1.0 0.0
vn 0.0 1.0 0.0
vn 0.0 1.0 0.0
vn 0.0 1.0 0.0
vn 0.0 1.0 0.0
vn 0.0 1.0 0.0
vn 0.0 1.0 0.0
vn 0.0 1.0 0.0
vn 0.0 1.0 0.0
vn 0.0 1.0 0.0
vn 0.0 1.0 0.0
vn 0.0 1.0 0.0
vn 0.0 1.0 0.0
vn 0.0 1.0 0.0
vn 0.0 1.0 0.0
vn 0.0 1.0 0.0
vn 0.0 1.0 0.0
vn 0.0 1.0 0.0
vn 0.0 1.0 0.0
vn 0.0 1.0 0.0
vn 0.0 1.0 0.0
vn 0.0 -1.0 0.0
vn 0.0 -1.0 0.0
vn 0.0 -1.0 0.0
vn 0.0 -1.0 0.0
vn 0.0 -1.0 0.0
vn 0.0 -1.0 0.0
vn 0.0 -1.0 0.0
vn 0.0 -1.0 0.0
vn 0.0 -1.0 0.0
vn 0.0 -1.0 0.0
vn 0.0 -1.0 0.0
vn 0.0 -1.0 0.0
vn 0.0 -1.0 0.0
vn 0.0 -1.0 0.0
vn 0.0 -1.0 0.0
vn 0.0 -1.0 0.0
vn 0.0 -1.0 0.0
vn 0.0 -1.0 0.0
vn 0.0 -1.0 0.0
vn 0.0 -1.0 0.0
vn 0.0 -1.0 0.0
vn 0.0 -1.0 0.0
vn 0.0 -1.0 0.0
vn 0.0 -1.0 0.0
vn 0.0 -1.0 0.0
vn 0.0 -1.0 0.0
vn 0.0 -1.0 0.0
vn 0.0 -1.0 0.0
vn 0.0 -1.0 0.0
vn 0.0 -1.0 0.0
vn 0.0 -1.0 0.0
vn 0.0 -1.0 0.0
vn 0.0 -1.0 0.0
vn 1.2246469e-16 0.0 -1.0
vn -0.38268343 0.0 -0.9238795
vn 1.2246469e-16 0.0 -1.0
vn -0.38268343 0.0 -0.9238795
vn -0.70710677 0.0 -0.70710677
vn -0.70710677 0.0 -0.70710677
vn -0.9238795 0.0 -0.38268343
vn -0.9238795 0.0 -0.38268343
vn -1.0 0.0 -1.8369701e-16
vn -1.0 0.0 -1.8369701e-16
vn -0.9238795 0.0 0.38268343
vn -0.9238795 0.0 0.38268343
vn -0.70710677 0.0 0.70710677
vn -0.70710677 0.0 0.70710677
vn -0.38268343 0.0 0.9238795
vn -0.38268343 0.0 0.9238795
vn -2.4492937e-16 0.0 1.0
vn -2.4492937e-16 0.0 1.0
vn 0.38268343 0.0 0.9238795
vn 0.38268343 0.0 0.9238795
vn 0.70710677 0.0 0.70710677
vn 0.70710677 0.0 0.70710677
vn 0.9238795 0.0 0.38268343
vn 0.9238795 0.0 0.38268343
vn 1.0 0.0 3.061617e-16
vn 1.0 0.0 3.061617e-16
vn 0.9238795 0.0 -0.38268343
vn 0.9238795 0.0 -0.38268343
vn 0.70710677 0.0 -0.70710677
vn 0.70710677 0.0 -0.70710677
vn 0.38268343 0.0 -0.9238795
vn 0.38268343 0.0 -0.9238795
vn 3.6739403e-16 0.0 -1.0
vn 3.6739403e-16 0.0 -1.0
vn 0.0 1.0 0.0
vn 0.0 1.0 0.0
vn 0.0 1.0 0.0
vn 0.0 1.0 0.0
vn 0.0 1.0 0.0
vn 0.0 1.0 0.0
vn 0.0 1.0 0.0
vn 0.0 1.0 0.0
vn 0.0 1.0 0.0
vn 0.0 1.0 0.0
vn 0.0 1.0 0.0
vn 0.0 1.0 0.0
vn 0.0 1.0 0.0
vn 0.0 1.0 0.0
vn 0.0 1.0 0.0
vn 0.0 1.0 0.0
vn 0.0 1.0 0.0
vn 0.0 1.0 0.0
vn 0.0 1.0 0.0
vn 0.0 1.0 0.0
vn 0.0 1.0 0.0
vn 0.0 1.0 0.0
vn 0.0 1.0 0.0
vn 0.0 1.0 0.0
vn 0.0 1.0 0.0
vn 0.0 1.0 0.0
vn 0.0 1.0 0.0
vn 0.0 1.0 0.0
vn 0.0 1.0 0.0
vn 0.0 1.0 0.0
vn 0.0 1.0 0.0
vn 0.0 1.0 0.0
vn 0.0 1.0 0.0
vn 0.0 -1.0 0.0
vn 0.0 -1.0 0.0
vn 0.0 -1.0 0.0
vn 0.0 -1.0 0.0
vn 0.0 -1.0 0.0
vn 0.0 -1.0 0.0
vn 0.0 -1.0 0.0
vn 0.0 -1.0 0.0
vn 0.0 -1.0 0.0
vn 0.0 -1.0 0.0
vn 0.0 -1.0 0.0
vn 0.0 -1.0 0.0
vn 0.0 -1.0 0.0
vn 0.0 -1.0 0.0
vn 0.0 -1.0 0.0
vn 0.0 -1.0 0.0
vn 0.0 -1.0 0.0
vn 0.0 -1.0 0.0
vn 0.0 -1.0 0.0
vn 0.0 -1.0 0.0
vn 0.0 -1.0 0.0
vn 0.0 -1.0 0.0
vn 0.0 -1.0 0.0
vn 0.0 -1.0 0.0
vn 0.0 -1.0 0.0
vn 0.0 -1.0 0.0
vn 0.0 -1.0 0.0
vn 0.0 -1.0 0.0
vn 0.0 -1.0 0.0
vn 0.0 -1.0 0.0
vn 0.0 -1.0 0.0
vn 0.0 -1.0 0.0
vn 0.0 -1.0 0.0
usemtl Material_0
f 1/1/1 2/2/2 3/3/3
f 2/2/2 4/4/4 3/3/3
f 2/2/2 5/5/5 4/4/4
f 5/5/5 6/6/6 4/4/4
f 5/5/5 7/7/7 6/6/6
f 7/7/7 8/8/8 6/6/6
f 7/7/7 9/9/9 8/8/8
f 9/9/9 10/10/10 8/8/8
f 9/9/9 11/11/11 10/10/10
f 11/11/11 12/12/12 10/10/10
f 11/11/11 13/13/13 12/12/12
f 13/13/13 14/14/14 12/12/12
f 13/13/13 15/15/15 14/14/14
f 15/15/15 16/16/16 14/14/14
f 15/15/15 17/17/17 16/16/16
f 17/17/17 18/18/18 16/16/16
f 17/17/17 19/19/19 18/18/18
f 19/19/19 20/20/20 18/18/18
f 19/19/19 21/21/21 20/20/20
f 21/21/21 22/22/22 20/20/20
f 21/21/21 23/23/23 22/22/22
f 23/23/23 24/24/24 22/22/22
f 23/23/23 25/25/25 24/24/24
f 25/25/25 26/26/26 24/24/24
f 25/25/25 27/27/27 26/26/26
f 27/27/27 28/28/28 26/26/26
f 27/27/27 29/29/29 28/28/28
f 29/29/29 30/30/30 28/28/28
f 29/29/29 31/31/31 30/30/30
f 31/31/31 32/32/32 30/30/30
f 31/31/31 33/33/33 32/32/32
f 33/33/33 34/34/34 32/32/32
f 33/33/33 35/35/35 34/34/34
f 35/35/35 36/36/36 34/34/34
f 35/35/35 37/37/37 36/36/36
f 37/37/37 38/38/38 36/36/36
f 37/37/37 39/39/39 38/38/38
f 39/39/39 40/40/40 38/38/38
f 39/39/39 41/41/41 40/40/40
f 41/41/41 42/42/42 40/40/40
f 41/41/41 43/43/43 42/42/42
f 43/43/43 44/44/44 42/42/42
f 43/43/43 45/45/45 44/44/44
f 45/45/45 46/46/46 44/44/44
f 45/45/45 47/47/47 46/46/46
f 47/47/47 48/48/48 46/46/46
f 47/47/47 49/49/49 48/48/48
f 49/49/49 50/50/50 48/48/48
f 49/49/49 51/51/51 50/50/50
f 51/51/51 52/52/52 50/50/50
f 51/51/51 53/53/53 52/52/52
f 53/53/53 54/54/54 52/52/52
f 53/53/53 55/55/55 54/54/54
f 55/55/55 56/56/56 54/54/54
f 55/55/55 1/1/1 56/56/56
f 1/1/1 3/3/3 56/56/56
f 3/3/3 4/4/4 57/57/57
f 4/4/4 58/58/58 57/57/57
f 4/4/4 6/6/6 58/58/58
f 6/6/6 59/59/59 58/58/58
f 6/6/6 8/8/8 59/59/59
f 8/8/8 60/60/60 59/59/59
f 8/8/8 10/10/10 60/60/60
f 10/10/10 61/61/61 60/60/60
f 10/10/10 12/12/12 61/61/61
f 12/12/12 62/62/62 61/61/61
f 12/12/12 14/14/14 62/62/62
f 14/14/14 63/63/63 62/62/62
f 14/14/14 16/16/16 63/63/63
f 16/16/16 64/64/64 63/63/63
f 16/16/16 18/18/18 64/64/64
f 18/18/18 65/65/65 64/64/64
f 18/18/18 20/20/20 65/65/65
f 20/20/20 66/66/66 65/65/65
f 20/20/20 22/22/22 66/66/66
f 22/22/22 67/67/67 66/66/66
f 22/22/22 24/24/24 67/67/67
f 24/24/24 68/68/68 67/67/67
f 24/24/24 26/26/26 68/68/68
f 26/26/26 69/69/69 68/68/68
f 26/26/26 28/28/28 69/69/69
f 28/28/28 70/70/70 69/69/69
f 28/28/28 30/30/30 70/70/70
f 30/30/30 71/71/71 70/70/70
f 30/30/30 32/32/32 71/71/71
f 32/32/32 72/72/72 71/71/71
f 32/32/32 34/34/34 72/72/72
f 34/34/34 73/73/73 72/72/72
f 34/34/34 36/36/36 73/73/73
f 36/36/36 74/74/74 73/73/73
f 36/36/36 38/38/38 74/74/74
f 38/38/38 75/75/75 74/74/74
f 38/38/38 40/40/40 75/75/75
f 40/40/40 76/76/76 75/75/75
f 40/40/40 42/42/42 76/76/76
f 42/42/42 77/77/77 76/76/76
f 42/42/42 44/44/44 77/77/77
f 44/44/44 78/78/78 77/77/77
f 44/44/44 46/46/46 78/78/78
f 46/46/46 79/79/79 78/78/78
f 46/46/46 48/48/48 79/79/79
f 48/48/48 80/80/80 79/79/79
f 48/48/48 50/50/50 80/80/80
f 50/50/50 81/81/81 80/80/80
f 50/50/50 52/52/52 81/81/81
f 52/52/52 82/82/82 81/81/81
f 52/52/52 54/54/54 82/82/82
f 54/54/54 83/83/83 82/82/82
f 54/54/54 56/56/56 83/83/83
f 56/56/56 84/84/84 83/83/83
f 56/56/56 3/3/3 84/84/84
f 3/3/3 57/57/57 84/84/84
f 57/57/57 58/58/58 85/85/85
f 58/58/58 86/86/86 85/85/85
f 58/58/58 59/59/59 86/86/86
f 59/59/59 87/87/87 86/86/86
f 59/59/59 60/60/60 87/87/87
f 60/60/60 88/88/88 87/87/87
f 60/60/60 61/61/61 88/88/88
f 61/61/61 89/89/89 88/88/88
f 61/61/61 62/62/62 89/89/89
f 62/62/62 90/90/90 89/89/89
f 62/62/62 63/63/63 90/90/90
f 63/63/63 91/91/91 90/90/90
f 63/63/63 64/64/64 91/91/91
f 64/64/64 92/92/92 91/91/91
f 64/64/64 65/65/65 92/92/92
f 65/65/65 93/93/93 92/92/92
f 65/65/65 66/66/66 93/93/93
f 66/66/66 94/94/94 93/93/93
f 66/66/66 67/67/67 94/94/94
f 67/67/67 95/95/95 94/94/94
f 67/67/67 68/68/68 95/95/95
f 68/68/68 96/96/96 95/95/95
f 68/68/68 69/69/69 96/96/96
f 69/69/69 97/97/97 96/96/96
f 69/69/69 70/70/70 97/97/97
f 70/70/70 98/98/98 97/97/97
f 70/70/70 71/71/71 98/98/98
f 71/71/71 99/99/99 98/98/98
f 71/71/71 72/72/72 99/99/99
f 72/72/72 100/100/100 99/99/99
f 72/72/72 73/73/73 100/100/100
f 73/73/73 101/101/101 100/100/100
f 73/73/73 74/74/74 101/101/101
f 74/74/74 102/102/102 101/101/101
f 74/74/74 75/75/75 102/102/102
f 75/75/75 103/103/103 102/102/102
f 75/75/75 76/76/76 103/103/103
f 76/76/76 104/104/104 103/103/103
f 76/76/76 77/77/77 104/104/104
f 77/77/77 105/105/105 104/104/104
f 77/77/77 78/78/78 105/105/105
f 78/78/78 106/106/106 105/105/105
f 78/78/78 79/79/79 106/106/106
f 79/79/79 107/107/107 106/106/106
f 79/79/79 80/80/80 107/107/107
f 80/80/80 108/108/108 107/107/107
f 80/80/80 81/81/81 108/108/108
f 81/81/81 109/109/109 108/108/108
f 81/81/81 82/82/82 109/109/109
f 82/82/82 110/110/110 109/109/109
f 82/82/82 83/83/83 110/110/110
f 83/83/83 111/111/111 110/110/110
f 83/83/83 84/84/84 111/111/111
f 84/84/84 112/112/112 111/111/111
f 84/84/84 57/57/57 112/112/112
f 57/57/57 85/85/85 112/112/112
f 85/85/85 86/86/86 113/113/113
f 86/86/86 114/114/114 113/113/113
f 86/86/86 87/87/87 114/114/114
f 87/87/87 115/115/115 114/114/114
f 87/87/87 88/88/88 115/115/115
f 88/88/88 116/116/116 115/115/115
f 88/88/88 89/89/89 116/116/116
f 89/89/89 117/117/117 116/116/116
f 89/89/89 90/90/90 117/117/117
f 90/90/90 118/118/118 117/117/117
f 90/90/90 91/91/91 118/118/118
f 91/91/91 119/119/119 118/118/118
f 91/91/91 92/92/92 119/119/119
f 92/92/92 120/120/120 119/119/119
f 92/92/92 93/93/93 120/120/120
f 93/93/93 121/121/121 120/120/120
f 93/93/93 94/94/94 121/121/121
f 94/94/94 122/122/122 121/121/121
f 94/94/94 95/95/95 122/122/122
f 95/95/95 123/123/123 122/122/122
f 95/95/95 96/96/96 123/123/123
f 96/96/96 124/124/124 123/123/123
f 96/96/96 97/97/97 124/124/124
f 97/97/97 125/125/125 124/124/124
f 97/97/97 98/98/98 125/125/125
f 98/98/98 126/126/126 125/125/125
f 98/98/98 99/99/99 126/126/126
f 99/99/99 127/127/127 126/126/126
f 99/99/99 100/100/100 127/127/127
f 100/100/100 128/128/128 127/127/127
f 100/100/100 101/101/101 128/128/128
f 101/101/101 129/129/129 128/128/128
f 101/101/101 102/102/102 129/129/129
f 102/102/102 130/130/130 129/129/129
f 102/102/102 103/103/103 130/130/130
f 103/103/103 131/131/131 130/130/130
f 103/103/103 104/104/104 131/131/131
f 104/104/104 132/132/132 131/131/131
f 104/104/104 105/105/105 132/132/132
f 105/105/105 133/133/133 132/132/132
f 105/105/105 106/106/106 133/133/133
f 106/106/106 134/134/134 133/133/133
f 106/106/106 107/107/107 134/134/134
f 107/107/107 135/135/135 134/134/134
f 107/107/107 108/108/108 135/135/135
f 108/108/108 136/136/136 135/135/135
f 108/108/108 109/109/109 136/136/136
f 109/109/109 137/137/137 136/136/136
f 109/109/109 110/110/110 137/137/137
f 110/110/110 138/138/138 137/137/137
f 110/110/110 111/111/111 138/138/138
f 111/111/111 139/139/139 138/138/138
f 111/111/111 112/112/112 139/139/139
f 112/112/112 140/140/140 139/139/139
f 112/112/112 85/85/85 140/140/140
f 85/85/85 113/113/113 140/140/140
f 113/113/113 114/114/114 141/141/141
f 114/114/114 142/142/142 141/141/141
f 114/114/114 115/115/115 142/142/142
f 115/115/115 143/143/143 142/142/142
f 115/115/115 116/116/116 143/143/143
f 116/116/116 144/144/144 143/143/143
f 116/116/116 117/117/117 144/144/144
f 117/117/117 145/145/145 144/144/144
f 117/117/117 118/118/118 145/145/145
f 118/118/118 146/146/146 145/145/145
f 118/118/118 119/119/119 146/146/146
f 119/119/119 147/147/147 146/146/146
f 119/119/119 120/120/120 147/147/147
f 120/120/120 148/148/148 147/147/147
f 120/120/120 121/121/121 148/148/148
f 121/121/121 149/149/149 148/148/148
f 121/121/121 122/122/122 149/149/149
f 122/122/122 150/150/150 149/149/149
f 122/122/122 123/123/123 150/150/150
f 123/123/123 151/151/151 150/150/150
f 123/123/123 124/124/124 151/151/151
f 124/124/124 152/152/152 151/151/151
f 124/124/124 125/125/125 152/152/152
f 125/125/125 153/153/153 152/152/152
f 125/125/125 126/126/126 153/153/153
f 126/126/126 154/154/154 153/153/153
f 126/126/126 127/127/127 154/154/154
f 127/127/127 155/155/155 154/154/154
f 127/127/127 128/128/128 155/155/155
f 128/128/128 156/156/156 155/155/155
f 128/128/128 129/129/129 156/156/156
f 129/129/129 157/157/157 156/156/156
f 129/129/129 130/130/130 157/157/157
f 130/130/130 158/158/158 157/157/157
f 130/130/130 131/131/131 158/158/158
f 131/131/131 159/159/159 158/158/158
f 131/131/131 132/132/132 159/159/159
f 132/132/132 160/160/160 159/159/159
f 132/132/132 133/133/133 160/160/160
f 133/133/133 161/161/161 160/160/160
f 133/133/133 134/134/134 161/161/161
f 134/134/134 162/162/162 161/161/161
f 134/134/134 135/135/135 162/162/162
f 135/135/135 163/163/163 162/162/162
f 135/135/135 136/136/136 163/163/163
f 136/136/136 164/164/164 163/163/163
f 136/136/136 137/137/137 164/164/164
f 137/137/137 165/165/165 164/164/164
f 137/137/137 138/138/138 165/165/165
f 138/138/138 166/166/166 165/165/165
f 138/138/138 139/139/139 166/166/166
f 139/139/139 167/167/167 166/166/166
f 139/139/139 140/140/140 167/167/167
f 140/140/140 168/168/168 167/167/167
f 140/140/140 113/113/113 168/168/168
f 113/113/113 141/141/141 168/168/168
f 141/141/141 142/142/142 169/169/169
f 142/142/142 170/170/170 169/169/169
f 142/142/142 143/143/143 170/170/170
f 143/143/143 171/171/171 170/170/170
f 143/143/143 144/144/144 171/171/171
f 144/144/144 172/172/172 171/171/171
f 144/144/144 145/145/145 172/172/172
f 145/145/145 173/173/173 172/172/172
f 145/145/145 146/146/146 173/173/173
f 146/146/146 174/174/174 173/173/173
f 146/146/146 147/147/147 174/174/174
f 147/147/147 175/175/175 174/174/174
f 147/147/147 148/148/148 175/175/175
f 148/148/148 176/176/176 175/175/175
f 148/148/148 149/149/149 176/176/176
f 149/149/149 177/177/177 176/176/176
f 149/149/149 150/150/150 177/177/177
f 150/150/150 178/178/178 177/177/177
f 150/150/150 151/151/151 178/178/178
f 151/151/151 179/179/179 178/178/178
f 151/151/151 152/152/152 179/179/179
f 152/152/152 180/180/180 179/179/179
f 152/152/152 153/153/153 180/180/180
f 153/153/153 181/181/181 180/180/180
f 153/153/153 154/154/154 181/181/181
f 154/154/154 182/182/182 181/181/181
f 154/154/154 155/155/155 182/182/182
f 155/155/155 183/183/183 182/182/182
f 155/155/155 156/156/156 183/183/183
f 156/156/156 184/184/184 183/183/183
f 156/156/156 157/157/157 184/184/184
f 157/157/157 185/185/185 184/184/184
f 157/157/157 158/158/158 185/185/185
f 158/158/158 186/186/186 185/185/185
f 158/158/158 159/159/159 186/186/186
f 159/159/159 187/187/187 186/186/186
f 159/159/159 160/160/160 187/187/187
f 160/160/160 188/188/188 187/187/187
f 160/160/160 161/161/161 188/188/188
f 161/161/161 189/189/189 188/188/188
f 161/161/161 162/162/162 189/189/189
f 162/162/162 190/190/190 189/189/189
f 162/162/162 163/163/163 190/190/190
f 163/163/163 191/191/191 190/190/190
f 163/163/163 164/164/164 191/191/191
f 164/164/164 192/192/192 191/191/191
f 164/164/164 165/165/165 192/192/192
f 165/165/165 193/193/193 192/192/192
f 165/165/165 166/166/166 193/193/193
f 166/166/166 194/194/194 193/193/193
f 166/166/166 167/167/167 194/194/194
f 167/167/167 195/195/195 194/194/194
f 167/167/167 168/168/168 195/195/195
f 168/168/168 196/196/196 195/195/195
f 168/168/168 141/141/141 196/196/196
f 141/141/141 169/169/169 196/196/196
f 169/169/169 170/170/170 197/197/197
f 170/170/170 198/198/198 197/197/197
f 170/170/170 171/171/171 198/198/198
f 171/171/171 199/199/199 198/198/198
f 171/171/171 172/172/172 199/199/199
f 172/172/172 200/200/200 199/199/199
f 172/172/172 173/173/173 200/200/200
f 173/173/173 201/201/201 200/200/200
f 173/173/173 174/174/174 201/201/201
f 174/174/174 202/202/202 201/201/201
f 174/174/174 175/175/175 202/202/202
f 175/175/175 203/203/203 202/202/202
f 175/175/175 176/176/176 203/203/203
f 176/176/176 204/204/204 203/203/203
f 176/176/176 177/177/177 204/204/204
f 177/177/177 205/205/205 204/204/204
f 177/177/177 178/178/178 205/205/205
f 178/178/178 206/206/206 205/205/205
f 178/178/178 179/179/179 206/206/206
f 179/179/179 207/207/207 206/206/206
f 179/179/179 180/180/180 207/207/207
f 180/180/180 208/208/208 207/207/207
f 180/180/180 181/181/181 208/208/208
f 181/181/181 209/209/209 208/208/208
f 181/181/181 182/182/182 209/209/209
f 182/182/182 210/210/210 209/209/209
f 182/182/182 183/183/183 210/210/210
f 183/183/183 211/211/211 210/210/210
f 183/183/183 184/184/184 211/211/211
f 184/184/184 212/212/212 211/211/211
f 184/184/184 185/185/185 212/212/212
f 185/185/185 213/213/213 212/212/212
f 185/185/185 186/186/186 213/213/213
f 186/186/186 214/214/214 213/213/213
f 186/186/186 187/187/187 214/214/214
f 187/187/187 215/215/215 214/214/214
f 187/187/187 188/188/188 215/215/215
f 188/188/188 216/216/216 215/215/215
f 188/188/188 189/189/189 216/216/216
f 189/189/189 217/217/217 216/216/216
f 189/189/189 190/190/190 217/217/217
f 190/190/190 218/218/218 217/217/217
f 190/190/190 191/191/191 218/218/218
f 191/191/191 219/219/219 218/218/218
f 191/191/191 192/192/192 219/219/219
f 192/192/192 220/220/220 219/219/219
f 192/192/192 193/193/193 220/220/220
f 193/193/193 221/221/221 220/220/220
f 193/193/193 194/194/194 221/221/221
f 194/194/194 222/222/222 221/221/221
f 194/194/194 195/195/195 222/222/222
f 195/195/195 223/223/223 222/222/222
f 195/195/195 196/196/196 223/223/223
f 196/196/196 224/224/224 223/223/223
f 196/196/196 169/169/169 224/224/224
f 169/169/169 197/197/197 224/224/224
f 197/197/197 198/198/198 225/225/225
f 198/198/198 226/226/226 225/225/225
f 198/198/198 199/199/199 226/226/226
f 199/199/199 227/227/227 226/226/226
f 199/199/199 200/200/200 227/227/227
f 200/200/200 228/228/228 227/227/227
f 200/200/200 201/201/201 228/228/228
f 201/201/201 229/229/229 228/228/228
f 201/201/201 202/202/202 229/229/229
f 202/202/202 230/230/230 229/229/229
f 202/202/202 203/203/203 230/230/230
f 203/203/203 231/231/231 230/230/230
f 203/203/203 204/204/204 231/231/231
f 204/204/204 232/232/232 231/231/231
f 204/204/204 205/205/205 232/232/232
f 205/205/205 233/233/233 232/232/232
f 205/205/205 206/206/206 233/233/233
f 206/206/206 234/234/234 233/233/233
f 206/206/206 207/207/207 234/234/234
f 207/207/207 235/235/235 234/234/234
f 207/207/207 208/208/208 235/235/235
f 208/208/208 236/236/236 235/235/235
f 208/208/208 209/209/209 236/236/236
f 209/209/209 237/237/237 236/236/236
f 209/209/209 210/210/210 237/237/237
f 210/210/210 238/238/238 237/237/237
f 210/210/210 211/211/211 238/238/238
f 211/211/211 239/239/239 238/238/238
f 211/211/211 212/212/212 239/239/239
f 212/212/212 240/240/240 239/239/239
f 212/212/212 213/213/213 240/240/240
f 213/213/213 241/241/241 240/240/240
f 213/213/213 214/214/214 241/241/241
f 214/214/214 242/242/242 241/241/241
f 214/214/214 215/215/215 242/242/242
f 215/215/215 243/243/243 242/242/242
f 215/215/215 216/216/216 243/243/243
f 216/216/216 244/244/244 243/243/243
f 216/216/216 217/217/217 244/244/244
f 217/217/217 245/245/245 244/244/244
f 217/217/217 218/218/218 245/245/245
f 218/218/218 246/246/246 245/245/245
f 218/218/218 219/219/219 246/246/246
f 219/219/219 247/247/247 246/246/246
f 219/219/219 220/220/220 247/247/247
f 220/220/220 248/248/248 247/247/247
f 220/220/220 221/221/221 248/248/248
f 221/221/221 249/249/249 248/248/248
f 221/221/221 222/222/222 249/249/249
f 222/222/222 250/250/250 249/249/249
f 222/222/222 223/223/223 250/250/250
f 223/223/223 251/251/251 250/250/250
f 223/223/223 224/224/224 251/251/251
f 224/224/224 252/252/252 251/251/251
f 224/224/224 197/197/197 252/252/252
f 197/197/197 225/225/225 252/252/252
f 225/225/225 226/226/226 253/253/253
f 226/226/226 254/254/254 253/253/253
f 226/226/226 227/227/227 254/254/254
f 227/227/227 255/255/255 254/254/254
f 227/227/227 228/228/228 255/255/255
f 228/228/228 256/256/256 255/255/255
f 228/228/228 229/229/229 256/256/256
f 229/229/229 257/257/257 256/256/256
f 229/229/229 230/230/230 257/257/257
f 230/230/230 258/258/258 257/257/257
f 230/230/230 231/231/231 258/258/258
f 231/231/231 259/259/259 258/258/258
f 231/231/231 232/232/232 259/259/259
f 232/232/232 260/260/260 259/259/259
f 232/232/232 233/233/233 260/260/260
f 233/233/233 261/261/261 260/260/260
f 233/233/233 234/234/234 261/261/261
f 234/234/234 262/262/262 261/261/261
f 234/234/234 235/235/235 262/262/262
f 235/235/235 263/263/263 262/262/262
f 235/235/235 236/236/236 263/263/263
f 236/236/236 264/264/264 263/263/263
f 236/236/236 237/237/237 264/264/264
f 237/237/237 265/265/265 264/264/264
f 237/237/237 238/238/238 265/265/265
f 238/238/238 266/266/266 265/265/265
f 238/238/238 239/239/239 266/266/266
f 239/239/239 267/267/267 266/266/266
f 239/239/239 240/240/240 267/267/267
f 240/240/240 268/268/268 267/267/267
f 240/240/240 241/241/241 268/268/268
f 241/241/241 269/269/269 268/268/268
f 241/241/241 242/242/242 269/269/269
f 242/242/242 270/270/270 269/269/269
f 242/242/242 243/243/243 270/270/270
f 243/243/243 271/271/271 270/270/270
f 243/243/243 244/244/244 271/271/271
f 244/244/244 272/272/272 271/271/271
f 244/244/244 245/245/245 272/272/272
f 245/245/245 273/273/273 272/272/272
f 245/245/245 246/246/246 273/273/273
f 246/246/246 274/274/274 273/273/273
f 246/246/246 247/247/247 274/274/274
f 247/247/247 275/275/275 274/274/274
f 247/247/247 248/248/248 275/275/275
f 248/248/248 276/276/276 275/275/275
f 248/248/248 249/249/249 276/276/276
f 249/249/249 277/277/277 276/276/276
f 249/249/249 250/250/250 277/277/277
f 250/250/250 278/278/278 277/277/277
f 250/250/250 251/251/251 278/278/278
f 251/251/251 279/279/279 278/278/278
f 251/251/251 252/252/252 279/279/279
f 252/252/252 280/280/280 279/279/279
f 252/252/252 225/225/225 280/280/280
f 225/225/225 253/253/253 280/280/280
f 253/253/253 254/254/254 281/281/281
f 254/254/254 282/282/282 281/281/281
f 254/254/254 255/255/255 282/282/282
f 255/255/255 283/283/283 282/282/282
f 255/255/255 256/256/256 283/283/283
f 256/256/256 284/284/284 283/283/283
f 256/256/256 257/257/257 284/284/284
f 257/257/257 285/285/285 284/284/284
f 257/257/257 258/258/258 285/285/285
f 258/258/258 286/286/286 285/285/285
f 258/258/258 259/259/259 286/286/286
f 259/259/259 287/287/287 286/286/286
f 259/259/259 260/260/260 287/287/287
f 260/260/260 288/288/288 287/287/287
f 260/260/260 261/261/261 288/288/288
f 261/261/261 289/289/289 288/288/288
f 261/261/261 262/262/262 289/289/289
f 262/262/262 290/290/290 289/289/289
f 262/262/262 263/263/263 290/290/290
f 263/263/263 291/291/291 290/290/290
f 263/263/263 264/264/264 291/291/291
f 264/264/264 292/292/292 291/291/291
f 264/264/264 265/265/265 292/292/292
f 265/265/265 293/293/293 292/292/292
f 265/265/265 266/266/266 293/293/293
f 266/266/266 294/294/294 293/293/293
f 266/266/266 267/267/267 294/294/294
f 267/267/267 295/295/295 294/294/294
f 267/267/267 268/268/268 295/295/295
f 268/268/268 296/296/296 295/295/295
f 268/268/268 269/269/269 296/296/296
f 269/269/269 297/297/297 296/296/296
f 269/269/269 270/270/270 297/297/297
f 270/270/270 298/298/298 297/297/297
f 270/270/270 271/271/271 298/298/298
f 271/271/271 299/299/299 298/298/298
f 271/271/271 272/272/272 299/299/299
f 272/272/272 300/300/300 299/299/299
f 272/272/272 273/273/273 300/300/300
f 273/273/273 301/301/301 300/300/300
f 273/273/273 274/274/274 301/301/301
f 274/274/274 302/302/302 301/301/301
f 274/274/274 275/275/275 302/302/302
f 275/275/275 303/303/303 302/302/302
f 275/275/275 276/276/276 303/303/303
f 276/276/276 304/304/304 303/303/303
f 276/276/276 277/277/277 304/304/304
f 277/277/277 305/305/305 304/304/304
f 277/277/277 278/278/278 305/305/305
f 278/278/278 306/306/306 305/305/305
f 278/278/278 279/279/279 306/306/306
f 279/279/279 307/307/307 306/306/306
f 279/279/279 280/280/280 307/307/307
f 280/280/280 308/308/308 307/307/307
f 280/280/280 253/253/253 308/308/308
f 253/253/253 281/281/281 308/308/308
f 281/281/281 282/282/282 309/309/309
f 282/282/282 310/310/310 309/309/309
f 282/282/282 283/283/283 310/310/310
f 283/283/283 311/311/311 310/310/310
f 283/283/283 284/284/284 311/311/311
f 284/284/284 312/312/312 311/311/311
f 284/284/284 285/285/285 312/312/312
f 285/285/285 313/313/313 312/312/312
f 285/285/285 286/286/286 313/313/313
f 286/286/286 314/314/314 313/313/313
f 286/286/286 287/287/287 314/314/314
f 287/287/287 315/315/315 314/314/314
f 287/287/287 288/288/288 315/315/315
f 288/288/288 316/316/316 315/315/315
f 288/288/288 289/289/289 316/316/316
f 289/289/289 317/317/317 316/316/316
f 289/289/289 290/290/290 317/317/317
f 290/290/290 318/318/318 317/317/317
f 290/290/290 291/291/291 318/318/318
f 291/291/291 319/319/319 318/318/318
f 291/291/291 292/292/292 319/319/319
f 292/292/292 320/320/320 319/319/319
f 292/292/292 293/293/293 320/320/320
f 293/293/293 321/321/321 320/320/320
f 293/293/293 294/294/294 321/321/321
f 294/294/294 322/322/322 321/321/321
f 294/294/294 295/295/295 322/322/322
f 295/295/295 323/323/323 322/322/322
f 295/295/295 296/296/296 323/323/323
f 296/296/296 324/324/324 323/323/323
f 296/296/296 297/297/297 324/324/324
f 297/297/297 325/325/325 324/324/324
f 297/297/297 298/298/298 325/325/325
f 298/298/298 326/326/326 325/325/325
f 298/298/298 299/299/299 326/326/326
f 299/299/299 327/327/327 326/326/326
f 299/299/299 300/300/300 327/327/327
f 300/300/300 328/328/328 327/327/327
f 300/300/300 301/301/301 328/328/328
f 301/301/301 329/329/329 328/328/328
f 301/301/301 302/302/302 329/329/329
f 302/302/302 330/330/330 329/329/329
f 302/302/302 303/303/303 330/330/330
f 303/303/303 331/331/331 330/330/330
f 303/303/303 304/304/304 331/331/331
f 304/304/304 332/332/332 331/331/331
f 304/304/304 305/305/305 332/332/332
f 305/305/305 333/333/333 332/332/332
f 305/305/305 306/306/306 333/333/333
f 306/306/306 334/334/334 333/333/333
f 306/306/306 307/307/307 334/334/334
f 307/307/307 335/335/335 334/334/334
f 307/307/307 308/308/308 335/335/335
f 308/308/308 336/336/336 335/335/335
f 308/308/308 281/281/281 336/336/336
f 281/281/281 309/309/309 336/336/336
f 309/309/309 310/310/310 337/337/337
f 310/310/310 338/338/338 337/337/337
f 310/310/310 311/311/311 338/338/338
f 311/311/311 339/339/339 338/338/338
f 311/311/311 312/312/312 339/339/339
f 312/312/312 340/340/340 339/339/339
f 312/312/312 313/313/313 340/340/340
f 313/313/313 341/341/341 340/340/340
f 313/313/313 314/314/314 341/341/341
f 314/314/314 342/342/342 341/341/341
f 314/314/314 315/315/315 342/342/342
f 315/315/315 343/343/343 342/342/342
f 315/315/315 316/316/316 343/343/343
f 316/316/316 344/344/344 343/343/343
f 316/316/316 317/317/317 344/344/344
f 317/317/317 345/345/345 344/344/344
f 317/317/317 318/318/318 345/345/345
f 318/318/318 346/346/346 345/345/345
f 318/318/318 319/319/319 346/346/346
f 319/319/319 347/347/347 346/346/346
f 319/319/319 320/320/320 347/347/347
f 320/320/320 348/348/348 347/347/347
f 320/320/320 321/321/321 348/348/348
f 321/321/321 349/349/349 348/348/348
f 321/321/321 322/322/322 349/349/349
f 322/322/322 350/350/350 349/349/349
f 322/322/322 323/323/323 350/350/350
f 323/323/323 351/351/351 350/350/350
f 323/323/323 324/324/324 351/351/351
f 324/324/324 352/352/352 351/351/351
f 324/324/324 325/325/325 352/352/352
f 325/325/325 353/353/353 352/352/352
f 325/325/325 326/326/326 353/353/353
f 326/326/326 354/354/354 353/353/353
f 326/326/326 327/327/327 354/354/354
f 327/327/327 355/355/355 354/354/354
f 327/327/327 328/328/328 355/355/355
f 328/328/328 356/356/356 355/355/355
f 328/328/328 329/329/329 356/356/356
f 329/329/329 357/357/357 356/356/356
f 329/329/329 330/330/330 357/357/357
f 330/330/330 358/358/358 357/357/357
f 330/330/330 331/331/331 358/358/358
f 331/331/331 359/359/359 358/358/358
f 331/331/331 332/332/332 359/359/359
f 332/332/332 360/360/360 359/359/359
f 332/332/332 333/333/333 360/360/360
f 333/333/333 361/361/361 360/360/360
f 333/333/333 334/334/334 361/361/361
f 334/334/334 362/362/362 361/361/361
f 334/334/334 335/335/335 362/362/362
f 335/335/335 363/363/363 362/362/362
f 335/335/335 336/336/336 363/363/363
f 336/336/336 364/364/364 363/363/363
f 336/336/336 309/309/309 364/364/364
f 309/309/309 337/337/337 364/364/364
f 337/337/337 338/338/338 365/365/365
f 338/338/338 366/366/366 365/365/365
f 338/338/338 339/339/339 366/366/366
f 339/339/339 367/367/367 366/366/366
f 339/339/339 340/340/340 367/367/367
f 340/340/340 368/368/368 367/367/367
f 340/340/340 341/341/341 368/368/368
f 341/341/341 369/369/369 368/368/368
f 341/341/341 342/342/342 369/369/369
f 342/342/342 370/370/370 369/369/369
f 342/342/342 343/343/343 370/370/370
f 343/343/343 371/371/371 370/370/370
f 343/343/343 344/344/344 371/371/371
f 344/344/344 372/372/372 371/371/371
f 344/344/344 345/345/345 372/372/372
f 345/345/345 373/373/373 372/372/372
f 345/345/345 346/346/346 373/373/373
f 346/346/346 374/374/374 373/373/373
f 346/346/346 347/347/347 374/374/374
f 347/347/347 375/375/375 374/374/374
f 347/347/347 348/348/348 375/375/375
f 348/348/348 376/376/376 375/375/375
f 348/348/348 349/349/349 376/376/376
f 349/349/349 377/377/377 376/376/376
f 349/349/349 350/350/350 377/377/377
f 350/350/350 378/378/378 377/377/377
f 350/350/350 351/351/351 378/378/378
f 351/351/351 379/379/379 378/378/378
f 351/351/351 352/352/352 379/379/379
f 352/352/352 380/380/380 379/379/379
f 352/352/352 353/353/353 380/380/380
f 353/353/353 381/381/381 380/380/380
f 353/353/353 354/354/354 381/381/381
f 354/354/354 382/382/382 381/381/381
f 354/354/354 355/355/355 382/382/382
f 355/355/355 383/383/383 382/382/382
f 355/355/355 356/356/356 383/383/383
f 356/356/356 384/384/384 383/383/383
f 356/356/356 357/357/357 384/384/384
f 357/357/357 385/385/385 384/384/384
f 357/357/357 358/358/358 385/385/385
f 358/358/358 386/386/386 385/385/385
f 358/358/358 359/359/359 386/386/386
f 359/359/359 387/387/387 386/386/386
f 359/359/359 360/360/360 387/387/387
f 360/360/360 388/388/388 387/387/387
f 360/360/360 361/361/361 388/388/388
f 361/361/361 389/389/389 388/388/388
f 361/361/361 362/362/362 389/389/389
f 362/362/362 390/390/390 389/389/389
f 362/362/362 363/363/363 390/390/390
f 363/363/363 391/391/391 390/390/390
f 363/363/363 364/364/364 391/391/391
f 364/364/364 392/392/392 391/391/391
f 364/364/364 337/337/337 392/392/392
f 337/337/337 365/365/365 392/392/392
f 365/365/365 366/366/366 393/393/393
f 366/366/366 394/394/394 393/393/393
f 366/366/366 367/367/367 394/394/394
f 367/367/367 395/395/395 394/394/394
f 367/367/367 368/368/368 395/395/395
f 368/368/368 396/396/396 395/395/395
f 368/368/368 369/369/369 396/396/396
f 369/369/369 397/397/397 396/396/396
f 369/369/369 370/370/370 397/397/397
f 370/370/370 398/398/398 397/397/397
f 370/370/370 371/371/371 398/398/398
f 371/371/371 399/399/399 398/398/398
f 371/371/371 372/372/372 399/399/399
f 372/372/372 400/400/400 399/399/399
f 372/372/372 373/373/373 400/400/400
f 373/373/373 401/401/401 400/400/400
f 373/373/373 374/374/374 401/401/401
f 374/374/374 402/402/402 401/401/401
f 374/374/374 375/375/375 402/402/402
f 375/375/375 403/403/403 402/402/402
f 375/375/375 376/376/376 403/403/403
f 376/376/376 404/404/404 403/403/403
f 376/376/376 377/377/377 404/404/404
f 377/377/377 405/405/405 404/404/404
f 377/377/377 378/378/378 405/405/405
f 378/378/378 406/406/406 405/405/405
f 378/378/378 379/379/379 406/406/406
f 379/379/379 407/407/407 406/406/406
f 379/379/379 380/380/380 407/407/407
f 380/380/380 408/408/408 407/407/407
f 380/380/380 381/381/381 408/408/408
f 381/381/381 409/409/409 408/408/408
f 381/381/381 382/382/382 409/409/409
f 382/382/382 410/410/410 409/409/409
f 382/382/382 383/383/383 410/410/410
f 383/383/383 411/411/411 410/410/410
f 383/383/383 384/384/384 411/411/411
f 384/384/384 412/412/412 411/411/411
f 384/384/384 385/385/385 412/412/412
f 385/385/385 413/413/413 412/412/412
f 385/385/385 386/386/386 413/413/413
f 386/386/386 414/414/414 413/413/413
f 386/386/386 387/387/387 414/414/414
f 387/387/387 415/415/415 414/414/414
f 387/387/387 388/388/388 415/415/415
f 388/388/388 416/416/416 415/415/415
f 388/388/388 389/389/389 416/416/416
f 389/389/389 417/417/417 416/416/416
f 389/389/389 390/390/390 417/417/417
f 390/390/390 418/418/418 417/417/417
f 390/390/390 391/391/391 418/418/418
f 391/391/391 419/419/419 418/418/418
f 391/391/391 392/392/392 419/419/419
f 392/392/392 420/420/420 419/419/419
f 392/392/392 365/365/365 420/420/420
f 365/365/365 393/393/393 420/420/420
f 393/393/393 394/394/394 421/421/421
f 394/394/394 422/422/422 421/421/421
f 394/394/394 395/395/395 422/422/422
f 395/395/395 423/423/423 422/422/422
f 395/395/395 396/396/396 423/423/423
f 396/396/396 424/424/424 423/423/423
f 396/396/396 397/397/397 424/424/424
f 397/397/397 425/425/425 424/424/424
f 397/397/397 398/398/398 425/425/425
f 398/398/398 426/426/426 425/425/425
f 398/398/398 399/399/399 426/426/426
f 399/399/399 427/427/427 426/426/426
f 399/399/399 400/400/400 427/427/427
f 400/400/400 428/428/428 427/427/427
f 400/400/400 401/401/401 428/428/428
f 401/401/401 429/429/429 428/428/428
f 401/401/401 402/402/402 429/429/429
f 402/402/402 430/430/430 429/429/429
f 402/402/402 403/403/403 430/430/430
f 403/403/403 431/431/431 430/430/430
f 403/403/403 404/404/404 431/431/431
f 404/404/404 432/432/432 431/431/431
f 404/404/404 405/405/405 432/432/432
f 405/405/405 433/433/433 432/432/432
f 405/405/405 406/406/406 433/433/433
f 406/406/406 434/434/434 433/433/433
f 406/406/406 407/407/407 434/434/434
f 407/407/407 435/435/435 434/434/434
f 407/407/407 408/408/408 435/435/435
f 408/408/408 436/436/436 435/435/435
f 408/408/408 409/409/409 436/436/436
f 409/409/409 437/437/437 436/436/436
f 409/409/409 410/410/410 437/437/437
f 410/410/410 438/438/438 437/437/437
f 410/410/410 411/411/411 438/438/438
f 411/411/411 439/439/439 438/438/438
f 411/411/411 412/412/412 439/439/439
f 412/412/412 440/440/440 439/439/439
f 412/412/412 413/413/413 440/440/440
f 413/413/413 441/441/441 440/440/440
f 413/413/413 414/414/414 441/441/441
f 414/414/414 442/442/442 441/441/441
f 414/414/414 415/415/415 442/442/442
f 415/415/415 443/443/443 442/442/442
f 415/415/415 416/416/416 443/443/443
f 416/416/416 444/444/444 443/443/443
f 416/416/416 417/417/417 444/444/444
f 417/417/417 445/445/445 444/444/444
f 417/417/417 418/418/418 445/445/445
f 418/418/418 446/446/446 445/445/445
f 418/418/418 419/419/419 446/446/446
f 419/419/419 447/447/447 446/446/446
f 419/419/419 420/420/420 447/447/447
f 420/420/420 448/448/448 447/447/447
f 420/420/420 393/393/393 448/448/448
f 393/393/393 421/421/421 448/448/448
f 421/421/421 422/422/422 449/449/449
f 422/422/422 450/450/450 449/449/449
f 422/422/422 423/423/423 450/450/450
f 423/423/423 451/451/451 450/450/450
f 423/423/423 424/424/424 451/451/451
f 424/424/424 452/452/452 451/451/451
f 424/424/424 425/425/425 452/452/452
f 425/425/425 453/453/453 452/452/452
f 425/425/425 426/426/426 453/453/453
f 426/426/426 454/454/454 453/453/453
f 426/426/426 427/427/427 454/454/454
f 427/427/427 455/455/455 454/454/454
f 427/427/427 428/428/428 455/455/455
f 428/428/428 456/456/456 455/455/455
f 428/428/428 429/429/429 456/456/456
f 429/429/429 457/457/457 456/456/456
f 429/429/429 430/430/430 457/457/457
f 430/430/430 458/458/458 457/457/457
f 430/430/430 431/431/431 458/458/458
f 431/431/431 459/459/459 458/458/458
f 431/431/431 432/432/432 459/459/459
f 432/432/432 460/460/460 459/459/459
f 432/432/432 433/433/433 460/460/460
f 433/433/433 461/461/461 460/460/460
f 433/433/433 434/434/434 461/461/461
f 434/434/434 462/462/462 461/461/461
f 434/434/434 435/435/435 462/462/462
f 435/435/435 463/463/463 462/462/462
f 435/435/435 436/436/436 463/463/463
f 436/436/436 464/464/464 463/463/463
f 436/436/436 437/437/437 464/464/464
f 437/437/437 465/465/465 464/464/464
f 437/437/437 438/438/438 465/465/465
f 438/438/438 466/466/466 465/465/465
f 438/438/438 439/439/439 466/466/466
f 439/439/439 467/467/467 466/466/466
f 439/439/439 440/440/440 467/467/467
f 440/440/440 468/468/468 467/467/467
f 440/440/440 441/441/441 468/468/468
f 441/441/441 469/469/469 468/468/468
f 441/441/441 442/442/442 469/469/469
f 442/442/442 470/470/470 469/469/469
f 442/442/442 443/443/443 470/470/470
f 443/443/443 471/471/471 470/470/470
f 443/443/443 444/444/444 471/471/471
f 444/444/444 472/472/472 471/471/471
f 444/444/444 445/445/445 472/472/472
f 445/445/445 473/473/473 472/472/472
f 445/445/445 446/446/446 473/473/473
f 446/446/446 474/474/474 473/473/473
f 446/446/446 447/447/447 474/474/474
f 447/447/447 475/475/475 474/474/474
f 447/447/447 448/448/448 475/475/475
f 448/448/448 476/476/476 475/475/475
f 448/448/448 421/421/421 476/476/476
f 421/421/421 449/449/449 476/476/476
f 449/449/449 450/450/450 477/477/477
f 450/450/450 478/478/478 477/477/477
f 450/450/450 451/451/451 478/478/478
f 451/451/451 479/479/479 478/478/478
f 451/451/451 452/452/452 479/479/479
f 452/452/452 480/480/480 479/479/479
f 452/452/452 453/453/453 480/480/480
f 453/453/453 481/481/481 480/480/480
f 453/453/453 454/454/454 481/481/481
f 454/454/454 482/482/482 481/481/481
f 454/454/454 455/455/455 482/482/482
f 455/455/455 483/483/483 482/482/482
f 455/455/455 456/456/456 483/483/483
f 456/456/456 484/484/484 483/483/483
f 456/456/456 457/457/457 484/484/484
f 457/457/457 485/485/485 484/484/484
f 457/457/457 458/458/458 485/485/485
f 458/458/458 486/486/486 485/485/485
f 458/458/458 459/459/459 486/486/486
f 459/459/459 487/487/487 486/486/486
f 459/459/459 460/460/460 487/487/487
f 460/460/460 488/488/488 487/487/487
f 460/460/460 461/461/461 488/488/488
f 461/461/461 489/489/489 488/488/488
f 461/461/461 462/462/462 489/489/489
f 462/462/462 490/490/490 489/489/489
f 462/462/462 463/463/463 490/490/490
f 463/463/463 491/491/491 490/490/490
f 463/463/463 464/464/464 491/491/491
f 464/464/464 492/492/492 491/491/491
f 464/464/464 465/465/465 492/492/492
f 465/465/465 493/493/493 492/492/492
f 465/465/465 466/466/466 493/493/493
f 466/466/466 494/494/494 493/493/493
f 466/466/466 467/467/467 494/494/494
f 467/467/467 495/495/495 494/494/494
f 467/467/467 468/468/468 495/495/495
f 468/468/468 496/496/496 495/495/495
f 468/468/468 469/469/469 496/496/496
f 469/469/469 497/497/497 496/496/496
f 469/469/469 470/470/470 497/497/497
f 470/470/470 498/498/498 497/497/497
f 470/470/470 471/471/471 498/498/498
f 471/471/471 499/499/499 498/498/498
f 471/471/471 472/472/472 499/499/499
f 472/472/472 500/500/500 499/499/499
f 472/472/472 473/473/473 500/500/500
f 473/473/473 501/501/501 500/500/500
f 473/473/473 474/474/474 501/501/501
f 474/474/474 502/502/502 501/501/501
f 474/474/474 475/475/475 502/502/502
f 475/475/475 503/503/503 502/502/502
f 475/475/475 476/476/476 503/503/503
f 476/476/476 504/504/504 503/503/503
f 476/476/476 449/449/449 504/504/504
f 449/449/449 477/477/477 504/504/504
f 477/477/477 478/478/478 505/505/505
f 478/478/478 506/506/506 505/505/505
f 478/478/478 479/479/479 506/506/506
f 479/479/479 507/507/507 506/506/506
f 479/479/479 480/480/480 507/507/507
f 480/480/480 508/508/508 507/507/507
f 480/480/480 481/481/481 508/508/508
f 481/481/481 509/509/509 508/508/508
f 481/481/481 482/482/482 509/509/509
f 482/482/482 510/510/510 509/509/509
f 482/482/482 483/483/483 510/510/510
f 483/483/483 511/511/511 510/510/510
f 483/483/483 484/484/484 511/511/511
f 484/484/484 512/512/512 511/511/511
f 484/484/484 485/485/485 512/512/512
f 485/485/485 513/513/513 512/512/512
f 485/485/485 486/486/486 513/513/513
f 486/486/486 514/514/514 513/513/513
f 486/486/486 487/487/487 514/514/514
f 487/487/487 515/515/515 514/514/514
f 487/487/487 488/488/488 515/515/515
f 488/488/488 516/516/516 515/515/515
f 488/488/488 489/489/489 516/516/516
f 489/489/489 517/517/517 516/516/516
f 489/489/489 490/490/490 517/517/517
f 490/490/490 518/518/518 517/517/517
f 490/490/490 491/491/491 518/518/518
f 491/491/491 519/519/519 518/518/518
f 491/491/491 492/492/492 519/519/519
f 492/492/492 520/520/520 519/519/519
f 492/492/492 493/493/493 520/520/520
f 493/493/493 521/521/521 520/520/520
f 493/493/493 494/494/494 521/521/521
f 494/494/494 522/522/522 521/521/521
f 494/494/494 495/495/495 522/522/522
f 495/495/495 523/523/523 522/522/522
f 495/495/495 496/496/496 523/523/523
f 496/496/496 524/524/524 523/523/523
f 496/496/496 497/497/497 524/524/524
f 497/497/497 525/525/525 524/524/524
f 497/497/497 498/498/498 525/525/525
f 498/498/498 526/526/526 525/525/525
f 498/498/498 499/499/499 526/526/526
f 499/499/499 527/527/527 526/526/526
f 499/499/499 500/500/500 527/527/527
f 500/500/500 528/528/528 527/527/527
f 500/500/500 501/501/501 528/528/528
f 501/501/501 529/529/529 528/528/528
f 501/501/501 502/502/502 529/529/529
f 502/502/502 530/530/530 529/529/529
f 502/502/502 503/503/503 530/530/530
f 503/503/503 531/531/531 530/530/530
f 503/503/503 504/504/504 531/531/531
f 504/504/504 532/532/532 531/531/531
f 504/504/504 477/477/477 532/532/532
f 477/477/477 505/505/505 532/532/532
f 505/505/505 506/506/506 533/533/533
f 506/506/506 534/534/534 533/533/533
f 506/506/506 507/507/507 534/534/534
f 507/507/507 535/535/535 534/534/534
f 507/507/507 508/508/508 535/535/535
f 508/508/508 536/536/536 535/535/535
f 508/508/508 509/509/509 536/536/536
f 509/509/509 537/537/537 536/536/536
f 509/509/509 510/510/510 537/537/537
f 510/510/510 538/538/538 537/537/537
f 510/510/510 511/511/511 538/538/538
f 511/511/511 539/539/539 538/538/538
f 511/511/511 512/512/512 539/539/539
f 512/512/512 540/540/540 539/539/539
f 512/512/512 513/513/513 540/540/540
f 513/513/513 541/541/541 540/540/540
f 513/513/513 514/514/514 541/541/541
f 514/514/514 542/542/542 541/541/541
f 514/514/514 515/515/515 542/542/542
f 515/515/515 543/543/543 542/542/542
f 515/515/515 516/516/516 543/543/543
f 516/516/516 544/544/544 543/543/543
f 516/516/516 517/517/517 544/544/544
f 517/517/517 545/545/545 544/544/544
f 517/517/517 518/518/518 545/545/545
f 518/518/518 546/546/546 545/545/545
f 518/518/518 519/519/519 546/546/546
f 519/519/519 547/547/547 546/546/546
f 519/519/519 520/520/520 547/547/547
f 520/520/520 548/548/548 547/547/547
f 520/520/520 521/521/521 548/548/548
f 521/521/521 549/549/549 548/548/548
f 521/521/521 522/522/522 549/549/549
f 522/522/522 550/550/550 549/549/549
f 522/522/522 523/523/523 550/550/550
f 523/523/523 551/551/551 550/550/550
f 523/523/523 524/524/524 551/551/551
f 524/524/524 552/552/552 551/551/551
f 524/524/524 525/525/525 552/552/552
f 525/525/525 553/553/553 552/552/552
f 525/525/525 526/526/526 553/553/553
f 526/526/526 554/554/554 553/553/553
f 526/526/526 527/527/527 554/554/554
f 527/527/527 555/555/555 554/554/554
f 527/527/527 528/528/528 555/555/555
f 528/528/528 556/556/556 555/555/555
f 528/528/528 529/529/529 556/556/556
f 529/529/529 557/557/557 556/556/556
f 529/529/529 530/530/530 557/557/557
f 530/530/530 558/558/558 557/557/557
f 530/530/530 531/531/531 558/558/558
f 531/531/531 559/559/559 558/558/558
f 531/531/531 532/532/532 559/559/559
f 532/532/532 560/560/560 559/559/559
f 532/532/532 505/505/505 560/560/560
f 505/505/505 533/533/533 560/560/560
f 533/533/533 534/534/534 561/561/561
f 534/534/534 562/562/562 561/561/561
f 534/534/534 535/535/535 562/562/562
f 535/535/535 563/563/563 562/562/562
f 535/535/535 536/536/536 563/563/563
f 536/536/536 564/564/564 563/563/563
f 536/536/536 537/537/537 564/564/564
f 537/537/537 565/565/565 564/564/564
f 537/537/537 538/538/538 565/565/565
f 538/538/538 566/566/566 565/565/565
f 538/538/538 539/539/539 566/566/566
f 539/539/539 567/567/567 566/566/566
f 539/539/539 540/540/540 567/567/567
f 540/540/540 568/568/568 567/567/567
f 540/540/540 541/541/541 568/568/568
f 541/541/541 569/569/569 568/568/568
f 541/541/541 542/542/542 569/569/569
f 542/542/542 570/570/570 569/569/569
f 542/542/542 543/543/543 570/570/570
f 543/543/543 571/571/571 570/570/570
f 543/543/543 544/544/544 571/571/571
f 544/544/544 572/572/572 571/571/571
f 544/544/544 545/545/545 572/572/572
f 545/545/545 573/573/573 572/572/572
f 545/545/545 546/546/546 573/573/573
f 546/546/546 574/574/574 573/573/573
f 546/546/546 547/547/547 574/574/574
f 547/547/547 575/575/575 574/574/574
f 547/547/547 548/548/548 575/575/575
f 548/548/548 576/576/576 575/575/575
f 548/548/548 549/549/549 576/576/576
f 549/549/549 577/577/577 576/576/576
f 549/549/549 550/550/550 577/577/577
f 550/550/550 578/578/578 577/577/577
f 550/550/550 551/551/551 578/578/578
f 551/551/551 579/579/579 578/578/578
f 551/551/551 552/552/552 579/579/579
f 552/552/552 580/580/580 579/579/579
f 552/552/552 553/553/553 580/580/580
f 553/553/553 581/581/581 580/580/580
f 553/553/553 554/554/554 581/581/581
f 554/554/554 582/582/582 581/581/581
f 554/554/554 555/555/555 582/582/582
f 555/555/555 583/583/583 582/582/582
f 555/555/555 556/556/556 583/583/583
f 556/556/556 584/584/584 583/583/583
f 556/556/556 557/557/557 584/584/584
f 557/557/557 585/585/585 584/584/584
f 557/557/557 558/558/558 585/585/585
f 558/558/558 586/586/586 585/585/585
f 558/558/558 559/559/559 586/586/586
f 559/559/559 587/587/587 586/586/586
f 559/559/559 560/560/560 587/587/587
f 560/560/560 588/588/588 587/587/587
f 560/560/560 533/533/533 588/588/588
f 533/533/533 561/561/561 588/588/588
f 561/561/561 562/562/562 589/589/589
f 562/562/562 590/590/590 589/589/589
f 562/562/562 563/563/563 590/590/590
f 563/563/563 591/591/591 590/590/590
f 563/563/563 564/564/564 591/591/591
f 564/564/564 592/592/592 591/591/591
f 564/564/564 565/565/565 592/592/592
f 565/565/565 593/593/593 592/592/592
f 565/565/565 566/566/566 593/593/593
f 566/566/566 594/594/594 593/593/593
f 566/566/566 567/567/567 594/594/594
f 567/567/567 595/595/595 594/594/594
f 567/567/567 568/568/568 595/595/595
f 568/568/568 596/596/596 595/595/595
f 568/568/568 569/569/569 596/596/596
f 569/569/569 597/597/597 596/596/596
f 569/569/569 570/570/570 597/597/597
f 570/570/570 598/598/598 597/597/597
f 570/570/570 571/571/571 598/598/598
f 571/571/571 599/599/599 598/598/598
f 571/571/571 572/572/572 599/599/599
f 572/572/572 600/600/600 599/599/599
f 572/572/572 573/573/573 600/600/600
f 573/573/573 601/601/601 600/600/600
f 573/573/573 574/574/574 601/601/601
f 574/574/574 602/602/602 601/601/601
f 574/574/574 575/575/575 602/602/602
f 575/575/575 603/603/603 602/602/602
f 575/575/575 576/576/576 603/603/603
f 576/576/576 604/604/604 603/603/603
f 576/576/576 577/577/577 604/604/604
f 577/577/577 605/605/605 604/604/604
f 577/577/577 578/578/578 605/605/605
f 578/578/578 606/606/606 605/605/605
f 578/578/578 579/579/579 606/606/606
f 579/579/579 607/607/607 606/606/606
f 579/579/579 580/580/580 607/607/607
f 580/580/580 608/608/608 607/607/607
f 580/580/580 581/581/581 608/608/608
f 581/581/581 609/609/609 608/608/608
f 581/581/581 582/582/582 609/609/609
f 582/582/582 610/610/610 609/609/609
f 582/582/582 583/583/583 610/610/610
f 583/583/583 611/611/611 610/610/610
f 583/583/583 584/584/584 611/611/611
f 584/584/584 612/612/612 611/611/611
f 584/584/584 585/585/585 612/612/612
f 585/585/585 613/613/613 612/612/612
f 585/585/585 586/586/586 613/613/613
f 586/586/586 614/614/614 613/613/613
f 586/586/586 587/587/587 614/614/614
f 587/587/587 615/615/615 614/614/614
f 587/587/587 588/588/588 615/615/615
f 588/588/588 616/616/616 615/615/615
f 588/588/588 561/561/561 616/616/616
f 561/561/561 589/589/589 616/616/616
f 589/589/589 590/590/590 617/617/617
f 590/590/590 618/618/618 617/617/617
f 590/590/590 591/591/591 618/618/618
f 591/591/591 619/619/619 618/618/618
f 591/591/591 592/592/592 619/619/619
f 592/592/592 620/620/620 619/619/619
f 592/592/592 593/593/593 620/620/620
f 593/593/593 621/621/621 620/620/620
f 593/593/593 594/594/594 621/621/621
f 594/594/594 622/622/622 621/621/621
f 594/594/594 595/595/595 622/622/622
f 595/595/595 623/623/623 622/622/622
f 595/595/595 596/596/596 623/623/623
f 596/596/596 624/624/624 623/623/623
f 596/596/596 597/597/597 624/624/624
f 597/597/597 625/625/625 624/624/624
f 597/597/597 598/598/598 625/625/625
f 598/598/598 626/626/626 625/625/625
f 598/598/598 599/599/599 626/626/626
f 599/599/599 627/627/627 626/626/626
f 599/599/599 600/600/600 627/627/627
f 600/600/600 628/628/628 627/627/627
f 600/600/600 601/601/601 628/628/628
f 601/601/601 629/629/629 628/628/628
f 601/601/601 602/602/602 629/629/629
f 602/602/602 630/630/630 629/629/629
f 602/602/602 603/603/603 630/630/630
f 603/603/603 631/631/631 630/630/630
f 603/603/603 604/604/604 631/631/631
f 604/604/604 632/632/632 631/631/631
f 604/604/604 605/605/605 632/632/632
f 605/605/605 633/633/633 632/632/632
f 605/605/605 606/606/606 633/633/633
f 606/606/606 634/634/634 633/633/633
f 606/606/606 607/607/607 634/634/634
f 607/607/607 635/635/635 634/634/634
f 607/607/607 608/608/608 635/635/635
f 608/608/608 636/636/636 635/635/635
f 608/608/608 609/609/609 636/636/636
f 609/609/609 637/637/637 636/636/636
f 609/609/609 610/610/610 637/637/637
f 610/610/610 638/638/638 637/637/637
f 610/610/610 611/611/611 638/638/638
f 611/611/611 639/639/639 638/638/638
f 611/611/611 612/612/612 639/639/639
f 612/612/612 640/640/640 639/639/639
f 612/612/612 613/613/613 640/640/640
f 613/613/613 641/641/641 640/640/640
f 613/613/613 614/614/614 641/641/641
f 614/614/614 642/642/642 641/641/641
f 614/614/614 615/615/615 642/642/642
f 615/615/615 643/643/643 642/642/642
f 615/615/615 616/616/616 643/643/643
f 616/616/616 644/644/644 643/643/643
f 616/616/616 589/589/589 644/644/644
f 589/589/589 617/617/617 644/644/644
f 617/617/617 618/618/618 645/645/645
f 618/618/618 646/646/646 645/645/645
f 618/618/618 619/619/619 646/646/646
f 619/619/619 647/647/647 646/646/646
f 619/619/619 620/620/620 647/647/647
f 620/620/620 648/648/648 647/647/647
f 620/620/620 621/621/621 648/648/648
f 621/621/621 649/649/649 648/648/648
f 621/621/621 622/622/622 649/649/649
f 622/622/622 650/650/650 649/649/649
f 622/622/622 623/623/623 650/650/650
f 623/623/623 651/651/651 650/650/650
f 623/623/623 624/624/624 651/651/651
f 624/624/624 652/652/652 651/651/651
f 624/624/624 625/625/625 652/652/652
f 625/625/625 653/653/653 652/652/652
f 625/625/625 626/626/626 653/653/653
f 626/626/626 654/654/654 653/653/653
f 626/626/626 627/627/627 654/654/654
f 627/627/627 655/655/655 654/654/654
f 627/627/627 628/628/628 655/655/655
f 628/628/628 656/656/656 655/655/655
f 628/628/628 629/629/629 656/656/656
f 629/629/629 657/657/657 656/656/656
f 629/629/629 630/630/630 657/657/657
f 630/630/630 658/658/658 657/657/657
f 630/630/630 631/631/631 658/658/658
f 631/631/631 659/659/659 658/658/658
f 631/631/631 632/632/632 659/659/659
f 632/632/632 660/660/660 659/659/659
f 632/632/632 633/633/633 660/660/660
f 633/633/633 661/661/661 660/660/660
f 633/633/633 634/634/634 661/661/661
f 634/634/634 662/662/662 661/661/661
f 634/634/634 635/635/635 662/662/662
f 635/635/635 663/663/663 662/662/662
f 635/635/635 636/636/636 663/663/663
f 636/636/636 664/664/664 663/663/663
f 636/636/636 637/637/637 664/664/664
f 637/637/637 665/665/665 664/664/664
f 637/637/637 638/638/638 665/665/665
f 638/638/638 666/666/666 665/665/665
f 638/638/638 639/639/639 666/666/666
f 639/639/639 667/667/667 666/666/666
f 639/639/639 640/640/640 667/667/667
f 640/640/640 668/668/668 667/667/667
f 640/640/640 641/641/641 668/668/668
f 641/641/641 669/669/669 668/668/668
f 641/641/641 642/642/642 669/669/669
f 642/642/642 670/670/670 669/669/669
f 642/642/642 643/643/643 670/670/670
f 643/643/643 671/671/671 670/670/670
f 643/643/643 644/644/644 671/671/671
f 644/644/644 672/672/672 671/671/671
f 644/644/644 617/617/617 672/672/672
f 617/617/617 645/645/645 672/672/672
f 645/645/645 646/646/646 673/673/673
f 646/646/646 674/674/674 673/673/673
f 646/646/646 647/647/647 674/674/674
f 647/647/647 675/675/675 674/674/674
f 647/647/647 648/648/648 675/675/675
f 648/648/648 676/676/676 675/675/675
f 648/648/648 649/649/649 676/676/676
f 649/649/649 677/677/677 676/676/676
f 649/649/649 650/650/650 677/677/677
f 650/650/650 678/678/678 677/677/677
f 650/650/650 651/651/651 678/678/678
f 651/651/651 679/679/679 678/678/678
f 651/651/651 652/652/652 679/679/679
f 652/652/652 680/680/680 679/679/679
f 652/652/652 653/653/653 680/680/680
f 653/653/653 681/681/681 680/680/680
f 653/653/653 654/654/654 681/681/681
f 654/654/654 682/682/682 681/681/681
f 654/654/654 655/655/655 682/682/682
f 655/655/655 683/683/683 682/682/682
f 655/655/655 656/656/656 683/683/683
f 656/656/656 684/684/684 683/683/683
f 656/656/656 657/657/657 684/684/684
f 657/657/657 685/685/685 684/684/684
f 657/657/657 658/658/658 685/685/685
f 658/658/658 686/686/686 685/685/685
f 658/658/658 659/659/659 686/686/686
f 659/659/659 687/687/687 686/686/686
f 659/659/659 660/660/660 687/687/687
f 660/660/660 688/688/688 687/687/687
f 660/660/660 661/661/661 688/688/688
f 661/661/661 689/689/689 688/688/688
f 661/661/661 662/662/662 689/689/689
f 662/662/662 690/690/690 689/689/689
f 662/662/662 663/663/663 690/690/690
f 663/663/663 691/691/691 690/690/690
f 663/663/663 664/664/664 691/691/691
f 664/664/664 692/692/692 691/691/691
f 664/664/664 665/665/665 692/692/692
f 665/665/665 693/693/693 692/692/692
f 665/665/665 666/666/666 693/693/693
f 666/666/666 694/694/694 693/693/693
f 666/666/666 667/667/667 694/694/694
f 667/667/667 695/695/695 694/694/694
f 667/667/667 668/668/668 695/695/695
f 668/668/668 696/696/696 695/695/695
f 668/668/668 669/669/669 696/696/696
f 669/669/669 697/697/697 696/696/696
f 669/669/669 670/670/670 697/697/697
f 670/670/670 698/698/698 697/697/697
f 670/670/670 671/671/671 698/698/698
f 671/671/671 699/699/699 698/698/698
f 671/671/671 672/672/672 699/699/699
f 672/672/672 700/700/700 699/699/699
f 672/672/672 645/645/645 700/700/700
f 645/645/645 673/673/673 700/700/700
f 701/701/701 2/2/2 1/1/1
f 701/701/701 5/5/5 2/2/2
f 701/701/701 7/7/7 5/5/5
f 701/701/701 9/9/9 7/7/7
f 701/701/701 11/11/11 9/9/9
f 701/701/701 13/13/13 11/11/11
f 701/701/701 15/15/15 13/13/13
f 701/701/701 17/17/17 15/15/15
f 701/701/701 19/19/19 17/17/17
f 701/701/701 21/21/21 19/19/19
f 701/701/701 23/23/23 21/21/21
f 701/701/701 25/25/25 23/23/23
f 701/701/701 27/27/27 25/25/25
f 701/701/701 29/29/29 27/27/27
f 701/701/701 31/31/31 29/29/29
f 701/701/701 33/33/33 31/31/31
f 701/701/701 35/35/35 33/33/33
f 701/701/701 37/37/37 35/35/35
f 701/701/701 39/39/39 37/37/37
f 701/701/701 41/41/41 39/39/39
f 701/701/701 43/43/43 41/41/41
f 701/701/701 45/45/45 43/43/43
f 701/701/701 47/47/47 45/45/45
f 701/701/701 49/49/49 47/47/47
f 701/701/701 51/51/51 49/49/49
f 701/701/701 53/53/53 51/51/51
f 701/701/701 55/55/55 53/53/53
f 701/701/701 1/1/1 55/55/55
f 702/702/702 673/673/673 674/674/674
f 702/702/702 674/674/674 675/675/675
f 702/702/702 675/675/675 676/676/676
f 702/702/702 676/676/676 677/677/677
f 702/702/702 677/677/677 678/678/678
f 702/702/702 678/678/678 679/679/679
f 702/702/702 679/679/679 680/680/680
f 702/702/702 680/680/680 681/681/681
f 702/702/702 681/681/681 682/682/682
f 702/702/702 682/682/682 683/683/683
f 702/702/702 683/683/683 684/684/684
f 702/702/702 684/684/684 685/685/685
f 702/702/702 685/685/685 686/686/686
f 702/702/702 686/686/686 687/687/687
f 702/702/702 687/687/687 688/688/688
f 702/702/702 688/688/688 689/689/689
f 702/702/702 689/689/689 690/690/690
f 702/702/702 690/690/690 691/691/691
f 702/702/702 691/691/691 692/692/692
f 702/702/702 692/692/692 693/693/693
f 702/702/702 693/693/693 694/694/694
f 702/702/702 694/694/694 695/695/695
f 702/702/702 695/695/695 696/696/696
f 702/702/702 696/696/696 697/697/697
f 702/702/702 697/697/697 698/698/698
f 702/702/702 698/698/698 699/699/699
f 702/702/702 699/699/699 700/700/700
f 702/702/702 700/700/700 673/673/673
usemtl Material_2
f 703/703/703 704/704/704 705/705/705
f 703/703/703 706/706/706 704/704/704
f 706/706/706 707/707/707 704/704/704
f 706/706/706 708/708/708 707/707/707
f 708/708/708 709/709/709 707/707/707
f 708/708/708 710/710/710 709/709/709
f 710/710/710 711/711/711 709/709/709
f 710/710/710 712/712/712 711/711/711
f 712/712/712 713/713/713 711/711/711
f 712/712/712 714/714/714 713/713/713
f 714/714/714 715/715/715 713/713/713
f 714/714/714 716/716/716 715/715/715
f 716/716/716 717/717/717 715/715/715
f 716/716/716 718/718/718 717/717/717
f 718/718/718 719/719/719 717/717/717
f 718/718/718 720/720/720 719/719/719
f 720/720/720 721/721/721 719/719/719
f 720/720/720 722/722/722 721/721/721
f 722/722/722 723/723/723 721/721/721
f 722/722/722 724/724/724 723/723/723
f 724/724/724 725/725/725 723/723/723
f 724/724/724 726/726/726 725/725/725
f 726/726/726 727/727/727 725/725/725
f 726/726/726 728/728/728 727/727/727
f 728/728/728 729/729/729 727/727/727
f 728/728/728 730/730/730 729/729/729
f 730/730/730 731/731/731 729/729/729
f 730/730/730 732/732/732 731/731/731
f 732/732/732 733/733/733 731/731/731
f 732/732/732 734/734/734 733/733/733
f 734/734/734 735/735/735 733/733/733
f 734/734/734 736/736/736 735/735/735
f 737/737/737 738/738/738 739/739/739
f 738/738/738 740/740/740 741/741/741
f 740/740/740 742/742/742 743/743/743
f 742/742/742 744/744/744 745/745/745
f 744/744/744 746/746/746 747/747/747
f 746/746/746 748/748/748 749/749/749
f 748/748/748 750/750/750 751/751/751
f 750/750/750 752/752/752 753/753/753
f 752/752/752 754/754/754 755/755/755
f 754/754/754 756/756/756 757/757/757
f 756/756/756 758/758/758 759/759/759
f 758/758/758 760/760/760 761/761/761
f 760/760/760 762/762/762 763/763/763
f 762/762/762 764/764/764 765/765/765
f 764/764/764 766/766/766 767/767/767
f 766/766/766 768/768/768 769/769/769
f 770/770/770 771/771/771 772/772/772
f 771/771/771 773/773/773 774/774/774
f 773/773/773 775/775/775 776/776/776
f 775/775/775 777/777/777 778/778/778
f 777/777/777 779/779/779 780/780/780
f 779/779/779 781/781/781 782/782/782
f 781/781/781 783/783/783 784/784/784
f 783/783/783 785/785/785 786/786/786
f 785/785/785 787/787/787 788/788/788
f 787/787/787 789/789/789 790/790/790
f 789/789/789 791/791/791 792/792/792
f 791/791/791 793/793/793 794/794/794
f 793/793/793 795/795/795 796/796/796
f 795/795/795 797/797/797 798/798/798
f 797/797/797 799/799/799 800/800/800
f 799/799/799 801/801/801 802/802/802
f 803/803/803 804/804/804 805/805/805
f 803/803/803 806/806/806 804/804/804
f 806/806/806 807/807/807 804/804/804
f 806/806/806 808/808/808 807/807/807
f 808/808/808 809/809/809 807/807/807
f 808/808/808 810/810/810 809/809/809
f 810/810/810 811/811/811 809/809/809
f 810/810/810 812/812/812 811/811/811
f 812/812/812 813/813/813 811/811/811
f 812/812/812 814/814/814 813/813/813
f 814/814/814 815/815/815 813/813/813
f 814/814/814 816/816/816 815/815/815
f 816/816/816 817/817/817 815/815/815
f 816/816/816 818/818/818 817/817/817
f 818/818/818 819/819/819 817/817/817
f 818/818/818 820/820/820 819/819/819
f 820/820/820 821/821/821 819/819/819
f 820/820/820 822/822/822 821/821/821
f 822/822/822 823/823/823 821/821/821
f 822/822/822 824/824/824 823/823/823
f 824/824/824 825/825/825 823/823/823
f 824/824/824 826/826/826 825/825/825
f 826/826/826 827/827/827 825/825/825
f 826/826/826 828/828/828 827/827/827
f 828/828/828 829/829/829 827/827/827
f 828/828/828 830/830/830 829/829/829
f 830/830/830 831/831/831 829/829/829
f 830/830/830 832/832/832 831/831/831
f 832/832/832 833/833/833 831/831/831
f 832/832/832 834/834/834 833/833/833
f 834/834/834 835/835/835 833/833/833
f 834/834/834 836/836/836 835/835/835
f 837/837/837 838/838/838 839/839/839
f 838/838/838 840/840/840 841/841/841
f 840/840/840 842/842/842 843/843/843
f 842/842/842 844/844/844 845/845/845
f 844/844/844 846/846/846 847/847/847
f 846/846/846 848/848/848 849/849/849
f 848/848/848 850/850/850 851/851/851
f 850/850/850 852/852/852 853/853/853
f 852/852/852 854/854/854 855/855/855
f 854/854/854 856/856/856 857/857/857
f 856/856/856 858/858/858 859/859/859
f 858/858/858 860/860/860 861/861/861
f 860/860/860 862/862/862 863/863/863
f 862/862/862 864/864/864 865/865/865
f 864/864/864 866/866/866 867/867/867
f 866/866/866 868/868/868 869/869/869
f 870/870/870 871/871/871 872/872/872
f 871/871/871 873/873/873 874/874/874
f 873/873/873 875/875/875 876/876/876
f 875/875/875 877/877/877 878/878/878
f 877/877/877 879/879/879 880/880/880
f 879/879/879 881/881/881 882/882/882
f 881/881/881 883/883/883 884/884/884
f 883/883/883 885/885/885 886/886/886
f 885/885/885 887/887/887 888/888/888
f 887/887/887 889/889/889 890/890/890
f 889/889/889 891/891/891 892/892/892
f 891/891/891 893/893/893 894/894/894
f 893/893/893 895/895/895 896/896/896
f 895/895/895 897/897/897 898/898/898
f 897/897/897 899/899/899 900/900/900
f 899/899/899 901/901/901 902/902/902
