mtllib VIIC.mtl
o sternPlanes
v -0.25 0.0 0.7280003814697267
v -0.25 0.0018797000000000397 0.714962381469725
v -0.35208333 0.0 0.7256663814697255
v -0.35208333 0.0018736999999999782 0.7126703814697279
v -0.25 0.007252159999999952 0.6765043814697265
v -0.35208333 0.0072288999999999826 0.6743353814697279
v -0.25 0.01540090000000005 0.6145513814697274
v -0.35208333 0.015351530000000002 0.6125833814697259
v -0.25 0.025348959999999976 0.5322153814697259
v -0.35208333 0.025267700000000004 0.5305083814697262
v -0.25 0.036023559999999955 0.43362038146972637
v -0.35208333 0.0359081 0.4322303814697257
v -0.25 0.04630310000000004 0.3237113814697281
v -0.35208333 0.04615469999999999 0.3226733814697269
v -0.25 0.054976000000000025 0.2080003814697271
v -0.35208333 0.054799739999999986 0.2073323814697261
v -0.25 0.06073720000000005 0.0922893814697261
v -0.35208333 0.060542500000000055 0.09199338146972735
v -0.25 0.0623418 -0.017619618530272163
v -0.35208333 0.06214200000000003 -0.017562618530273966
v -0.25 0.05890930000000005 -0.11621461853027171
v -0.35208333 0.058720470000000025 -0.115842618530273
v -0.25 0.050223099999999965 -0.19855261853027173
v -0.35208333 0.050062199999999946 -0.19791561853027417
v -0.25 0.03681559999999995 -0.26050361853027226
v -0.35208333 0.03669756999999996 -0.2596686185302737
v -0.25 0.019723399999999947 -0.29896161853027436
v -0.35208333 0.019660200000000017 -0.2980046185302747
v -0.25 0.0 -0.31199961853027247
v -0.35208333 0.0 -0.3110006185302723
v -0.25 -0.019723399999999947 -0.29896161853027436
v -0.35208333 -0.019660199999999906 -0.2980046185302747
v -0.25 -0.03681559999999995 -0.26050361853027226
v -0.35208333 -0.03669760000000011 -0.2596686185302737
v -0.25 -0.050223099999999965 -0.19855261853027173
v -0.35208333 -0.050062199999999946 -0.19791561853027417
v -0.25 -0.05890930000000005 -0.11621461853027171
v -0.35208333 -0.05872049999999995 -0.115842618530273
v -0.25 -0.0623418 -0.017619618530272163
v -0.35208333 -0.06214199999999992 -0.017562618530273966
v -0.25 -0.0607371000000001 0.0922893814697261
v -0.35208333 -0.060542499999999944 0.09199338146972735
v -0.25 -0.054975999999999914 0.2080003814697271
v -0.35208333 -0.054799800000000065 0.2073323814697261
v -0.25 -0.0463032000000001 0.3237113814697281
v -0.35208333 -0.04615469999999999 0.3226733814697269
v -0.25 -0.036023600000000044 0.43362038146972637
v -0.35208333 -0.03590810000000011 0.4322303814697257
v -0.25 -0.025349000000000066 0.5322153814697259
v -0.35208333 -0.025267699999999893 0.5305083814697262
v -0.25 -0.01540089999999994 0.6145513814697274
v -0.35208333 -0.015351499999999962 0.6125833814697259
v -0.25 -0.007252199999999931 0.6765043814697265
v -0.35208333 -0.00722899999999993 0.6743353814697279
v -0.25 -0.0018796999999999287 0.714962381469725
v -0.35208333 -0.0018736999999999782 0.7126703814697279
v -0.45416668 0.0 0.7233333814697254
v -0.45416668 0.0018676499999999985 0.7103783814697273
v -0.45416668 0.007205670000000053 0.6721663814697258
v -0.45416668 0.015302200000000044 0.6106123814697249
v -0.45416668 0.0251865 0.5288023814697276
v -0.45416668 0.03579264999999998 0.43084038146972503
v -0.45416668 0.046006259999999966 0.32163638146972673
v -0.45416668 0.054623540000000026 0.20666738146972818
v -0.45416668 0.06034786000000003 0.09169738146972506
v -0.45416668 0.06194219999999995 -0.01750761853027427
v -0.45416668 0.058531639999999996 -0.11546961853027327
v -0.45416668 0.04990119999999998 -0.1972796185302741
v -0.45416668 0.036579600000000045 -0.25883461853027256
v -0.45416668 0.019596999999999976 -0.29704661853027403
v -0.45416668 0.0 -0.3099996185302736
v -0.45416668 -0.019596900000000028 -0.29704661853027403
v -0.45416668 -0.036579600000000045 -0.25883461853027256
v -0.45416668 -0.04990110000000003 -0.1972796185302741
v -0.45416668 -0.05853160000000002 -0.11546961853027327
v -0.45416668 -0.06194220000000006 -0.01750761853027427
v -0.45416668 -0.06034779999999995 0.09169738146972506
v -0.45416668 -0.054623599999999994 0.20666738146972818
v -0.45416668 -0.046006299999999944 0.32163638146972673
v -0.45416668 -0.03579259999999995 0.43084038146972503
v -0.45416668 -0.0251865 0.5288023814697276
v -0.45416668 -0.015302200000000044 0.6106123814697249
v -0.45416668 -0.007205700000000093 0.6721663814697258
v -0.45416668 -0.0018677000000000277 0.7103783814697273
v -0.55625 0.0 0.7210003814697252
v -0.55625 0.0018616299999999475 0.7080883814697252
v -0.55625 0.007182400000000033 0.6699983814697248
v -0.55625 0.015252770000000027 0.6086423814697248
v -0.55625 0.02510524000000003 0.5270973814697264
v -0.55625 0.035677199999999964 0.4294503814697279
v -0.55625 0.04585790000000001 0.3205983814697255
v -0.55625 0.054447350000000005 0.20599938146972718
v -0.55625 0.06015320000000002 0.09140238146972735
v -0.55625 0.061742370000000046 -0.017449618530275046
v -0.55625 0.058342899999999975 -0.11509661853027353
v -0.55625 0.04974020000000001 -0.196643618530274
v -0.55625 0.03646159999999998 -0.257999618530274
v -0.55625 0.019533750000000016 -0.2960876185302723
v -0.55625 0.0 -0.30899961853027236
v -0.55625 -0.019533800000000046 -0.2960876185302723
v -0.55625 -0.03646159999999998 -0.257999618530274
v -0.55625 -0.04974020000000001 -0.196643618530274
v -0.55625 -0.05834279999999992 -0.11509661853027353
v -0.55625 -0.061742399999999975 -0.017449618530275046
v -0.55625 -0.06015309999999996 0.09140238146972735
v -0.55625 -0.05444730000000009 0.20599938146972718
v -0.55625 -0.045857899999999896 0.3205983814697255
v -0.55625 -0.035677200000000076 0.4294503814697279
v -0.55625 -0.02510520000000005 0.5270973814697264
v -0.55625 -0.015252800000000066 0.6086423814697248
v -0.55625 -0.007182500000000092 0.6699983814697248
v -0.55625 -0.0018616000000000188 0.7080883814697252
v -0.65833336 0.0 0.7186663814697276
v -0.65833336 0.0018555999999999573 0.7057973814697256
v -0.65833336 0.007159200000000032 0.6678313814697283
v -0.65833336 0.015203399999999978 0.6066743814697269
v -0.65833336 0.025024000000000046 0.5253903814697267
v -0.65833336 0.03556174000000001 0.42806038146972725
v -0.65833336 0.04570949999999996 0.31956038146972787
v -0.65833336 0.054271159999999985 0.20533338146972824
v -0.65833336 0.059958500000000026 0.09110638146972505
v -0.65833336 0.0615426 -0.017392618530273296
v -0.65833336 0.05815404999999996 -0.11472461853027482
v -0.65833336 0.049579260000000014 -0.1960066185302729
v -0.65833336 0.03634360000000003 -0.25716361853027436
v -0.65833336 0.019470499999999946 -0.2951296185302752
v -0.65833336 0.0 -0.3079996185302747
v -0.65833336 -0.019470600000000005 -0.2951296185302752
v -0.65833336 -0.03634359999999992 -0.25716361853027436
v -0.65833336 -0.04957929999999999 -0.1960066185302729
v -0.65833336 -0.05815400000000004 -0.11472461853027482
v -0.65833336 -0.061542500000000055 -0.017392618530273296
v -0.65833336 -0.059958500000000026 0.09110638146972505
v -0.65833336 -0.05427110000000002 0.20533338146972824
v -0.65833336 -0.04570950000000007 0.31956038146972787
v -0.65833336 -0.03556169999999992 0.42806038146972725
v -0.65833336 -0.0250239000000001 0.5253903814697267
v -0.65833336 -0.015203499999999925 0.6066743814697269
v -0.65833336 -0.007159200000000032 0.6678313814697283
v -0.65833336 -0.0018556000000000683 0.7057973814697256
v -0.7604167 0.0 0.7163333814697275
v -0.7604167 0.0018496000000000068 0.7035043814697275
v -0.7604167 0.007135899999999973 0.6656623814697262
v -0.7604167 0.01515405999999997 0.6047043814697268
v -0.7604167 0.024942759999999953 0.5236853814697255
v -0.7604167 0.03544630000000004 0.4266703814697266
v -0.7604167 0.04556110000000002 0.3185233814697277
v -0.7604167 0.054094899999999946 0.20466638146972826
v -0.7604167 0.05976384999999995 0.09081038146972631
v -0.7604167 0.06134280000000003 -0.017337618530273602
v -0.7604167 0.05796520000000005 -0.11435361853027359
v -0.7604167 0.049418300000000026 -0.1953696185302718
v -0.7604167 0.03622559999999997 -0.2563286185302722
v -0.7604167 0.019407329999999945 -0.294172618530272
v -0.7604167 0.0 -0.30699961853027347
v -0.7604167 -0.019407299999999905 -0.294172618530272
v -0.7604167 -0.03622560000000008 -0.2563286185302722
v -0.7604167 -0.04941820000000008 -0.1953696185302718
v -0.7604167 -0.0579653 -0.11435361853027359
v -0.7604167 -0.06134269999999997 -0.017337618530273602
v -0.7604167 -0.059763800000000034 0.09081038146972631
v -0.7604167 -0.054094899999999946 0.20466638146972826
v -0.7604167 -0.04556110000000002 0.3185233814697277
v -0.7604167 -0.03544630000000004 0.4266703814697266
v -0.7604167 -0.024942800000000043 0.5236853814697255
v -0.7604167 -0.015154099999999948 0.6047043814697268
v -0.7604167 -0.007136000000000031 0.6656623814697262
v -0.7604167 -0.0018495000000000594 0.7035043814697275
v -0.8625 0.0 0.7140003814697273
v -0.8625 0.0018435999999999453 0.7012133814697279
v -0.8625 0.007112699999999972 0.6634943814697252
v -0.8625 0.015104699999999971 0.6027333814697258
v -0.8625 0.02486149999999998 0.5219803814697279
v -0.8625 0.035330799999999996 0.42528138146972694
v -0.8625 0.045412659999999994 0.3174853814697265
v -0.8625 0.053918699999999986 0.20400038146972577
v -0.8625 0.05956919999999999 0.09051538146972504
v -0.8625 0.0611429 -0.017280618530271852
v -0.8625 0.05777639999999995 -0.11397961853027283
v -0.8625 0.04925729999999995 -0.19473461853027274
v -0.8625 0.03610760000000002 -0.25549461853027466
v -0.8625 0.019344099999999975 -0.2932126185302728
v -0.8625 0.0 -0.30599961853027224
v -0.8625 -0.019344100000000086 -0.2932126185302728
v -0.8625 -0.03610749999999996 -0.25549461853027466
v -0.8625 -0.04925730000000006 -0.19473461853027274
v -0.8625 -0.0577764999999999 -0.11397961853027283
v -0.8625 -0.06114289999999989 -0.017280618530271852
v -0.8625 -0.05956910000000004 0.09051538146972504
v -0.8625 -0.0539187000000001 0.20400038146972577
v -0.8625 -0.04541269999999997 0.3174853814697265
v -0.8625 -0.03533080000000011 0.42528138146972694
v -0.8625 -0.024861500000000092 0.5219803814697279
v -0.8625 -0.015104699999999971 0.6027333814697258
v -0.8625 -0.007112699999999972 0.6634943814697252
v -0.8625 -0.0018435999999999453 0.7012133814697279
v -0.96458334 0.0 0.7116663814697262
v -0.96458334 0.0018375499999999656 0.6989203814697262
v -0.96458334 0.007089440000000002 0.6613253814697266
v -0.96458334 0.015055359999999962 0.6007653814697278
v -0.96458334 0.024780299999999977 0.5202733814697282
v -0.96458334 0.03521529999999995 0.42389038146972524
v -0.96458334 0.045264239999999956 0.3164483814697263
v -0.96458334 0.053742500000000026 0.2033333814697258
v -0.96458334 0.05937444999999997 0.0902173814697278
v -0.96458334 0.06094310000000003 -0.017223618530273654
v -0.96458334 0.05758759999999996 -0.11360761853027412
v -0.96458334 0.04909635000000001 -0.19409761853027518
v -0.96458334 0.035989599999999955 -0.2546596185302725
v -0.96458334 0.019280900000000045 -0.29225561853027315
v -0.96458334 0.0 -0.3049996185302746
v -0.96458334 -0.019280900000000045 -0.29225561853027315
v -0.96458334 -0.035989599999999955 -0.2546596185302725
v -0.96458334 -0.04909629999999998 -0.19409761853027518
v -0.96458334 -0.05758759999999996 -0.11360761853027412
v -0.96458334 -0.06094310000000003 -0.017223618530273654
v -0.96458334 -0.05937450000000011 0.0902173814697278
v -0.96458334 -0.053742500000000026 0.2033333814697258
v -0.96458334 -0.04526420000000009 0.3164483814697263
v -0.96458334 -0.03521540000000001 0.42389038146972524
v -0.96458334 -0.024780299999999977 0.5202733814697282
v -0.96458334 -0.015055299999999994 0.6007653814697278
v -0.96458334 -0.007089499999999971 0.6613253814697266
v -0.96458334 -0.0018374999999999364 0.6989203814697262
v -1.0666667 0.0 0.709333381469726
v -1.0666667 0.001831499999999986 0.6966303814697277
v -1.0666667 0.0070662000000000225 0.6591563814697281
v -1.0666667 0.015005999999999964 0.5987953814697278
v -1.0666667 0.024699029999999955 0.5185683814697271
v -1.0666667 0.03509985999999998 0.4225003814697281
v -1.0666667 0.04511580000000004 0.3154103814697251
v -1.0666667 0.053566340000000046 0.20266738146972685
v -1.0666667 0.059179800000000005 0.08992238146972653
v -1.0666667 0.060743329999999984 -0.017167618530272932
v -1.0666667 0.05739879999999997 -0.11323561853027186
v -1.0666667 0.048935350000000044 -0.19345961853027305
v -1.0666667 0.035871600000000003 -0.25382461853027394
v -1.0666667 0.019217669999999965 -0.29129561853027397
v -1.0666667 0.0 -0.3040006185302744
v -1.0666667 -0.019217700000000004 -0.29129561853027397
v -1.0666667 -0.03587159999999989 -0.25382461853027394
v -1.0666667 -0.04893539999999996 -0.19345961853027305
v -1.0666667 -0.05739880000000008 -0.11323561853027186
v -1.0666667 -0.060743299999999945 -0.017167618530272932
v -1.0666667 -0.059179799999999894 0.08992238146972653
v -1.0666667 -0.053566299999999956 0.20266738146972685
v -1.0666667 -0.04511580000000004 0.3154103814697251
v -1.0666667 -0.03509990000000007 0.4225003814697281
v -1.0666667 -0.024699000000000026 0.5185683814697271
v -1.0666667 -0.015006000000000075 0.5987953814697278
v -1.0666667 -0.0070661999999999114 0.6591563814697281
v -1.0666667 -0.001831499999999986 0.6966303814697277
v -1.16875 0.0 0.7070003814697259
v -1.16875 0.0018254500000000062 0.694337381469726
v -1.16875 0.007042940000000053 0.6569903814697255
v -1.16875 0.014956599999999987 0.5968243814697267
v -1.16875 0.024617800000000023 0.5168623814697249
v -1.16875 0.03498440000000003 0.42111238146972596
v -1.16875 0.04496739999999999 0.31437338146972493
v -1.16875 0.053390150000000025 0.20200038146972688
v -1.16875 0.05898510000000001 0.08962638146972779
v -1.16875 0.06054349999999997 -0.017110618530274735
v -1.16875 0.057209970000000054 -0.11286161853027465
v -1.16875 0.04877436000000002 -0.19282561853027502
v -1.16875 0.03575360000000005 -0.2529896185302718
v -1.16875 0.019154400000000016 -0.2903386185302743
v -1.16875 0.0 -0.30299961853027213
v -1.16875 -0.019154399999999905 -0.2903386185302743
v -1.16875 -0.03575360000000005 -0.2529896185302718
v -1.16875 -0.04877440000000011 -0.19282561853027502
v -1.16875 -0.05720999999999998 -0.11286161853027465
v -1.16875 -0.06054350000000008 -0.017110618530274735
v -1.16875 -0.0589850999999999 0.08962638146972779
v -1.16875 -0.05339010000000011 0.20200038146972688
v -1.16875 -0.04496739999999999 0.31437338146972493
v -1.16875 -0.034984499999999974 0.42111238146972596
v -1.16875 -0.024617799999999912 0.5168623814697249
v -1.16875 -0.014956600000000098 0.5968243814697267
v -1.16875 -0.0070429999999999104 0.6569903814697255
v -1.16875 -0.0018255000000000354 0.694337381469726
v -1.2708334 0.0 0.7046663814697283
v -1.2708334 0.0018194299999999552 0.6920473814697274
v -1.2708334 0.007019699999999962 0.654821381469727
v -1.2708334 0.014907239999999988 0.5948543814697267
v -1.2708334 0.02453649999999996 0.5151553814697252
v -1.2708334 0.03486895999999995 0.4197213814697278
v -1.2708334 0.04481900000000005 0.3133353814697273
v -1.2708334 0.053213900000000036 0.20133438146972793
v -1.2708334 0.05879045000000005 0.0893303814697255
v -1.2708334 0.0603437 -0.01705561853027504
v -1.2708334 0.057021140000000026 -0.1124896185302724
v -1.2708334 0.04861340000000003 -0.1921886185302739
v -1.2708334 0.03563559999999999 -0.2521536185302722
v -1.2708334 0.019091250000000004 -0.28938061853027364
v -1.2708334 0.0 -0.30199961853027446
v -1.2708334 -0.019091200000000086 -0.28938061853027364
v -1.2708334 -0.03563559999999999 -0.2521536185302722
v -1.2708334 -0.04861340000000003 -0.1921886185302739
v -1.2708334 -0.05702110000000005 -0.1124896185302724
v -1.2708334 -0.0603437 -0.01705561853027504
v -1.2708334 -0.05879039999999991 0.0893303814697255
v -1.2708334 -0.053214000000000095 0.20133438146972793
v -1.2708334 -0.04481899999999994 0.3133353814697273
v -1.2708334 -0.03486900000000004 0.4197213814697278
v -1.2708334 -0.02453649999999996 0.5151553814697252
v -1.2708334 -0.014907199999999898 0.5948543814697267
v -1.2708334 -0.0070197999999999094 0.654821381469727
v -1.2708334 -0.001819500000000085 0.6920473814697274
v -1.3729167 0.0 0.7023333814697281
v -1.3729167 0.001813399999999965 0.6897563814697278
v -1.3729167 0.006996450000000043 0.6526523814697249
v -1.3729167 0.01485789999999998 0.5928863814697252
v -1.3729167 0.02445525000000004 0.5134503814697275
v -1.3729167 0.03475349999999999 0.4183303814697261
v -1.3729167 0.044670639999999984 0.3122973814697261
v -1.3729167 0.053037699999999965 0.20066638146972693
v -1.3729167 0.058595799999999976 0.08903538146972778
v -1.3729167 0.06014390000000003 -0.01699861853027329
v -1.3729167 0.056832400000000005 -0.11211761853027369
v -1.3729167 0.04845244000000004 -0.1915516185302728
v -1.3729167 0.03551762999999997 -0.2513196185302746
v -1.3729167 0.019028000000000045 -0.28842161853027193
v -1.3729167 0.0 -0.30100061853027427
v -1.3729167 -0.019028100000000103 -0.28842161853027193
v -1.3729167 -0.03551759999999993 -0.2513196185302746
v -1.3729167 -0.04845239999999995 -0.1915516185302728
v -1.3729167 -0.05683229999999995 -0.11211761853027369
v -1.3729167 -0.06014380000000008 -0.01699861853027329
v -1.3729167 -0.058595799999999976 0.08903538146972778
v -1.3729167 -0.053037800000000024 0.20066638146972693
v -1.3729167 -0.044670599999999894 0.3122973814697261
v -1.3729167 -0.034753400000000045 0.4183303814697261
v -1.3729167 -0.02445530000000007 0.5134503814697275
v -1.3729167 -0.01485789999999998 0.5928863814697252
v -1.3729167 -0.006996500000000072 0.6526523814697249
v -1.3729167 -0.001813400000000076 0.6897563814697278
v -1.475 0.0 0.700000381469728
v -1.475 0.0018074000000000146 0.6874633814697262
v -1.475 0.006973200000000013 0.6504843814697274
v -1.475 0.014808539999999981 0.5909153814697277
v -1.475 0.024374000000000007 0.5117453814697264
v -1.475 0.034638049999999976 0.4169423814697275
v -1.475 0.044522199999999956 0.3112603814697259
v -1.475 0.052861500000000006 0.20000038146972798
v -1.475 0.058401099999999984 0.08873938146972549
v -1.475 0.05994403000000004 -0.016940618530274065
v -1.475 0.05664354999999999 -0.11174561853027498
v -1.475 0.04829143999999996 -0.19091561853027272
v -1.475 0.035399599999999976 -0.2504846185302725
v -1.475 0.018964800000000004 -0.2874646185302723
v -1.475 0.0 -0.299999618530272
v -1.475 -0.018964800000000004 -0.2874646185302723
v -1.475 -0.03539960000000009 -0.2504846185302725
v -1.475 -0.048291400000000095 -0.19091561853027272
v -1.475 -0.05664350000000007 -0.11174561853027498
v -1.475 -0.059944 -0.016940618530274065
v -1.475 -0.058401099999999984 0.08873938146972549
v -1.475 -0.052861499999999895 0.20000038146972798
v -1.475 -0.04452220000000007 0.3112603814697259
v -1.475 -0.03463799999999995 0.4169423814697275
v -1.475 -0.024373999999999896 0.5117453814697264
v -1.475 -0.014808500000000002 0.5909153814697277
v -1.475 -0.006973300000000071 0.6504843814697274
v -1.475 -0.001807499999999962 0.6874633814697262
v -1.5770833 0.0 0.6976663814697268
v -1.5770833 0.001801399999999953 0.6851733814697276
v -1.5770833 0.006949960000000033 0.6483153814697253
v -1.5770833 0.014759199999999972 0.5889453814697276
v -1.5770833 0.024292769999999964 0.5100383814697267
v -1.5770833 0.03452259999999996 0.41555238146972684
v -1.5770833 0.04437380000000002 0.31022238146972825
v -1.5770833 0.052685300000000046 0.199333381469728
v -1.5770833 0.05820643999999997 0.08844338146972675
v -1.5770833 0.059744240000000004 -0.01688561853027437
v -1.5770833 0.05645469999999997 -0.11137161853027422
v -1.5770833 0.048130499999999965 -0.19027961853027264
v -1.5770833 0.035281600000000024 -0.2496496185302739
v -1.5770833 0.018901599999999963 -0.28650661853027515
v -1.5770833 0.0 -0.29899961853027435
v -1.5770833 -0.018901599999999963 -0.28650661853027515
v -1.5770833 -0.03528170000000008 -0.2496496185302739
v -1.5770833 -0.048130500000000076 -0.19027961853027264
v -1.5770833 -0.05645480000000003 -0.11137161853027422
v -1.5770833 -0.059744199999999914 -0.01688561853027437
v -1.5770833 -0.05820639999999999 0.08844338146972675
v -1.5770833 -0.052685300000000046 0.199333381469728
v -1.5770833 -0.04437380000000002 0.31022238146972825
v -1.5770833 -0.03452250000000001 0.41555238146972684
v -1.5770833 -0.024292800000000003 0.5100383814697267
v -1.5770833 -0.014759200000000083 0.5889453814697276
v -1.5770833 -0.006950000000000012 0.6483153814697253
v -1.5770833 -0.001801399999999953 0.6851733814697276
v -1.6791667 0.0 0.6953333814697267
v -1.6791667 0.0017953499999999734 0.682880381469726
v -1.6791667 0.006926699999999952 0.6461483814697253
v -1.6791667 0.014709830000000035 0.5869773814697261
v -1.6791667 0.024211500000000052 0.5083333814697255
v -1.6791667 0.03440714 0.41416138146972514
v -1.6791667 0.04422539999999997 0.30918538146972807
v -1.6791667 0.05250907000000005 0.1986673814697255
v -1.6791667 0.05801179999999995 0.08814838146972548
v -1.6791667 0.05954444000000003 -0.01682861853027262
v -1.6791667 0.05626589999999998 -0.11099961853027196
v -1.6791667 0.0479695 -0.18964361853027256
v -1.6791667 0.03516364000000005 -0.24881361853027428
v -1.6791667 0.018838400000000033 -0.28554761853027344
v -1.6791667 0.0 -0.2979996185302731
v -1.6791667 -0.018838399999999922 -0.28554761853027344
v -1.6791667 -0.03516359999999996 -0.24881361853027428
v -1.6791667 -0.04796960000000006 -0.18964361853027256
v -1.6791667 -0.05626599999999993 -0.11099961853027196
v -1.6791667 -0.05954440000000005 -0.01682861853027262
v -1.6791667 -0.05801180000000006 0.08814838146972548
v -1.6791667 -0.052509099999999975 0.1986673814697255
v -1.6791667 -0.04422550000000003 0.30918538146972807
v -1.6791667 -0.03440709999999991 0.41416138146972514
v -1.6791667 -0.024211500000000052 0.5083333814697255
v -1.6791667 -0.014709800000000106 0.5869773814697261
v -1.6791667 -0.006926800000000011 0.6461483814697253
v -1.6791667 -0.0017954000000000025 0.682880381469726
v -1.78125 0.0 0.6930003814697265
v -1.78125 0.0017893300000000334 0.6805903814697274
v -1.78125 0.006903470000000023 0.6439803814697278
v -1.78125 0.014660499999999965 0.5850063814697251
v -1.78125 0.02413030000000005 0.5066283814697279
v -1.78125 0.03429159999999998 0.41277338146972653
v -1.78125 0.04407700000000003 0.30814738146972687
v -1.78125 0.052332900000000016 0.19800038146972554
v -1.78125 0.057817099999999955 0.08785238146972674
v -1.78125 0.05934459999999997 -0.016773618530272927
v -1.78125 0.05607709999999999 -0.11062861853027428
v -1.78125 0.04780850000000003 -0.189006618530275
v -1.78125 0.03504560000000001 -0.24797961853027317
v -1.78125 0.018775169999999952 -0.28458961853027276
v -1.78125 0.0 -0.29700061853027293
v -1.78125 -0.018775100000000045 -0.28458961853027276
v -1.78125 -0.0350455999999999 -0.24797961853027317
v -1.78125 -0.04780849999999992 -0.189006618530275
v -1.78125 -0.05607709999999999 -0.11062861853027428
v -1.78125 -0.05934459999999997 -0.016773618530272927
v -1.78125 -0.057817100000000066 0.08785238146972674
v -1.78125 -0.052332899999999904 0.19800038146972554
v -1.78125 -0.04407699999999992 0.30814738146972687
v -1.78125 -0.03429159999999998 0.41277338146972653
v -1.78125 -0.0241302000000001 0.5066283814697279
v -1.78125 -0.014660499999999965 0.5850063814697251
v -1.78125 -0.006903499999999951 0.6439803814697278
v -1.78125 -0.0017892999999999937 0.6805903814697274
v -1.8833333 0.0 0.6906663814697254
v -1.8833333 0.0017833000000000432 0.6782973814697257
v -1.8833333 0.00688029999999995 0.6418113814697257
v -1.8833333 0.014611069999999948 0.583036381469725
v -1.8833333 0.024049039999999966 0.5049203814697272
v -1.8833333 0.03417619999999999 0.41138238146972483
v -1.8833333 0.043928560000000005 0.3071103814697267
v -1.8833333 0.052156699999999945 0.1973323814697281
v -1.8833333 0.05762243 0.087556381469728
v -1.8833333 0.0591448 -0.0167156185302737
v -1.8833333 0.0558883 -0.11025461853027352
v -1.8833333 0.04764760000000001 -0.1883696185302739
v -1.8833333 0.03492759999999995 -0.24714461853027458
v -1.8833333 0.018711900000000004 -0.2836296185302736
v -1.8833333 0.0 -0.29599961853027423
v -1.8833333 -0.018711900000000004 -0.2836296185302736
v -1.8833333 -0.03492760000000006 -0.24714461853027458
v -1.8833333 -0.0476475999999999 -0.1883696185302739
v -1.8833333 -0.05588829999999989 -0.11025461853027352
v -1.8833333 -0.059144899999999945 -0.0167156185302737
v -1.8833333 -0.057622400000000074 0.087556381469728
v -1.8833333 -0.052156700000000056 0.1973323814697281
v -1.8833333 -0.043928600000000095 0.3071103814697267
v -1.8833333 -0.0341762000000001 0.41138238146972483
v -1.8833333 -0.024048999999999987 0.5049203814697272
v -1.8833333 -0.014611099999999988 0.583036381469725
v -1.8833333 -0.00688029999999995 0.6418113814697257
v -1.8833333 -0.0017833000000000432 0.6782973814697257
v -1.9854167 0.0 0.6883333814697252
v -1.9854167 0.0017772999999999817 0.6760063814697261
v -1.9854167 0.006857039999999981 0.6396423814697272
v -1.9854167 0.01456170000000001 0.5810683814697271
v -1.9854167 0.023967799999999984 0.503215381469726
v -1.9854167 0.034060700000000055 0.4099923814697277
v -1.9854167 0.04378015000000002 0.3060723814697255
v -1.9854167 0.051980499999999985 0.1966663814697256
v -1.9854167 0.05742776000000005 0.0872603814697257
v -1.9854167 0.058945000000000025 -0.01665961853027298
v -1.9854167 0.05569946999999997 -0.10988261853027481
v -1.9854167 0.047486600000000045 -0.18773461853027484
v -1.9854167 0.034809599999999996 -0.24630961853027245
v -1.9854167 0.018648740000000052 -0.2826726185302739
v -1.9854167 0.0 -0.294999618530273
v -1.9854167 -0.018648699999999963 -0.2826726185302739
v -1.9854167 -0.034809599999999996 -0.24630961853027245
v -1.9854167 -0.047486700000000104 -0.18773461853027484
v -1.9854167 -0.05569950000000001 -0.10988261853027481
v -1.9854167 -0.058945000000000025 -0.01665961853027298
v -1.9854167 -0.05742779999999992 0.0872603814697257
v -1.9854167 -0.051980499999999985 0.1966663814697256
v -1.9854167 -0.04378020000000005 0.3060723814697255
v -1.9854167 -0.034060699999999944 0.4099923814697277
v -1.9854167 -0.023967700000000036 0.503215381469726
v -1.9854167 -0.01456180000000007 0.5810683814697271
v -1.9854167 -0.006856999999999891 0.6396423814697272
v -1.9854167 -0.0017773000000000927 0.6760063814697261
v -2.0875 0.0 0.6860003814697251
v -2.0875 0.0017713000000000312 0.6737153814697265
v -2.0875 0.006833800000000001 0.6374743814697261
v -2.0875 0.014512360000000002 0.579097381469726
v -2.0875 0.02388656 0.5015103814697248
v -2.0875 0.03394525999999998 0.4086033814697281
v -2.0875 0.0436318 0.30503438146972783
v -2.0875 0.051804239999999946 0.19599938146972562
v -2.0875 0.05723310000000004 0.08696538146972799
v -2.0875 0.058745150000000024 -0.016603618530272257
v -2.0875 0.055510640000000055 -0.10950961853027508
v -2.0875 0.04732559999999997 -0.18709761853027373
v -2.0875 0.03469162999999997 -0.24547361853027283
v -2.0875 0.018585500000000033 -0.28171561853027427
v -2.0875 0.0 -0.2940006185302728
v -2.0875 -0.01858559999999998 -0.28171561853027427
v -2.0875 -0.034691599999999934 -0.24547361853027283
v -2.0875 -0.04732559999999997 -0.18709761853027373
v -2.0875 -0.05551060000000008 -0.10950961853027508
v -2.0875 -0.058745100000000106 -0.016603618530272257
v -2.0875 -0.057233099999999926 0.08696538146972799
v -2.0875 -0.051804299999999914 0.19599938146972562
v -2.0875 -0.0436318 0.30503438146972783
v -2.0875 -0.03394530000000007 0.4086033814697281
v -2.0875 -0.02388659999999998 0.5015103814697248
v -2.0875 -0.014512400000000092 0.579097381469726
v -2.0875 -0.00683379999999989 0.6374743814697261
v -2.0875 -0.0017712000000000838 0.6737153814697265
v -2.1895833 0.0 0.6836663814697275
v -2.1895833 0.0017652500000000515 0.6714233814697259
v -2.1895833 0.006810549999999971 0.6353073814697261
v -2.1895833 0.014463000000000004 0.577127381469726
v -2.1895833 0.02380530000000003 0.49980338146972514
v -2.1895833 0.03382980000000002 0.4072133814697274
v -2.1895833 0.04348339999999995 0.30399738146972766
v -2.1895833 0.051628050000000036 0.19533338146972667
v -2.1895833 0.057038400000000045 0.08666838146972822
v -2.1895833 0.05854535000000005 -0.01654661853027406
v -2.1895833 0.055321900000000035 -0.10913661853027179
v -2.1895833 0.04716469999999995 -0.18645961853027515
v -2.1895833 0.03457359999999998 -0.24463961853027172
v -2.1895833 0.01852229999999999 -0.2807556185302751
v -2.1895833 0.0 -0.2929996185302741
v -2.1895833 -0.018522300000000103 -0.2807556185302751
v -2.1895833 -0.03457369999999993 -0.24463961853027172
v -2.1895833 -0.04716469999999995 -0.18645961853027515
v -2.1895833 -0.05532179999999998 -0.10913661853027179
v -2.1895833 -0.05854540000000008 -0.01654661853027406
v -2.1895833 -0.057038399999999934 0.08666838146972822
v -2.1895833 -0.051628100000000066 0.19533338146972667
v -2.1895833 -0.04348339999999995 0.30399738146972766
v -2.1895833 -0.03382979999999991 0.4072133814697274
v -2.1895833 -0.02380530000000003 0.49980338146972514
v -2.1895833 -0.014462999999999893 0.577127381469726
v -2.1895833 -0.006810500000000053 0.6353073814697261
v -2.1895833 -0.0017652999999999697 0.6714233814697259
v -2.2916667 0.0 0.6813333814697273
v -2.2916667 0.0017592300000000005 0.6691323814697263
v -2.2916667 0.006787300000000052 0.6331383814697276
v -2.2916667 0.014413649999999945 0.575157381469726
v -2.2916667 0.023723999999999967 0.4980983814697275
v -2.2916667 0.033714350000000004 0.4058223814697257
v -2.2916667 0.04333496000000003 0.3029603814697275
v -2.2916667 0.051451860000000016 0.1946663814697267
v -2.2916667 0.05684376000000002 0.08637238146972592
v -2.2916667 0.05834556000000002 -0.016490618530273338
v -2.2916667 0.055133039999999967 -0.10876461853027308
v -2.2916667 0.04700369999999998 -0.18582561853027357
v -2.2916667 0.03445560000000003 -0.24380461853027313
v -2.2916667 0.01845909999999995 -0.2797986185302719
v -2.2916667 0.0 -0.2919996185302729
v -2.2916667 -0.01845910000000006 -0.2797986185302719
v -2.2916667 -0.03445570000000009 -0.24380461853027313
v -2.2916667 -0.04700370000000009 -0.18582561853027357
v -2.2916667 -0.055133099999999935 -0.10876461853027308
v -2.2916667 -0.0583456 -0.016490618530273338
v -2.2916667 -0.0568438 0.08637238146972592
v -2.2916667 -0.051451899999999995 0.1946663814697267
v -2.2916667 -0.0433349999999999 0.3029603814697275
v -2.2916667 -0.033714299999999975 0.4058223814697257
v -2.2916667 -0.023724099999999915 0.4980983814697275
v -2.2916667 -0.014413599999999915 0.575157381469726
v -2.2916667 -0.006787300000000052 0.6331383814697276
v -2.2916667 -0.0017591999999999608 0.6691323814697263
v -2.39375 0.0 0.6790003814697272
v -2.39375 0.0017531499999999811 0.6668403814697257
v -2.39375 0.0067640500000000214 0.6309703814697265
v -2.39375 0.014364299999999997 0.573188381469727
v -2.39375 0.023642799999999964 0.49639338146972634
v -2.39375 0.03359889999999999 0.4044343814697271
v -2.39375 0.043186550000000046 0.30192138146972525
v -2.39375 0.051275700000000035 0.19400038146972776
v -2.39375 0.05664910000000001 0.08607638146972718
v -2.39375 0.058145760000000046 -0.01643361853027514
v -2.39375 0.0549442 -0.10839261853027438
v -2.39375 0.046842700000000015 -0.18518861853027246
v -2.39375 0.03433763999999995 -0.24296961853027454
v -2.39375 0.018395840000000052 -0.2788396185302737
v -2.39375 0.0 -0.2909996185302717
v -2.39375 -0.01839590000000002 -0.2788396185302737
v -2.39375 -0.03433759999999997 -0.24296961853027454
v -2.39375 -0.046842700000000015 -0.18518861853027246
v -2.39375 -0.05494430000000006 -0.10839261853027438
v -2.39375 -0.058145799999999914 -0.01643361853027514
v -2.39375 -0.05664910000000001 0.08607638146972718
v -2.39375 -0.05127560000000009 0.19400038146972776
v -2.39375 -0.04318650000000002 0.30192138146972525
v -2.39375 -0.0335989000000001 0.4044343814697271
v -2.39375 -0.023642799999999964 0.49639338146972634
v -2.39375 -0.014364199999999938 0.573188381469727
v -2.39375 -0.006763999999999992 0.6309703814697265
v -2.39375 -0.0017532000000000103 0.6668403814697257
v -2.4958334 0.0 0.676666381469726
v -2.4958334 0.0017471300000000412 0.6645483814697251
v -2.4958334 0.006740799999999991 0.628801381469728
v -2.4958334 0.01431490000000002 0.5712183814697269
v -2.4958334 0.023561539999999992 0.49468638146972665
v -2.4958334 0.03348344999999997 0.4030433814697254
v -2.4958334 0.04303813000000001 0.30088438146972507
v -2.4958334 0.051099499999999964 0.19333238146972676
v -2.4958334 0.056454400000000016 0.08578038146972489
v -2.4958334 0.057945899999999995 -0.01637661853027339
v -2.4958334 0.05475545000000004 -0.10802061853027212
v -2.4958334 0.04668176000000002 -0.1845516185302749
v -2.4958334 0.03421960000000002 -0.24213361853027493
v -2.4958334 0.01833266 -0.27788161853027304
v -2.4958334 0.0 -0.29000061853027503
v -2.4958334 -0.01833259999999992 -0.27788161853027304
v -2.4958334 -0.034219599999999906 -0.24213361853027493
v -2.4958334 -0.046681799999999996 -0.1845516185302749
v -2.4958334 -0.0547553999999999 -0.10802061853027212
v -2.4958334 -0.05794600000000005 -0.01637661853027339
v -2.4958334 -0.056454400000000016 0.08578038146972489
v -2.4958334 -0.05109940000000002 0.19333238146972676
v -2.4958334 -0.04303809999999997 0.30088438146972507
v -2.4958334 -0.03348339999999994 0.4030433814697254
v -2.4958334 -0.02356160000000007 0.49468638146972665
v -2.4958334 -0.01431490000000002 0.5712183814697269
v -2.4958334 -0.006740799999999991 0.628801381469728
v -2.4958334 -0.0017471000000000014 0.6645483814697251
v -2.5979166 0.0 0.6154363814697277
v -2.5979166 0.0015281999999999796 0.604837381469725
v -2.5979166 0.005896149999999989 0.5735703814697253
v -2.5979166 0.01252120000000001 0.5232003814697279
v -2.5979166 0.020609199999999994 0.45625838146972697
v -2.5979166 0.029287900000000033 0.37610038146972613
v -2.5979166 0.03764533999999997 0.2867403814697269
v -2.5979166 0.04469657000000005 0.19266738146972529
v -2.5979166 0.04938054000000003 0.09859038146972665
v -2.5979166 0.050685169999999946 0.009233381469726964
v -2.5979166 0.047894400000000004 -0.07092661853027238
v -2.5979166 0.04083239999999999 -0.13786961853027435
v -2.5979166 0.029931799999999953 -0.18823661853027218
v -2.5979166 0.01603549999999998 -0.2195036185302719
v -2.5979166 0.0 -0.2301046185302731
v -2.5979166 -0.016035599999999928 -0.2195036185302719
v -2.5979166 -0.029931799999999953 -0.18823661853027218
v -2.5979166 -0.04083239999999999 -0.13786961853027435
v -2.5979166 -0.04789449999999995 -0.07092661853027238
v -2.5979166 -0.050685199999999986 0.009233381469726964
v -2.5979166 -0.04938050000000005 0.09859038146972665
v -2.5979166 -0.044696599999999975 0.19266738146972529
v -2.5979166 -0.037645300000000104 0.2867403814697269
v -2.5979166 -0.029287800000000086 0.37610038146972613
v -2.5979166 -0.020609300000000053 0.45625838146972697
v -2.5979166 -0.012521299999999957 0.5232003814697279
v -2.5979166 -0.00589609999999996 0.5735703814697253
v -2.5979166 -0.001528299999999927 0.604837381469725
v -2.7 0.0 0.19400038146972776
v -2.7 8.68000000000535e-05 0.1939503814697261
v -2.7 0.00033474000000000004 0.1938013814697257
v -2.7 0.0007108000000000114 0.19356338146972618
v -2.7 0.0011700000000000044 0.19324638146972717
v -2.7 0.0016625999999999586 0.19286738146972482
v -2.7 0.002137060000000024 0.192445381469728
v -2.7 0.0025373699999999832 0.1920003814697253
v -2.7 0.0028032700000000244 0.19155538146972617
v -2.7 0.0028772999999999715 0.1911313814697273
v -2.7 0.00271887000000004 0.190754381469727
v -2.7 0.0023179700000000025 0.19043538146972594
v -2.7 0.0016992000000000118 0.19019938146972493
v -2.7 0.0009103000000000305 0.19005038146972808
v -2.7 0.0 0.19000038146972642
v -2.7 -0.0009102999999999195 0.19005038146972808
v -2.7 -0.0016992000000000118 0.19019938146972493
v -2.7 -0.0023180000000000422 0.19043538146972594
v -2.7 -0.0027189000000000796 0.190754381469727
v -2.7 -0.00287740000000003 0.1911313814697273
v -2.7 -0.0028032000000000057 0.19155538146972617
v -2.7 -0.002537400000000023 0.1920003814697253
v -2.7 -0.002137099999999892 0.192445381469728
v -2.7 -0.0016625999999999586 0.19286738146972482
v -2.7 -0.001169900000000057 0.19324638146972717
v -2.7 -0.0007108000000000114 0.19356338146972618
v -2.7 -0.0003347000000000211 0.1938013814697257
v -2.7 -8.68000000000535e-05 0.1939503814697261
v -0.25 0.0 0.2080003814697271
v -2.7 0.0 0.1920003814697253
v -0.10000004 0.0 -0.06999961853027514
v -0.5 -0.04114499999999999 -0.05663061853027429
v -0.5 5.999999996841865e-08 -0.06999961853027514
v -0.10000004 -0.04114499999999999 -0.05663061853027429
v -0.5 -0.06657390000000007 -0.021631618530275176
v -0.10000004 -0.06657399999999991 -0.021631618530275176
v -0.5 -0.06657390000000007 0.021630381469726956
v -0.10000004 -0.06657399999999991 0.021630381469726956
v -0.5 -0.04114499999999999 0.0566303814697271
v -0.10000004 -0.04114499999999999 0.0566303814697271
v -0.5 5.999999996841865e-08 0.07000038146972543
v -0.10000004 0.0 0.07000038146972543
v -0.5 0.04114499999999999 0.0566303814697271
v -0.100000024 0.04114490000000004 0.0566303814697271
v -0.5 0.06657400000000002 0.021630381469726956
v -0.100000024 0.06657389999999996 0.021630381469726956
v -0.5 0.06657400000000002 -0.021631618530275176
v -0.100000024 0.06657389999999996 -0.021631618530275176
v -0.5 0.04114499999999999 -0.05663061853027429
v -0.100000024 0.04114490000000004 -0.05663061853027429
v -0.5 5.999999996841865e-08 -0.06999961853027514
v -0.10000004 0.0 -0.06999961853027514
v -0.5 5.999999996841865e-08 -0.06999961853027514
v -0.5 -0.04114499999999999 -0.05663061853027429
v -0.5 5.999999996841865e-08 3.8146972514141453e-07
v -0.5 -0.06657390000000007 -0.021631618530275176
v -0.5 5.999999996841865e-08 3.8146972514141453e-07
v -0.5 -0.06657390000000007 0.021630381469726956
v -0.5 5.999999996841865e-08 3.8146972514141453e-07
v -0.5 -0.04114499999999999 0.0566303814697271
v -0.5 5.999999996841865e-08 3.8146972514141453e-07
v -0.5 5.999999996841865e-08 0.07000038146972543
v -0.5 5.999999996841865e-08 3.8146972514141453e-07
v -0.5 0.04114499999999999 0.0566303814697271
v -0.5 5.999999996841865e-08 3.8146972514141453e-07
v -0.5 0.06657400000000002 0.021630381469726956
v -0.5 5.999999996841865e-08 3.8146972514141453e-07
v -0.5 0.06657400000000002 -0.021631618530275176
v -0.5 5.999999996841865e-08 3.8146972514141453e-07
v -0.5 0.04114499999999999 -0.05663061853027429
v -0.5 5.999999996841865e-08 3.8146972514141453e-07
v -0.5 5.999999996841865e-08 -0.06999961853027514
v -0.5 5.999999996841865e-08 3.8146972514141453e-07
v -0.10000004 0.0 -0.06999961853027514
v -0.100000024 0.04114490000000004 -0.05663061853027429
v -0.10000004 0.0 3.8146972514141453e-07
v -0.100000024 0.06657389999999996 -0.021631618530275176
v -0.10000004 0.0 3.8146972514141453e-07
v -0.100000024 0.06657389999999996 0.021630381469726956
v -0.10000004 0.0 3.8146972514141453e-07
v -0.100000024 0.04114496999999995 0.0566303814697271
v -0.10000004 0.0 3.8146972514141453e-07
v -0.10000004 0.0 0.07000038146972543
v -0.10000004 0.0 3.8146972514141453e-07
v -0.10000004 -0.04114499999999999 0.0566303814697271
v -0.10000004 0.0 3.8146972514141453e-07
v -0.10000004 -0.06657399999999991 0.021630381469726956
v -0.10000004 0.0 3.8146972514141453e-07
v -0.10000004 -0.06657399999999991 -0.021631618530275176
v -0.10000004 0.0 3.8146972514141453e-07
v -0.10000004 -0.04114499999999999 -0.05663061853027429
v -0.10000004 0.0 3.8146972514141453e-07
v -0.10000004 0.0 -0.06999961853027514
v -0.10000004 0.0 3.8146972514141453e-07
v 0.25 0.0 0.7280003814697267
v 0.35208333 0.0 0.7256663814697255
v 0.25 0.0018797000000000397 0.714962381469725
v 0.35208333 0.0018736999999999782 0.7126703814697279
v 0.25 0.007252159999999952 0.6765043814697265
v 0.35208333 0.0072288999999999826 0.6743353814697279
v 0.25 0.01540090000000005 0.6145513814697274
v 0.35208333 0.015351530000000002 0.6125833814697259
v 0.25 0.025348959999999976 0.5322153814697259
v 0.35208333 0.025267700000000004 0.5305083814697262
v 0.25 0.036023559999999955 0.43362038146972637
v 0.35208333 0.0359081 0.4322303814697257
v 0.25 0.04630310000000004 0.3237113814697281
v 0.35208333 0.04615469999999999 0.3226733814697269
v 0.25 0.054976000000000025 0.2080003814697271
v 0.35208333 0.054799739999999986 0.2073323814697261
v 0.25 0.06073720000000005 0.0922893814697261
v 0.35208333 0.060542500000000055 0.09199338146972735
v 0.25 0.0623418 -0.017619618530272163
v 0.35208333 0.06214200000000003 -0.017562618530273966
v 0.25 0.05890930000000005 -0.11621461853027171
v 0.35208333 0.058720470000000025 -0.115842618530273
v 0.25 0.050223099999999965 -0.19855261853027173
v 0.35208333 0.050062199999999946 -0.19791561853027417
v 0.25 0.03681559999999995 -0.26050361853027226
v 0.35208333 0.03669756999999996 -0.2596686185302737
v 0.25 0.019723399999999947 -0.29896161853027436
v 0.35208333 0.019660200000000017 -0.2980046185302747
v 0.25 0.0 -0.31199961853027247
v 0.35208333 0.0 -0.3110006185302723
v 0.25 -0.019723399999999947 -0.29896161853027436
v 0.35208333 -0.019660199999999906 -0.2980046185302747
v 0.25 -0.03681559999999995 -0.26050361853027226
v 0.35208333 -0.03669760000000011 -0.2596686185302737
v 0.25 -0.050223099999999965 -0.19855261853027173
v 0.35208333 -0.050062199999999946 -0.19791561853027417
v 0.25 -0.05890930000000005 -0.11621461853027171
v 0.35208333 -0.05872049999999995 -0.115842618530273
v 0.25 -0.0623418 -0.017619618530272163
v 0.35208333 -0.06214199999999992 -0.017562618530273966
v 0.25 -0.0607371000000001 0.0922893814697261
v 0.35208333 -0.060542499999999944 0.09199338146972735
v 0.25 -0.054975999999999914 0.2080003814697271
v 0.35208333 -0.054799800000000065 0.2073323814697261
v 0.25 -0.0463032000000001 0.3237113814697281
v 0.35208333 -0.04615469999999999 0.3226733814697269
v 0.25 -0.036023600000000044 0.43362038146972637
v 0.35208333 -0.03590810000000011 0.4322303814697257
v 0.25 -0.025349000000000066 0.5322153814697259
v 0.35208333 -0.025267699999999893 0.5305083814697262
v 0.25 -0.01540089999999994 0.6145513814697274
v 0.35208333 -0.015351499999999962 0.6125833814697259
v 0.25 -0.007252199999999931 0.6765043814697265
v 0.35208333 -0.00722899999999993 0.6743353814697279
v 0.25 -0.0018796999999999287 0.714962381469725
v 0.35208333 -0.0018736999999999782 0.7126703814697279
v 0.45416668 0.0 0.7233333814697254
v 0.45416668 0.0018676499999999985 0.7103783814697273
v 0.45416668 0.007205670000000053 0.6721663814697258
v 0.45416668 0.015302200000000044 0.6106123814697249
v 0.45416668 0.0251865 0.5288023814697276
v 0.45416668 0.03579264999999998 0.43084038146972503
v 0.45416668 0.046006259999999966 0.32163638146972673
v 0.45416668 0.054623540000000026 0.20666738146972818
v 0.45416668 0.06034786000000003 0.09169738146972506
v 0.45416668 0.06194219999999995 -0.01750761853027427
v 0.45416668 0.058531639999999996 -0.11546961853027327
v 0.45416668 0.04990119999999998 -0.1972796185302741
v 0.45416668 0.036579600000000045 -0.25883461853027256
v 0.45416668 0.019596999999999976 -0.29704661853027403
v 0.45416668 0.0 -0.3099996185302736
v 0.45416668 -0.019596900000000028 -0.29704661853027403
v 0.45416668 -0.036579600000000045 -0.25883461853027256
v 0.45416668 -0.04990110000000003 -0.1972796185302741
v 0.45416668 -0.05853160000000002 -0.11546961853027327
v 0.45416668 -0.06194220000000006 -0.01750761853027427
v 0.45416668 -0.06034779999999995 0.09169738146972506
v 0.45416668 -0.054623599999999994 0.20666738146972818
v 0.45416668 -0.046006299999999944 0.32163638146972673
v 0.45416668 -0.03579259999999995 0.43084038146972503
v 0.45416668 -0.0251865 0.5288023814697276
v 0.45416668 -0.015302200000000044 0.6106123814697249
v 0.45416668 -0.007205700000000093 0.6721663814697258
v 0.45416668 -0.0018677000000000277 0.7103783814697273
v 0.55625 0.0 0.7210003814697252
v 0.55625 0.0018616299999999475 0.7080883814697252
v 0.55625 0.007182400000000033 0.6699983814697248
v 0.55625 0.015252770000000027 0.6086423814697248
v 0.55625 0.02510524000000003 0.5270973814697264
v 0.55625 0.035677199999999964 0.4294503814697279
v 0.55625 0.04585790000000001 0.3205983814697255
v 0.55625 0.054447350000000005 0.20599938146972718
v 0.55625 0.06015320000000002 0.09140238146972735
v 0.55625 0.061742370000000046 -0.017449618530275046
v 0.55625 0.058342899999999975 -0.11509661853027353
v 0.55625 0.04974020000000001 -0.196643618530274
v 0.55625 0.03646159999999998 -0.257999618530274
v 0.55625 0.019533750000000016 -0.2960876185302723
v 0.55625 0.0 -0.30899961853027236
v 0.55625 -0.019533800000000046 -0.2960876185302723
v 0.55625 -0.03646159999999998 -0.257999618530274
v 0.55625 -0.04974020000000001 -0.196643618530274
v 0.55625 -0.05834279999999992 -0.11509661853027353
v 0.55625 -0.061742399999999975 -0.017449618530275046
v 0.55625 -0.06015309999999996 0.09140238146972735
v 0.55625 -0.05444730000000009 0.20599938146972718
v 0.55625 -0.045857899999999896 0.3205983814697255
v 0.55625 -0.035677200000000076 0.4294503814697279
v 0.55625 -0.02510520000000005 0.5270973814697264
v 0.55625 -0.015252800000000066 0.6086423814697248
v 0.55625 -0.007182500000000092 0.6699983814697248
v 0.55625 -0.0018616000000000188 0.7080883814697252
v 0.65833336 0.0 0.7186663814697276
v 0.65833336 0.0018555999999999573 0.7057973814697256
v 0.65833336 0.007159200000000032 0.6678313814697283
v 0.65833336 0.015203399999999978 0.6066743814697269
v 0.65833336 0.025024000000000046 0.5253903814697267
v 0.65833336 0.03556174000000001 0.42806038146972725
v 0.65833336 0.04570949999999996 0.31956038146972787
v 0.65833336 0.054271159999999985 0.20533338146972824
v 0.65833336 0.059958500000000026 0.09110638146972505
v 0.65833336 0.0615426 -0.017392618530273296
v 0.65833336 0.05815404999999996 -0.11472461853027482
v 0.65833336 0.049579260000000014 -0.1960066185302729
v 0.65833336 0.03634360000000003 -0.25716361853027436
v 0.65833336 0.019470499999999946 -0.2951296185302752
v 0.65833336 0.0 -0.3079996185302747
v 0.65833336 -0.019470600000000005 -0.2951296185302752
v 0.65833336 -0.03634359999999992 -0.25716361853027436
v 0.65833336 -0.04957929999999999 -0.1960066185302729
v 0.65833336 -0.05815400000000004 -0.11472461853027482
v 0.65833336 -0.061542500000000055 -0.017392618530273296
v 0.65833336 -0.059958500000000026 0.09110638146972505
v 0.65833336 -0.05427110000000002 0.20533338146972824
v 0.65833336 -0.04570950000000007 0.31956038146972787
v 0.65833336 -0.03556169999999992 0.42806038146972725
v 0.65833336 -0.0250239000000001 0.5253903814697267
v 0.65833336 -0.015203499999999925 0.6066743814697269
v 0.65833336 -0.007159200000000032 0.6678313814697283
v 0.65833336 -0.0018556000000000683 0.7057973814697256
v 0.7604167 0.0 0.7163333814697275
v 0.7604167 0.0018496000000000068 0.7035043814697275
v 0.7604167 0.007135899999999973 0.6656623814697262
v 0.7604167 0.01515405999999997 0.6047043814697268
v 0.7604167 0.024942759999999953 0.5236853814697255
v 0.7604167 0.03544630000000004 0.4266703814697266
v 0.7604167 0.04556110000000002 0.3185233814697277
v 0.7604167 0.054094899999999946 0.20466638146972826
v 0.7604167 0.05976384999999995 0.09081038146972631
v 0.7604167 0.06134280000000003 -0.017337618530273602
v 0.7604167 0.05796520000000005 -0.11435361853027359
v 0.7604167 0.049418300000000026 -0.1953696185302718
v 0.7604167 0.03622559999999997 -0.2563286185302722
v 0.7604167 0.019407329999999945 -0.294172618530272
v 0.7604167 0.0 -0.30699961853027347
v 0.7604167 -0.019407299999999905 -0.294172618530272
v 0.7604167 -0.03622560000000008 -0.2563286185302722
v 0.7604167 -0.04941820000000008 -0.1953696185302718
v 0.7604167 -0.0579653 -0.11435361853027359
v 0.7604167 -0.06134269999999997 -0.017337618530273602
v 0.7604167 -0.059763800000000034 0.09081038146972631
v 0.7604167 -0.054094899999999946 0.20466638146972826
v 0.7604167 -0.04556110000000002 0.3185233814697277
v 0.7604167 -0.03544630000000004 0.4266703814697266
v 0.7604167 -0.024942800000000043 0.5236853814697255
v 0.7604167 -0.015154099999999948 0.6047043814697268
v 0.7604167 -0.007136000000000031 0.6656623814697262
v 0.7604167 -0.0018495000000000594 0.7035043814697275
v 0.8625 0.0 0.7140003814697273
v 0.8625 0.0018435999999999453 0.7012133814697279
v 0.8625 0.007112699999999972 0.6634943814697252
v 0.8625 0.015104699999999971 0.6027333814697258
v 0.8625 0.02486149999999998 0.5219803814697279
v 0.8625 0.035330799999999996 0.42528138146972694
v 0.8625 0.045412659999999994 0.3174853814697265
v 0.8625 0.053918699999999986 0.20400038146972577
v 0.8625 0.05956919999999999 0.09051538146972504
v 0.8625 0.0611429 -0.017280618530271852
v 0.8625 0.05777639999999995 -0.11397961853027283
v 0.8625 0.04925729999999995 -0.19473461853027274
v 0.8625 0.03610760000000002 -0.25549461853027466
v 0.8625 0.019344099999999975 -0.2932126185302728
v 0.8625 0.0 -0.30599961853027224
v 0.8625 -0.019344100000000086 -0.2932126185302728
v 0.8625 -0.03610749999999996 -0.25549461853027466
v 0.8625 -0.04925730000000006 -0.19473461853027274
v 0.8625 -0.0577764999999999 -0.11397961853027283
v 0.8625 -0.06114289999999989 -0.017280618530271852
v 0.8625 -0.05956910000000004 0.09051538146972504
v 0.8625 -0.0539187000000001 0.20400038146972577
v 0.8625 -0.04541269999999997 0.3174853814697265
v 0.8625 -0.03533080000000011 0.42528138146972694
v 0.8625 -0.024861500000000092 0.5219803814697279
v 0.8625 -0.015104699999999971 0.6027333814697258
v 0.8625 -0.007112699999999972 0.6634943814697252
v 0.8625 -0.0018435999999999453 0.7012133814697279
v 0.96458334 0.0 0.7116663814697262
v 0.96458334 0.0018375499999999656 0.6989203814697262
v 0.96458334 0.007089440000000002 0.6613253814697266
v 0.96458334 0.015055359999999962 0.6007653814697278
v 0.96458334 0.024780299999999977 0.5202733814697282
v 0.96458334 0.03521529999999995 0.42389038146972524
v 0.96458334 0.045264239999999956 0.3164483814697263
v 0.96458334 0.053742500000000026 0.2033333814697258
v 0.96458334 0.05937444999999997 0.0902173814697278
v 0.96458334 0.06094310000000003 -0.017223618530273654
v 0.96458334 0.05758759999999996 -0.11360761853027412
v 0.96458334 0.04909635000000001 -0.19409761853027518
v 0.96458334 0.035989599999999955 -0.2546596185302725
v 0.96458334 0.019280900000000045 -0.29225561853027315
v 0.96458334 0.0 -0.3049996185302746
v 0.96458334 -0.019280900000000045 -0.29225561853027315
v 0.96458334 -0.035989599999999955 -0.2546596185302725
v 0.96458334 -0.04909629999999998 -0.19409761853027518
v 0.96458334 -0.05758759999999996 -0.11360761853027412
v 0.96458334 -0.06094310000000003 -0.017223618530273654
v 0.96458334 -0.05937450000000011 0.0902173814697278
v 0.96458334 -0.053742500000000026 0.2033333814697258
v 0.96458334 -0.04526420000000009 0.3164483814697263
v 0.96458334 -0.03521540000000001 0.42389038146972524
v 0.96458334 -0.024780299999999977 0.5202733814697282
v 0.96458334 -0.015055299999999994 0.6007653814697278
v 0.96458334 -0.007089499999999971 0.6613253814697266
v 0.96458334 -0.0018374999999999364 0.6989203814697262
v 1.0666667 0.0 0.709333381469726
v 1.0666667 0.001831499999999986 0.6966303814697277
v 1.0666667 0.0070662000000000225 0.6591563814697281
v 1.0666667 0.015005999999999964 0.5987953814697278
v 1.0666667 0.024699029999999955 0.5185683814697271
v 1.0666667 0.03509985999999998 0.4225003814697281
v 1.0666667 0.04511580000000004 0.3154103814697251
v 1.0666667 0.053566340000000046 0.20266738146972685
v 1.0666667 0.059179800000000005 0.08992238146972653
v 1.0666667 0.060743329999999984 -0.017167618530272932
v 1.0666667 0.05739879999999997 -0.11323561853027186
v 1.0666667 0.048935350000000044 -0.19345961853027305
v 1.0666667 0.035871600000000003 -0.25382461853027394
v 1.0666667 0.019217669999999965 -0.29129561853027397
v 1.0666667 0.0 -0.3040006185302744
v 1.0666667 -0.019217700000000004 -0.29129561853027397
v 1.0666667 -0.03587159999999989 -0.25382461853027394
v 1.0666667 -0.04893539999999996 -0.19345961853027305
v 1.0666667 -0.05739880000000008 -0.11323561853027186
v 1.0666667 -0.060743299999999945 -0.017167618530272932
v 1.0666667 -0.059179799999999894 0.08992238146972653
v 1.0666667 -0.053566299999999956 0.20266738146972685
v 1.0666667 -0.04511580000000004 0.3154103814697251
v 1.0666667 -0.03509990000000007 0.4225003814697281
v 1.0666667 -0.024699000000000026 0.5185683814697271
v 1.0666667 -0.015006000000000075 0.5987953814697278
v 1.0666667 -0.0070661999999999114 0.6591563814697281
v 1.0666667 -0.001831499999999986 0.6966303814697277
v 1.16875 0.0 0.7070003814697259
v 1.16875 0.0018254500000000062 0.694337381469726
v 1.16875 0.007042940000000053 0.6569903814697255
v 1.16875 0.014956599999999987 0.5968243814697267
v 1.16875 0.024617800000000023 0.5168623814697249
v 1.16875 0.03498440000000003 0.42111238146972596
v 1.16875 0.04496739999999999 0.31437338146972493
v 1.16875 0.053390150000000025 0.20200038146972688
v 1.16875 0.05898510000000001 0.08962638146972779
v 1.16875 0.06054349999999997 -0.017110618530274735
v 1.16875 0.057209970000000054 -0.11286161853027465
v 1.16875 0.04877436000000002 -0.19282561853027502
v 1.16875 0.03575360000000005 -0.2529896185302718
v 1.16875 0.019154400000000016 -0.2903386185302743
v 1.16875 0.0 -0.30299961853027213
v 1.16875 -0.019154399999999905 -0.2903386185302743
v 1.16875 -0.03575360000000005 -0.2529896185302718
v 1.16875 -0.04877440000000011 -0.19282561853027502
v 1.16875 -0.05720999999999998 -0.11286161853027465
v 1.16875 -0.06054350000000008 -0.017110618530274735
v 1.16875 -0.0589850999999999 0.08962638146972779
v 1.16875 -0.05339010000000011 0.20200038146972688
v 1.16875 -0.04496739999999999 0.31437338146972493
v 1.16875 -0.034984499999999974 0.42111238146972596
v 1.16875 -0.024617799999999912 0.5168623814697249
v 1.16875 -0.014956600000000098 0.5968243814697267
v 1.16875 -0.0070429999999999104 0.6569903814697255
v 1.16875 -0.0018255000000000354 0.694337381469726
v 1.2708334 0.0 0.7046663814697283
v 1.2708334 0.0018194299999999552 0.6920473814697274
v 1.2708334 0.007019699999999962 0.654821381469727
v 1.2708334 0.014907239999999988 0.5948543814697267
v 1.2708334 0.02453649999999996 0.5151553814697252
v 1.2708334 0.03486895999999995 0.4197213814697278
v 1.2708334 0.04481900000000005 0.3133353814697273
v 1.2708334 0.053213900000000036 0.20133438146972793
v 1.2708334 0.05879045000000005 0.0893303814697255
v 1.2708334 0.0603437 -0.01705561853027504
v 1.2708334 0.057021140000000026 -0.1124896185302724
v 1.2708334 0.04861340000000003 -0.1921886185302739
v 1.2708334 0.03563559999999999 -0.2521536185302722
v 1.2708334 0.019091250000000004 -0.28938061853027364
v 1.2708334 0.0 -0.30199961853027446
v 1.2708334 -0.019091200000000086 -0.28938061853027364
v 1.2708334 -0.03563559999999999 -0.2521536185302722
v 1.2708334 -0.04861340000000003 -0.1921886185302739
v 1.2708334 -0.05702110000000005 -0.1124896185302724
v 1.2708334 -0.0603437 -0.01705561853027504
v 1.2708334 -0.05879039999999991 0.0893303814697255
v 1.2708334 -0.053214000000000095 0.20133438146972793
v 1.2708334 -0.04481899999999994 0.3133353814697273
v 1.2708334 -0.03486900000000004 0.4197213814697278
v 1.2708334 -0.02453649999999996 0.5151553814697252
v 1.2708334 -0.014907199999999898 0.5948543814697267
v 1.2708334 -0.0070197999999999094 0.654821381469727
v 1.2708334 -0.001819500000000085 0.6920473814697274
v 1.3729167 0.0 0.7023333814697281
v 1.3729167 0.001813399999999965 0.6897563814697278
v 1.3729167 0.006996450000000043 0.6526523814697249
v 1.3729167 0.01485789999999998 0.5928863814697252
v 1.3729167 0.02445525000000004 0.5134503814697275
v 1.3729167 0.03475349999999999 0.4183303814697261
v 1.3729167 0.044670639999999984 0.3122973814697261
v 1.3729167 0.053037699999999965 0.20066638146972693
v 1.3729167 0.058595799999999976 0.08903538146972778
v 1.3729167 0.06014390000000003 -0.01699861853027329
v 1.3729167 0.056832400000000005 -0.11211761853027369
v 1.3729167 0.04845244000000004 -0.1915516185302728
v 1.3729167 0.03551762999999997 -0.2513196185302746
v 1.3729167 0.019028000000000045 -0.28842161853027193
v 1.3729167 0.0 -0.30100061853027427
v 1.3729167 -0.019028100000000103 -0.28842161853027193
v 1.3729167 -0.03551759999999993 -0.2513196185302746
v 1.3729167 -0.04845239999999995 -0.1915516185302728
v 1.3729167 -0.05683229999999995 -0.11211761853027369
v 1.3729167 -0.06014380000000008 -0.01699861853027329
v 1.3729167 -0.058595799999999976 0.08903538146972778
v 1.3729167 -0.053037800000000024 0.20066638146972693
v 1.3729167 -0.044670599999999894 0.3122973814697261
v 1.3729167 -0.034753400000000045 0.4183303814697261
v 1.3729167 -0.02445530000000007 0.5134503814697275
v 1.3729167 -0.01485789999999998 0.5928863814697252
v 1.3729167 -0.006996500000000072 0.6526523814697249
v 1.3729167 -0.001813400000000076 0.6897563814697278
v 1.475 0.0 0.700000381469728
v 1.475 0.0018074000000000146 0.6874633814697262
v 1.475 0.006973200000000013 0.6504843814697274
v 1.475 0.014808539999999981 0.5909153814697277
v 1.475 0.024374000000000007 0.5117453814697264
v 1.475 0.034638049999999976 0.4169423814697275
v 1.475 0.044522199999999956 0.3112603814697259
v 1.475 0.052861500000000006 0.20000038146972798
v 1.475 0.058401099999999984 0.08873938146972549
v 1.475 0.05994403000000004 -0.016940618530274065
v 1.475 0.05664354999999999 -0.11174561853027498
v 1.475 0.04829143999999996 -0.19091561853027272
v 1.475 0.035399599999999976 -0.2504846185302725
v 1.475 0.018964800000000004 -0.2874646185302723
v 1.475 0.0 -0.299999618530272
v 1.475 -0.018964800000000004 -0.2874646185302723
v 1.475 -0.03539960000000009 -0.2504846185302725
v 1.475 -0.048291400000000095 -0.19091561853027272
v 1.475 -0.05664350000000007 -0.11174561853027498
v 1.475 -0.059944 -0.016940618530274065
v 1.475 -0.058401099999999984 0.08873938146972549
v 1.475 -0.052861499999999895 0.20000038146972798
v 1.475 -0.04452220000000007 0.3112603814697259
v 1.475 -0.03463799999999995 0.4169423814697275
v 1.475 -0.024373999999999896 0.5117453814697264
v 1.475 -0.014808500000000002 0.5909153814697277
v 1.475 -0.006973300000000071 0.6504843814697274
v 1.475 -0.001807499999999962 0.6874633814697262
v 1.5770833 0.0 0.6976663814697268
v 1.5770833 0.001801399999999953 0.6851733814697276
v 1.5770833 0.006949960000000033 0.6483153814697253
v 1.5770833 0.014759199999999972 0.5889453814697276
v 1.5770833 0.024292769999999964 0.5100383814697267
v 1.5770833 0.03452259999999996 0.41555238146972684
v 1.5770833 0.04437380000000002 0.31022238146972825
v 1.5770833 0.052685300000000046 0.199333381469728
v 1.5770833 0.05820643999999997 0.08844338146972675
v 1.5770833 0.059744240000000004 -0.01688561853027437
v 1.5770833 0.05645469999999997 -0.11137161853027422
v 1.5770833 0.048130499999999965 -0.19027961853027264
v 1.5770833 0.035281600000000024 -0.2496496185302739
v 1.5770833 0.018901599999999963 -0.28650661853027515
v 1.5770833 0.0 -0.29899961853027435
v 1.5770833 -0.018901599999999963 -0.28650661853027515
v 1.5770833 -0.03528170000000008 -0.2496496185302739
v 1.5770833 -0.048130500000000076 -0.19027961853027264
v 1.5770833 -0.05645480000000003 -0.11137161853027422
v 1.5770833 -0.059744199999999914 -0.01688561853027437
v 1.5770833 -0.05820639999999999 0.08844338146972675
v 1.5770833 -0.052685300000000046 0.199333381469728
v 1.5770833 -0.04437380000000002 0.31022238146972825
v 1.5770833 -0.03452250000000001 0.41555238146972684
v 1.5770833 -0.024292800000000003 0.5100383814697267
v 1.5770833 -0.014759200000000083 0.5889453814697276
v 1.5770833 -0.006950000000000012 0.6483153814697253
v 1.5770833 -0.001801399999999953 0.6851733814697276
v 1.6791667 0.0 0.6953333814697267
v 1.6791667 0.0017953499999999734 0.682880381469726
v 1.6791667 0.006926699999999952 0.6461483814697253
v 1.6791667 0.014709830000000035 0.5869773814697261
v 1.6791667 0.024211500000000052 0.5083333814697255
v 1.6791667 0.03440714 0.41416138146972514
v 1.6791667 0.04422539999999997 0.30918538146972807
v 1.6791667 0.05250907000000005 0.1986673814697255
v 1.6791667 0.05801179999999995 0.08814838146972548
v 1.6791667 0.05954444000000003 -0.01682861853027262
v 1.6791667 0.05626589999999998 -0.11099961853027196
v 1.6791667 0.0479695 -0.18964361853027256
v 1.6791667 0.03516364000000005 -0.24881361853027428
v 1.6791667 0.018838400000000033 -0.28554761853027344
v 1.6791667 0.0 -0.2979996185302731
v 1.6791667 -0.018838399999999922 -0.28554761853027344
v 1.6791667 -0.03516359999999996 -0.24881361853027428
v 1.6791667 -0.04796960000000006 -0.18964361853027256
v 1.6791667 -0.05626599999999993 -0.11099961853027196
v 1.6791667 -0.05954440000000005 -0.01682861853027262
v 1.6791667 -0.05801180000000006 0.08814838146972548
v 1.6791667 -0.052509099999999975 0.1986673814697255
v 1.6791667 -0.04422550000000003 0.30918538146972807
v 1.6791667 -0.03440709999999991 0.41416138146972514
v 1.6791667 -0.024211500000000052 0.5083333814697255
v 1.6791667 -0.014709800000000106 0.5869773814697261
v 1.6791667 -0.006926800000000011 0.6461483814697253
v 1.6791667 -0.0017954000000000025 0.682880381469726
v 1.78125 0.0 0.6930003814697265
v 1.78125 0.0017893300000000334 0.6805903814697274
v 1.78125 0.006903470000000023 0.6439803814697278
v 1.78125 0.014660499999999965 0.5850063814697251
v 1.78125 0.02413030000000005 0.5066283814697279
v 1.78125 0.03429159999999998 0.41277338146972653
v 1.78125 0.04407700000000003 0.30814738146972687
v 1.78125 0.052332900000000016 0.19800038146972554
v 1.78125 0.057817099999999955 0.08785238146972674
v 1.78125 0.05934459999999997 -0.016773618530272927
v 1.78125 0.05607709999999999 -0.11062861853027428
v 1.78125 0.04780850000000003 -0.189006618530275
v 1.78125 0.03504560000000001 -0.24797961853027317
v 1.78125 0.018775169999999952 -0.28458961853027276
v 1.78125 0.0 -0.29700061853027293
v 1.78125 -0.018775100000000045 -0.28458961853027276
v 1.78125 -0.0350455999999999 -0.24797961853027317
v 1.78125 -0.04780849999999992 -0.189006618530275
v 1.78125 -0.05607709999999999 -0.11062861853027428
v 1.78125 -0.05934459999999997 -0.016773618530272927
v 1.78125 -0.057817100000000066 0.08785238146972674
v 1.78125 -0.052332899999999904 0.19800038146972554
v 1.78125 -0.04407699999999992 0.30814738146972687
v 1.78125 -0.03429159999999998 0.41277338146972653
v 1.78125 -0.0241302000000001 0.5066283814697279
v 1.78125 -0.014660499999999965 0.5850063814697251
v 1.78125 -0.006903499999999951 0.6439803814697278
v 1.78125 -0.0017892999999999937 0.6805903814697274
v 1.8833333 0.0 0.6906663814697254
v 1.8833333 0.0017833000000000432 0.6782973814697257
v 1.8833333 0.00688029999999995 0.6418113814697257
v 1.8833333 0.014611069999999948 0.583036381469725
v 1.8833333 0.024049039999999966 0.5049203814697272
v 1.8833333 0.03417619999999999 0.41138238146972483
v 1.8833333 0.043928560000000005 0.3071103814697267
v 1.8833333 0.052156699999999945 0.1973323814697281
v 1.8833333 0.05762243 0.087556381469728
v 1.8833333 0.0591448 -0.0167156185302737
v 1.8833333 0.0558883 -0.11025461853027352
v 1.8833333 0.04764760000000001 -0.1883696185302739
v 1.8833333 0.03492759999999995 -0.24714461853027458
v 1.8833333 0.018711900000000004 -0.2836296185302736
v 1.8833333 0.0 -0.29599961853027423
v 1.8833333 -0.018711900000000004 -0.2836296185302736
v 1.8833333 -0.03492760000000006 -0.24714461853027458
v 1.8833333 -0.0476475999999999 -0.1883696185302739
v 1.8833333 -0.05588829999999989 -0.11025461853027352
v 1.8833333 -0.059144899999999945 -0.0167156185302737
v 1.8833333 -0.057622400000000074 0.087556381469728
v 1.8833333 -0.052156700000000056 0.1973323814697281
v 1.8833333 -0.043928600000000095 0.3071103814697267
v 1.8833333 -0.0341762000000001 0.41138238146972483
v 1.8833333 -0.024048999999999987 0.5049203814697272
v 1.8833333 -0.014611099999999988 0.583036381469725
v 1.8833333 -0.00688029999999995 0.6418113814697257
v 1.8833333 -0.0017833000000000432 0.6782973814697257
v 1.9854167 0.0 0.6883333814697252
v 1.9854167 0.0017772999999999817 0.6760063814697261
v 1.9854167 0.006857039999999981 0.6396423814697272
v 1.9854167 0.01456170000000001 0.5810683814697271
v 1.9854167 0.023967799999999984 0.503215381469726
v 1.9854167 0.034060700000000055 0.4099923814697277
v 1.9854167 0.04378015000000002 0.3060723814697255
v 1.9854167 0.051980499999999985 0.1966663814697256
v 1.9854167 0.05742776000000005 0.0872603814697257
v 1.9854167 0.058945000000000025 -0.01665961853027298
v 1.9854167 0.05569946999999997 -0.10988261853027481
v 1.9854167 0.047486600000000045 -0.18773461853027484
v 1.9854167 0.034809599999999996 -0.24630961853027245
v 1.9854167 0.018648740000000052 -0.2826726185302739
v 1.9854167 0.0 -0.294999618530273
v 1.9854167 -0.018648699999999963 -0.2826726185302739
v 1.9854167 -0.034809599999999996 -0.24630961853027245
v 1.9854167 -0.047486700000000104 -0.18773461853027484
v 1.9854167 -0.05569950000000001 -0.10988261853027481
v 1.9854167 -0.058945000000000025 -0.01665961853027298
v 1.9854167 -0.05742779999999992 0.0872603814697257
v 1.9854167 -0.051980499999999985 0.1966663814697256
v 1.9854167 -0.04378020000000005 0.3060723814697255
v 1.9854167 -0.034060699999999944 0.4099923814697277
v 1.9854167 -0.023967700000000036 0.503215381469726
v 1.9854167 -0.01456180000000007 0.5810683814697271
v 1.9854167 -0.006856999999999891 0.6396423814697272
v 1.9854167 -0.0017773000000000927 0.6760063814697261
v 2.0875 0.0 0.6860003814697251
v 2.0875 0.0017713000000000312 0.6737153814697265
v 2.0875 0.006833800000000001 0.6374743814697261
v 2.0875 0.014512360000000002 0.579097381469726
v 2.0875 0.02388656 0.5015103814697248
v 2.0875 0.03394525999999998 0.4086033814697281
v 2.0875 0.0436318 0.30503438146972783
v 2.0875 0.051804239999999946 0.19599938146972562
v 2.0875 0.05723310000000004 0.08696538146972799
v 2.0875 0.058745150000000024 -0.016603618530272257
v 2.0875 0.055510640000000055 -0.10950961853027508
v 2.0875 0.04732559999999997 -0.18709761853027373
v 2.0875 0.03469162999999997 -0.24547361853027283
v 2.0875 0.018585500000000033 -0.28171561853027427
v 2.0875 0.0 -0.2940006185302728
v 2.0875 -0.01858559999999998 -0.28171561853027427
v 2.0875 -0.034691599999999934 -0.24547361853027283
v 2.0875 -0.04732559999999997 -0.18709761853027373
v 2.0875 -0.05551060000000008 -0.10950961853027508
v 2.0875 -0.058745100000000106 -0.016603618530272257
v 2.0875 -0.057233099999999926 0.08696538146972799
v 2.0875 -0.051804299999999914 0.19599938146972562
v 2.0875 -0.0436318 0.30503438146972783
v 2.0875 -0.03394530000000007 0.4086033814697281
v 2.0875 -0.02388659999999998 0.5015103814697248
v 2.0875 -0.014512400000000092 0.579097381469726
v 2.0875 -0.00683379999999989 0.6374743814697261
v 2.0875 -0.0017712000000000838 0.6737153814697265
v 2.1895833 0.0 0.6836663814697275
v 2.1895833 0.0017652500000000515 0.6714233814697259
v 2.1895833 0.006810549999999971 0.6353073814697261
v 2.1895833 0.014463000000000004 0.577127381469726
v 2.1895833 0.02380530000000003 0.49980338146972514
v 2.1895833 0.03382980000000002 0.4072133814697274
v 2.1895833 0.04348339999999995 0.30399738146972766
v 2.1895833 0.051628050000000036 0.19533338146972667
v 2.1895833 0.057038400000000045 0.08666838146972822
v 2.1895833 0.05854535000000005 -0.01654661853027406
v 2.1895833 0.055321900000000035 -0.10913661853027179
v 2.1895833 0.04716469999999995 -0.18645961853027515
v 2.1895833 0.03457359999999998 -0.24463961853027172
v 2.1895833 0.01852229999999999 -0.2807556185302751
v 2.1895833 0.0 -0.2929996185302741
v 2.1895833 -0.018522300000000103 -0.2807556185302751
v 2.1895833 -0.03457369999999993 -0.24463961853027172
v 2.1895833 -0.04716469999999995 -0.18645961853027515
v 2.1895833 -0.05532179999999998 -0.10913661853027179
v 2.1895833 -0.05854540000000008 -0.01654661853027406
v 2.1895833 -0.057038399999999934 0.08666838146972822
v 2.1895833 -0.051628100000000066 0.19533338146972667
v 2.1895833 -0.04348339999999995 0.30399738146972766
v 2.1895833 -0.03382979999999991 0.4072133814697274
v 2.1895833 -0.02380530000000003 0.49980338146972514
v 2.1895833 -0.014462999999999893 0.577127381469726
v 2.1895833 -0.006810500000000053 0.6353073814697261
v 2.1895833 -0.0017652999999999697 0.6714233814697259
v 2.2916667 0.0 0.6813333814697273
v 2.2916667 0.0017592300000000005 0.6691323814697263
v 2.2916667 0.006787300000000052 0.6331383814697276
v 2.2916667 0.014413649999999945 0.575157381469726
v 2.2916667 0.023723999999999967 0.4980983814697275
v 2.2916667 0.033714350000000004 0.4058223814697257
v 2.2916667 0.04333496000000003 0.3029603814697275
v 2.2916667 0.051451860000000016 0.1946663814697267
v 2.2916667 0.05684376000000002 0.08637238146972592
v 2.2916667 0.05834556000000002 -0.016490618530273338
v 2.2916667 0.055133039999999967 -0.10876461853027308
v 2.2916667 0.04700369999999998 -0.18582561853027357
v 2.2916667 0.03445560000000003 -0.24380461853027313
v 2.2916667 0.01845909999999995 -0.2797986185302719
v 2.2916667 0.0 -0.2919996185302729
v 2.2916667 -0.01845910000000006 -0.2797986185302719
v 2.2916667 -0.03445570000000009 -0.24380461853027313
v 2.2916667 -0.04700370000000009 -0.18582561853027357
v 2.2916667 -0.055133099999999935 -0.10876461853027308
v 2.2916667 -0.0583456 -0.016490618530273338
v 2.2916667 -0.0568438 0.08637238146972592
v 2.2916667 -0.051451899999999995 0.1946663814697267
v 2.2916667 -0.0433349999999999 0.3029603814697275
v 2.2916667 -0.033714299999999975 0.4058223814697257
v 2.2916667 -0.023724099999999915 0.4980983814697275
v 2.2916667 -0.014413599999999915 0.575157381469726
v 2.2916667 -0.006787300000000052 0.6331383814697276
v 2.2916667 -0.0017591999999999608 0.6691323814697263
v 2.39375 0.0 0.6790003814697272
v 2.39375 0.0017531499999999811 0.6668403814697257
v 2.39375 0.0067640500000000214 0.6309703814697265
v 2.39375 0.014364299999999997 0.573188381469727
v 2.39375 0.023642799999999964 0.49639338146972634
v 2.39375 0.03359889999999999 0.4044343814697271
v 2.39375 0.043186550000000046 0.30192138146972525
v 2.39375 0.051275700000000035 0.19400038146972776
v 2.39375 0.05664910000000001 0.08607638146972718
v 2.39375 0.058145760000000046 -0.01643361853027514
v 2.39375 0.0549442 -0.10839261853027438
v 2.39375 0.046842700000000015 -0.18518861853027246
v 2.39375 0.03433763999999995 -0.24296961853027454
v 2.39375 0.018395840000000052 -0.2788396185302737
v 2.39375 0.0 -0.2909996185302717
v 2.39375 -0.01839590000000002 -0.2788396185302737
v 2.39375 -0.03433759999999997 -0.24296961853027454
v 2.39375 -0.046842700000000015 -0.18518861853027246
v 2.39375 -0.05494430000000006 -0.10839261853027438
v 2.39375 -0.058145799999999914 -0.01643361853027514
v 2.39375 -0.05664910000000001 0.08607638146972718
v 2.39375 -0.05127560000000009 0.19400038146972776
v 2.39375 -0.04318650000000002 0.30192138146972525
v 2.39375 -0.0335989000000001 0.4044343814697271
v 2.39375 -0.023642799999999964 0.49639338146972634
v 2.39375 -0.014364199999999938 0.573188381469727
v 2.39375 -0.006763999999999992 0.6309703814697265
v 2.39375 -0.0017532000000000103 0.6668403814697257
v 2.4958334 0.0 0.676666381469726
v 2.4958334 0.0017471300000000412 0.6645483814697251
v 2.4958334 0.006740799999999991 0.628801381469728
v 2.4958334 0.01431490000000002 0.5712183814697269
v 2.4958334 0.023561539999999992 0.49468638146972665
v 2.4958334 0.03348344999999997 0.4030433814697254
v 2.4958334 0.04303813000000001 0.30088438146972507
v 2.4958334 0.051099499999999964 0.19333238146972676
v 2.4958334 0.056454400000000016 0.08578038146972489
v 2.4958334 0.057945899999999995 -0.01637661853027339
v 2.4958334 0.05475545000000004 -0.10802061853027212
v 2.4958334 0.04668176000000002 -0.1845516185302749
v 2.4958334 0.03421960000000002 -0.24213361853027493
v 2.4958334 0.01833266 -0.27788161853027304
v 2.4958334 0.0 -0.29000061853027503
v 2.4958334 -0.01833259999999992 -0.27788161853027304
v 2.4958334 -0.034219599999999906 -0.24213361853027493
v 2.4958334 -0.046681799999999996 -0.1845516185302749
v 2.4958334 -0.0547553999999999 -0.10802061853027212
v 2.4958334 -0.05794600000000005 -0.01637661853027339
v 2.4958334 -0.056454400000000016 0.08578038146972489
v 2.4958334 -0.05109940000000002 0.19333238146972676
v 2.4958334 -0.04303809999999997 0.30088438146972507
v 2.4958334 -0.03348339999999994 0.4030433814697254
v 2.4958334 -0.02356160000000007 0.49468638146972665
v 2.4958334 -0.01431490000000002 0.5712183814697269
v 2.4958334 -0.006740799999999991 0.628801381469728
v 2.4958334 -0.0017471000000000014 0.6645483814697251
v 2.5979166 0.0 0.6154363814697277
v 2.5979166 0.0015281999999999796 0.604837381469725
v 2.5979166 0.005896149999999989 0.5735703814697253
v 2.5979166 0.01252120000000001 0.5232003814697279
v 2.5979166 0.020609199999999994 0.45625838146972697
v 2.5979166 0.029287900000000033 0.37610038146972613
v 2.5979166 0.03764533999999997 0.2867403814697269
v 2.5979166 0.04469657000000005 0.19266738146972529
v 2.5979166 0.04938054000000003 0.09859038146972665
v 2.5979166 0.050685169999999946 0.009233381469726964
v 2.5979166 0.047894400000000004 -0.07092661853027238
v 2.5979166 0.04083239999999999 -0.13786961853027435
v 2.5979166 0.029931799999999953 -0.18823661853027218
v 2.5979166 0.01603549999999998 -0.2195036185302719
v 2.5979166 0.0 -0.2301046185302731
v 2.5979166 -0.016035599999999928 -0.2195036185302719
v 2.5979166 -0.029931799999999953 -0.18823661853027218
v 2.5979166 -0.04083239999999999 -0.13786961853027435
v 2.5979166 -0.04789449999999995 -0.07092661853027238
v 2.5979166 -0.050685199999999986 0.009233381469726964
v 2.5979166 -0.04938050000000005 0.09859038146972665
v 2.5979166 -0.044696599999999975 0.19266738146972529
v 2.5979166 -0.037645300000000104 0.2867403814697269
v 2.5979166 -0.029287800000000086 0.37610038146972613
v 2.5979166 -0.020609300000000053 0.45625838146972697
v 2.5979166 -0.012521299999999957 0.5232003814697279
v 2.5979166 -0.00589609999999996 0.5735703814697253
v 2.5979166 -0.001528299999999927 0.604837381469725
v 2.7 0.0 0.19400038146972776
v 2.7 8.68000000000535e-05 0.1939503814697261
v 2.7 0.00033474000000000004 0.1938013814697257
v 2.7 0.0007108000000000114 0.19356338146972618
v 2.7 0.0011700000000000044 0.19324638146972717
v 2.7 0.0016625999999999586 0.19286738146972482
v 2.7 0.002137060000000024 0.192445381469728
v 2.7 0.0025373699999999832 0.1920003814697253
v 2.7 0.0028032700000000244 0.19155538146972617
v 2.7 0.0028772999999999715 0.1911313814697273
v 2.7 0.00271887000000004 0.190754381469727
v 2.7 0.0023179700000000025 0.19043538146972594
v 2.7 0.0016992000000000118 0.19019938146972493
v 2.7 0.0009103000000000305 0.19005038146972808
v 2.7 0.0 0.19000038146972642
v 2.7 -0.0009102999999999195 0.19005038146972808
v 2.7 -0.0016992000000000118 0.19019938146972493
v 2.7 -0.0023180000000000422 0.19043538146972594
v 2.7 -0.0027189000000000796 0.190754381469727
v 2.7 -0.00287740000000003 0.1911313814697273
v 2.7 -0.0028032000000000057 0.19155538146972617
v 2.7 -0.002537400000000023 0.1920003814697253
v 2.7 -0.002137099999999892 0.192445381469728
v 2.7 -0.0016625999999999586 0.19286738146972482
v 2.7 -0.001169900000000057 0.19324638146972717
v 2.7 -0.0007108000000000114 0.19356338146972618
v 2.7 -0.0003347000000000211 0.1938013814697257
v 2.7 -8.68000000000535e-05 0.1939503814697261
v 0.25 0.0 0.2080003814697271
v 2.7 0.0 0.1920003814697253
v 0.10000004 0.0 -0.06999961853027514
v 0.5 0.04114499999999999 -0.05663061853027429
v 0.5 5.999999996841865e-08 -0.06999961853027514
v 0.100000024 0.04114490000000004 -0.05663061853027429
v 0.5 0.06657400000000002 -0.021631618530275176
v 0.100000024 0.06657389999999996 -0.021631618530275176
v 0.5 0.06657400000000002 0.021630381469726956
v 0.100000024 0.06657389999999996 0.021630381469726956
v 0.5 0.04114499999999999 0.0566303814697271
v 0.100000024 0.04114490000000004 0.0566303814697271
v 0.5 5.999999996841865e-08 0.07000038146972543
v 0.10000004 0.0 0.07000038146972543
v 0.5 -0.04114499999999999 0.0566303814697271
v 0.10000004 -0.04114499999999999 0.0566303814697271
v 0.5 -0.06657390000000007 0.021630381469726956
v 0.10000004 -0.06657399999999991 0.021630381469726956
v 0.5 -0.06657390000000007 -0.021631618530275176
v 0.10000004 -0.06657399999999991 -0.021631618530275176
v 0.5 -0.04114499999999999 -0.05663061853027429
v 0.10000004 -0.04114499999999999 -0.05663061853027429
v 0.5 5.999999996841865e-08 -0.06999961853027514
v 0.10000004 0.0 -0.06999961853027514
v 0.5 5.999999996841865e-08 -0.06999961853027514
v 0.5 0.04114499999999999 -0.05663061853027429
v 0.5 5.999999996841865e-08 3.8146972514141453e-07
v 0.5 0.06657400000000002 -0.021631618530275176
v 0.5 5.999999996841865e-08 3.8146972514141453e-07
v 0.5 0.06657400000000002 0.021630381469726956
v 0.5 5.999999996841865e-08 3.8146972514141453e-07
v 0.5 0.04114499999999999 0.0566303814697271
v 0.5 5.999999996841865e-08 3.8146972514141453e-07
v 0.5 5.999999996841865e-08 0.07000038146972543
v 0.5 5.999999996841865e-08 3.8146972514141453e-07
v 0.5 -0.04114499999999999 0.0566303814697271
v 0.5 5.999999996841865e-08 3.8146972514141453e-07
v 0.5 -0.06657390000000007 0.021630381469726956
v 0.5 5.999999996841865e-08 3.8146972514141453e-07
v 0.5 -0.06657390000000007 -0.021631618530275176
v 0.5 5.999999996841865e-08 3.8146972514141453e-07
v 0.5 -0.04114499999999999 -0.05663061853027429
v 0.5 5.999999996841865e-08 3.8146972514141453e-07
v 0.5 5.999999996841865e-08 -0.06999961853027514
v 0.5 5.999999996841865e-08 3.8146972514141453e-07
v 0.10000004 0.0 -0.06999961853027514
v 0.10000004 -0.04114499999999999 -0.05663061853027429
v 0.10000004 0.0 3.8146972514141453e-07
v 0.10000004 -0.06657399999999991 -0.021631618530275176
v 0.10000004 0.0 3.8146972514141453e-07
v 0.10000004 -0.06657399999999991 0.021630381469726956
v 0.10000004 0.0 3.8146972514141453e-07
v 0.10000004 -0.04114499999999999 0.0566303814697271
v 0.10000004 0.0 3.8146972514141453e-07
v 0.10000004 0.0 0.07000038146972543
v 0.10000004 0.0 3.8146972514141453e-07
v 0.100000024 0.04114490000000004 0.0566303814697271
v 0.10000004 0.0 3.8146972514141453e-07
v 0.100000024 0.06657389999999996 0.021630381469726956
v 0.10000004 0.0 3.8146972514141453e-07
v 0.100000024 0.06657389999999996 -0.021631618530275176
v 0.10000004 0.0 3.8146972514141453e-07
v 0.100000024 0.04114496999999995 -0.05663061853027429
v 0.10000004 0.0 3.8146972514141453e-07
v 0.10000004 0.0 -0.06999961853027514
v 0.10000004 0.0 3.8146972514141453e-07
vt 0.5008495 0.3
vt 0.47065517 0.3
vt 0.5008147 0.30680555
vt 0.47062102 0.30680555
vt 0.470082 0.3
vt 0.4700497 0.30680555
vt 0.46915874 0.3
vt 0.4691294 0.30680555
vt 0.46793166 0.3
vt 0.46790624 0.30680555
vt 0.46646228 0.3
vt 0.46644157 0.30680555
vt 0.46482432 0.3
vt 0.46480885 0.30680555
vt 0.46309984 0.3
vt 0.4630899 0.30680555
vt 0.4613754 0.3
vt 0.46137097 0.30680555
vt 0.45973742 0.3
vt 0.45973825 0.30680555
vt 0.45826805 0.3
vt 0.4582736 0.30680555
vt 0.45704094 0.3
vt 0.45705044 0.30680555
vt 0.4561177 0.3
vt 0.45613012 0.30680555
vt 0.45554453 0.3
vt 0.4555588 0.30680555
vt 0.45535022 0.3
vt 0.45536512 0.30680555
vt 0.48554453 0.3
vt 0.4855588 0.30680555
vt 0.4861177 0.3
vt 0.48613012 0.30680555
vt 0.48704094 0.3
vt 0.48705044 0.30680555
vt 0.48826805 0.3
vt 0.4882736 0.30680555
vt 0.48973742 0.3
vt 0.48973826 0.30680555
vt 0.4913754 0.3
vt 0.49137098 0.30680555
vt 0.49309984 0.3
vt 0.4930899 0.30680555
vt 0.49482432 0.3
vt 0.49480885 0.30680555
vt 0.4964623 0.3
vt 0.49644157 0.30680555
vt 0.49793166 0.3
vt 0.49790624 0.30680555
vt 0.49915874 0.3
vt 0.49912938 0.30680555
vt 0.500082 0.3
vt 0.5000497 0.30680555
vt 0.5006552 0.3
vt 0.500621 0.30680555
vt 0.5007799 0.31361112
vt 0.47058687 0.31361112
vt 0.4700174 0.31361112
vt 0.46910006 0.31361112
vt 0.46788082 0.31361112
vt 0.46642086 0.31361112
vt 0.46479338 0.31361112
vt 0.46308 0.31361112
vt 0.4613666 0.31361112
vt 0.4597391 0.31361112
vt 0.45827913 0.31361112
vt 0.45705992 0.31361112
vt 0.45614257 0.31361112
vt 0.45557308 0.31361112
vt 0.45538002 0.31361112
vt 0.48557308 0.31361112
vt 0.48614258 0.31361112
vt 0.48705992 0.31361112
vt 0.48827913 0.31361112
vt 0.4897391 0.31361112
vt 0.49136657 0.31361112
vt 0.49308 0.31361112
vt 0.4947934 0.31361112
vt 0.49642086 0.31361112
vt 0.49788082 0.31361112
vt 0.49910003 0.31361112
vt 0.5000174 0.31361112
vt 0.50058687 0.31361112
vt 0.5007452 0.32041666
vt 0.4705527 0.32041666
vt 0.46998507 0.32041666
vt 0.4690707 0.32041666
vt 0.4678554 0.32041666
vt 0.46640015 0.32041666
vt 0.46477792 0.32041666
vt 0.46307003 0.32041666
vt 0.46136218 0.32041666
vt 0.45973995 0.32041666
vt 0.45828468 0.32041666
vt 0.4570694 0.32041666
vt 0.456155 0.32041666
vt 0.45558736 0.32041666
vt 0.45539492 0.32041666
vt 0.48558736 0.32041666
vt 0.486155 0.32041666
vt 0.4870694 0.32041666
vt 0.48828468 0.32041666
vt 0.48973992 0.32041666
vt 0.49136218 0.32041666
vt 0.49307004 0.32041666
vt 0.49477792 0.32041666
vt 0.49640015 0.32041666
vt 0.4978554 0.32041666
vt 0.49907067 0.32041666
vt 0.49998507 0.32041666
vt 0.5005527 0.32041666
vt 0.50071037 0.32722223
vt 0.4705186 0.32722223
vt 0.46995276 0.32722223
vt 0.46904135 0.32722223
vt 0.46782997 0.32722223
vt 0.46637943 0.32722223
vt 0.46476245 0.32722223
vt 0.4630601 0.32722223
vt 0.46135777 0.32722223
vt 0.4597408 0.32722223
vt 0.45829025 0.32722223
vt 0.45707887 0.32722223
vt 0.45616746 0.32722223
vt 0.45560163 0.32722223
vt 0.45540982 0.32722223
vt 0.48560163 0.32722223
vt 0.48616746 0.32722223
vt 0.48707888 0.32722223
vt 0.48829025 0.32722223
vt 0.4897408 0.32722223
vt 0.49135777 0.32722223
vt 0.4930601 0.32722223
vt 0.49476245 0.32722223
vt 0.49637944 0.32722223
vt 0.49782997 0.32722223
vt 0.49904132 0.32722223
vt 0.49995276 0.32722223
vt 0.50051856 0.32722223
vt 0.5006756 0.33402777
vt 0.47048444 0.33402777
vt 0.46992046 0.33402777
vt 0.469012 0.33402777
vt 0.46780455 0.33402777
vt 0.46635872 0.33402777
vt 0.46474698 0.33402777
vt 0.4630502 0.33402777
vt 0.46135336 0.33402777
vt 0.45974162 0.33402777
vt 0.4582958 0.33402777
vt 0.45708838 0.33402777
vt 0.4561799 0.33402777
vt 0.45561594 0.33402777
vt 0.45542473 0.33402777
vt 0.48561594 0.33402777
vt 0.4861799 0.33402777
vt 0.48708838 0.33402777
vt 0.4882958 0.33402777
vt 0.48974162 0.33402777
vt 0.49135336 0.33402777
vt 0.4930502 0.33402777
vt 0.49474698 0.33402777
vt 0.49635872 0.33402777
vt 0.49780455 0.33402777
vt 0.499012 0.33402777
vt 0.49992046 0.33402777
vt 0.5004844 0.33402777
vt 0.5006408 0.34083334
vt 0.47045028 0.34083334
vt 0.46988815 0.34083334
vt 0.46898264 0.34083334
vt 0.46777913 0.34083334
vt 0.466338 0.34083334
vt 0.46473154 0.34083334
vt 0.46304023 0.34083334
vt 0.46134895 0.34083334
vt 0.45974246 0.34083334
vt 0.45830134 0.34083334
vt 0.45709786 0.34083334
vt 0.45619234 0.34083334
vt 0.4556302 0.34083334
vt 0.45543966 0.34083334
vt 0.4856302 0.34083334
vt 0.48619235 0.34083334
vt 0.48709786 0.34083334
vt 0.48830134 0.34083334
vt 0.48974246 0.34083334
vt 0.49134895 0.34083334
vt 0.49304023 0.34083334
vt 0.49473152 0.34083334
vt 0.496338 0.34083334
vt 0.49777913 0.34083334
vt 0.49898264 0.34083334
vt 0.49988815 0.34083334
vt 0.50045025 0.34083334
vt 0.50060606 0.34763888
vt 0.47041613 0.34763888
vt 0.46985582 0.34763888
vt 0.46895328 0.34763888
vt 0.4677537 0.34763888
vt 0.4663173 0.34763888
vt 0.46471608 0.34763888
vt 0.4630303 0.34763888
vt 0.46134454 0.34763888
vt 0.4597433 0.34763888
vt 0.4583069 0.34763888
vt 0.45710734 0.34763888
vt 0.45620477 0.34763888
vt 0.4556445 0.34763888
vt 0.45545456 0.34763888
vt 0.4856445 0.34763888
vt 0.48620477 0.34763888
vt 0.48710734 0.34763888
vt 0.4883069 0.34763888
vt 0.4897433 0.34763888
vt 0.49134454 0.34763888
vt 0.4930303 0.34763888
vt 0.49471608 0.34763888
vt 0.4963173 0.34763888
vt 0.4977537 0.34763888
vt 0.49895328 0.34763888
vt 0.49985582 0.34763888
vt 0.5004161 0.34763888
vt 0.5005713 0.35444444
vt 0.47038198 0.35444444
vt 0.4698235 0.35444444
vt 0.46892393 0.35444444
vt 0.4677283 0.35444444
vt 0.46629658 0.35444444
vt 0.4647006 0.35444444
vt 0.46302035 0.35444444
vt 0.46134013 0.35444444
vt 0.45974416 0.35444444
vt 0.45831245 0.35444444
vt 0.4571168 0.35444444
vt 0.45621723 0.35444444
vt 0.45565876 0.35444444
vt 0.45546946 0.35444444
vt 0.48565876 0.35444444
vt 0.48621723 0.35444444
vt 0.4871168 0.35444444
vt 0.48831245 0.35444444
vt 0.48974416 0.35444444
vt 0.49134013 0.35444444
vt 0.49302036 0.35444444
vt 0.4947006 0.35444444
vt 0.49629658 0.35444444
vt 0.4977283 0.35444444
vt 0.49892393 0.35444444
vt 0.4998235 0.35444444
vt 0.50038195 0.35444444
vt 0.5005365 0.36125
vt 0.47034782 0.36125
vt 0.4697912 0.36125
vt 0.46889457 0.36125
vt 0.46770287 0.36125
vt 0.46627587 0.36125
vt 0.46468514 0.36125
vt 0.46301043 0.36125
vt 0.46133572 0.36125
vt 0.459745 0.36125
vt 0.458318 0.36125
vt 0.45712632 0.36125
vt 0.45622966 0.36125
vt 0.45567304 0.36125
vt 0.45548436 0.36125
vt 0.48567304 0.36125
vt 0.48622966 0.36125
vt 0.4871263 0.36125
vt 0.488318 0.36125
vt 0.489745 0.36125
vt 0.49133572 0.36125
vt 0.49301043 0.36125
vt 0.49468514 0.36125
vt 0.49627587 0.36125
vt 0.49770287 0.36125
vt 0.49889457 0.36125
vt 0.4997912 0.36125
vt 0.5003478 0.36125
vt 0.50050175 0.36805555
vt 0.47031367 0.36805555
vt 0.46975887 0.36805555
vt 0.46886522 0.36805555
vt 0.46767744 0.36805555
vt 0.46625516 0.36805555
vt 0.46466967 0.36805555
vt 0.4630005 0.36805555
vt 0.4613313 0.36805555
vt 0.45974582 0.36805555
vt 0.45832354 0.36805555
vt 0.4571358 0.36805555
vt 0.4562421 0.36805555
vt 0.4556873 0.36805555
vt 0.45549926 0.36805555
vt 0.48568732 0.36805555
vt 0.48624212 0.36805555
vt 0.4871358 0.36805555
vt 0.48832354 0.36805555
vt 0.48974583 0.36805555
vt 0.4913313 0.36805555
vt 0.4930005 0.36805555
vt 0.49466968 0.36805555
vt 0.49625516 0.36805555
vt 0.49767745 0.36805555
vt 0.49886522 0.36805555
vt 0.49975887 0.36805555
vt 0.50031364 0.36805555
vt 0.50046694 0.37486112
vt 0.4702795 0.37486112
vt 0.46972656 0.37486112
vt 0.46883586 0.37486112
vt 0.46765202 0.37486112
vt 0.46623445 0.37486112
vt 0.4646542 0.37486112
vt 0.46299055 0.37486112
vt 0.4613269 0.37486112
vt 0.45974666 0.37486112
vt 0.4583291 0.37486112
vt 0.45714527 0.37486112
vt 0.45625454 0.37486112
vt 0.45570162 0.37486112
vt 0.45551416 0.37486112
vt 0.48570162 0.37486112
vt 0.48625454 0.37486112
vt 0.48714527 0.37486112
vt 0.4883291 0.37486112
vt 0.48974666 0.37486112
vt 0.4913269 0.37486112
vt 0.49299055 0.37486112
vt 0.4946542 0.37486112
vt 0.49623445 0.37486112
vt 0.49765202 0.37486112
vt 0.49883586 0.37486112
vt 0.49972656 0.37486112
vt 0.5002795 0.37486112
vt 0.5004322 0.38166666
vt 0.47024536 0.38166666
vt 0.46969426 0.38166666
vt 0.4688065 0.38166666
vt 0.4676266 0.38166666
vt 0.46621373 0.38166666
vt 0.46463877 0.38166666
vt 0.46298063 0.38166666
vt 0.4613225 0.38166666
vt 0.45974752 0.38166666
vt 0.45833465 0.38166666
vt 0.45715475 0.38166666
vt 0.456267 0.38166666
vt 0.4557159 0.38166666
vt 0.45552906 0.38166666
vt 0.4857159 0.38166666
vt 0.486267 0.38166666
vt 0.48715475 0.38166666
vt 0.48833466 0.38166666
vt 0.48974752 0.38166666
vt 0.4913225 0.38166666
vt 0.49298063 0.38166666
vt 0.49463874 0.38166666
vt 0.49621373 0.38166666
vt 0.4976266 0.38166666
vt 0.4988065 0.38166666
vt 0.49969426 0.38166666
vt 0.5002454 0.38166666
vt 0.50039744 0.38847223
vt 0.4702112 0.38847223
vt 0.46966195 0.38847223
vt 0.46877715 0.38847223
vt 0.46760118 0.38847223
vt 0.46619302 0.38847223
vt 0.4646233 0.38847223
vt 0.4629707 0.38847223
vt 0.46131808 0.38847223
vt 0.45974836 0.38847223
vt 0.4583402 0.38847223
vt 0.45716423 0.38847223
vt 0.45627943 0.38847223
vt 0.45573017 0.38847223
vt 0.45554397 0.38847223
vt 0.48573017 0.38847223
vt 0.48627943 0.38847223
vt 0.48716423 0.38847223
vt 0.4883402 0.38847223
vt 0.48974836 0.38847223
vt 0.49131808 0.38847223
vt 0.4929707 0.38847223
vt 0.4946233 0.38847223
vt 0.49619302 0.38847223
vt 0.49760118 0.38847223
vt 0.49877715 0.38847223
vt 0.49966195 0.38847223
vt 0.50021124 0.38847223
vt 0.50036263 0.39527777
vt 0.47017705 0.39527777
vt 0.46962962 0.39527777
vt 0.4687478 0.39527777
vt 0.46757576 0.39527777
vt 0.4661723 0.39527777
vt 0.46460783 0.39527777
vt 0.46296075 0.39527777
vt 0.4613137 0.39527777
vt 0.4597492 0.39527777
vt 0.45834574 0.39527777
vt 0.45717373 0.39527777
vt 0.45629188 0.39527777
vt 0.45574445 0.39527777
vt 0.45555887 0.39527777
vt 0.48574445 0.39527777
vt 0.4862919 0.39527777
vt 0.48717374 0.39527777
vt 0.48834574 0.39527777
vt 0.4897492 0.39527777
vt 0.49131367 0.39527777
vt 0.49296075 0.39527777
vt 0.49460784 0.39527777
vt 0.4961723 0.39527777
vt 0.49757576 0.39527777
vt 0.4987478 0.39527777
vt 0.49962962 0.39527777
vt 0.5001771 0.39527777
vt 0.5003279 0.40208334
vt 0.4701429 0.40208334
vt 0.4695973 0.40208334
vt 0.46871844 0.40208334
vt 0.46755034 0.40208334
vt 0.4661516 0.40208334
vt 0.46459237 0.40208334
vt 0.46295083 0.40208334
vt 0.46130928 0.40208334
vt 0.45975003 0.40208334
vt 0.4583513 0.40208334
vt 0.4571832 0.40208334
vt 0.45630434 0.40208334
vt 0.45575872 0.40208334
vt 0.45557377 0.40208334
vt 0.48575872 0.40208334
vt 0.48630434 0.40208334
vt 0.4871832 0.40208334
vt 0.48835132 0.40208334
vt 0.48975003 0.40208334
vt 0.4913093 0.40208334
vt 0.49295083 0.40208334
vt 0.49459237 0.40208334
vt 0.4961516 0.40208334
vt 0.49755034 0.40208334
vt 0.49871844 0.40208334
vt 0.4995973 0.40208334
vt 0.50014293 0.40208334
vt 0.5002931 0.40888888
vt 0.47010875 0.40888888
vt 0.469565 0.40888888
vt 0.46868908 0.40888888
vt 0.46752492 0.40888888
vt 0.46613088 0.40888888
vt 0.4645769 0.40888888
vt 0.46294087 0.40888888
vt 0.46130487 0.40888888
vt 0.4597509 0.40888888
vt 0.45835686 0.40888888
vt 0.4571927 0.40888888
vt 0.45631677 0.40888888
vt 0.455773 0.40888888
vt 0.45558867 0.40888888
vt 0.485773 0.40888888
vt 0.48631677 0.40888888
vt 0.4871927 0.40888888
vt 0.48835686 0.40888888
vt 0.4897509 0.40888888
vt 0.49130487 0.40888888
vt 0.49294087 0.40888888
vt 0.4945769 0.40888888
vt 0.49613088 0.40888888
vt 0.49752492 0.40888888
vt 0.4986891 0.40888888
vt 0.499565 0.40888888
vt 0.5001088 0.40888888
vt 0.5002583 0.41569445
vt 0.4700746 0.41569445
vt 0.46953267 0.41569445
vt 0.46865973 0.41569445
vt 0.4674995 0.41569445
vt 0.46611017 0.41569445
vt 0.46456143 0.41569445
vt 0.46293095 0.41569445
vt 0.46130046 0.41569445
vt 0.45975173 0.41569445
vt 0.4583624 0.41569445
vt 0.45720217 0.41569445
vt 0.45632923 0.41569445
vt 0.4557873 0.41569445
vt 0.45560357 0.41569445
vt 0.4857873 0.41569445
vt 0.48632923 0.41569445
vt 0.48720217 0.41569445
vt 0.4883624 0.41569445
vt 0.48975173 0.41569445
vt 0.49130046 0.41569445
vt 0.49293095 0.41569445
vt 0.49456143 0.41569445
vt 0.49611017 0.41569445
vt 0.4974995 0.41569445
vt 0.49865973 0.41569445
vt 0.49953267 0.41569445
vt 0.5000746 0.41569445
vt 0.5002235 0.4225
vt 0.47004047 0.4225
vt 0.46950036 0.4225
vt 0.46863037 0.4225
vt 0.46747407 0.4225
vt 0.46608946 0.4225
vt 0.46454597 0.4225
vt 0.46292102 0.4225
vt 0.46129605 0.4225
vt 0.45975256 0.4225
vt 0.45836794 0.4225
vt 0.45721167 0.4225
vt 0.45634165 0.4225
vt 0.45580158 0.4225
vt 0.45561847 0.4225
vt 0.48580158 0.4225
vt 0.48634166 0.4225
vt 0.48721167 0.4225
vt 0.48836794 0.4225
vt 0.48975256 0.4225
vt 0.49129605 0.4225
vt 0.49292102 0.4225
vt 0.49454597 0.4225
vt 0.49608946 0.4225
vt 0.49747407 0.4225
vt 0.49863037 0.4225
vt 0.49950036 0.4225
vt 0.5000405 0.4225
vt 0.50018877 0.42930555
vt 0.47000632 0.42930555
vt 0.46946806 0.42930555
vt 0.46860102 0.42930555
vt 0.46744865 0.42930555
vt 0.46606874 0.42930555
vt 0.46453053 0.42930555
vt 0.46291107 0.42930555
vt 0.46129164 0.42930555
vt 0.4597534 0.42930555
vt 0.45837352 0.42930555
vt 0.45722115 0.42930555
vt 0.4563541 0.42930555
vt 0.45581585 0.42930555
vt 0.45563337 0.42930555
vt 0.48581585 0.42930555
vt 0.4863541 0.42930555
vt 0.48722115 0.42930555
vt 0.48837352 0.42930555
vt 0.4897534 0.42930555
vt 0.49129164 0.42930555
vt 0.49291107 0.42930555
vt 0.49453053 0.42930555
vt 0.49606875 0.42930555
vt 0.49744865 0.42930555
vt 0.49860102 0.42930555
vt 0.49946806 0.42930555
vt 0.5000063 0.42930555
vt 0.500154 0.43611112
vt 0.46997216 0.43611112
vt 0.46943575 0.43611112
vt 0.46857166 0.43611112
vt 0.46742323 0.43611112
vt 0.46604803 0.43611112
vt 0.46451506 0.43611112
vt 0.46290115 0.43611112
vt 0.46128723 0.43611112
vt 0.45975426 0.43611112
vt 0.45837906 0.43611112
vt 0.45723063 0.43611112
vt 0.45636654 0.43611112
vt 0.45583013 0.43611112
vt 0.45564827 0.43611112
vt 0.48583013 0.43611112
vt 0.48636654 0.43611112
vt 0.48723063 0.43611112
vt 0.48837906 0.43611112
vt 0.48975426 0.43611112
vt 0.49128723 0.43611112
vt 0.49290115 0.43611112
vt 0.49451506 0.43611112
vt 0.49604803 0.43611112
vt 0.49742323 0.43611112
vt 0.49857166 0.43611112
vt 0.49943575 0.43611112
vt 0.49997216 0.43611112
vt 0.5001192 0.44291666
vt 0.469938 0.44291666
vt 0.46940342 0.44291666
vt 0.4685423 0.44291666
vt 0.4673978 0.44291666
vt 0.46602732 0.44291666
vt 0.4644996 0.44291666
vt 0.46289122 0.44291666
vt 0.46128282 0.44291666
vt 0.4597551 0.44291666
vt 0.4583846 0.44291666
vt 0.4572401 0.44291666
vt 0.456379 0.44291666
vt 0.4558444 0.44291666
vt 0.45566317 0.44291666
vt 0.4858444 0.44291666
vt 0.486379 0.44291666
vt 0.4872401 0.44291666
vt 0.4883846 0.44291666
vt 0.4897551 0.44291666
vt 0.49128282 0.44291666
vt 0.4928912 0.44291666
vt 0.4944996 0.44291666
vt 0.49602732 0.44291666
vt 0.4973978 0.44291666
vt 0.4985423 0.44291666
vt 0.49940342 0.44291666
vt 0.499938 0.44291666
vt 0.50008446 0.44972223
vt 0.46990386 0.44972223
vt 0.4693711 0.44972223
vt 0.46851295 0.44972223
vt 0.4673724 0.44972223
vt 0.4660066 0.44972223
vt 0.46448413 0.44972223
vt 0.46288127 0.44972223
vt 0.4612784 0.44972223
vt 0.45975593 0.44972223
vt 0.45839018 0.44972223
vt 0.4572496 0.44972223
vt 0.45639142 0.44972223
vt 0.45585868 0.44972223
vt 0.4556781 0.44972223
vt 0.48585868 0.44972223
vt 0.48639143 0.44972223
vt 0.4872496 0.44972223
vt 0.48839018 0.44972223
vt 0.48975593 0.44972223
vt 0.4912784 0.44972223
vt 0.49288127 0.44972223
vt 0.49448413 0.44972223
vt 0.4960066 0.44972223
vt 0.4973724 0.44972223
vt 0.49851295 0.44972223
vt 0.4993711 0.44972223
vt 0.49990386 0.44972223
vt 0.49917194 0.45652777
vt 0.46901396 0.45652777
vt 0.46854797 0.45652777
vt 0.46779734 0.45652777
vt 0.4667997 0.45652777
vt 0.46560505 0.45652777
vt 0.46427336 0.45652777
vt 0.46287134 0.45652777
vt 0.46146932 0.45652777
vt 0.4601376 0.45652777
vt 0.45894298 0.45652777
vt 0.45794532 0.45652777
vt 0.4571947 0.45652777
vt 0.4567287 0.45652777
vt 0.45657074 0.45652777
vt 0.4867287 0.45652777
vt 0.4871947 0.45652777
vt 0.48794532 0.45652777
vt 0.48894298 0.45652777
vt 0.4901376 0.45652777
vt 0.49146932 0.45652777
vt 0.49287134 0.45652777
vt 0.49427336 0.45652777
vt 0.49560505 0.45652777
vt 0.4967997 0.45652777
vt 0.49779734 0.45652777
vt 0.49854797 0.45652777
vt 0.49901396 0.45652777
vt 0.4928912 0.46333334
vt 0.46289045 0.46333334
vt 0.46288824 0.46333334
vt 0.4628847 0.46333334
vt 0.46288 0.46333334
vt 0.46287432 0.46333334
vt 0.46286803 0.46333334
vt 0.4628614 0.46333334
vt 0.46285477 0.46333334
vt 0.46284845 0.46333334
vt 0.46284282 0.46333334
vt 0.46283808 0.46333334
vt 0.46283454 0.46333334
vt 0.46283233 0.46333334
vt 0.4628316 0.46333334
vt 0.49283233 0.46333334
vt 0.49283454 0.46333334
vt 0.49283808 0.46333334
vt 0.49284282 0.46333334
vt 0.49284846 0.46333334
vt 0.49285477 0.46333334
vt 0.4928614 0.46333334
vt 0.49286804 0.46333334
vt 0.49287432 0.46333334
vt 0.49288 0.46333334
vt 0.4928847 0.46333334
vt 0.49288824 0.46333334
vt 0.49289045 0.46333334
vt 0.46309984 0.3
vt 0.4628614 0.46333334
vt 0.0 1.0
vt 0.1 0.0
vt 0.0 0.0
vt 0.1 1.0
vt 0.2 0.0
vt 0.2 1.0
vt 0.3 0.0
vt 0.3 1.0
vt 0.4 0.0
vt 0.4 1.0
vt 0.5 0.0
vt 0.5 1.0
vt 0.6 0.0
vt 0.6 1.0
vt 0.7 0.0
vt 0.7 1.0
vt 0.8 0.0
vt 0.8 1.0
vt 0.9 0.0
vt 0.9 1.0
vt 1.0 0.0
vt 1.0 1.0
vt 1.0 0.5
vt 0.9045085 0.7938926
vt 0.5 0.5
vt 0.6545085 0.97552824
vt 0.5 0.5
vt 0.34549147 0.97552824
vt 0.5 0.5
vt 0.09549149 0.7938926
vt 0.5 0.5
vt 0.0 0.5
vt 0.5 0.5
vt 0.09549154 0.20610732
vt 0.5 0.5
vt 0.34549147 0.024471754
vt 0.5 0.5
vt 0.65450853 0.024471754
vt 0.5 0.5
vt 0.9045085 0.20610732
vt 0.5 0.5
vt 1.0 0.5
vt 0.5 0.5
vt 1.0 0.5
vt 0.9045085 0.7938926
vt 0.5 0.5
vt 0.6545085 0.97552824
vt 0.5 0.5
vt 0.34549147 0.97552824
vt 0.5 0.5
vt 0.09549149 0.7938926
vt 0.5 0.5
vt 0.0 0.5
vt 0.5 0.5
vt 0.09549154 0.20610732
vt 0.5 0.5
vt 0.34549147 0.024471754
vt 0.5 0.5
vt 0.65450853 0.024471754
vt 0.5 0.5
vt 0.9045085 0.20610732
vt 0.5 0.5
vt 1.0 0.5
vt 0.5 0.5
vt 0.5008495 0.3
vt 0.5008147 0.30680555
vt 0.47065517 0.3
vt 0.47062102 0.30680555
vt 0.470082 0.3
vt 0.4700497 0.30680555
vt 0.46915874 0.3
vt 0.4691294 0.30680555
vt 0.46793166 0.3
vt 0.46790624 0.30680555
vt 0.46646228 0.3
vt 0.46644157 0.30680555
vt 0.46482432 0.3
vt 0.46480885 0.30680555
vt 0.46309984 0.3
vt 0.4630899 0.30680555
vt 0.4613754 0.3
vt 0.46137097 0.30680555
vt 0.45973742 0.3
vt 0.45973825 0.30680555
vt 0.45826805 0.3
vt 0.4582736 0.30680555
vt 0.45704094 0.3
vt 0.45705044 0.30680555
vt 0.4561177 0.3
vt 0.45613012 0.30680555
vt 0.45554453 0.3
vt 0.4555588 0.30680555
vt 0.45535022 0.3
vt 0.45536512 0.30680555
vt 0.48554453 0.3
vt 0.4855588 0.30680555
vt 0.4861177 0.3
vt 0.48613012 0.30680555
vt 0.48704094 0.3
vt 0.48705044 0.30680555
vt 0.48826805 0.3
vt 0.4882736 0.30680555
vt 0.48973742 0.3
vt 0.48973826 0.30680555
vt 0.4913754 0.3
vt 0.49137098 0.30680555
vt 0.49309984 0.3
vt 0.4930899 0.30680555
vt 0.49482432 0.3
vt 0.49480885 0.30680555
vt 0.4964623 0.3
vt 0.49644157 0.30680555
vt 0.49793166 0.3
vt 0.49790624 0.30680555
vt 0.49915874 0.3
vt 0.49912938 0.30680555
vt 0.500082 0.3
vt 0.5000497 0.30680555
vt 0.5006552 0.3
vt 0.500621 0.30680555
vt 0.5007799 0.31361112
vt 0.47058687 0.31361112
vt 0.4700174 0.31361112
vt 0.46910006 0.31361112
vt 0.46788082 0.31361112
vt 0.46642086 0.31361112
vt 0.46479338 0.31361112
vt 0.46308 0.31361112
vt 0.4613666 0.31361112
vt 0.4597391 0.31361112
vt 0.45827913 0.31361112
vt 0.45705992 0.31361112
vt 0.45614257 0.31361112
vt 0.45557308 0.31361112
vt 0.45538002 0.31361112
vt 0.48557308 0.31361112
vt 0.48614258 0.31361112
vt 0.48705992 0.31361112
vt 0.48827913 0.31361112
vt 0.4897391 0.31361112
vt 0.49136657 0.31361112
vt 0.49308 0.31361112
vt 0.4947934 0.31361112
vt 0.49642086 0.31361112
vt 0.49788082 0.31361112
vt 0.49910003 0.31361112
vt 0.5000174 0.31361112
vt 0.50058687 0.31361112
vt 0.5007452 0.32041666
vt 0.4705527 0.32041666
vt 0.46998507 0.32041666
vt 0.4690707 0.32041666
vt 0.4678554 0.32041666
vt 0.46640015 0.32041666
vt 0.46477792 0.32041666
vt 0.46307003 0.32041666
vt 0.46136218 0.32041666
vt 0.45973995 0.32041666
vt 0.45828468 0.32041666
vt 0.4570694 0.32041666
vt 0.456155 0.32041666
vt 0.45558736 0.32041666
vt 0.45539492 0.32041666
vt 0.48558736 0.32041666
vt 0.486155 0.32041666
vt 0.4870694 0.32041666
vt 0.48828468 0.32041666
vt 0.48973992 0.32041666
vt 0.49136218 0.32041666
vt 0.49307004 0.32041666
vt 0.49477792 0.32041666
vt 0.49640015 0.32041666
vt 0.4978554 0.32041666
vt 0.49907067 0.32041666
vt 0.49998507 0.32041666
vt 0.5005527 0.32041666
vt 0.50071037 0.32722223
vt 0.4705186 0.32722223
vt 0.46995276 0.32722223
vt 0.46904135 0.32722223
vt 0.46782997 0.32722223
vt 0.46637943 0.32722223
vt 0.46476245 0.32722223
vt 0.4630601 0.32722223
vt 0.46135777 0.32722223
vt 0.4597408 0.32722223
vt 0.45829025 0.32722223
vt 0.45707887 0.32722223
vt 0.45616746 0.32722223
vt 0.45560163 0.32722223
vt 0.45540982 0.32722223
vt 0.48560163 0.32722223
vt 0.48616746 0.32722223
vt 0.48707888 0.32722223
vt 0.48829025 0.32722223
vt 0.4897408 0.32722223
vt 0.49135777 0.32722223
vt 0.4930601 0.32722223
vt 0.49476245 0.32722223
vt 0.49637944 0.32722223
vt 0.49782997 0.32722223
vt 0.49904132 0.32722223
vt 0.49995276 0.32722223
vt 0.50051856 0.32722223
vt 0.5006756 0.33402777
vt 0.47048444 0.33402777
vt 0.46992046 0.33402777
vt 0.469012 0.33402777
vt 0.46780455 0.33402777
vt 0.46635872 0.33402777
vt 0.46474698 0.33402777
vt 0.4630502 0.33402777
vt 0.46135336 0.33402777
vt 0.45974162 0.33402777
vt 0.4582958 0.33402777
vt 0.45708838 0.33402777
vt 0.4561799 0.33402777
vt 0.45561594 0.33402777
vt 0.45542473 0.33402777
vt 0.48561594 0.33402777
vt 0.4861799 0.33402777
vt 0.48708838 0.33402777
vt 0.4882958 0.33402777
vt 0.48974162 0.33402777
vt 0.49135336 0.33402777
vt 0.4930502 0.33402777
vt 0.49474698 0.33402777
vt 0.49635872 0.33402777
vt 0.49780455 0.33402777
vt 0.499012 0.33402777
vt 0.49992046 0.33402777
vt 0.5004844 0.33402777
vt 0.5006408 0.34083334
vt 0.47045028 0.34083334
vt 0.46988815 0.34083334
vt 0.46898264 0.34083334
vt 0.46777913 0.34083334
vt 0.466338 0.34083334
vt 0.46473154 0.34083334
vt 0.46304023 0.34083334
vt 0.46134895 0.34083334
vt 0.45974246 0.34083334
vt 0.45830134 0.34083334
vt 0.45709786 0.34083334
vt 0.45619234 0.34083334
vt 0.4556302 0.34083334
vt 0.45543966 0.34083334
vt 0.4856302 0.34083334
vt 0.48619235 0.34083334
vt 0.48709786 0.34083334
vt 0.48830134 0.34083334
vt 0.48974246 0.34083334
vt 0.49134895 0.34083334
vt 0.49304023 0.34083334
vt 0.49473152 0.34083334
vt 0.496338 0.34083334
vt 0.49777913 0.34083334
vt 0.49898264 0.34083334
vt 0.49988815 0.34083334
vt 0.50045025 0.34083334
vt 0.50060606 0.34763888
vt 0.47041613 0.34763888
vt 0.46985582 0.34763888
vt 0.46895328 0.34763888
vt 0.4677537 0.34763888
vt 0.4663173 0.34763888
vt 0.46471608 0.34763888
vt 0.4630303 0.34763888
vt 0.46134454 0.34763888
vt 0.4597433 0.34763888
vt 0.4583069 0.34763888
vt 0.45710734 0.34763888
vt 0.45620477 0.34763888
vt 0.4556445 0.34763888
vt 0.45545456 0.34763888
vt 0.4856445 0.34763888
vt 0.48620477 0.34763888
vt 0.48710734 0.34763888
vt 0.4883069 0.34763888
vt 0.4897433 0.34763888
vt 0.49134454 0.34763888
vt 0.4930303 0.34763888
vt 0.49471608 0.34763888
vt 0.4963173 0.34763888
vt 0.4977537 0.34763888
vt 0.49895328 0.34763888
vt 0.49985582 0.34763888
vt 0.5004161 0.34763888
vt 0.5005713 0.35444444
vt 0.47038198 0.35444444
vt 0.4698235 0.35444444
vt 0.46892393 0.35444444
vt 0.4677283 0.35444444
vt 0.46629658 0.35444444
vt 0.4647006 0.35444444
vt 0.46302035 0.35444444
vt 0.46134013 0.35444444
vt 0.45974416 0.35444444
vt 0.45831245 0.35444444
vt 0.4571168 0.35444444
vt 0.45621723 0.35444444
vt 0.45565876 0.35444444
vt 0.45546946 0.35444444
vt 0.48565876 0.35444444
vt 0.48621723 0.35444444
vt 0.4871168 0.35444444
vt 0.48831245 0.35444444
vt 0.48974416 0.35444444
vt 0.49134013 0.35444444
vt 0.49302036 0.35444444
vt 0.4947006 0.35444444
vt 0.49629658 0.35444444
vt 0.4977283 0.35444444
vt 0.49892393 0.35444444
vt 0.4998235 0.35444444
vt 0.50038195 0.35444444
vt 0.5005365 0.36125
vt 0.47034782 0.36125
vt 0.4697912 0.36125
vt 0.46889457 0.36125
vt 0.46770287 0.36125
vt 0.46627587 0.36125
vt 0.46468514 0.36125
vt 0.46301043 0.36125
vt 0.46133572 0.36125
vt 0.459745 0.36125
vt 0.458318 0.36125
vt 0.45712632 0.36125
vt 0.45622966 0.36125
vt 0.45567304 0.36125
vt 0.45548436 0.36125
vt 0.48567304 0.36125
vt 0.48622966 0.36125
vt 0.4871263 0.36125
vt 0.488318 0.36125
vt 0.489745 0.36125
vt 0.49133572 0.36125
vt 0.49301043 0.36125
vt 0.49468514 0.36125
vt 0.49627587 0.36125
vt 0.49770287 0.36125
vt 0.49889457 0.36125
vt 0.4997912 0.36125
vt 0.5003478 0.36125
vt 0.50050175 0.36805555
vt 0.47031367 0.36805555
vt 0.46975887 0.36805555
vt 0.46886522 0.36805555
vt 0.46767744 0.36805555
vt 0.46625516 0.36805555
vt 0.46466967 0.36805555
vt 0.4630005 0.36805555
vt 0.4613313 0.36805555
vt 0.45974582 0.36805555
vt 0.45832354 0.36805555
vt 0.4571358 0.36805555
vt 0.4562421 0.36805555
vt 0.4556873 0.36805555
vt 0.45549926 0.36805555
vt 0.48568732 0.36805555
vt 0.48624212 0.36805555
vt 0.4871358 0.36805555
vt 0.48832354 0.36805555
vt 0.48974583 0.36805555
vt 0.4913313 0.36805555
vt 0.4930005 0.36805555
vt 0.49466968 0.36805555
vt 0.49625516 0.36805555
vt 0.49767745 0.36805555
vt 0.49886522 0.36805555
vt 0.49975887 0.36805555
vt 0.50031364 0.36805555
vt 0.50046694 0.37486112
vt 0.4702795 0.37486112
vt 0.46972656 0.37486112
vt 0.46883586 0.37486112
vt 0.46765202 0.37486112
vt 0.46623445 0.37486112
vt 0.4646542 0.37486112
vt 0.46299055 0.37486112
vt 0.4613269 0.37486112
vt 0.45974666 0.37486112
vt 0.4583291 0.37486112
vt 0.45714527 0.37486112
vt 0.45625454 0.37486112
vt 0.45570162 0.37486112
vt 0.45551416 0.37486112
vt 0.48570162 0.37486112
vt 0.48625454 0.37486112
vt 0.48714527 0.37486112
vt 0.4883291 0.37486112
vt 0.48974666 0.37486112
vt 0.4913269 0.37486112
vt 0.49299055 0.37486112
vt 0.4946542 0.37486112
vt 0.49623445 0.37486112
vt 0.49765202 0.37486112
vt 0.49883586 0.37486112
vt 0.49972656 0.37486112
vt 0.5002795 0.37486112
vt 0.5004322 0.38166666
vt 0.47024536 0.38166666
vt 0.46969426 0.38166666
vt 0.4688065 0.38166666
vt 0.4676266 0.38166666
vt 0.46621373 0.38166666
vt 0.46463877 0.38166666
vt 0.46298063 0.38166666
vt 0.4613225 0.38166666
vt 0.45974752 0.38166666
vt 0.45833465 0.38166666
vt 0.45715475 0.38166666
vt 0.456267 0.38166666
vt 0.4557159 0.38166666
vt 0.45552906 0.38166666
vt 0.4857159 0.38166666
vt 0.486267 0.38166666
vt 0.48715475 0.38166666
vt 0.48833466 0.38166666
vt 0.48974752 0.38166666
vt 0.4913225 0.38166666
vt 0.49298063 0.38166666
vt 0.49463874 0.38166666
vt 0.49621373 0.38166666
vt 0.4976266 0.38166666
vt 0.4988065 0.38166666
vt 0.49969426 0.38166666
vt 0.5002454 0.38166666
vt 0.50039744 0.38847223
vt 0.4702112 0.38847223
vt 0.46966195 0.38847223
vt 0.46877715 0.38847223
vt 0.46760118 0.38847223
vt 0.46619302 0.38847223
vt 0.4646233 0.38847223
vt 0.4629707 0.38847223
vt 0.46131808 0.38847223
vt 0.45974836 0.38847223
vt 0.4583402 0.38847223
vt 0.45716423 0.38847223
vt 0.45627943 0.38847223
vt 0.45573017 0.38847223
vt 0.45554397 0.38847223
vt 0.48573017 0.38847223
vt 0.48627943 0.38847223
vt 0.48716423 0.38847223
vt 0.4883402 0.38847223
vt 0.48974836 0.38847223
vt 0.49131808 0.38847223
vt 0.4929707 0.38847223
vt 0.4946233 0.38847223
vt 0.49619302 0.38847223
vt 0.49760118 0.38847223
vt 0.49877715 0.38847223
vt 0.49966195 0.38847223
vt 0.50021124 0.38847223
vt 0.50036263 0.39527777
vt 0.47017705 0.39527777
vt 0.46962962 0.39527777
vt 0.4687478 0.39527777
vt 0.46757576 0.39527777
vt 0.4661723 0.39527777
vt 0.46460783 0.39527777
vt 0.46296075 0.39527777
vt 0.4613137 0.39527777
vt 0.4597492 0.39527777
vt 0.45834574 0.39527777
vt 0.45717373 0.39527777
vt 0.45629188 0.39527777
vt 0.45574445 0.39527777
vt 0.45555887 0.39527777
vt 0.48574445 0.39527777
vt 0.4862919 0.39527777
vt 0.48717374 0.39527777
vt 0.48834574 0.39527777
vt 0.4897492 0.39527777
vt 0.49131367 0.39527777
vt 0.49296075 0.39527777
vt 0.49460784 0.39527777
vt 0.4961723 0.39527777
vt 0.49757576 0.39527777
vt 0.4987478 0.39527777
vt 0.49962962 0.39527777
vt 0.5001771 0.39527777
vt 0.5003279 0.40208334
vt 0.4701429 0.40208334
vt 0.4695973 0.40208334
vt 0.46871844 0.40208334
vt 0.46755034 0.40208334
vt 0.4661516 0.40208334
vt 0.46459237 0.40208334
vt 0.46295083 0.40208334
vt 0.46130928 0.40208334
vt 0.45975003 0.40208334
vt 0.4583513 0.40208334
vt 0.4571832 0.40208334
vt 0.45630434 0.40208334
vt 0.45575872 0.40208334
vt 0.45557377 0.40208334
vt 0.48575872 0.40208334
vt 0.48630434 0.40208334
vt 0.4871832 0.40208334
vt 0.48835132 0.40208334
vt 0.48975003 0.40208334
vt 0.4913093 0.40208334
vt 0.49295083 0.40208334
vt 0.49459237 0.40208334
vt 0.4961516 0.40208334
vt 0.49755034 0.40208334
vt 0.49871844 0.40208334
vt 0.4995973 0.40208334
vt 0.50014293 0.40208334
vt 0.5002931 0.40888888
vt 0.47010875 0.40888888
vt 0.469565 0.40888888
vt 0.46868908 0.40888888
vt 0.46752492 0.40888888
vt 0.46613088 0.40888888
vt 0.4645769 0.40888888
vt 0.46294087 0.40888888
vt 0.46130487 0.40888888
vt 0.4597509 0.40888888
vt 0.45835686 0.40888888
vt 0.4571927 0.40888888
vt 0.45631677 0.40888888
vt 0.455773 0.40888888
vt 0.45558867 0.40888888
vt 0.485773 0.40888888
vt 0.48631677 0.40888888
vt 0.4871927 0.40888888
vt 0.48835686 0.40888888
vt 0.4897509 0.40888888
vt 0.49130487 0.40888888
vt 0.49294087 0.40888888
vt 0.4945769 0.40888888
vt 0.49613088 0.40888888
vt 0.49752492 0.40888888
vt 0.4986891 0.40888888
vt 0.499565 0.40888888
vt 0.5001088 0.40888888
vt 0.5002583 0.41569445
vt 0.4700746 0.41569445
vt 0.46953267 0.41569445
vt 0.46865973 0.41569445
vt 0.4674995 0.41569445
vt 0.46611017 0.41569445
vt 0.46456143 0.41569445
vt 0.46293095 0.41569445
vt 0.46130046 0.41569445
vt 0.45975173 0.41569445
vt 0.4583624 0.41569445
vt 0.45720217 0.41569445
vt 0.45632923 0.41569445
vt 0.4557873 0.41569445
vt 0.45560357 0.41569445
vt 0.4857873 0.41569445
vt 0.48632923 0.41569445
vt 0.48720217 0.41569445
vt 0.4883624 0.41569445
vt 0.48975173 0.41569445
vt 0.49130046 0.41569445
vt 0.49293095 0.41569445
vt 0.49456143 0.41569445
vt 0.49611017 0.41569445
vt 0.4974995 0.41569445
vt 0.49865973 0.41569445
vt 0.49953267 0.41569445
vt 0.5000746 0.41569445
vt 0.5002235 0.4225
vt 0.47004047 0.4225
vt 0.46950036 0.4225
vt 0.46863037 0.4225
vt 0.46747407 0.4225
vt 0.46608946 0.4225
vt 0.46454597 0.4225
vt 0.46292102 0.4225
vt 0.46129605 0.4225
vt 0.45975256 0.4225
vt 0.45836794 0.4225
vt 0.45721167 0.4225
vt 0.45634165 0.4225
vt 0.45580158 0.4225
vt 0.45561847 0.4225
vt 0.48580158 0.4225
vt 0.48634166 0.4225
vt 0.48721167 0.4225
vt 0.48836794 0.4225
vt 0.48975256 0.4225
vt 0.49129605 0.4225
vt 0.49292102 0.4225
vt 0.49454597 0.4225
vt 0.49608946 0.4225
vt 0.49747407 0.4225
vt 0.49863037 0.4225
vt 0.49950036 0.4225
vt 0.5000405 0.4225
vt 0.50018877 0.42930555
vt 0.47000632 0.42930555
vt 0.46946806 0.42930555
vt 0.46860102 0.42930555
vt 0.46744865 0.42930555
vt 0.46606874 0.42930555
vt 0.46453053 0.42930555
vt 0.46291107 0.42930555
vt 0.46129164 0.42930555
vt 0.4597534 0.42930555
vt 0.45837352 0.42930555
vt 0.45722115 0.42930555
vt 0.4563541 0.42930555
vt 0.45581585 0.42930555
vt 0.45563337 0.42930555
vt 0.48581585 0.42930555
vt 0.4863541 0.42930555
vt 0.48722115 0.42930555
vt 0.48837352 0.42930555
vt 0.4897534 0.42930555
vt 0.49129164 0.42930555
vt 0.49291107 0.42930555
vt 0.49453053 0.42930555
vt 0.49606875 0.42930555
vt 0.49744865 0.42930555
vt 0.49860102 0.42930555
vt 0.49946806 0.42930555
vt 0.5000063 0.42930555
vt 0.500154 0.43611112
vt 0.46997216 0.43611112
vt 0.46943575 0.43611112
vt 0.46857166 0.43611112
vt 0.46742323 0.43611112
vt 0.46604803 0.43611112
vt 0.46451506 0.43611112
vt 0.46290115 0.43611112
vt 0.46128723 0.43611112
vt 0.45975426 0.43611112
vt 0.45837906 0.43611112
vt 0.45723063 0.43611112
vt 0.45636654 0.43611112
vt 0.45583013 0.43611112
vt 0.45564827 0.43611112
vt 0.48583013 0.43611112
vt 0.48636654 0.43611112
vt 0.48723063 0.43611112
vt 0.48837906 0.43611112
vt 0.48975426 0.43611112
vt 0.49128723 0.43611112
vt 0.49290115 0.43611112
vt 0.49451506 0.43611112
vt 0.49604803 0.43611112
vt 0.49742323 0.43611112
vt 0.49857166 0.43611112
vt 0.49943575 0.43611112
vt 0.49997216 0.43611112
vt 0.5001192 0.44291666
vt 0.469938 0.44291666
vt 0.46940342 0.44291666
vt 0.4685423 0.44291666
vt 0.4673978 0.44291666
vt 0.46602732 0.44291666
vt 0.4644996 0.44291666
vt 0.46289122 0.44291666
vt 0.46128282 0.44291666
vt 0.4597551 0.44291666
vt 0.4583846 0.44291666
vt 0.4572401 0.44291666
vt 0.456379 0.44291666
vt 0.4558444 0.44291666
vt 0.45566317 0.44291666
vt 0.4858444 0.44291666
vt 0.486379 0.44291666
vt 0.4872401 0.44291666
vt 0.4883846 0.44291666
vt 0.4897551 0.44291666
vt 0.49128282 0.44291666
vt 0.4928912 0.44291666
vt 0.4944996 0.44291666
vt 0.49602732 0.44291666
vt 0.4973978 0.44291666
vt 0.4985423 0.44291666
vt 0.49940342 0.44291666
vt 0.499938 0.44291666
vt 0.50008446 0.44972223
vt 0.46990386 0.44972223
vt 0.4693711 0.44972223
vt 0.46851295 0.44972223
vt 0.4673724 0.44972223
vt 0.4660066 0.44972223
vt 0.46448413 0.44972223
vt 0.46288127 0.44972223
vt 0.4612784 0.44972223
vt 0.45975593 0.44972223
vt 0.45839018 0.44972223
vt 0.4572496 0.44972223
vt 0.45639142 0.44972223
vt 0.45585868 0.44972223
vt 0.4556781 0.44972223
vt 0.48585868 0.44972223
vt 0.48639143 0.44972223
vt 0.4872496 0.44972223
vt 0.48839018 0.44972223
vt 0.48975593 0.44972223
vt 0.4912784 0.44972223
vt 0.49288127 0.44972223
vt 0.49448413 0.44972223
vt 0.4960066 0.44972223
vt 0.4973724 0.44972223
vt 0.49851295 0.44972223
vt 0.4993711 0.44972223
vt 0.49990386 0.44972223
vt 0.49917194 0.45652777
vt 0.46901396 0.45652777
vt 0.46854797 0.45652777
vt 0.46779734 0.45652777
vt 0.4667997 0.45652777
vt 0.46560505 0.45652777
vt 0.46427336 0.45652777
vt 0.46287134 0.45652777
vt 0.46146932 0.45652777
vt 0.4601376 0.45652777
vt 0.45894298 0.45652777
vt 0.45794532 0.45652777
vt 0.4571947 0.45652777
vt 0.4567287 0.45652777
vt 0.45657074 0.45652777
vt 0.4867287 0.45652777
vt 0.4871947 0.45652777
vt 0.48794532 0.45652777
vt 0.48894298 0.45652777
vt 0.4901376 0.45652777
vt 0.49146932 0.45652777
vt 0.49287134 0.45652777
vt 0.49427336 0.45652777
vt 0.49560505 0.45652777
vt 0.4967997 0.45652777
vt 0.49779734 0.45652777
vt 0.49854797 0.45652777
vt 0.49901396 0.45652777
vt 0.4928912 0.46333334
vt 0.46289045 0.46333334
vt 0.46288824 0.46333334
vt 0.4628847 0.46333334
vt 0.46288 0.46333334
vt 0.46287432 0.46333334
vt 0.46286803 0.46333334
vt 0.4628614 0.46333334
vt 0.46285477 0.46333334
vt 0.46284845 0.46333334
vt 0.46284282 0.46333334
vt 0.46283808 0.46333334
vt 0.46283454 0.46333334
vt 0.46283233 0.46333334
vt 0.4628316 0.46333334
vt 0.49283233 0.46333334
vt 0.49283454 0.46333334
vt 0.49283808 0.46333334
vt 0.49284282 0.46333334
vt 0.49284846 0.46333334
vt 0.49285477 0.46333334
vt 0.4928614 0.46333334
vt 0.49286804 0.46333334
vt 0.49287432 0.46333334
vt 0.49288 0.46333334
vt 0.4928847 0.46333334
vt 0.49288824 0.46333334
vt 0.49289045 0.46333334
vt 0.46309984 0.3
vt 0.4628614 0.46333334
vt 0.0 1.0
vt 0.1 0.0
vt 0.0 0.0
vt 0.1 1.0
vt 0.2 0.0
vt 0.2 1.0
vt 0.3 0.0
vt 0.3 1.0
vt 0.4 0.0
vt 0.4 1.0
vt 0.5 0.0
vt 0.5 1.0
vt 0.6 0.0
vt 0.6 1.0
vt 0.7 0.0
vt 0.7 1.0
vt 0.8 0.0
vt 0.8 1.0
vt 0.9 0.0
vt 0.9 1.0
vt 1.0 0.0
vt 1.0 1.0
vt 1.0 0.5
vt 0.9045085 0.7938926
vt 0.5 0.5
vt 0.6545085 0.97552824
vt 0.5 0.5
vt 0.34549147 0.97552824
vt 0.5 0.5
vt 0.09549149 0.7938926
vt 0.5 0.5
vt 0.0 0.5
vt 0.5 0.5
vt 0.09549154 0.20610732
vt 0.5 0.5
vt 0.34549147 0.024471754
vt 0.5 0.5
vt 0.65450853 0.024471754
vt 0.5 0.5
vt 0.9045085 0.20610732
vt 0.5 0.5
vt 1.0 0.5
vt 0.5 0.5
vt 1.0 0.5
vt 0.9045085 0.7938926
vt 0.5 0.5
vt 0.6545085 0.97552824
vt 0.5 0.5
vt 0.34549147 0.97552824
vt 0.5 0.5
vt 0.09549149 0.7938926
vt 0.5 0.5
vt 0.0 0.5
vt 0.5 0.5
vt 0.09549154 0.20610732
vt 0.5 0.5
vt 0.34549147 0.024471754
vt 0.5 0.5
vt 0.65450853 0.024471754
vt 0.5 0.5
vt 0.9045085 0.20610732
vt 0.5 0.5
vt 1.0 0.5
vt 0.5 0.5
vn 0.8020563 -0.54798406 0.23752715
vn 0.49144804 0.8623165 0.122020856
vn -0.022850543 0.007431882 0.9997113
vn -0.0031887973 0.9902239 0.13945049
vn 0.44075716 0.88943255 0.12100784
vn -0.003060185 0.9910508 0.1334503
vn 0.40951607 0.90500486 0.11516441
vn -0.0028808713 0.992223 0.1244396
vn 0.38278285 0.91767275 0.106555186
vn -0.0026830016 0.99356407 0.113239564
vn 0.3602823 0.92793536 0.09556473
vn -0.0024866157 0.99498576 0.09998576
vn 0.34344724 0.9356284 0.08150768
vn -0.0022993425 0.99648863 0.083696745
vn 0.33576697 0.9398657 0.06255388
vn -0.002129184 0.99805915 0.06223679
vn 0.34447315 0.93810314 0.03606651
vn -0.0020004518 0.9994661 0.032610975
vn 0.38021156 0.9248993 -0.00066415366
vn -0.0019621416 0.9999594 -0.008792759
vn 0.4535877 0.88983446 -0.049525913
vn -0.0020894245 0.99775976 -0.0668664
vn 0.56988084 0.81424785 -0.110617764
vn -0.0025025832 0.98846745 -0.15141271
vn 0.7226721 0.6672128 -0.18047771
vn -0.0034839425 0.9567961 -0.29073873
vn 0.87810767 0.41037133 -0.24601278
vn -0.0059647784 0.8133086 -0.58180195
vn 0.9572837 0.062091656 -0.28240502
vn -0.009795446 -0.0007084504 -0.9999518
vn 0.9132866 -0.30643076 -0.2683425
vn -0.005960609 -0.81364197 -0.5813357
vn 0.76758194 -0.60634875 -0.20774774
vn -0.0034823583 -0.9568576 -0.29053637
vn 0.60396427 -0.7854652 -0.13517255
vn -0.002501909 -0.9884847 -0.15130016
vn 0.47481683 -0.8773513 -0.06930904
vn -0.0020891614 -0.99776477 -0.06679176
vn 0.39207244 -0.9197997 -0.015738882
vn -0.0019621134 -0.9999599 -0.0087399585
vn 0.34986916 -0.93646365 0.025048722
vn -0.0020005584 -0.99946487 0.032648608
vn 0.3359675 -0.9402832 0.054711707
vn -0.0021293564 -0.9980575 0.062263604
vn 0.33846676 -0.93791103 0.07591509
vn -0.0022995402 -0.99648696 0.08371643
vn 0.34921992 -0.9325645 0.09148166
vn -0.002486825 -0.9949842 0.100001276
vn 0.3636563 -0.9257482 0.10365495
vn -0.002683219 -0.9935626 0.113252655
vn 0.37821728 -0.9187087 0.11369279
vn -0.0028810827 -0.99222165 0.12445059
vn 0.3871302 -0.9139207 0.12198031
vn -0.0030603555 -0.9910497 0.13345835
vn 0.37482876 -0.9180964 0.12885006
vn -0.0031888764 -0.9902234 0.13945402
vn -0.02285054 0.0074558547 0.9997111
vn -0.0031887973 0.9902239 0.13945049
vn -0.0030601847 0.9910508 0.13345028
vn -0.002880871 0.992223 0.124439575
vn -0.002683001 0.99356407 0.11323954
vn -0.0024866152 0.99498576 0.09998574
vn -0.002299342 0.99648863 0.08369671
vn -0.0021291838 0.99805915 0.06223675
vn -0.0020004516 0.9994661 0.032610916
vn -0.0019621418 0.9999594 -0.008792845
vn -0.002089425 0.99775976 -0.06686652
vn -0.0025025844 0.98846745 -0.15141289
vn -0.003483945 0.95679605 -0.29073906
vn -0.005964785 0.81330806 -0.5818027
vn -0.009795446 -0.00071073574 -0.9999518
vn -0.005960602 -0.8136425 -0.581335
vn -0.0034823557 -0.9568577 -0.29053605
vn -0.0025019078 -0.98848474 -0.15129998
vn -0.002089161 -0.99776477 -0.06679164
vn -0.0019621134 -0.9999599 -0.008739874
vn -0.0020005587 -0.99946487 0.032648668
vn -0.0021293566 -0.9980575 0.06226365
vn -0.0022995404 -0.99648696 0.08371646
vn -0.0024868255 -0.9949842 0.100001305
vn -0.0026832195 -0.9935626 0.11325268
vn -0.0028810832 -0.9922216 0.1244506
vn -0.003060356 -0.9910497 0.13345836
vn -0.0031888767 -0.9902234 0.13945402
vn -0.022850536 0.0074799825 0.9997109
vn -0.003188797 0.9902239 0.13945048
vn -0.0030601844 0.9910508 0.13345027
vn -0.0028808706 0.992223 0.12443956
vn -0.0026830009 0.99356407 0.11323952
vn -0.002486615 0.99498576 0.09998571
vn -0.0022993418 0.99648863 0.08369668
vn -0.0021291836 0.99805915 0.062236704
vn -0.0020004513 0.9994661 0.032610852
vn -0.0019621418 0.9999594 -0.00879293
vn -0.0020894252 0.99775976 -0.066866644
vn -0.0025025855 0.9884674 -0.15141307
vn -0.0034839476 0.95679593 -0.2907394
vn -0.005964792 0.8133075 -0.5818035
vn -0.009795446 -0.0007130359 -0.9999518
vn -0.0059605953 -0.81364304 -0.58133423
vn -0.0034823532 -0.9568578 -0.29053572
vn -0.0025019068 -0.98848474 -0.1512998
vn -0.0020891605 -0.99776477 -0.06679152
vn -0.0019621132 -0.9999599 -0.008739788
vn -0.0020005587 -0.99946487 0.032648727
vn -0.0021293568 -0.9980575 0.06226369
vn -0.0022995407 -0.99648696 0.08371649
vn -0.0024868257 -0.9949842 0.10000133
vn -0.0026832197 -0.9935626 0.1132527
vn -0.0028810834 -0.9922216 0.124450624
vn -0.0030603562 -0.9910497 0.13345836
vn -0.0031888767 -0.9902234 0.13945404
vn -0.02285053 0.0075042667 0.99971074
vn -0.003188797 0.9902239 0.13945048
vn -0.0030601842 0.9910508 0.13345025
vn -0.0028808704 0.992223 0.12443954
vn -0.0026830004 0.99356407 0.113239504
vn -0.0024866145 0.99498576 0.09998569
vn -0.0022993414 0.99648863 0.08369665
vn -0.0021291834 0.99805915 0.06223666
vn -0.002000451 0.9994661 0.032610793
vn -0.0019621418 0.9999594 -0.008793016
vn -0.0020894257 0.9977597 -0.06686676
vn -0.0025025865 0.9884674 -0.15141325
vn -0.0034839502 0.9567958 -0.29073972
vn -0.005964799 0.813307 -0.5818042
vn -0.009795446 -0.0007153509 -0.9999518
vn -0.0059605883 -0.8136436 -0.58133346
vn -0.0034823506 -0.9568579 -0.2905354
vn -0.0025019057 -0.9884848 -0.15129963
vn -0.00208916 -0.99776477 -0.06679139
vn -0.0019621132 -0.9999599 -0.0087397015
vn -0.002000559 -0.99946487 0.03264879
vn -0.002129357 -0.9980575 0.062263735
vn -0.0022995411 -0.99648696 0.08371653
vn -0.0024868262 -0.9949842 0.10000136
vn -0.0026832202 -0.9935626 0.11325272
vn -0.0028810839 -0.9922216 0.12445064
vn -0.0030603565 -0.9910497 0.13345838
vn -0.003188877 -0.9902234 0.13945404
vn -0.022850526 0.0075287092 0.99971056
vn -0.0031887968 0.9902239 0.13945046
vn -0.0030601837 0.9910508 0.13345024
vn -0.00288087 0.992223 0.12443952
vn -0.0026830002 0.9935641 0.11323948
vn -0.0024866143 0.99498576 0.09998566
vn -0.0022993411 0.99648863 0.08369661
vn -0.002129183 0.99805915 0.062236615
vn -0.002000451 0.9994661 0.03261073
vn -0.0019621418 0.9999594 -0.0087931035
vn -0.0020894262 0.9977597 -0.06686688
vn -0.0025025876 0.98846734 -0.15141344
vn -0.0034839527 0.95679575 -0.29074004
vn -0.0059648054 0.81330645 -0.581805
vn -0.009795446 -0.000717681 -0.9999518
vn -0.0059605814 -0.8136441 -0.58133274
vn -0.003482348 -0.95685804 -0.29053506
vn -0.0025019045 -0.9884848 -0.15129943
vn -0.0020891596 -0.99776477 -0.06679127
vn -0.0019621132 -0.9999599 -0.008739615
vn -0.0020005591 -0.99946487 0.03264885
vn -0.0021293575 -0.9980575 0.06226378
vn -0.0022995414 -0.99648696 0.08371656
vn -0.0024868264 -0.9949842 0.10000138
vn -0.0026832204 -0.9935626 0.113252744
vn -0.002881084 -0.9922216 0.12445066
vn -0.0030603567 -0.9910497 0.13345839
vn -0.003188877 -0.9902234 0.13945404
vn -0.022850523 0.0075533115 0.9997104
vn -0.0031887966 0.9902239 0.13945046
vn -0.0030601835 0.9910508 0.13345022
vn -0.0028808697 0.992223 0.12443951
vn -0.0026829997 0.9935641 0.11323946
vn -0.0024866138 0.99498576 0.09998564
vn -0.002299341 0.99648863 0.08369658
vn -0.0021291827 0.99805915 0.062236574
vn -0.0020004509 0.9994661 0.032610666
vn -0.0019621418 0.9999594 -0.008793191
vn -0.0020894266 0.9977597 -0.06686701
vn -0.0025025888 0.98846734 -0.15141362
vn -0.0034839553 0.95679563 -0.2907404
vn -0.0059648124 0.81330585 -0.58180577
vn -0.009795446 -0.0007200264 -0.9999518
vn -0.0059605744 -0.81364465 -0.58133197
vn -0.0034823455 -0.9568581 -0.29053473
vn -0.0025019033 -0.98848486 -0.15129925
vn -0.0020891593 -0.99776477 -0.06679115
vn -0.0019621132 -0.9999599 -0.008739527
vn -0.0020005594 -0.99946487 0.032648914
vn -0.0021293578 -0.9980574 0.062263824
vn -0.0022995418 -0.99648696 0.083716586
vn -0.0024868269 -0.9949842 0.1000014
vn -0.002683221 -0.9935626 0.11325276
vn -0.0028810846 -0.9922216 0.124450676
vn -0.003060357 -0.9910497 0.1334584
vn -0.0031888771 -0.9902234 0.13945405
vn -0.022850519 0.007578075 0.99971014
vn -0.0031887966 0.99022394 0.13945046
vn -0.0030601833 0.9910508 0.13345021
vn -0.0028808692 0.992223 0.124439485
vn -0.0026829995 0.9935641 0.11323944
vn -0.0024866136 0.99498576 0.099985614
vn -0.0022993404 0.99648863 0.08369655
vn -0.0021291825 0.99805915 0.06223653
vn -0.0020004506 0.9994661 0.032610606
vn -0.0019621418 0.9999594 -0.008793279
vn -0.002089427 0.9977597 -0.066867135
vn -0.00250259 0.9884673 -0.15141381
vn -0.003483958 0.9567955 -0.29074073
vn -0.0059648193 0.8133053 -0.58180654
vn -0.009795446 -0.0007223871 -0.9999518
vn -0.005960568 -0.81364524 -0.5813312
vn -0.0034823427 -0.9568582 -0.29053438
vn -0.0025019022 -0.98848486 -0.15129906
vn -0.0020891589 -0.9977648 -0.06679102
vn -0.0019621132 -0.9999599 -0.008739439
vn -0.0020005594 -0.99946487 0.032648977
vn -0.002129358 -0.9980574 0.06226387
vn -0.002299542 -0.99648696 0.08371662
vn -0.002486827 -0.9949842 0.10000143
vn -0.0026832214 -0.9935626 0.11325278
vn -0.0028810848 -0.9922216 0.12445069
vn -0.0030603574 -0.9910497 0.13345842
vn -0.0031888774 -0.9902234 0.13945405
vn -0.022850513 0.0076030013 0.99970996
vn -0.0031887963 0.99022394 0.13945045
vn -0.003060183 0.9910508 0.1334502
vn -0.002880869 0.992223 0.12443947
vn -0.002682999 0.9935641 0.113239415
vn -0.002486613 0.99498576 0.099985585
vn -0.0022993402 0.99648863 0.083696514
vn -0.0021291822 0.99805915 0.06223648
vn -0.0020004504 0.9994661 0.032610543
vn -0.001962142 0.9999594 -0.008793367
vn -0.0020894276 0.9977597 -0.066867255
vn -0.002502591 0.9884673 -0.151414
vn -0.0034839606 0.95679545 -0.29074106
vn -0.0059648263 0.8133048 -0.5818073
vn -0.009795446 -0.0007247634 -0.9999518
vn -0.0059605604 -0.8136458 -0.58133036
vn -0.0034823401 -0.95685834 -0.29053405
vn -0.0025019012 -0.9884849 -0.15129887
vn -0.0020891584 -0.9977648 -0.0667909
vn -0.001962113 -0.9999599 -0.00873935
vn -0.0020005596 -0.99946487 0.03264904
vn -0.0021293582 -0.9980574 0.062263913
vn -0.0022995423 -0.99648696 0.08371665
vn -0.0024868276 -0.9949842 0.100001454
vn -0.0026832216 -0.9935626 0.1132528
vn -0.0028810853 -0.9922216 0.12445071
vn -0.0030603576 -0.9910497 0.13345844
vn -0.0031888774 -0.9902234 0.13945405
vn -0.02285051 0.007628092 0.9997098
vn -0.0031887963 0.99022394 0.13945045
vn -0.0030601828 0.9910508 0.13345018
vn -0.0028808685 0.992223 0.12443945
vn -0.0026829988 0.9935641 0.11323939
vn -0.0024866129 0.99498576 0.09998556
vn -0.0022993397 0.99648863 0.083696485
vn -0.0021291818 0.99805915 0.062236436
vn -0.0020004504 0.9994661 0.03261048
vn -0.001962142 0.9999594 -0.0087934565
vn -0.002089428 0.9977597 -0.06686738
vn -0.0025025923 0.9884672 -0.15141419
vn -0.0034839634 0.95679533 -0.2907414
vn -0.0059648333 0.8133042 -0.58180815
vn -0.009795446 -0.00072715536 -0.9999518
vn -0.0059605534 -0.8136463 -0.5813296
vn -0.0034823373 -0.9568584 -0.29053372
vn -0.0025019 -0.9884849 -0.15129869
vn -0.002089158 -0.9977648 -0.066790774
vn -0.001962113 -0.9999599 -0.008739262
vn -0.0020005598 -0.99946487 0.032649104
vn -0.0021293587 -0.9980574 0.06226396
vn -0.0022995428 -0.99648696 0.08371669
vn -0.0024868278 -0.9949842 0.100001484
vn -0.002683222 -0.9935626 0.113252826
vn -0.0028810855 -0.9922216 0.12445073
vn -0.0030603579 -0.9910497 0.13345845
vn -0.0031888776 -0.9902234 0.13945407
vn -0.022850506 0.0076533495 0.9997096
vn -0.003188796 0.99022394 0.13945045
vn -0.0030601823 0.9910508 0.13345018
vn -0.002880868 0.992223 0.12443943
vn -0.0026829983 0.9935641 0.11323937
vn -0.0024866124 0.99498576 0.09998553
vn -0.0022993395 0.99648863 0.08369645
vn -0.0021291815 0.99805915 0.06223639
vn -0.0020004502 0.9994661 0.032610413
vn -0.001962142 0.9999594 -0.008793546
vn -0.0020894285 0.9977597 -0.06686751
vn -0.0025025932 0.9884672 -0.15141438
vn -0.003483966 0.9567952 -0.29074174
vn -0.0059648403 0.81330365 -0.5818089
vn -0.009795446 -0.0007295632 -0.9999518
vn -0.0059605464 -0.8136469 -0.5813288
vn -0.0034823348 -0.9568585 -0.29053336
vn -0.002501899 -0.988485 -0.1512985
vn -0.0020891575 -0.9977648 -0.06679065
vn -0.001962113 -0.9999599 -0.008739172
vn -0.00200056 -0.99946487 0.032649167
vn -0.002129359 -0.9980574 0.062264003
vn -0.002299543 -0.99648696 0.08371672
vn -0.0024868282 -0.99498415 0.10000151
vn -0.0026832223 -0.9935626 0.11325285
vn -0.002881086 -0.9922216 0.12445075
vn -0.003060358 -0.9910497 0.13345847
vn -0.0031888776 -0.9902234 0.13945407
vn -0.0228505 0.007678774 0.9997094
vn -0.003188796 0.99022394 0.13945043
vn -0.003060182 0.9910508 0.13345017
vn -0.0028808678 0.992223 0.12443941
vn -0.0026829978 0.9935641 0.11323935
vn -0.0024866122 0.99498576 0.0999855
vn -0.002299339 0.99648863 0.08369642
vn -0.0021291813 0.99805915 0.062236346
vn -0.00200045 0.9994661 0.03261035
vn -0.001962142 0.9999594 -0.008793636
vn -0.002089429 0.99775964 -0.06686764
vn -0.0025025944 0.98846716 -0.15141457
vn -0.0034839688 0.9567951 -0.2907421
vn -0.0059648477 0.81330305 -0.5818097
vn -0.009795446 -0.00073198695 -0.9999518
vn -0.0059605394 -0.81364745 -0.58132803
vn -0.003482332 -0.95685863 -0.290533
vn -0.0025018977 -0.988485 -0.1512983
vn -0.002089157 -0.9977648 -0.06679052
vn -0.001962113 -0.9999599 -0.008739081
vn -0.0020005603 -0.99946487 0.03264923
vn -0.0021293592 -0.9980574 0.06226405
vn -0.0022995435 -0.99648696 0.08371676
vn -0.0024868285 -0.99498415 0.10000154
vn -0.0026832228 -0.9935626 0.11325287
vn -0.0028810862 -0.9922216 0.124450766
vn -0.0030603586 -0.9910497 0.13345848
vn -0.0031888778 -0.9902234 0.13945408
vn -0.022850497 0.007704369 0.9997092
vn -0.0031887959 0.99022394 0.13945043
vn -0.0030601819 0.9910508 0.13345015
vn -0.0028808673 0.992223 0.124439396
vn -0.0026829976 0.9935641 0.113239326
vn -0.0024866117 0.9949858 0.09998548
vn -0.0022993388 0.99648863 0.08369638
vn -0.002129181 0.99805915 0.062236298
vn -0.0020004497 0.9994661 0.032610286
vn -0.0019621423 0.9999594 -0.0087937275
vn -0.0020894292 0.99775964 -0.06686777
vn -0.0025025955 0.98846716 -0.15141477
vn -0.0034839713 0.95679504 -0.29074246
vn -0.0059648547 0.8133025 -0.58181053
vn -0.009795446 -0.0007344269 -0.9999518
vn -0.005960532 -0.81364805 -0.5813272
vn -0.0034823292 -0.95685875 -0.29053268
vn -0.0025018966 -0.98848504 -0.1512981
vn -0.0020891565 -0.9977648 -0.06679039
vn -0.001962113 -0.9999599 -0.008738991
vn -0.0020005603 -0.99946487 0.032649297
vn -0.0021293594 -0.9980574 0.062264096
vn -0.0022995437 -0.99648696 0.08371679
vn -0.002486829 -0.99498415 0.100001566
vn -0.002683223 -0.9935626 0.11325289
vn -0.0028810867 -0.9922216 0.12445079
vn -0.0030603588 -0.9910497 0.1334585
vn -0.0031888778 -0.9902234 0.13945408
vn -0.022850491 0.0077301343 0.999709
vn -0.0031887956 0.99022394 0.13945042
vn -0.0030601816 0.9910508 0.13345014
vn -0.002880867 0.992223 0.12443937
vn -0.0026829971 0.9935641 0.1132393
vn -0.0024866115 0.9949858 0.09998545
vn -0.0022993386 0.99648863 0.08369635
vn -0.0021291806 0.99805915 0.062236253
vn -0.0020004495 0.9994661 0.03261022
vn -0.0019621423 0.9999594 -0.008793819
vn -0.0020894296 0.99775964 -0.066867895
vn -0.0025025967 0.9884671 -0.15141496
vn -0.0034839741 0.9567949 -0.2907428
vn -0.005964862 0.8133019 -0.5818113
vn -0.009795446 -0.0007368832 -0.9999518
vn -0.005960525 -0.81364864 -0.5813264
vn -0.0034823266 -0.9568588 -0.29053232
vn -0.0025018954 -0.98848504 -0.15129791
vn -0.002089156 -0.9977648 -0.06679026
vn -0.0019621127 -0.9999599 -0.0087389
vn -0.0020005605 -0.99946487 0.03264936
vn -0.0021293599 -0.9980574 0.06226414
vn -0.0022995442 -0.9964869 0.083716825
vn -0.0024868292 -0.99498415 0.10000159
vn -0.0026832235 -0.9935626 0.113252915
vn -0.002881087 -0.9922216 0.12445081
vn -0.003060359 -0.99104965 0.13345851
vn -0.003188878 -0.9902234 0.1394541
vn -0.022850487 0.0077560726 0.99970883
vn -0.0031887956 0.99022394 0.13945042
vn -0.0030601812 0.9910508 0.13345012
vn -0.0028808666 0.992223 0.12443935
vn -0.002682997 0.9935641 0.11323928
vn -0.002486611 0.9949858 0.09998543
vn -0.002299338 0.99648863 0.08369631
vn -0.0021291804 0.99805915 0.062236205
vn -0.0020004495 0.9994661 0.032610156
vn -0.0019621423 0.9999594 -0.008793911
vn -0.00208943 0.99775964 -0.06686803
vn -0.002502598 0.9884671 -0.15141515
vn -0.003483977 0.9567948 -0.29074314
vn -0.005964869 0.8133013 -0.58181214
vn -0.009795446 -0.0007393559 -0.9999518
vn -0.0059605176 -0.8136492 -0.5813256
vn -0.0034823238 -0.95685893 -0.29053196
vn -0.0025018943 -0.9884851 -0.15129772
vn -0.0020891556 -0.9977649 -0.06679013
vn -0.0019621127 -0.9999599 -0.008738807
vn -0.0020005608 -0.99946487 0.032649428
vn -0.00212936 -0.9980574 0.06226419
vn -0.0022995444 -0.9964869 0.08371686
vn -0.0024868296 -0.99498415 0.10000162
vn -0.002683224 -0.9935626 0.11325294
vn -0.0028810874 -0.9922216 0.124450825
vn -0.0030603593 -0.99104965 0.13345851
vn -0.0031888783 -0.9902234 0.1394541
vn -0.022850482 0.007782186 0.9997086
vn -0.0031887954 0.99022394 0.1394504
vn -0.003060181 0.9910508 0.1334501
vn -0.0028808664 0.992223 0.12443934
vn -0.0026829964 0.9935641 0.11323926
vn -0.0024866106 0.9949858 0.0999854
vn -0.0022993379 0.99648863 0.083696276
vn -0.0021291801 0.99805915 0.06223616
vn -0.0020004492 0.9994661 0.03261009
vn -0.0019621423 0.9999594 -0.008794004
vn -0.0020894306 0.99775964 -0.066868156
vn -0.0025025993 0.98846704 -0.15141536
vn -0.0034839797 0.9567947 -0.2907435
vn -0.0059648766 0.8133007 -0.581813
vn -0.009795446 -0.00074184535 -0.9999517
vn -0.0059605106 -0.8136498 -0.58132476
vn -0.003482321 -0.95685905 -0.2905316
vn -0.002501893 -0.9884851 -0.15129751
vn -0.0020891551 -0.9977649 -0.06679
vn -0.0019621127 -0.9999599 -0.008738714
vn -0.002000561 -0.99946487 0.032649495
vn -0.0021293603 -0.9980574 0.062264238
vn -0.0022995449 -0.9964869 0.08371689
vn -0.0024868299 -0.99498415 0.10000165
vn -0.0026832242 -0.9935626 0.11325297
vn -0.0028810878 -0.9922216 0.12445085
vn -0.0030603597 -0.99104965 0.13345852
vn -0.0031888783 -0.9902234 0.1394541
vn -0.022850478 0.0078084753 0.9997084
vn -0.0031887954 0.99022394 0.1394504
vn -0.0030601807 0.99105084 0.13345009
vn -0.002880866 0.992223 0.124439314
vn -0.002682996 0.9935641 0.113239236
vn -0.0024866103 0.9949858 0.09998537
vn -0.0022993374 0.9964887 0.083696246
vn -0.0021291797 0.99805915 0.06223611
vn -0.002000449 0.9994661 0.03261002
vn -0.0019621423 0.9999594 -0.008794097
vn -0.002089431 0.99775964 -0.06686829
vn -0.0025026004 0.98846704 -0.15141556
vn -0.0034839825 0.95679456 -0.29074386
vn -0.005964884 0.81330013 -0.58181375
vn -0.009795446 -0.0007443516 -0.9999517
vn -0.005960503 -0.81365037 -0.5813239
vn -0.0034823183 -0.9568592 -0.29053125
vn -0.002501892 -0.98848516 -0.15129732
vn -0.0020891547 -0.9977649 -0.066789865
vn -0.0019621127 -0.9999599 -0.008738621
vn -0.0020005612 -0.99946487 0.03264956
vn -0.0021293608 -0.9980574 0.062264282
vn -0.002299545 -0.9964869 0.08371693
vn -0.0024868303 -0.99498415 0.10000167
vn -0.0026832246 -0.9935626 0.11325299
vn -0.002881088 -0.9922216 0.12445086
vn -0.00306036 -0.99104965 0.13345854
vn -0.0031888785 -0.9902234 0.13945411
vn -0.022850472 0.007834943 0.9997082
vn -0.0031887952 0.99022394 0.1394504
vn -0.0030601802 0.99105084 0.13345008
vn -0.0028808655 0.992223 0.1244393
vn -0.0026829957 0.9935641 0.11323921
vn -0.0024866099 0.9949858 0.099985346
vn -0.0022993372 0.9964887 0.08369621
vn -0.0021291794 0.9980592 0.062236063
vn -0.0020004488 0.9994662 0.032609954
vn -0.0019621425 0.9999594 -0.008794191
vn -0.0020894315 0.99775964 -0.066868424
vn -0.0025026016 0.988467 -0.15141575
vn -0.0034839853 0.95679444 -0.29074422
vn -0.0059648915 0.81329954 -0.5818146
vn -0.009795446 -0.00074687484 -0.9999517
vn -0.0059604957 -0.81365097 -0.5813231
vn -0.0034823155 -0.9568593 -0.2905309
vn -0.0025018905 -0.98848516 -0.15129712
vn -0.0020891542 -0.9977649 -0.06678973
vn -0.0019621125 -0.9999599 -0.008738527
vn -0.0020005612 -0.99946487 0.03264963
vn -0.002129361 -0.9980574 0.06226433
vn -0.0022995456 -0.9964869 0.083716966
vn -0.0024868308 -0.99498415 0.1000017
vn -0.002683225 -0.9935626 0.11325301
vn -0.0028810885 -0.9922216 0.124450885
vn -0.0030603602 -0.99104965 0.13345855
vn -0.0031888785 -0.9902234 0.13945411
vn -0.022850469 0.007861591 0.999708
vn -0.003188795 0.99022394 0.13945039
vn -0.00306018 0.99105084 0.13345006
vn -0.0028808652 0.992223 0.12443928
vn -0.0026829953 0.9935641 0.113239184
vn -0.0024866096 0.9949858 0.09998532
vn -0.0022993367 0.9964887 0.08369617
vn -0.0021291792 0.9980592 0.062236015
vn -0.0020004485 0.9994662 0.032609887
vn -0.0019621425 0.9999594 -0.008794286
vn -0.002089432 0.9977596 -0.06686856
vn -0.0025026028 0.988467 -0.15141596
vn -0.003483988 0.9567944 -0.2907446
vn -0.005964899 0.81329894 -0.5818154
vn -0.009795446 -0.0007494152 -0.9999517
vn -0.005960488 -0.81365156 -0.58132225
vn -0.0034823127 -0.9568594 -0.29053053
vn -0.0025018894 -0.9884852 -0.15129691
vn -0.0020891537 -0.9977649 -0.0667896
vn -0.0019621125 -0.9999599 -0.008738432
vn -0.0020005614 -0.99946487 0.032649696
vn -0.0021293613 -0.9980574 0.06226438
vn -0.0022995458 -0.9964869 0.083716996
vn -0.002486831 -0.99498415 0.10000173
vn -0.0026832253 -0.9935626 0.113253035
vn -0.0028810888 -0.9922216 0.12445091
vn -0.0030603607 -0.99104965 0.13345857
vn -0.0031888788 -0.9902234 0.13945413
vn -0.022850463 0.0078884205 0.99970776
vn -0.003188795 0.99022394 0.13945039
vn -0.0030601798 0.99105084 0.13345005
vn -0.0028808648 0.992223 0.124439254
vn -0.0026829948 0.9935641 0.11323916
vn -0.0024866092 0.9949858 0.09998529
vn -0.0022993363 0.9964887 0.083696134
vn -0.0021291787 0.9980592 0.062235966
vn -0.0020004485 0.9994662 0.03260982
vn -0.0019621425 0.9999594 -0.008794381
vn -0.0020894324 0.9977596 -0.06686869
vn -0.002502604 0.9884669 -0.15141617
vn -0.0034839911 0.95679426 -0.29074496
vn -0.0059649064 0.81329834 -0.5818163
vn -0.009795446 -0.00075197296 -0.9999517
vn -0.005960481 -0.81365216 -0.5813214
vn -0.0034823096 -0.95685947 -0.29053017
vn -0.0025018882 -0.9884852 -0.1512967
vn -0.0020891533 -0.9977649 -0.06678946
vn -0.0019621125 -0.9999599 -0.008738337
vn -0.0020005617 -0.99946487 0.032649763
vn -0.0021293617 -0.9980574 0.062264428
vn -0.0022995463 -0.9964869 0.08371703
vn -0.0024868315 -0.99498415 0.10000175
vn -0.0026832258 -0.9935626 0.11325306
vn -0.0028810892 -0.9922216 0.12445092
vn -0.003060361 -0.99104965 0.13345858
vn -0.003188879 -0.9902234 0.13945413
vn -0.022850458 0.007915434 0.9997076
vn -0.0031887947 0.99022394 0.13945037
vn -0.0030601793 0.99105084 0.13345003
vn -0.0028808643 0.992223 0.12443924
vn -0.0026829944 0.9935641 0.11323914
vn -0.0024866087 0.9949858 0.09998526
vn -0.002299336 0.9964887 0.083696105
vn -0.0021291785 0.9980592 0.062235918
vn -0.0020004483 0.9994662 0.03260975
vn -0.0019621425 0.9999594 -0.008794477
vn -0.0020894331 0.9977596 -0.06686883
vn -0.0025026053 0.9884669 -0.15141636
vn -0.003483994 0.95679414 -0.29074532
vn -0.005964914 0.81329775 -0.58181715
vn -0.009795446 -0.0007545482 -0.9999517
vn -0.005960473 -0.81365275 -0.5813206
vn -0.0034823068 -0.9568596 -0.2905298
vn -0.002501887 -0.9884853 -0.15129651
vn -0.0020891528 -0.9977649 -0.06678933
vn -0.0019621125 -0.9999599 -0.008738241
vn -0.002000562 -0.99946487 0.03264983
vn -0.002129362 -0.9980574 0.062264476
vn -0.0022995465 -0.9964869 0.08371707
vn -0.002486832 -0.99498415 0.10000178
vn -0.0026832263 -0.9935626 0.11325308
vn -0.0028810897 -0.9922216 0.124450944
vn -0.0030603611 -0.99104965 0.1334586
vn -0.003188879 -0.9902234 0.13945413
vn -0.022850454 0.007942634 0.99970734
vn -0.0031887947 0.99022394 0.13945037
vn -0.003060179 0.99105084 0.13345002
vn -0.002880864 0.992223 0.12443922
vn -0.0026829941 0.9935641 0.11323912
vn -0.0024866085 0.9949858 0.099985234
vn -0.0022993356 0.9964887 0.08369607
vn -0.0021291783 0.9980592 0.06223587
vn -0.002000448 0.9994662 0.032609683
vn -0.0019621425 0.9999594 -0.008794574
vn -0.0020894336 0.9977596 -0.06686896
vn -0.0025026065 0.98846686 -0.15141657
vn -0.003483997 0.956794 -0.2907457
vn -0.005964922 0.81329715 -0.581818
vn -0.009795446 -0.00075714116 -0.9999517
vn -0.0059604654 -0.8136534 -0.58131975
vn -0.0034823038 -0.9568597 -0.29052943
vn -0.0025018856 -0.9884853 -0.1512963
vn -0.0020891523 -0.99776495 -0.066789195
vn -0.0019621125 -0.9999599 -0.008738144
vn -0.0020005621 -0.99946487 0.0326499
vn -0.0021293622 -0.9980574 0.062264524
vn -0.002299547 -0.9964869 0.08371711
vn -0.0024868322 -0.99498415 0.10000181
vn -0.0026832265 -0.9935625 0.11325311
vn -0.00288109 -0.9922216 0.12445097
vn -0.0030603616 -0.99104965 0.13345861
vn -0.0031888792 -0.9902234 0.13945414
vn -0.28870934 0.14380115 0.9465559
vn -0.036402028 0.9895774 0.1393249
vn -0.038278658 0.9903395 0.13327537
vn -0.03730355 0.99154985 0.12424709
vn -0.035595067 0.99295247 0.113041334
vn -0.033867367 0.99443316 0.09977821
vn -0.032494932 0.99598104 0.08346166
vn -0.031884037 0.99757016 0.061944842
vn -0.03279541 0.9989424 0.03222777
vn -0.03653626 0.99928904 -0.009300311
vn -0.04509918 0.9966978 -0.06752457
vn -0.06187682 0.9864081 -0.15221782
vn -0.095119774 0.951864 -0.2913884
vn -0.17106876 0.7981064 -0.5777211
vn -0.2802228 -0.01389692 -0.9598344
vn -0.17300181 -0.8045424 -0.56813896
vn -0.09694124 -0.95294625 -0.28722093
vn -0.063527375 -0.9866571 -0.14990684
vn -0.046280395 -0.99674594 -0.06599719
vn -0.03713466 -0.99927646 -0.008221824
vn -0.032949798 -0.9989122 0.032996226
vn -0.031886533 -0.99753594 0.062492516
vn -0.032652505 -0.9959421 0.08386333
vn -0.034446698 -0.9943816 0.10009311
vn -0.03690245 -0.9928749 0.11330331
vn -0.039896317 -0.9914223 0.1244591
vn -0.04345045 -0.9901078 0.13341148
vn -0.048768554 -0.9890453 0.13932343
vn -0.73898554 0.562681 0.3705272
vn -0.250366 0.9586478 0.13531928
vn -0.24984474 0.9595969 0.12942751
vn -0.23878555 0.96352583 0.120827965
vn -0.22483961 0.96815574 0.11009816
vn -0.21139075 0.9725592 0.097172804
vn -0.20072809 0.9762999 0.08091226
vn -0.19597635 0.97882795 0.05906877
vn -0.20281498 0.9787983 0.028635211
vn -0.23003419 0.9730855 -0.013743387
vn -0.28902042 0.9546218 -0.07186402
vn -0.39400586 0.90658486 -0.15120591
vn -0.5629517 0.78445315 -0.260228
vn -0.7860281 0.4773818 -0.39276767
vn -0.89084864 -0.06507137 -0.44961584
vn -0.74372077 -0.562707 -0.3608881
vn -0.5289541 -0.8162884 -0.23212227
vn -0.3753833 -0.91749907 -0.13146442
vn -0.2793429 -0.9584488 -0.057822283
vn -0.22492328 -0.97436976 -0.00361694
vn -0.2001105 -0.9791157 0.035891376
vn -0.19485243 -0.97872525 0.06426029
vn -0.20115572 -0.97588587 0.08475336
vn -0.21387532 -0.9717051 0.10023242
vn -0.23038253 -0.9665517 0.11270149
vn -0.2491891 -0.96061045 0.12301369
vn -0.26914594 -0.9541493 0.13099441
vn -0.29407266 -0.946076 0.13587305
vn -0.5473151 0.82634485 0.13266613
vn -0.5188419 0.84548 0.12635905
vn -0.4996836 0.8575056 0.12247646
vn -0.47111377 0.8744639 0.115605764
vn -0.43979314 0.8917957 0.10621883
vn -0.41026235 0.907129 0.093817815
vn -0.38735634 0.91873425 0.07669685
vn -0.3798067 0.92360127 0.05203397
vn -0.4021129 0.91543806 0.016685944
vn -0.47033107 0.8819341 -0.031318914
vn -0.5899739 0.8023449 -0.090406865
vn -0.74183697 0.6529298 -0.1528418
vn -0.88180834 0.42458758 -0.20527895
vn -0.96172315 0.14250396 -0.23405375
vn -0.9622661 -0.13890004 -0.23398872
vn -0.88582796 -0.41575018 -0.2060596
vn -0.7510975 -0.6415946 -0.15559223
vn -0.60195 -0.7928706 -0.094933875
vn -0.4800163 -0.8765076 -0.03631578
vn -0.40662512 -0.91351146 0.01236365
vn -0.37943774 -0.9239247 0.0488898
vn -0.38404465 -0.92028075 0.07478701
vn -0.4061784 -0.9090473 0.093016796
vn -0.43687162 -0.893207 0.106416345
vn -0.47131148 -0.87419385 0.11683597
vn -0.5057002 -0.8535976 0.12505421
vn -0.53659534 -0.833538 0.13145302
vn -0.5732394 -0.8074584 0.13931099
vn 1.0 0.0 0.0
vn -1.0 0.0 0.0
vn 2.1898397e-23 1.224647e-16 -1.0
vn -1.0510422e-07 -0.5877853 -0.809017
vn 2.1898397e-23 1.224647e-16 -1.0
vn -1.0510422e-07 -0.5877853 -0.809017
vn -1.700622e-07 -0.95105654 -0.30901694
vn -1.700622e-07 -0.95105654 -0.30901694
vn -1.7006218e-07 -0.9510565 0.30901703
vn -1.7006218e-07 -0.9510565 0.30901703
vn -1.0510422e-07 -0.5877853 0.809017
vn -1.0510422e-07 -0.5877853 0.809017
vn -4.3796794e-23 -2.449294e-16 1.0
vn -4.3796794e-23 -2.449294e-16 1.0
vn 1.0510424e-07 0.5877854 0.8090169
vn 1.0510424e-07 0.5877854 0.8090169
vn 1.7006218e-07 0.9510565 0.30901703
vn 1.7006218e-07 0.9510565 0.30901703
vn 1.7006218e-07 0.9510565 -0.30901703
vn 1.7006218e-07 0.9510565 -0.30901703
vn 1.0510424e-07 0.5877854 -0.8090169
vn 1.0510424e-07 0.5877854 -0.8090169
vn 6.569519e-23 3.6739408e-16 -1.0
vn 6.569519e-23 3.6739408e-16 -1.0
vn -1.0 1.7881395e-07 0.0
vn -1.0 1.7881395e-07 0.0
vn -1.0 1.7881395e-07 0.0
vn -1.0 1.7881395e-07 0.0
vn -1.0 1.7881395e-07 0.0
vn -1.0 1.7881395e-07 0.0
vn -1.0 1.7881395e-07 0.0
vn -1.0 1.7881395e-07 0.0
vn -1.0 1.7881395e-07 0.0
vn -1.0 1.7881395e-07 0.0
vn -1.0 1.7881395e-07 0.0
vn -1.0 1.7881395e-07 0.0
vn -1.0 1.7881395e-07 0.0
vn -1.0 1.7881395e-07 0.0
vn -1.0 1.7881395e-07 0.0
vn -1.0 1.7881395e-07 0.0
vn -1.0 1.7881395e-07 0.0
vn -1.0 1.7881395e-07 0.0
vn -1.0 1.7881395e-07 0.0
vn -1.0 1.7881395e-07 0.0
vn -1.0 1.7881395e-07 0.0
vn 1.0 -1.7881395e-07 0.0
vn 1.0 -1.7881395e-07 0.0
vn 1.0 -1.7881395e-07 0.0
vn 1.0 -1.7881395e-07 0.0
vn 1.0 -1.7881395e-07 0.0
vn 1.0 -1.7881395e-07 0.0
vn 1.0 -1.7881395e-07 0.0
vn 1.0 -1.7881395e-07 0.0
vn 1.0 -1.7881395e-07 0.0
vn 1.0 -1.7881395e-07 0.0
vn 1.0 -1.7881395e-07 0.0
vn 1.0 -1.7881395e-07 0.0
vn 1.0 -1.7881395e-07 0.0
vn 1.0 -1.7881395e-07 0.0
vn 1.0 -1.7881395e-07 0.0
vn 1.0 -1.7881395e-07 0.0
vn 1.0 -1.7881395e-07 0.0
vn 1.0 -1.7881395e-07 0.0
vn 1.0 -1.7881395e-07 0.0
vn 1.0 -1.7881395e-07 0.0
vn 1.0 -1.7881395e-07 0.0
vn -0.8020563 -0.54798406 0.23752715
vn 0.022850543 0.007431882 0.9997113
vn -0.49144804 0.8623165 0.122020856
vn 0.0031887973 0.9902239 0.13945049
vn -0.44075716 0.88943255 0.12100784
vn 0.003060185 0.9910508 0.1334503
vn -0.40951607 0.90500486 0.11516441
vn 0.0028808713 0.992223 0.1244396
vn -0.38278285 0.91767275 0.106555186
vn 0.0026830016 0.99356407 0.113239564
vn -0.3602823 0.92793536 0.09556473
vn 0.0024866157 0.99498576 0.09998576
vn -0.34344724 0.9356284 0.08150768
vn 0.0022993425 0.99648863 0.083696745
vn -0.33576697 0.9398657 0.06255388
vn 0.002129184 0.99805915 0.06223679
vn -0.34447315 0.93810314 0.03606651
vn 0.0020004518 0.9994661 0.032610975
vn -0.38021156 0.9248993 -0.00066415366
vn 0.0019621416 0.9999594 -0.008792759
vn -0.4535877 0.88983446 -0.049525913
vn 0.0020894245 0.99775976 -0.0668664
vn -0.56988084 0.81424785 -0.110617764
vn 0.0025025832 0.98846745 -0.15141271
vn -0.7226721 0.6672128 -0.18047771
vn 0.0034839425 0.9567961 -0.29073873
vn -0.87810767 0.41037133 -0.24601278
vn 0.0059647784 0.8133086 -0.58180195
vn -0.9572837 0.062091656 -0.28240502
vn 0.009795446 -0.0007084504 -0.9999518
vn -0.9132866 -0.30643076 -0.2683425
vn 0.005960609 -0.81364197 -0.5813357
vn -0.76758194 -0.60634875 -0.20774774
vn 0.0034823583 -0.9568576 -0.29053637
vn -0.60396427 -0.7854652 -0.13517255
vn 0.002501909 -0.9884847 -0.15130016
vn -0.47481683 -0.8773513 -0.06930904
vn 0.0020891614 -0.99776477 -0.06679176
vn -0.39207244 -0.9197997 -0.015738882
vn 0.0019621134 -0.9999599 -0.0087399585
vn -0.34986916 -0.93646365 0.025048722
vn 0.0020005584 -0.99946487 0.032648608
vn -0.3359675 -0.9402832 0.054711707
vn 0.0021293564 -0.9980575 0.062263604
vn -0.33846676 -0.93791103 0.07591509
vn 0.0022995402 -0.99648696 0.08371643
vn -0.34921992 -0.9325645 0.09148166
vn 0.002486825 -0.9949842 0.100001276
vn -0.3636563 -0.9257482 0.10365495
vn 0.002683219 -0.9935626 0.113252655
vn -0.37821728 -0.9187087 0.11369279
vn 0.0028810827 -0.99222165 0.12445059
vn -0.3871302 -0.9139207 0.12198031
vn 0.0030603555 -0.9910497 0.13345835
vn -0.37482876 -0.9180964 0.12885006
vn 0.0031888764 -0.9902234 0.13945402
vn 0.02285054 0.0074558547 0.9997111
vn 0.0031887973 0.9902239 0.13945049
vn 0.0030601847 0.9910508 0.13345028
vn 0.002880871 0.992223 0.124439575
vn 0.002683001 0.99356407 0.11323954
vn 0.0024866152 0.99498576 0.09998574
vn 0.002299342 0.99648863 0.08369671
vn 0.0021291838 0.99805915 0.06223675
vn 0.0020004516 0.9994661 0.032610916
vn 0.0019621418 0.9999594 -0.008792845
vn 0.002089425 0.99775976 -0.06686652
vn 0.0025025844 0.98846745 -0.15141289
vn 0.003483945 0.95679605 -0.29073906
vn 0.005964785 0.81330806 -0.5818027
vn 0.009795446 -0.00071073574 -0.9999518
vn 0.005960602 -0.8136425 -0.581335
vn 0.0034823557 -0.9568577 -0.29053605
vn 0.0025019078 -0.98848474 -0.15129998
vn 0.002089161 -0.99776477 -0.06679164
vn 0.0019621134 -0.9999599 -0.008739874
vn 0.0020005587 -0.99946487 0.032648668
vn 0.0021293566 -0.9980575 0.06226365
vn 0.0022995404 -0.99648696 0.08371646
vn 0.0024868255 -0.9949842 0.100001305
vn 0.0026832195 -0.9935626 0.11325268
vn 0.0028810832 -0.9922216 0.1244506
vn 0.003060356 -0.9910497 0.13345836
vn 0.0031888767 -0.9902234 0.13945402
vn 0.022850536 0.0074799825 0.9997109
vn 0.003188797 0.9902239 0.13945048
vn 0.0030601844 0.9910508 0.13345027
vn 0.0028808706 0.992223 0.12443956
vn 0.0026830009 0.99356407 0.11323952
vn 0.002486615 0.99498576 0.09998571
vn 0.0022993418 0.99648863 0.08369668
vn 0.0021291836 0.99805915 0.062236704
vn 0.0020004513 0.9994661 0.032610852
vn 0.0019621418 0.9999594 -0.00879293
vn 0.0020894252 0.99775976 -0.066866644
vn 0.0025025855 0.9884674 -0.15141307
vn 0.0034839476 0.95679593 -0.2907394
vn 0.005964792 0.8133075 -0.5818035
vn 0.009795446 -0.0007130359 -0.9999518
vn 0.0059605953 -0.81364304 -0.58133423
vn 0.0034823532 -0.9568578 -0.29053572
vn 0.0025019068 -0.98848474 -0.1512998
vn 0.0020891605 -0.99776477 -0.06679152
vn 0.0019621132 -0.9999599 -0.008739788
vn 0.0020005587 -0.99946487 0.032648727
vn 0.0021293568 -0.9980575 0.06226369
vn 0.0022995407 -0.99648696 0.08371649
vn 0.0024868257 -0.9949842 0.10000133
vn 0.0026832197 -0.9935626 0.1132527
vn 0.0028810834 -0.9922216 0.124450624
vn 0.0030603562 -0.9910497 0.13345836
vn 0.0031888767 -0.9902234 0.13945404
vn 0.02285053 0.0075042667 0.99971074
vn 0.003188797 0.9902239 0.13945048
vn 0.0030601842 0.9910508 0.13345025
vn 0.0028808704 0.992223 0.12443954
vn 0.0026830004 0.99356407 0.113239504
vn 0.0024866145 0.99498576 0.09998569
vn 0.0022993414 0.99648863 0.08369665
vn 0.0021291834 0.99805915 0.06223666
vn 0.002000451 0.9994661 0.032610793
vn 0.0019621418 0.9999594 -0.008793016
vn 0.0020894257 0.9977597 -0.06686676
vn 0.0025025865 0.9884674 -0.15141325
vn 0.0034839502 0.9567958 -0.29073972
vn 0.005964799 0.813307 -0.5818042
vn 0.009795446 -0.0007153509 -0.9999518
vn 0.0059605883 -0.8136436 -0.58133346
vn 0.0034823506 -0.9568579 -0.2905354
vn 0.0025019057 -0.9884848 -0.15129963
vn 0.00208916 -0.99776477 -0.06679139
vn 0.0019621132 -0.9999599 -0.0087397015
vn 0.002000559 -0.99946487 0.03264879
vn 0.002129357 -0.9980575 0.062263735
vn 0.0022995411 -0.99648696 0.08371653
vn 0.0024868262 -0.9949842 0.10000136
vn 0.0026832202 -0.9935626 0.11325272
vn 0.0028810839 -0.9922216 0.12445064
vn 0.0030603565 -0.9910497 0.13345838
vn 0.003188877 -0.9902234 0.13945404
vn 0.022850526 0.0075287092 0.99971056
vn 0.0031887968 0.9902239 0.13945046
vn 0.0030601837 0.9910508 0.13345024
vn 0.00288087 0.992223 0.12443952
vn 0.0026830002 0.9935641 0.11323948
vn 0.0024866143 0.99498576 0.09998566
vn 0.0022993411 0.99648863 0.08369661
vn 0.002129183 0.99805915 0.062236615
vn 0.002000451 0.9994661 0.03261073
vn 0.0019621418 0.9999594 -0.0087931035
vn 0.0020894262 0.9977597 -0.06686688
vn 0.0025025876 0.98846734 -0.15141344
vn 0.0034839527 0.95679575 -0.29074004
vn 0.0059648054 0.81330645 -0.581805
vn 0.009795446 -0.000717681 -0.9999518
vn 0.0059605814 -0.8136441 -0.58133274
vn 0.003482348 -0.95685804 -0.29053506
vn 0.0025019045 -0.9884848 -0.15129943
vn 0.0020891596 -0.99776477 -0.06679127
vn 0.0019621132 -0.9999599 -0.008739615
vn 0.0020005591 -0.99946487 0.03264885
vn 0.0021293575 -0.9980575 0.06226378
vn 0.0022995414 -0.99648696 0.08371656
vn 0.0024868264 -0.9949842 0.10000138
vn 0.0026832204 -0.9935626 0.113252744
vn 0.002881084 -0.9922216 0.12445066
vn 0.0030603567 -0.9910497 0.13345839
vn 0.003188877 -0.9902234 0.13945404
vn 0.022850523 0.0075533115 0.9997104
vn 0.0031887966 0.9902239 0.13945046
vn 0.0030601835 0.9910508 0.13345022
vn 0.0028808697 0.992223 0.12443951
vn 0.0026829997 0.9935641 0.11323946
vn 0.0024866138 0.99498576 0.09998564
vn 0.002299341 0.99648863 0.08369658
vn 0.0021291827 0.99805915 0.062236574
vn 0.0020004509 0.9994661 0.032610666
vn 0.0019621418 0.9999594 -0.008793191
vn 0.0020894266 0.9977597 -0.06686701
vn 0.0025025888 0.98846734 -0.15141362
vn 0.0034839553 0.95679563 -0.2907404
vn 0.0059648124 0.81330585 -0.58180577
vn 0.009795446 -0.0007200264 -0.9999518
vn 0.0059605744 -0.81364465 -0.58133197
vn 0.0034823455 -0.9568581 -0.29053473
vn 0.0025019033 -0.98848486 -0.15129925
vn 0.0020891593 -0.99776477 -0.06679115
vn 0.0019621132 -0.9999599 -0.008739527
vn 0.0020005594 -0.99946487 0.032648914
vn 0.0021293578 -0.9980574 0.062263824
vn 0.0022995418 -0.99648696 0.083716586
vn 0.0024868269 -0.9949842 0.1000014
vn 0.002683221 -0.9935626 0.11325276
vn 0.0028810846 -0.9922216 0.124450676
vn 0.003060357 -0.9910497 0.1334584
vn 0.0031888771 -0.9902234 0.13945405
vn 0.022850519 0.007578075 0.99971014
vn 0.0031887966 0.99022394 0.13945046
vn 0.0030601833 0.9910508 0.13345021
vn 0.0028808692 0.992223 0.124439485
vn 0.0026829995 0.9935641 0.11323944
vn 0.0024866136 0.99498576 0.099985614
vn 0.0022993404 0.99648863 0.08369655
vn 0.0021291825 0.99805915 0.06223653
vn 0.0020004506 0.9994661 0.032610606
vn 0.0019621418 0.9999594 -0.008793279
vn 0.002089427 0.9977597 -0.066867135
vn 0.00250259 0.9884673 -0.15141381
vn 0.003483958 0.9567955 -0.29074073
vn 0.0059648193 0.8133053 -0.58180654
vn 0.009795446 -0.0007223871 -0.9999518
vn 0.005960568 -0.81364524 -0.5813312
vn 0.0034823427 -0.9568582 -0.29053438
vn 0.0025019022 -0.98848486 -0.15129906
vn 0.0020891589 -0.9977648 -0.06679102
vn 0.0019621132 -0.9999599 -0.008739439
vn 0.0020005594 -0.99946487 0.032648977
vn 0.002129358 -0.9980574 0.06226387
vn 0.002299542 -0.99648696 0.08371662
vn 0.002486827 -0.9949842 0.10000143
vn 0.0026832214 -0.9935626 0.11325278
vn 0.0028810848 -0.9922216 0.12445069
vn 0.0030603574 -0.9910497 0.13345842
vn 0.0031888774 -0.9902234 0.13945405
vn 0.022850513 0.0076030013 0.99970996
vn 0.0031887963 0.99022394 0.13945045
vn 0.003060183 0.9910508 0.1334502
vn 0.002880869 0.992223 0.12443947
vn 0.002682999 0.9935641 0.113239415
vn 0.002486613 0.99498576 0.099985585
vn 0.0022993402 0.99648863 0.083696514
vn 0.0021291822 0.99805915 0.06223648
vn 0.0020004504 0.9994661 0.032610543
vn 0.001962142 0.9999594 -0.008793367
vn 0.0020894276 0.9977597 -0.066867255
vn 0.002502591 0.9884673 -0.151414
vn 0.0034839606 0.95679545 -0.29074106
vn 0.0059648263 0.8133048 -0.5818073
vn 0.009795446 -0.0007247634 -0.9999518
vn 0.0059605604 -0.8136458 -0.58133036
vn 0.0034823401 -0.95685834 -0.29053405
vn 0.0025019012 -0.9884849 -0.15129887
vn 0.0020891584 -0.9977648 -0.0667909
vn 0.001962113 -0.9999599 -0.00873935
vn 0.0020005596 -0.99946487 0.03264904
vn 0.0021293582 -0.9980574 0.062263913
vn 0.0022995423 -0.99648696 0.08371665
vn 0.0024868276 -0.9949842 0.100001454
vn 0.0026832216 -0.9935626 0.1132528
vn 0.0028810853 -0.9922216 0.12445071
vn 0.0030603576 -0.9910497 0.13345844
vn 0.0031888774 -0.9902234 0.13945405
vn 0.02285051 0.007628092 0.9997098
vn 0.0031887963 0.99022394 0.13945045
vn 0.0030601828 0.9910508 0.13345018
vn 0.0028808685 0.992223 0.12443945
vn 0.0026829988 0.9935641 0.11323939
vn 0.0024866129 0.99498576 0.09998556
vn 0.0022993397 0.99648863 0.083696485
vn 0.0021291818 0.99805915 0.062236436
vn 0.0020004504 0.9994661 0.03261048
vn 0.001962142 0.9999594 -0.0087934565
vn 0.002089428 0.9977597 -0.06686738
vn 0.0025025923 0.9884672 -0.15141419
vn 0.0034839634 0.95679533 -0.2907414
vn 0.0059648333 0.8133042 -0.58180815
vn 0.009795446 -0.00072715536 -0.9999518
vn 0.0059605534 -0.8136463 -0.5813296
vn 0.0034823373 -0.9568584 -0.29053372
vn 0.0025019 -0.9884849 -0.15129869
vn 0.002089158 -0.9977648 -0.066790774
vn 0.001962113 -0.9999599 -0.008739262
vn 0.0020005598 -0.99946487 0.032649104
vn 0.0021293587 -0.9980574 0.06226396
vn 0.0022995428 -0.99648696 0.08371669
vn 0.0024868278 -0.9949842 0.100001484
vn 0.002683222 -0.9935626 0.113252826
vn 0.0028810855 -0.9922216 0.12445073
vn 0.0030603579 -0.9910497 0.13345845
vn 0.0031888776 -0.9902234 0.13945407
vn 0.022850506 0.0076533495 0.9997096
vn 0.003188796 0.99022394 0.13945045
vn 0.0030601823 0.9910508 0.13345018
vn 0.002880868 0.992223 0.12443943
vn 0.0026829983 0.9935641 0.11323937
vn 0.0024866124 0.99498576 0.09998553
vn 0.0022993395 0.99648863 0.08369645
vn 0.0021291815 0.99805915 0.06223639
vn 0.0020004502 0.9994661 0.032610413
vn 0.001962142 0.9999594 -0.008793546
vn 0.0020894285 0.9977597 -0.06686751
vn 0.0025025932 0.9884672 -0.15141438
vn 0.003483966 0.9567952 -0.29074174
vn 0.0059648403 0.81330365 -0.5818089
vn 0.009795446 -0.0007295632 -0.9999518
vn 0.0059605464 -0.8136469 -0.5813288
vn 0.0034823348 -0.9568585 -0.29053336
vn 0.002501899 -0.988485 -0.1512985
vn 0.0020891575 -0.9977648 -0.06679065
vn 0.001962113 -0.9999599 -0.008739172
vn 0.00200056 -0.99946487 0.032649167
vn 0.002129359 -0.9980574 0.062264003
vn 0.002299543 -0.99648696 0.08371672
vn 0.0024868282 -0.99498415 0.10000151
vn 0.0026832223 -0.9935626 0.11325285
vn 0.002881086 -0.9922216 0.12445075
vn 0.003060358 -0.9910497 0.13345847
vn 0.0031888776 -0.9902234 0.13945407
vn 0.0228505 0.007678774 0.9997094
vn 0.003188796 0.99022394 0.13945043
vn 0.003060182 0.9910508 0.13345017
vn 0.0028808678 0.992223 0.12443941
vn 0.0026829978 0.9935641 0.11323935
vn 0.0024866122 0.99498576 0.0999855
vn 0.002299339 0.99648863 0.08369642
vn 0.0021291813 0.99805915 0.062236346
vn 0.00200045 0.9994661 0.03261035
vn 0.001962142 0.9999594 -0.008793636
vn 0.002089429 0.99775964 -0.06686764
vn 0.0025025944 0.98846716 -0.15141457
vn 0.0034839688 0.9567951 -0.2907421
vn 0.0059648477 0.81330305 -0.5818097
vn 0.009795446 -0.00073198695 -0.9999518
vn 0.0059605394 -0.81364745 -0.58132803
vn 0.003482332 -0.95685863 -0.290533
vn 0.0025018977 -0.988485 -0.1512983
vn 0.002089157 -0.9977648 -0.06679052
vn 0.001962113 -0.9999599 -0.008739081
vn 0.0020005603 -0.99946487 0.03264923
vn 0.0021293592 -0.9980574 0.06226405
vn 0.0022995435 -0.99648696 0.08371676
vn 0.0024868285 -0.99498415 0.10000154
vn 0.0026832228 -0.9935626 0.11325287
vn 0.0028810862 -0.9922216 0.124450766
vn 0.0030603586 -0.9910497 0.13345848
vn 0.0031888778 -0.9902234 0.13945408
vn 0.022850497 0.007704369 0.9997092
vn 0.0031887959 0.99022394 0.13945043
vn 0.0030601819 0.9910508 0.13345015
vn 0.0028808673 0.992223 0.124439396
vn 0.0026829976 0.9935641 0.113239326
vn 0.0024866117 0.9949858 0.09998548
vn 0.0022993388 0.99648863 0.08369638
vn 0.002129181 0.99805915 0.062236298
vn 0.0020004497 0.9994661 0.032610286
vn 0.0019621423 0.9999594 -0.0087937275
vn 0.0020894292 0.99775964 -0.06686777
vn 0.0025025955 0.98846716 -0.15141477
vn 0.0034839713 0.95679504 -0.29074246
vn 0.0059648547 0.8133025 -0.58181053
vn 0.009795446 -0.0007344269 -0.9999518
vn 0.005960532 -0.81364805 -0.5813272
vn 0.0034823292 -0.95685875 -0.29053268
vn 0.0025018966 -0.98848504 -0.1512981
vn 0.0020891565 -0.9977648 -0.06679039
vn 0.001962113 -0.9999599 -0.008738991
vn 0.0020005603 -0.99946487 0.032649297
vn 0.0021293594 -0.9980574 0.062264096
vn 0.0022995437 -0.99648696 0.08371679
vn 0.002486829 -0.99498415 0.100001566
vn 0.002683223 -0.9935626 0.11325289
vn 0.0028810867 -0.9922216 0.12445079
vn 0.0030603588 -0.9910497 0.1334585
vn 0.0031888778 -0.9902234 0.13945408
vn 0.022850491 0.0077301343 0.999709
vn 0.0031887956 0.99022394 0.13945042
vn 0.0030601816 0.9910508 0.13345014
vn 0.002880867 0.992223 0.12443937
vn 0.0026829971 0.9935641 0.1132393
vn 0.0024866115 0.9949858 0.09998545
vn 0.0022993386 0.99648863 0.08369635
vn 0.0021291806 0.99805915 0.062236253
vn 0.0020004495 0.9994661 0.03261022
vn 0.0019621423 0.9999594 -0.008793819
vn 0.0020894296 0.99775964 -0.066867895
vn 0.0025025967 0.9884671 -0.15141496
vn 0.0034839741 0.9567949 -0.2907428
vn 0.005964862 0.8133019 -0.5818113
vn 0.009795446 -0.0007368832 -0.9999518
vn 0.005960525 -0.81364864 -0.5813264
vn 0.0034823266 -0.9568588 -0.29053232
vn 0.0025018954 -0.98848504 -0.15129791
vn 0.002089156 -0.9977648 -0.06679026
vn 0.0019621127 -0.9999599 -0.0087389
vn 0.0020005605 -0.99946487 0.03264936
vn 0.0021293599 -0.9980574 0.06226414
vn 0.0022995442 -0.9964869 0.083716825
vn 0.0024868292 -0.99498415 0.10000159
vn 0.0026832235 -0.9935626 0.113252915
vn 0.002881087 -0.9922216 0.12445081
vn 0.003060359 -0.99104965 0.13345851
vn 0.003188878 -0.9902234 0.1394541
vn 0.022850487 0.0077560726 0.99970883
vn 0.0031887956 0.99022394 0.13945042
vn 0.0030601812 0.9910508 0.13345012
vn 0.0028808666 0.992223 0.12443935
vn 0.002682997 0.9935641 0.11323928
vn 0.002486611 0.9949858 0.09998543
vn 0.002299338 0.99648863 0.08369631
vn 0.0021291804 0.99805915 0.062236205
vn 0.0020004495 0.9994661 0.032610156
vn 0.0019621423 0.9999594 -0.008793911
vn 0.00208943 0.99775964 -0.06686803
vn 0.002502598 0.9884671 -0.15141515
vn 0.003483977 0.9567948 -0.29074314
vn 0.005964869 0.8133013 -0.58181214
vn 0.009795446 -0.0007393559 -0.9999518
vn 0.0059605176 -0.8136492 -0.5813256
vn 0.0034823238 -0.95685893 -0.29053196
vn 0.0025018943 -0.9884851 -0.15129772
vn 0.0020891556 -0.9977649 -0.06679013
vn 0.0019621127 -0.9999599 -0.008738807
vn 0.0020005608 -0.99946487 0.032649428
vn 0.00212936 -0.9980574 0.06226419
vn 0.0022995444 -0.9964869 0.08371686
vn 0.0024868296 -0.99498415 0.10000162
vn 0.002683224 -0.9935626 0.11325294
vn 0.0028810874 -0.9922216 0.124450825
vn 0.0030603593 -0.99104965 0.13345851
vn 0.0031888783 -0.9902234 0.1394541
vn 0.022850482 0.007782186 0.9997086
vn 0.0031887954 0.99022394 0.1394504
vn 0.003060181 0.9910508 0.1334501
vn 0.0028808664 0.992223 0.12443934
vn 0.0026829964 0.9935641 0.11323926
vn 0.0024866106 0.9949858 0.0999854
vn 0.0022993379 0.99648863 0.083696276
vn 0.0021291801 0.99805915 0.06223616
vn 0.0020004492 0.9994661 0.03261009
vn 0.0019621423 0.9999594 -0.008794004
vn 0.0020894306 0.99775964 -0.066868156
vn 0.0025025993 0.98846704 -0.15141536
vn 0.0034839797 0.9567947 -0.2907435
vn 0.0059648766 0.8133007 -0.581813
vn 0.009795446 -0.00074184535 -0.9999517
vn 0.0059605106 -0.8136498 -0.58132476
vn 0.003482321 -0.95685905 -0.2905316
vn 0.002501893 -0.9884851 -0.15129751
vn 0.0020891551 -0.9977649 -0.06679
vn 0.0019621127 -0.9999599 -0.008738714
vn 0.002000561 -0.99946487 0.032649495
vn 0.0021293603 -0.9980574 0.062264238
vn 0.0022995449 -0.9964869 0.08371689
vn 0.0024868299 -0.99498415 0.10000165
vn 0.0026832242 -0.9935626 0.11325297
vn 0.0028810878 -0.9922216 0.12445085
vn 0.0030603597 -0.99104965 0.13345852
vn 0.0031888783 -0.9902234 0.1394541
vn 0.022850478 0.0078084753 0.9997084
vn 0.0031887954 0.99022394 0.1394504
vn 0.0030601807 0.99105084 0.13345009
vn 0.002880866 0.992223 0.124439314
vn 0.002682996 0.9935641 0.113239236
vn 0.0024866103 0.9949858 0.09998537
vn 0.0022993374 0.9964887 0.083696246
vn 0.0021291797 0.99805915 0.06223611
vn 0.002000449 0.9994661 0.03261002
vn 0.0019621423 0.9999594 -0.008794097
vn 0.002089431 0.99775964 -0.06686829
vn 0.0025026004 0.98846704 -0.15141556
vn 0.0034839825 0.95679456 -0.29074386
vn 0.005964884 0.81330013 -0.58181375
vn 0.009795446 -0.0007443516 -0.9999517
vn 0.005960503 -0.81365037 -0.5813239
vn 0.0034823183 -0.9568592 -0.29053125
vn 0.002501892 -0.98848516 -0.15129732
vn 0.0020891547 -0.9977649 -0.066789865
vn 0.0019621127 -0.9999599 -0.008738621
vn 0.0020005612 -0.99946487 0.03264956
vn 0.0021293608 -0.9980574 0.062264282
vn 0.002299545 -0.9964869 0.08371693
vn 0.0024868303 -0.99498415 0.10000167
vn 0.0026832246 -0.9935626 0.11325299
vn 0.002881088 -0.9922216 0.12445086
vn 0.00306036 -0.99104965 0.13345854
vn 0.0031888785 -0.9902234 0.13945411
vn 0.022850472 0.007834943 0.9997082
vn 0.0031887952 0.99022394 0.1394504
vn 0.0030601802 0.99105084 0.13345008
vn 0.0028808655 0.992223 0.1244393
vn 0.0026829957 0.9935641 0.11323921
vn 0.0024866099 0.9949858 0.099985346
vn 0.0022993372 0.9964887 0.08369621
vn 0.0021291794 0.9980592 0.062236063
vn 0.0020004488 0.9994662 0.032609954
vn 0.0019621425 0.9999594 -0.008794191
vn 0.0020894315 0.99775964 -0.066868424
vn 0.0025026016 0.988467 -0.15141575
vn 0.0034839853 0.95679444 -0.29074422
vn 0.0059648915 0.81329954 -0.5818146
vn 0.009795446 -0.00074687484 -0.9999517
vn 0.0059604957 -0.81365097 -0.5813231
vn 0.0034823155 -0.9568593 -0.2905309
vn 0.0025018905 -0.98848516 -0.15129712
vn 0.0020891542 -0.9977649 -0.06678973
vn 0.0019621125 -0.9999599 -0.008738527
vn 0.0020005612 -0.99946487 0.03264963
vn 0.002129361 -0.9980574 0.06226433
vn 0.0022995456 -0.9964869 0.083716966
vn 0.0024868308 -0.99498415 0.1000017
vn 0.002683225 -0.9935626 0.11325301
vn 0.0028810885 -0.9922216 0.124450885
vn 0.0030603602 -0.99104965 0.13345855
vn 0.0031888785 -0.9902234 0.13945411
vn 0.022850469 0.007861591 0.999708
vn 0.003188795 0.99022394 0.13945039
vn 0.00306018 0.99105084 0.13345006
vn 0.0028808652 0.992223 0.12443928
vn 0.0026829953 0.9935641 0.113239184
vn 0.0024866096 0.9949858 0.09998532
vn 0.0022993367 0.9964887 0.08369617
vn 0.0021291792 0.9980592 0.062236015
vn 0.0020004485 0.9994662 0.032609887
vn 0.0019621425 0.9999594 -0.008794286
vn 0.002089432 0.9977596 -0.06686856
vn 0.0025026028 0.988467 -0.15141596
vn 0.003483988 0.9567944 -0.2907446
vn 0.005964899 0.81329894 -0.5818154
vn 0.009795446 -0.0007494152 -0.9999517
vn 0.005960488 -0.81365156 -0.58132225
vn 0.0034823127 -0.9568594 -0.29053053
vn 0.0025018894 -0.9884852 -0.15129691
vn 0.0020891537 -0.9977649 -0.0667896
vn 0.0019621125 -0.9999599 -0.008738432
vn 0.0020005614 -0.99946487 0.032649696
vn 0.0021293613 -0.9980574 0.06226438
vn 0.0022995458 -0.9964869 0.083716996
vn 0.002486831 -0.99498415 0.10000173
vn 0.0026832253 -0.9935626 0.113253035
vn 0.0028810888 -0.9922216 0.12445091
vn 0.0030603607 -0.99104965 0.13345857
vn 0.0031888788 -0.9902234 0.13945413
vn 0.022850463 0.0078884205 0.99970776
vn 0.003188795 0.99022394 0.13945039
vn 0.0030601798 0.99105084 0.13345005
vn 0.0028808648 0.992223 0.124439254
vn 0.0026829948 0.9935641 0.11323916
vn 0.0024866092 0.9949858 0.09998529
vn 0.0022993363 0.9964887 0.083696134
vn 0.0021291787 0.9980592 0.062235966
vn 0.0020004485 0.9994662 0.03260982
vn 0.0019621425 0.9999594 -0.008794381
vn 0.0020894324 0.9977596 -0.06686869
vn 0.002502604 0.9884669 -0.15141617
vn 0.0034839911 0.95679426 -0.29074496
vn 0.0059649064 0.81329834 -0.5818163
vn 0.009795446 -0.00075197296 -0.9999517
vn 0.005960481 -0.81365216 -0.5813214
vn 0.0034823096 -0.95685947 -0.29053017
vn 0.0025018882 -0.9884852 -0.1512967
vn 0.0020891533 -0.9977649 -0.06678946
vn 0.0019621125 -0.9999599 -0.008738337
vn 0.0020005617 -0.99946487 0.032649763
vn 0.0021293617 -0.9980574 0.062264428
vn 0.0022995463 -0.9964869 0.08371703
vn 0.0024868315 -0.99498415 0.10000175
vn 0.0026832258 -0.9935626 0.11325306
vn 0.0028810892 -0.9922216 0.12445092
vn 0.003060361 -0.99104965 0.13345858
vn 0.003188879 -0.9902234 0.13945413
vn 0.022850458 0.007915434 0.9997076
vn 0.0031887947 0.99022394 0.13945037
vn 0.0030601793 0.99105084 0.13345003
vn 0.0028808643 0.992223 0.12443924
vn 0.0026829944 0.9935641 0.11323914
vn 0.0024866087 0.9949858 0.09998526
vn 0.002299336 0.9964887 0.083696105
vn 0.0021291785 0.9980592 0.062235918
vn 0.0020004483 0.9994662 0.03260975
vn 0.0019621425 0.9999594 -0.008794477
vn 0.0020894331 0.9977596 -0.06686883
vn 0.0025026053 0.9884669 -0.15141636
vn 0.003483994 0.95679414 -0.29074532
vn 0.005964914 0.81329775 -0.58181715
vn 0.009795446 -0.0007545482 -0.9999517
vn 0.005960473 -0.81365275 -0.5813206
vn 0.0034823068 -0.9568596 -0.2905298
vn 0.002501887 -0.9884853 -0.15129651
vn 0.0020891528 -0.9977649 -0.06678933
vn 0.0019621125 -0.9999599 -0.008738241
vn 0.002000562 -0.99946487 0.03264983
vn 0.002129362 -0.9980574 0.062264476
vn 0.0022995465 -0.9964869 0.08371707
vn 0.002486832 -0.99498415 0.10000178
vn 0.0026832263 -0.9935626 0.11325308
vn 0.0028810897 -0.9922216 0.124450944
vn 0.0030603611 -0.99104965 0.1334586
vn 0.003188879 -0.9902234 0.13945413
vn 0.022850454 0.007942634 0.99970734
vn 0.0031887947 0.99022394 0.13945037
vn 0.003060179 0.99105084 0.13345002
vn 0.002880864 0.992223 0.12443922
vn 0.0026829941 0.9935641 0.11323912
vn 0.0024866085 0.9949858 0.099985234
vn 0.0022993356 0.9964887 0.08369607
vn 0.0021291783 0.9980592 0.06223587
vn 0.002000448 0.9994662 0.032609683
vn 0.0019621425 0.9999594 -0.008794574
vn 0.0020894336 0.9977596 -0.06686896
vn 0.0025026065 0.98846686 -0.15141657
vn 0.003483997 0.956794 -0.2907457
vn 0.005964922 0.81329715 -0.581818
vn 0.009795446 -0.00075714116 -0.9999517
vn 0.0059604654 -0.8136534 -0.58131975
vn 0.0034823038 -0.9568597 -0.29052943
vn 0.0025018856 -0.9884853 -0.1512963
vn 0.0020891523 -0.99776495 -0.066789195
vn 0.0019621125 -0.9999599 -0.008738144
vn 0.0020005621 -0.99946487 0.0326499
vn 0.0021293622 -0.9980574 0.062264524
vn 0.002299547 -0.9964869 0.08371711
vn 0.0024868322 -0.99498415 0.10000181
vn 0.0026832265 -0.9935625 0.11325311
vn 0.00288109 -0.9922216 0.12445097
vn 0.0030603616 -0.99104965 0.13345861
vn 0.0031888792 -0.9902234 0.13945414
vn 0.28870934 0.14380115 0.9465559
vn 0.036402028 0.9895774 0.1393249
vn 0.038278658 0.9903395 0.13327537
vn 0.03730355 0.99154985 0.12424709
vn 0.035595067 0.99295247 0.113041334
vn 0.033867367 0.99443316 0.09977821
vn 0.032494932 0.99598104 0.08346166
vn 0.031884037 0.99757016 0.061944842
vn 0.03279541 0.9989424 0.03222777
vn 0.03653626 0.99928904 -0.009300311
vn 0.04509918 0.9966978 -0.06752457
vn 0.06187682 0.9864081 -0.15221782
vn 0.095119774 0.951864 -0.2913884
vn 0.17106876 0.7981064 -0.5777211
vn 0.2802228 -0.01389692 -0.9598344
vn 0.17300181 -0.8045424 -0.56813896
vn 0.09694124 -0.95294625 -0.28722093
vn 0.063527375 -0.9866571 -0.14990684
vn 0.046280395 -0.99674594 -0.06599719
vn 0.03713466 -0.99927646 -0.008221824
vn 0.032949798 -0.9989122 0.032996226
vn 0.031886533 -0.99753594 0.062492516
vn 0.032652505 -0.9959421 0.08386333
vn 0.034446698 -0.9943816 0.10009311
vn 0.03690245 -0.9928749 0.11330331
vn 0.039896317 -0.9914223 0.1244591
vn 0.04345045 -0.9901078 0.13341148
vn 0.048768554 -0.9890453 0.13932343
vn 0.73898554 0.562681 0.3705272
vn 0.250366 0.9586478 0.13531928
vn 0.24984474 0.9595969 0.12942751
vn 0.23878555 0.96352583 0.120827965
vn 0.22483961 0.96815574 0.11009816
vn 0.21139075 0.9725592 0.097172804
vn 0.20072809 0.9762999 0.08091226
vn 0.19597635 0.97882795 0.05906877
vn 0.20281498 0.9787983 0.028635211
vn 0.23003419 0.9730855 -0.013743387
vn 0.28902042 0.9546218 -0.07186402
vn 0.39400586 0.90658486 -0.15120591
vn 0.5629517 0.78445315 -0.260228
vn 0.7860281 0.4773818 -0.39276767
vn 0.89084864 -0.06507137 -0.44961584
vn 0.74372077 -0.562707 -0.3608881
vn 0.5289541 -0.8162884 -0.23212227
vn 0.3753833 -0.91749907 -0.13146442
vn 0.2793429 -0.9584488 -0.057822283
vn 0.22492328 -0.97436976 -0.00361694
vn 0.2001105 -0.9791157 0.035891376
vn 0.19485243 -0.97872525 0.06426029
vn 0.20115572 -0.97588587 0.08475336
vn 0.21387532 -0.9717051 0.10023242
vn 0.23038253 -0.9665517 0.11270149
vn 0.2491891 -0.96061045 0.12301369
vn 0.26914594 -0.9541493 0.13099441
vn 0.29407266 -0.946076 0.13587305
vn 0.5473151 0.82634485 0.13266613
vn 0.5188419 0.84548 0.12635905
vn 0.4996836 0.8575056 0.12247646
vn 0.47111377 0.8744639 0.115605764
vn 0.43979314 0.8917957 0.10621883
vn 0.41026235 0.907129 0.093817815
vn 0.38735634 0.91873425 0.07669685
vn 0.3798067 0.92360127 0.05203397
vn 0.4021129 0.91543806 0.016685944
vn 0.47033107 0.8819341 -0.031318914
vn 0.5899739 0.8023449 -0.090406865
vn 0.74183697 0.6529298 -0.1528418
vn 0.88180834 0.42458758 -0.20527895
vn 0.96172315 0.14250396 -0.23405375
vn 0.9622661 -0.13890004 -0.23398872
vn 0.88582796 -0.41575018 -0.2060596
vn 0.7510975 -0.6415946 -0.15559223
vn 0.60195 -0.7928706 -0.094933875
vn 0.4800163 -0.8765076 -0.03631578
vn 0.40662512 -0.91351146 0.01236365
vn 0.37943774 -0.9239247 0.0488898
vn 0.38404465 -0.92028075 0.07478701
vn 0.4061784 -0.9090473 0.093016796
vn 0.43687162 -0.893207 0.106416345
vn 0.47131148 -0.87419385 0.11683597
vn 0.5057002 -0.8535976 0.12505421
vn 0.53659534 -0.833538 0.13145302
vn 0.5732394 -0.8074584 0.13931099
vn -1.0 0.0 0.0
vn 1.0 0.0 0.0
vn 2.1898397e-23 -1.224647e-16 -1.0
vn -1.0510422e-07 0.5877853 -0.809017
vn 2.1898397e-23 -1.224647e-16 -1.0
vn -1.0510422e-07 0.5877853 -0.809017
vn -1.700622e-07 0.95105654 -0.30901694
vn -1.700622e-07 0.95105654 -0.30901694
vn -1.7006218e-07 0.9510565 0.30901703
vn -1.7006218e-07 0.9510565 0.30901703
vn -1.0510422e-07 0.5877853 0.809017
vn -1.0510422e-07 0.5877853 0.809017
vn -4.3796794e-23 2.449294e-16 1.0
vn -4.3796794e-23 2.449294e-16 1.0
vn 1.0510424e-07 -0.5877854 0.8090169
vn 1.0510424e-07 -0.5877854 0.8090169
vn 1.7006218e-07 -0.9510565 0.30901703
vn 1.7006218e-07 -0.9510565 0.30901703
vn 1.7006218e-07 -0.9510565 -0.30901703
vn 1.7006218e-07 -0.9510565 -0.30901703
vn 1.0510424e-07 -0.5877854 -0.8090169
vn 1.0510424e-07 -0.5877854 -0.8090169
vn 6.569519e-23 -3.6739408e-16 -1.0
vn 6.569519e-23 -3.6739408e-16 -1.0
vn 1.0 1.7881395e-07 0.0
vn 1.0 1.7881395e-07 0.0
vn 1.0 1.7881395e-07 0.0
vn 1.0 1.7881395e-07 0.0
vn 1.0 1.7881395e-07 0.0
vn 1.0 1.7881395e-07 0.0
vn 1.0 1.7881395e-07 0.0
vn 1.0 1.7881395e-07 0.0
vn 1.0 1.7881395e-07 0.0
vn 1.0 1.7881395e-07 0.0
vn 1.0 1.7881395e-07 0.0
vn 1.0 1.7881395e-07 0.0
vn 1.0 1.7881395e-07 0.0
vn 1.0 1.7881395e-07 0.0
vn 1.0 1.7881395e-07 0.0
vn 1.0 1.7881395e-07 0.0
vn 1.0 1.7881395e-07 0.0
vn 1.0 1.7881395e-07 0.0
vn 1.0 1.7881395e-07 0.0
vn 1.0 1.7881395e-07 0.0
vn 1.0 1.7881395e-07 0.0
vn -1.0 -1.7881395e-07 0.0
vn -1.0 -1.7881395e-07 0.0
vn -1.0 -1.7881395e-07 0.0
vn -1.0 -1.7881395e-07 0.0
vn -1.0 -1.7881395e-07 0.0
vn -1.0 -1.7881395e-07 0.0
vn -1.0 -1.7881395e-07 0.0
vn -1.0 -1.7881395e-07 0.0
vn -1.0 -1.7881395e-07 0.0
vn -1.0 -1.7881395e-07 0.0
vn -1.0 -1.7881395e-07 0.0
vn -1.0 -1.7881395e-07 0.0
vn -1.0 -1.7881395e-07 0.0
vn -1.0 -1.7881395e-07 0.0
vn -1.0 -1.7881395e-07 0.0
vn -1.0 -1.7881395e-07 0.0
vn -1.0 -1.7881395e-07 0.0
vn -1.0 -1.7881395e-07 0.0
vn -1.0 -1.7881395e-07 0.0
vn -1.0 -1.7881395e-07 0.0
vn -1.0 -1.7881395e-07 0.0
usemtl Material_0
f 1/1/1 2/2/2 3/3/3
f 2/2/2 4/4/4 3/3/3
f 2/2/2 5/5/5 4/4/4
f 5/5/5 6/6/6 4/4/4
f 5/5/5 7/7/7 6/6/6
f 7/7/7 8/8/8 6/6/6
f 7/7/7 9/9/9 8/8/8
f 9/9/9 10/10/10 8/8/8
f 9/9/9 11/11/11 10/10/10
f 11/11/11 12/12/12 10/10/10
f 11/11/11 13/13/13 12/12/12
f 13/13/13 14/14/14 12/12/12
f 13/13/13 15/15/15 14/14/14
f 15/15/15 16/16/16 14/14/14
f 15/15/15 17/17/17 16/16/16
f 17/17/17 18/18/18 16/16/16
f 17/17/17 19/19/19 18/18/18
f 19/19/19 20/20/20 18/18/18
f 19/19/19 21/21/21 20/20/20
f 21/21/21 22/22/22 20/20/20
f 21/21/21 23/23/23 22/22/22
f 23/23/23 24/24/24 22/22/22
f 23/23/23 25/25/25 24/24/24
f 25/25/25 26/26/26 24/24/24
f 25/25/25 27/27/27 26/26/26
f 27/27/27 28/28/28 26/26/26
f 27/27/27 29/29/29 28/28/28
f 29/29/29 30/30/30 28/28/28
f 29/29/29 31/31/31 30/30/30
f 31/31/31 32/32/32 30/30/30
f 31/31/31 33/33/33 32/32/32
f 33/33/33 34/34/34 32/32/32
f 33/33/33 35/35/35 34/34/34
f 35/35/35 36/36/36 34/34/34
f 35/35/35 37/37/37 36/36/36
f 37/37/37 38/38/38 36/36/36
f 37/37/37 39/39/39 38/38/38
f 39/39/39 40/40/40 38/38/38
f 39/39/39 41/41/41 40/40/40
f 41/41/41 42/42/42 40/40/40
f 41/41/41 43/43/43 42/42/42
f 43/43/43 44/44/44 42/42/42
f 43/43/43 45/45/45 44/44/44
f 45/45/45 46/46/46 44/44/44
f 45/45/45 47/47/47 46/46/46
f 47/47/47 48/48/48 46/46/46
f 47/47/47 49/49/49 48/48/48
f 49/49/49 50/50/50 48/48/48
f 49/49/49 51/51/51 50/50/50
f 51/51/51 52/52/52 50/50/50
f 51/51/51 53/53/53 52/52/52
f 53/53/53 54/54/54 52/52/52
f 53/53/53 55/55/55 54/54/54
f 55/55/55 56/56/56 54/54/54
f 55/55/55 1/1/1 56/56/56
f 1/1/1 3/3/3 56/56/56
f 3/3/3 4/4/4 57/57/57
f 4/4/4 58/58/58 57/57/57
f 4/4/4 6/6/6 58/58/58
f 6/6/6 59/59/59 58/58/58
f 6/6/6 8/8/8 59/59/59
f 8/8/8 60/60/60 59/59/59
f 8/8/8 10/10/10 60/60/60
f 10/10/10 61/61/61 60/60/60
f 10/10/10 12/12/12 61/61/61
f 12/12/12 62/62/62 61/61/61
f 12/12/12 14/14/14 62/62/62
f 14/14/14 63/63/63 62/62/62
f 14/14/14 16/16/16 63/63/63
f 16/16/16 64/64/64 63/63/63
f 16/16/16 18/18/18 64/64/64
f 18/18/18 65/65/65 64/64/64
f 18/18/18 20/20/20 65/65/65
f 20/20/20 66/66/66 65/65/65
f 20/20/20 22/22/22 66/66/66
f 22/22/22 67/67/67 66/66/66
f 22/22/22 24/24/24 67/67/67
f 24/24/24 68/68/68 67/67/67
f 24/24/24 26/26/26 68/68/68
f 26/26/26 69/69/69 68/68/68
f 26/26/26 28/28/28 69/69/69
f 28/28/28 70/70/70 69/69/69
f 28/28/28 30/30/30 70/70/70
f 30/30/30 71/71/71 70/70/70
f 30/30/30 32/32/32 71/71/71
f 32/32/32 72/72/72 71/71/71
f 32/32/32 34/34/34 72/72/72
f 34/34/34 73/73/73 72/72/72
f 34/34/34 36/36/36 73/73/73
f 36/36/36 74/74/74 73/73/73
f 36/36/36 38/38/38 74/74/74
f 38/38/38 75/75/75 74/74/74
f 38/38/38 40/40/40 75/75/75
f 40/40/40 76/76/76 75/75/75
f 40/40/40 42/42/42 76/76/76
f 42/42/42 77/77/77 76/76/76
f 42/42/42 44/44/44 77/77/77
f 44/44/44 78/78/78 77/77/77
f 44/44/44 46/46/46 78/78/78
f 46/46/46 79/79/79 78/78/78
f 46/46/46 48/48/48 79/79/79
f 48/48/48 80/80/80 79/79/79
f 48/48/48 50/50/50 80/80/80
f 50/50/50 81/81/81 80/80/80
f 50/50/50 52/52/52 81/81/81
f 52/52/52 82/82/82 81/81/81
f 52/52/52 54/54/54 82/82/82
f 54/54/54 83/83/83 82/82/82
f 54/54/54 56/56/56 83/83/83
f 56/56/56 84/84/84 83/83/83
f 56/56/56 3/3/3 84/84/84
f 3/3/3 57/57/57 84/84/84
f 57/57/57 58/58/58 85/85/85
f 58/58/58 86/86/86 85/85/85
f 58/58/58 59/59/59 86/86/86
f 59/59/59 87/87/87 86/86/86
f 59/59/59 60/60/60 87/87/87
f 60/60/60 88/88/88 87/87/87
f 60/60/60 61/61/61 88/88/88
f 61/61/61 89/89/89 88/88/88
f 61/61/61 62/62/62 89/89/89
f 62/62/62 90/90/90 89/89/89
f 62/62/62 63/63/63 90/90/90
f 63/63/63 91/91/91 90/90/90
f 63/63/63 64/64/64 91/91/91
f 64/64/64 92/92/92 91/91/91
f 64/64/64 65/65/65 92/92/92
f 65/65/65 93/93/93 92/92/92
f 65/65/65 66/66/66 93/93/93
f 66/66/66 94/94/94 93/93/93
f 66/66/66 67/67/67 94/94/94
f 67/67/67 95/95/95 94/94/94
f 67/67/67 68/68/68 95/95/95
f 68/68/68 96/96/96 95/95/95
f 68/68/68 69/69/69 96/96/96
f 69/69/69 97/97/97 96/96/96
f 69/69/69 70/70/70 97/97/97
f 70/70/70 98/98/98 97/97/97
f 70/70/70 71/71/71 98/98/98
f 71/71/71 99/99/99 98/98/98
f 71/71/71 72/72/72 99/99/99
f 72/72/72 100/100/100 99/99/99
f 72/72/72 73/73/73 100/100/100
f 73/73/73 101/101/101 100/100/100
f 73/73/73 74/74/74 101/101/101
f 74/74/74 102/102/102 101/101/101
f 74/74/74 75/75/75 102/102/102
f 75/75/75 103/103/103 102/102/102
f 75/75/75 76/76/76 103/103/103
f 76/76/76 104/104/104 103/103/103
f 76/76/76 77/77/77 104/104/104
f 77/77/77 105/105/105 104/104/104
f 77/77/77 78/78/78 105/105/105
f 78/78/78 106/106/106 105/105/105
f 78/78/78 79/79/79 106/106/106
f 79/79/79 107/107/107 106/106/106
f 79/79/79 80/80/80 107/107/107
f 80/80/80 108/108/108 107/107/107
f 80/80/80 81/81/81 108/108/108
f 81/81/81 109/109/109 108/108/108
f 81/81/81 82/82/82 109/109/109
f 82/82/82 110/110/110 109/109/109
f 82/82/82 83/83/83 110/110/110
f 83/83/83 111/111/111 110/110/110
f 83/83/83 84/84/84 111/111/111
f 84/84/84 112/112/112 111/111/111
f 84/84/84 57/57/57 112/112/112
f 57/57/57 85/85/85 112/112/112
f 85/85/85 86/86/86 113/113/113
f 86/86/86 114/114/114 113/113/113
f 86/86/86 87/87/87 114/114/114
f 87/87/87 115/115/115 114/114/114
f 87/87/87 88/88/88 115/115/115
f 88/88/88 116/116/116 115/115/115
f 88/88/88 89/89/89 116/116/116
f 89/89/89 117/117/117 116/116/116
f 89/89/89 90/90/90 117/117/117
f 90/90/90 118/118/118 117/117/117
f 90/90/90 91/91/91 118/118/118
f 91/91/91 119/119/119 118/118/118
f 91/91/91 92/92/92 119/119/119
f 92/92/92 120/120/120 119/119/119
f 92/92/92 93/93/93 120/120/120
f 93/93/93 121/121/121 120/120/120
f 93/93/93 94/94/94 121/121/121
f 94/94/94 122/122/122 121/121/121
f 94/94/94 95/95/95 122/122/122
f 95/95/95 123/123/123 122/122/122
f 95/95/95 96/96/96 123/123/123
f 96/96/96 124/124/124 123/123/123
f 96/96/96 97/97/97 124/124/124
f 97/97/97 125/125/125 124/124/124
f 97/97/97 98/98/98 125/125/125
f 98/98/98 126/126/126 125/125/125
f 98/98/98 99/99/99 126/126/126
f 99/99/99 127/127/127 126/126/126
f 99/99/99 100/100/100 127/127/127
f 100/100/100 128/128/128 127/127/127
f 100/100/100 101/101/101 128/128/128
f 101/101/101 129/129/129 128/128/128
f 101/101/101 102/102/102 129/129/129
f 102/102/102 130/130/130 129/129/129
f 102/102/102 103/103/103 130/130/130
f 103/103/103 131/131/131 130/130/130
f 103/103/103 104/104/104 131/131/131
f 104/104/104 132/132/132 131/131/131
f 104/104/104 105/105/105 132/132/132
f 105/105/105 133/133/133 132/132/132
f 105/105/105 106/106/106 133/133/133
f 106/106/106 134/134/134 133/133/133
f 106/106/106 107/107/107 134/134/134
f 107/107/107 135/135/135 134/134/134
f 107/107/107 108/108/108 135/135/135
f 108/108/108 136/136/136 135/135/135
f 108/108/108 109/109/109 136/136/136
f 109/109/109 137/137/137 136/136/136
f 109/109/109 110/110/110 137/137/137
f 110/110/110 138/138/138 137/137/137
f 110/110/110 111/111/111 138/138/138
f 111/111/111 139/139/139 138/138/138
f 111/111/111 112/112/112 139/139/139
f 112/112/112 140/140/140 139/139/139
f 112/112/112 85/85/85 140/140/140
f 85/85/85 113/113/113 140/140/140
f 113/113/113 114/114/114 141/141/141
f 114/114/114 142/142/142 141/141/141
f 114/114/114 115/115/115 142/142/142
f 115/115/115 143/143/143 142/142/142
f 115/115/115 116/116/116 143/143/143
f 116/116/116 144/144/144 143/143/143
f 116/116/116 117/117/117 144/144/144
f 117/117/117 145/145/145 144/144/144
f 117/117/117 118/118/118 145/145/145
f 118/118/118 146/146/146 145/145/145
f 118/118/118 119/119/119 146/146/146
f 119/119/119 147/147/147 146/146/146
f 119/119/119 120/120/120 147/147/147
f 120/120/120 148/148/148 147/147/147
f 120/120/120 121/121/121 148/148/148
f 121/121/121 149/149/149 148/148/148
f 121/121/121 122/122/122 149/149/149
f 122/122/122 150/150/150 149/149/149
f 122/122/122 123/123/123 150/150/150
f 123/123/123 151/151/151 150/150/150
f 123/123/123 124/124/124 151/151/151
f 124/124/124 152/152/152 151/151/151
f 124/124/124 125/125/125 152/152/152
f 125/125/125 153/153/153 152/152/152
f 125/125/125 126/126/126 153/153/153
f 126/126/126 154/154/154 153/153/153
f 126/126/126 127/127/127 154/154/154
f 127/127/127 155/155/155 154/154/154
f 127/127/127 128/128/128 155/155/155
f 128/128/128 156/156/156 155/155/155
f 128/128/128 129/129/129 156/156/156
f 129/129/129 157/157/157 156/156/156
f 129/129/129 130/130/130 157/157/157
f 130/130/130 158/158/158 157/157/157
f 130/130/130 131/131/131 158/158/158
f 131/131/131 159/159/159 158/158/158
f 131/131/131 132/132/132 159/159/159
f 132/132/132 160/160/160 159/159/159
f 132/132/132 133/133/133 160/160/160
f 133/133/133 161/161/161 160/160/160
f 133/133/133 134/134/134 161/161/161
f 134/134/134 162/162/162 161/161/161
f 134/134/134 135/135/135 162/162/162
f 135/135/135 163/163/163 162/162/162
f 135/135/135 136/136/136 163/163/163
f 136/136/136 164/164/164 163/163/163
f 136/136/136 137/137/137 164/164/164
f 137/137/137 165/165/165 164/164/164
f 137/137/137 138/138/138 165/165/165
f 138/138/138 166/166/166 165/165/165
f 138/138/138 139/139/139 166/166/166
f 139/139/139 167/167/167 166/166/166
f 139/139/139 140/140/140 167/167/167
f 140/140/140 168/168/168 167/167/167
f 140/140/140 113/113/113 168/168/168
f 113/113/113 141/141/141 168/168/168
f 141/141/141 142/142/142 169/169/169
f 142/142/142 170/170/170 169/169/169
f 142/142/142 143/143/143 170/170/170
f 143/143/143 171/171/171 170/170/170
f 143/143/143 144/144/144 171/171/171
f 144/144/144 172/172/172 171/171/171
f 144/144/144 145/145/145 172/172/172
f 145/145/145 173/173/173 172/172/172
f 145/145/145 146/146/146 173/173/173
f 146/146/146 174/174/174 173/173/173
f 146/146/146 147/147/147 174/174/174
f 147/147/147 175/175/175 174/174/174
f 147/147/147 148/148/148 175/175/175
f 148/148/148 176/176/176 175/175/175
f 148/148/148 149/149/149 176/176/176
f 149/149/149 177/177/177 176/176/176
f 149/149/149 150/150/150 177/177/177
f 150/150/150 178/178/178 177/177/177
f 150/150/150 151/151/151 178/178/178
f 151/151/151 179/179/179 178/178/178
f 151/151/151 152/152/152 179/179/179
f 152/152/152 180/180/180 179/179/179
f 152/152/152 153/153/153 180/180/180
f 153/153/153 181/181/181 180/180/180
f 153/153/153 154/154/154 181/181/181
f 154/154/154 182/182/182 181/181/181
f 154/154/154 155/155/155 182/182/182
f 155/155/155 183/183/183 182/182/182
f 155/155/155 156/156/156 183/183/183
f 156/156/156 184/184/184 183/183/183
f 156/156/156 157/157/157 184/184/184
f 157/157/157 185/185/185 184/184/184
f 157/157/157 158/158/158 185/185/185
f 158/158/158 186/186/186 185/185/185
f 158/158/158 159/159/159 186/186/186
f 159/159/159 187/187/187 186/186/186
f 159/159/159 160/160/160 187/187/187
f 160/160/160 188/188/188 187/187/187
f 160/160/160 161/161/161 188/188/188
f 161/161/161 189/189/189 188/188/188
f 161/161/161 162/162/162 189/189/189
f 162/162/162 190/190/190 189/189/189
f 162/162/162 163/163/163 190/190/190
f 163/163/163 191/191/191 190/190/190
f 163/163/163 164/164/164 191/191/191
f 164/164/164 192/192/192 191/191/191
f 164/164/164 165/165/165 192/192/192
f 165/165/165 193/193/193 192/192/192
f 165/165/165 166/166/166 193/193/193
f 166/166/166 194/194/194 193/193/193
f 166/166/166 167/167/167 194/194/194
f 167/167/167 195/195/195 194/194/194
f 167/167/167 168/168/168 195/195/195
f 168/168/168 196/196/196 195/195/195
f 168/168/168 141/141/141 196/196/196
f 141/141/141 169/169/169 196/196/196
f 169/169/169 170/170/170 197/197/197
f 170/170/170 198/198/198 197/197/197
f 170/170/170 171/171/171 198/198/198
f 171/171/171 199/199/199 198/198/198
f 171/171/171 172/172/172 199/199/199
f 172/172/172 200/200/200 199/199/199
f 172/172/172 173/173/173 200/200/200
f 173/173/173 201/201/201 200/200/200
f 173/173/173 174/174/174 201/201/201
f 174/174/174 202/202/202 201/201/201
f 174/174/174 175/175/175 202/202/202
f 175/175/175 203/203/203 202/202/202
f 175/175/175 176/176/176 203/203/203
f 176/176/176 204/204/204 203/203/203
f 176/176/176 177/177/177 204/204/204
f 177/177/177 205/205/205 204/204/204
f 177/177/177 178/178/178 205/205/205
f 178/178/178 206/206/206 205/205/205
f 178/178/178 179/179/179 206/206/206
f 179/179/179 207/207/207 206/206/206
f 179/179/179 180/180/180 207/207/207
f 180/180/180 208/208/208 207/207/207
f 180/180/180 181/181/181 208/208/208
f 181/181/181 209/209/209 208/208/208
f 181/181/181 182/182/182 209/209/209
f 182/182/182 210/210/210 209/209/209
f 182/182/182 183/183/183 210/210/210
f 183/183/183 211/211/211 210/210/210
f 183/183/183 184/184/184 211/211/211
f 184/184/184 212/212/212 211/211/211
f 184/184/184 185/185/185 212/212/212
f 185/185/185 213/213/213 212/212/212
f 185/185/185 186/186/186 213/213/213
f 186/186/186 214/214/214 213/213/213
f 186/186/186 187/187/187 214/214/214
f 187/187/187 215/215/215 214/214/214
f 187/187/187 188/188/188 215/215/215
f 188/188/188 216/216/216 215/215/215
f 188/188/188 189/189/189 216/216/216
f 189/189/189 217/217/217 216/216/216
f 189/189/189 190/190/190 217/217/217
f 190/190/190 218/218/218 217/217/217
f 190/190/190 191/191/191 218/218/218
f 191/191/191 219/219/219 218/218/218
f 191/191/191 192/192/192 219/219/219
f 192/192/192 220/220/220 219/219/219
f 192/192/192 193/193/193 220/220/220
f 193/193/193 221/221/221 220/220/220
f 193/193/193 194/194/194 221/221/221
f 194/194/194 222/222/222 221/221/221
f 194/194/194 195/195/195 222/222/222
f 195/195/195 223/223/223 222/222/222
f 195/195/195 196/196/196 223/223/223
f 196/196/196 224/224/224 223/223/223
f 196/196/196 169/169/169 224/224/224
f 169/169/169 197/197/197 224/224/224
f 197/197/197 198/198/198 225/225/225
f 198/198/198 226/226/226 225/225/225
f 198/198/198 199/199/199 226/226/226
f 199/199/199 227/227/227 226/226/226
f 199/199/199 200/200/200 227/227/227
f 200/200/200 228/228/228 227/227/227
f 200/200/200 201/201/201 228/228/228
f 201/201/201 229/229/229 228/228/228
f 201/201/201 202/202/202 229/229/229
f 202/202/202 230/230/230 229/229/229
f 202/202/202 203/203/203 230/230/230
f 203/203/203 231/231/231 230/230/230
f 203/203/203 204/204/204 231/231/231
f 204/204/204 232/232/232 231/231/231
f 204/204/204 205/205/205 232/232/232
f 205/205/205 233/233/233 232/232/232
f 205/205/205 206/206/206 233/233/233
f 206/206/206 234/234/234 233/233/233
f 206/206/206 207/207/207 234/234/234
f 207/207/207 235/235/235 234/234/234
f 207/207/207 208/208/208 235/235/235
f 208/208/208 236/236/236 235/235/235
f 208/208/208 209/209/209 236/236/236
f 209/209/209 237/237/237 236/236/236
f 209/209/209 210/210/210 237/237/237
f 210/210/210 238/238/238 237/237/237
f 210/210/210 211/211/211 238/238/238
f 211/211/211 239/239/239 238/238/238
f 211/211/211 212/212/212 239/239/239
f 212/212/212 240/240/240 239/239/239
f 212/212/212 213/213/213 240/240/240
f 213/213/213 241/241/241 240/240/240
f 213/213/213 214/214/214 241/241/241
f 214/214/214 242/242/242 241/241/241
f 214/214/214 215/215/215 242/242/242
f 215/215/215 243/243/243 242/242/242
f 215/215/215 216/216/216 243/243/243
f 216/216/216 244/244/244 243/243/243
f 216/216/216 217/217/217 244/244/244
f 217/217/217 245/245/245 244/244/244
f 217/217/217 218/218/218 245/245/245
f 218/218/218 246/246/246 245/245/245
f 218/218/218 219/219/219 246/246/246
f 219/219/219 247/247/247 246/246/246
f 219/219/219 220/220/220 247/247/247
f 220/220/220 248/248/248 247/247/247
f 220/220/220 221/221/221 248/248/248
f 221/221/221 249/249/249 248/248/248
f 221/221/221 222/222/222 249/249/249
f 222/222/222 250/250/250 249/249/249
f 222/222/222 223/223/223 250/250/250
f 223/223/223 251/251/251 250/250/250
f 223/223/223 224/224/224 251/251/251
f 224/224/224 252/252/252 251/251/251
f 224/224/224 197/197/197 252/252/252
f 197/197/197 225/225/225 252/252/252
f 225/225/225 226/226/226 253/253/253
f 226/226/226 254/254/254 253/253/253
f 226/226/226 227/227/227 254/254/254
f 227/227/227 255/255/255 254/254/254
f 227/227/227 228/228/228 255/255/255
f 228/228/228 256/256/256 255/255/255
f 228/228/228 229/229/229 256/256/256
f 229/229/229 257/257/257 256/256/256
f 229/229/229 230/230/230 257/257/257
f 230/230/230 258/258/258 257/257/257
f 230/230/230 231/231/231 258/258/258
f 231/231/231 259/259/259 258/258/258
f 231/231/231 232/232/232 259/259/259
f 232/232/232 260/260/260 259/259/259
f 232/232/232 233/233/233 260/260/260
f 233/233/233 261/261/261 260/260/260
f 233/233/233 234/234/234 261/261/261
f 234/234/234 262/262/262 261/261/261
f 234/234/234 235/235/235 262/262/262
f 235/235/235 263/263/263 262/262/262
f 235/235/235 236/236/236 263/263/263
f 236/236/236 264/264/264 263/263/263
f 236/236/236 237/237/237 264/264/264
f 237/237/237 265/265/265 264/264/264
f 237/237/237 238/238/238 265/265/265
f 238/238/238 266/266/266 265/265/265
f 238/238/238 239/239/239 266/266/266
f 239/239/239 267/267/267 266/266/266
f 239/239/239 240/240/240 267/267/267
f 240/240/240 268/268/268 267/267/267
f 240/240/240 241/241/241 268/268/268
f 241/241/241 269/269/269 268/268/268
f 241/241/241 242/242/242 269/269/269
f 242/242/242 270/270/270 269/269/269
f 242/242/242 243/243/243 270/270/270
f 243/243/243 271/271/271 270/270/270
f 243/243/243 244/244/244 271/271/271
f 244/244/244 272/272/272 271/271/271
f 244/244/244 245/245/245 272/272/272
f 245/245/245 273/273/273 272/272/272
f 245/245/245 246/246/246 273/273/273
f 246/246/246 274/274/274 273/273/273
f 246/246/246 247/247/247 274/274/274
f 247/247/247 275/275/275 274/274/274
f 247/247/247 248/248/248 275/275/275
f 248/248/248 276/276/276 275/275/275
f 248/248/248 249/249/249 276/276/276
f 249/249/249 277/277/277 276/276/276
f 249/249/249 250/250/250 277/277/277
f 250/250/250 278/278/278 277/277/277
f 250/250/250 251/251/251 278/278/278
f 251/251/251 279/279/279 278/278/278
f 251/251/251 252/252/252 279/279/279
f 252/252/252 280/280/280 279/279/279
f 252/252/252 225/225/225 280/280/280
f 225/225/225 253/253/253 280/280/280
f 253/253/253 254/254/254 281/281/281
f 254/254/254 282/282/282 281/281/281
f 254/254/254 255/255/255 282/282/282
f 255/255/255 283/283/283 282/282/282
f 255/255/255 256/256/256 283/283/283
f 256/256/256 284/284/284 283/283/283
f 256/256/256 257/257/257 284/284/284
f 257/257/257 285/285/285 284/284/284
f 257/257/257 258/258/258 285/285/285
f 258/258/258 286/286/286 285/285/285
f 258/258/258 259/259/259 286/286/286
f 259/259/259 287/287/287 286/286/286
f 259/259/259 260/260/260 287/287/287
f 260/260/260 288/288/288 287/287/287
f 260/260/260 261/261/261 288/288/288
f 261/261/261 289/289/289 288/288/288
f 261/261/261 262/262/262 289/289/289
f 262/262/262 290/290/290 289/289/289
f 262/262/262 263/263/263 290/290/290
f 263/263/263 291/291/291 290/290/290
f 263/263/263 264/264/264 291/291/291
f 264/264/264 292/292/292 291/291/291
f 264/264/264 265/265/265 292/292/292
f 265/265/265 293/293/293 292/292/292
f 265/265/265 266/266/266 293/293/293
f 266/266/266 294/294/294 293/293/293
f 266/266/266 267/267/267 294/294/294
f 267/267/267 295/295/295 294/294/294
f 267/267/267 268/268/268 295/295/295
f 268/268/268 296/296/296 295/295/295
f 268/268/268 269/269/269 296/296/296
f 269/269/269 297/297/297 296/296/296
f 269/269/269 270/270/270 297/297/297
f 270/270/270 298/298/298 297/297/297
f 270/270/270 271/271/271 298/298/298
f 271/271/271 299/299/299 298/298/298
f 271/271/271 272/272/272 299/299/299
f 272/272/272 300/300/300 299/299/299
f 272/272/272 273/273/273 300/300/300
f 273/273/273 301/301/301 300/300/300
f 273/273/273 274/274/274 301/301/301
f 274/274/274 302/302/302 301/301/301
f 274/274/274 275/275/275 302/302/302
f 275/275/275 303/303/303 302/302/302
f 275/275/275 276/276/276 303/303/303
f 276/276/276 304/304/304 303/303/303
f 276/276/276 277/277/277 304/304/304
f 277/277/277 305/305/305 304/304/304
f 277/277/277 278/278/278 305/305/305
f 278/278/278 306/306/306 305/305/305
f 278/278/278 279/279/279 306/306/306
f 279/279/279 307/307/307 306/306/306
f 279/279/279 280/280/280 307/307/307
f 280/280/280 308/308/308 307/307/307
f 280/280/280 253/253/253 308/308/308
f 253/253/253 281/281/281 308/308/308
f 281/281/281 282/282/282 309/309/309
f 282/282/282 310/310/310 309/309/309
f 282/282/282 283/283/283 310/310/310
f 283/283/283 311/311/311 310/310/310
f 283/283/283 284/284/284 311/311/311
f 284/284/284 312/312/312 311/311/311
f 284/284/284 285/285/285 312/312/312
f 285/285/285 313/313/313 312/312/312
f 285/285/285 286/286/286 313/313/313
f 286/286/286 314/314/314 313/313/313
f 286/286/286 287/287/287 314/314/314
f 287/287/287 315/315/315 314/314/314
f 287/287/287 288/288/288 315/315/315
f 288/288/288 316/316/316 315/315/315
f 288/288/288 289/289/289 316/316/316
f 289/289/289 317/317/317 316/316/316
f 289/289/289 290/290/290 317/317/317
f 290/290/290 318/318/318 317/317/317
f 290/290/290 291/291/291 318/318/318
f 291/291/291 319/319/319 318/318/318
f 291/291/291 292/292/292 319/319/319
f 292/292/292 320/320/320 319/319/319
f 292/292/292 293/293/293 320/320/320
f 293/293/293 321/321/321 320/320/320
f 293/293/293 294/294/294 321/321/321
f 294/294/294 322/322/322 321/321/321
f 294/294/294 295/295/295 322/322/322
f 295/295/295 323/323/323 322/322/322
f 295/295/295 296/296/296 323/323/323
f 296/296/296 324/324/324 323/323/323
f 296/296/296 297/297/297 324/324/324
f 297/297/297 325/325/325 324/324/324
f 297/297/297 298/298/298 325/325/325
f 298/298/298 326/326/326 325/325/325
f 298/298/298 299/299/299 326/326/326
f 299/299/299 327/327/327 326/326/326
f 299/299/299 300/300/300 327/327/327
f 300/300/300 328/328/328 327/327/327
f 300/300/300 301/301/301 328/328/328
f 301/301/301 329/329/329 328/328/328
f 301/301/301 302/302/302 329/329/329
f 302/302/302 330/330/330 329/329/329
f 302/302/302 303/303/303 330/330/330
f 303/303/303 331/331/331 330/330/330
f 303/303/303 304/304/304 331/331/331
f 304/304/304 332/332/332 331/331/331
f 304/304/304 305/305/305 332/332/332
f 305/305/305 333/333/333 332/332/332
f 305/305/305 306/306/306 333/333/333
f 306/306/306 334/334/334 333/333/333
f 306/306/306 307/307/307 334/334/334
f 307/307/307 335/335/335 334/334/334
f 307/307/307 308/308/308 335/335/335
f 308/308/308 336/336/336 335/335/335
f 308/308/308 281/281/281 336/336/336
f 281/281/281 309/309/309 336/336/336
f 309/309/309 310/310/310 337/337/337
f 310/310/310 338/338/338 337/337/337
f 310/310/310 311/311/311 338/338/338
f 311/311/311 339/339/339 338/338/338
f 311/311/311 312/312/312 339/339/339
f 312/312/312 340/340/340 339/339/339
f 312/312/312 313/313/313 340/340/340
f 313/313/313 341/341/341 340/340/340
f 313/313/313 314/314/314 341/341/341
f 314/314/314 342/342/342 341/341/341
f 314/314/314 315/315/315 342/342/342
f 315/315/315 343/343/343 342/342/342
f 315/315/315 316/316/316 343/343/343
f 316/316/316 344/344/344 343/343/343
f 316/316/316 317/317/317 344/344/344
f 317/317/317 345/345/345 344/344/344
f 317/317/317 318/318/318 345/345/345
f 318/318/318 346/346/346 345/345/345
f 318/318/318 319/319/319 346/346/346
f 319/319/319 347/347/347 346/346/346
f 319/319/319 320/320/320 347/347/347
f 320/320/320 348/348/348 347/347/347
f 320/320/320 321/321/321 348/348/348
f 321/321/321 349/349/349 348/348/348
f 321/321/321 322/322/322 349/349/349
f 322/322/322 350/350/350 349/349/349
f 322/322/322 323/323/323 350/350/350
f 323/323/323 351/351/351 350/350/350
f 323/323/323 324/324/324 351/351/351
f 324/324/324 352/352/352 351/351/351
f 324/324/324 325/325/325 352/352/352
f 325/325/325 353/353/353 352/352/352
f 325/325/325 326/326/326 353/353/353
f 326/326/326 354/354/354 353/353/353
f 326/326/326 327/327/327 354/354/354
f 327/327/327 355/355/355 354/354/354
f 327/327/327 328/328/328 355/355/355
f 328/328/328 356/356/356 355/355/355
f 328/328/328 329/329/329 356/356/356
f 329/329/329 357/357/357 356/356/356
f 329/329/329 330/330/330 357/357/357
f 330/330/330 358/358/358 357/357/357
f 330/330/330 331/331/331 358/358/358
f 331/331/331 359/359/359 358/358/358
f 331/331/331 332/332/332 359/359/359
f 332/332/332 360/360/360 359/359/359
f 332/332/332 333/333/333 360/360/360
f 333/333/333 361/361/361 360/360/360
f 333/333/333 334/334/334 361/361/361
f 334/334/334 362/362/362 361/361/361
f 334/334/334 335/335/335 362/362/362
f 335/335/335 363/363/363 362/362/362
f 335/335/335 336/336/336 363/363/363
f 336/336/336 364/364/364 363/363/363
f 336/336/336 309/309/309 364/364/364
f 309/309/309 337/337/337 364/364/364
f 337/337/337 338/338/338 365/365/365
f 338/338/338 366/366/366 365/365/365
f 338/338/338 339/339/339 366/366/366
f 339/339/339 367/367/367 366/366/366
f 339/339/339 340/340/340 367/367/367
f 340/340/340 368/368/368 367/367/367
f 340/340/340 341/341/341 368/368/368
f 341/341/341 369/369/369 368/368/368
f 341/341/341 342/342/342 369/369/369
f 342/342/342 370/370/370 369/369/369
f 342/342/342 343/343/343 370/370/370
f 343/343/343 371/371/371 370/370/370
f 343/343/343 344/344/344 371/371/371
f 344/344/344 372/372/372 371/371/371
f 344/344/344 345/345/345 372/372/372
f 345/345/345 373/373/373 372/372/372
f 345/345/345 346/346/346 373/373/373
f 346/346/346 374/374/374 373/373/373
f 346/346/346 347/347/347 374/374/374
f 347/347/347 375/375/375 374/374/374
f 347/347/347 348/348/348 375/375/375
f 348/348/348 376/376/376 375/375/375
f 348/348/348 349/349/349 376/376/376
f 349/349/349 377/377/377 376/376/376
f 349/349/349 350/350/350 377/377/377
f 350/350/350 378/378/378 377/377/377
f 350/350/350 351/351/351 378/378/378
f 351/351/351 379/379/379 378/378/378
f 351/351/351 352/352/352 379/379/379
f 352/352/352 380/380/380 379/379/379
f 352/352/352 353/353/353 380/380/380
f 353/353/353 381/381/381 380/380/380
f 353/353/353 354/354/354 381/381/381
f 354/354/354 382/382/382 381/381/381
f 354/354/354 355/355/355 382/382/382
f 355/355/355 383/383/383 382/382/382
f 355/355/355 356/356/356 383/383/383
f 356/356/356 384/384/384 383/383/383
f 356/356/356 357/357/357 384/384/384
f 357/357/357 385/385/385 384/384/384
f 357/357/357 358/358/358 385/385/385
f 358/358/358 386/386/386 385/385/385
f 358/358/358 359/359/359 386/386/386
f 359/359/359 387/387/387 386/386/386
f 359/359/359 360/360/360 387/387/387
f 360/360/360 388/388/388 387/387/387
f 360/360/360 361/361/361 388/388/388
f 361/361/361 389/389/389 388/388/388
f 361/361/361 362/362/362 389/389/389
f 362/362/362 390/390/390 389/389/389
f 362/362/362 363/363/363 390/390/390
f 363/363/363 391/391/391 390/390/390
f 363/363/363 364/364/364 391/391/391
f 364/364/364 392/392/392 391/391/391
f 364/364/364 337/337/337 392/392/392
f 337/337/337 365/365/365 392/392/392
f 365/365/365 366/366/366 393/393/393
f 366/366/366 394/394/394 393/393/393
f 366/366/366 367/367/367 394/394/394
f 367/367/367 395/395/395 394/394/394
f 367/367/367 368/368/368 395/395/395
f 368/368/368 396/396/396 395/395/395
f 368/368/368 369/369/369 396/396/396
f 369/369/369 397/397/397 396/396/396
f 369/369/369 370/370/370 397/397/397
f 370/370/370 398/398/398 397/397/397
f 370/370/370 371/371/371 398/398/398
f 371/371/371 399/399/399 398/398/398
f 371/371/371 372/372/372 399/399/399
f 372/372/372 400/400/400 399/399/399
f 372/372/372 373/373/373 400/400/400
f 373/373/373 401/401/401 400/400/400
f 373/373/373 374/374/374 401/401/401
f 374/374/374 402/402/402 401/401/401
f 374/374/374 375/375/375 402/402/402
f 375/375/375 403/403/403 402/402/402
f 375/375/375 376/376/376 403/403/403
f 376/376/376 404/404/404 403/403/403
f 376/376/376 377/377/377 404/404/404
f 377/377/377 405/405/405 404/404/404
f 377/377/377 378/378/378 405/405/405
f 378/378/378 406/406/406 405/405/405
f 378/378/378 379/379/379 406/406/406
f 379/379/379 407/407/407 406/406/406
f 379/379/379 380/380/380 407/407/407
f 380/380/380 408/408/408 407/407/407
f 380/380/380 381/381/381 408/408/408
f 381/381/381 409/409/409 408/408/408
f 381/381/381 382/382/382 409/409/409
f 382/382/382 410/410/410 409/409/409
f 382/382/382 383/383/383 410/410/410
f 383/383/383 411/411/411 410/410/410
f 383/383/383 384/384/384 411/411/411
f 384/384/384 412/412/412 411/411/411
f 384/384/384 385/385/385 412/412/412
f 385/385/385 413/413/413 412/412/412
f 385/385/385 386/386/386 413/413/413
f 386/386/386 414/414/414 413/413/413
f 386/386/386 387/387/387 414/414/414
f 387/387/387 415/415/415 414/414/414
f 387/387/387 388/388/388 415/415/415
f 388/388/388 416/416/416 415/415/415
f 388/388/388 389/389/389 416/416/416
f 389/389/389 417/417/417 416/416/416
f 389/389/389 390/390/390 417/417/417
f 390/390/390 418/418/418 417/417/417
f 390/390/390 391/391/391 418/418/418
f 391/391/391 419/419/419 418/418/418
f 391/391/391 392/392/392 419/419/419
f 392/392/392 420/420/420 419/419/419
f 392/392/392 365/365/365 420/420/420
f 365/365/365 393/393/393 420/420/420
f 393/393/393 394/394/394 421/421/421
f 394/394/394 422/422/422 421/421/421
f 394/394/394 395/395/395 422/422/422
f 395/395/395 423/423/423 422/422/422
f 395/395/395 396/396/396 423/423/423
f 396/396/396 424/424/424 423/423/423
f 396/396/396 397/397/397 424/424/424
f 397/397/397 425/425/425 424/424/424
f 397/397/397 398/398/398 425/425/425
f 398/398/398 426/426/426 425/425/425
f 398/398/398 399/399/399 426/426/426
f 399/399/399 427/427/427 426/426/426
f 399/399/399 400/400/400 427/427/427
f 400/400/400 428/428/428 427/427/427
f 400/400/400 401/401/401 428/428/428
f 401/401/401 429/429/429 428/428/428
f 401/401/401 402/402/402 429/429/429
f 402/402/402 430/430/430 429/429/429
f 402/402/402 403/403/403 430/430/430
f 403/403/403 431/431/431 430/430/430
f 403/403/403 404/404/404 431/431/431
f 404/404/404 432/432/432 431/431/431
f 404/404/404 405/405/405 432/432/432
f 405/405/405 433/433/433 432/432/432
f 405/405/405 406/406/406 433/433/433
f 406/406/406 434/434/434 433/433/433
f 406/406/406 407/407/407 434/434/434
f 407/407/407 435/435/435 434/434/434
f 407/407/407 408/408/408 435/435/435
f 408/408/408 436/436/436 435/435/435
f 408/408/408 409/409/409 436/436/436
f 409/409/409 437/437/437 436/436/436
f 409/409/409 410/410/410 437/437/437
f 410/410/410 438/438/438 437/437/437
f 410/410/410 411/411/411 438/438/438
f 411/411/411 439/439/439 438/438/438
f 411/411/411 412/412/412 439/439/439
f 412/412/412 440/440/440 439/439/439
f 412/412/412 413/413/413 440/440/440
f 413/413/413 441/441/441 440/440/440
f 413/413/413 414/414/414 441/441/441
f 414/414/414 442/442/442 441/441/441
f 414/414/414 415/415/415 442/442/442
f 415/415/415 443/443/443 442/442/442
f 415/415/415 416/416/416 443/443/443
f 416/416/416 444/444/444 443/443/443
f 416/416/416 417/417/417 444/444/444
f 417/417/417 445/445/445 444/444/444
f 417/417/417 418/418/418 445/445/445
f 418/418/418 446/446/446 445/445/445
f 418/418/418 419/419/419 446/446/446
f 419/419/419 447/447/447 446/446/446
f 419/419/419 420/420/420 447/447/447
f 420/420/420 448/448/448 447/447/447
f 420/420/420 393/393/393 448/448/448
f 393/393/393 421/421/421 448/448/448
f 421/421/421 422/422/422 449/449/449
f 422/422/422 450/450/450 449/449/449
f 422/422/422 423/423/423 450/450/450
f 423/423/423 451/451/451 450/450/450
f 423/423/423 424/424/424 451/451/451
f 424/424/424 452/452/452 451/451/451
f 424/424/424 425/425/425 452/452/452
f 425/425/425 453/453/453 452/452/452
f 425/425/425 426/426/426 453/453/453
f 426/426/426 454/454/454 453/453/453
f 426/426/426 427/427/427 454/454/454
f 427/427/427 455/455/455 454/454/454
f 427/427/427 428/428/428 455/455/455
f 428/428/428 456/456/456 455/455/455
f 428/428/428 429/429/429 456/456/456
f 429/429/429 457/457/457 456/456/456
f 429/429/429 430/430/430 457/457/457
f 430/430/430 458/458/458 457/457/457
f 430/430/430 431/431/431 458/458/458
f 431/431/431 459/459/459 458/458/458
f 431/431/431 432/432/432 459/459/459
f 432/432/432 460/460/460 459/459/459
f 432/432/432 433/433/433 460/460/460
f 433/433/433 461/461/461 460/460/460
f 433/433/433 434/434/434 461/461/461
f 434/434/434 462/462/462 461/461/461
f 434/434/434 435/435/435 462/462/462
f 435/435/435 463/463/463 462/462/462
f 435/435/435 436/436/436 463/463/463
f 436/436/436 464/464/464 463/463/463
f 436/436/436 437/437/437 464/464/464
f 437/437/437 465/465/465 464/464/464
f 437/437/437 438/438/438 465/465/465
f 438/438/438 466/466/466 465/465/465
f 438/438/438 439/439/439 466/466/466
f 439/439/439 467/467/467 466/466/466
f 439/439/439 440/440/440 467/467/467
f 440/440/440 468/468/468 467/467/467
f 440/440/440 441/441/441 468/468/468
f 441/441/441 469/469/469 468/468/468
f 441/441/441 442/442/442 469/469/469
f 442/442/442 470/470/470 469/469/469
f 442/442/442 443/443/443 470/470/470
f 443/443/443 471/471/471 470/470/470
f 443/443/443 444/444/444 471/471/471
f 444/444/444 472/472/472 471/471/471
f 444/444/444 445/445/445 472/472/472
f 445/445/445 473/473/473 472/472/472
f 445/445/445 446/446/446 473/473/473
f 446/446/446 474/474/474 473/473/473
f 446/446/446 447/447/447 474/474/474
f 447/447/447 475/475/475 474/474/474
f 447/447/447 448/448/448 475/475/475
f 448/448/448 476/476/476 475/475/475
f 448/448/448 421/421/421 476/476/476
f 421/421/421 449/449/449 476/476/476
f 449/449/449 450/450/450 477/477/477
f 450/450/450 478/478/478 477/477/477
f 450/450/450 451/451/451 478/478/478
f 451/451/451 479/479/479 478/478/478
f 451/451/451 452/452/452 479/479/479
f 452/452/452 480/480/480 479/479/479
f 452/452/452 453/453/453 480/480/480
f 453/453/453 481/481/481 480/480/480
f 453/453/453 454/454/454 481/481/481
f 454/454/454 482/482/482 481/481/481
f 454/454/454 455/455/455 482/482/482
f 455/455/455 483/483/483 482/482/482
f 455/455/455 456/456/456 483/483/483
f 456/456/456 484/484/484 483/483/483
f 456/456/456 457/457/457 484/484/484
f 457/457/457 485/485/485 484/484/484
f 457/457/457 458/458/458 485/485/485
f 458/458/458 486/486/486 485/485/485
f 458/458/458 459/459/459 486/486/486
f 459/459/459 487/487/487 486/486/486
f 459/459/459 460/460/460 487/487/487
f 460/460/460 488/488/488 487/487/487
f 460/460/460 461/461/461 488/488/488
f 461/461/461 489/489/489 488/488/488
f 461/461/461 462/462/462 489/489/489
f 462/462/462 490/490/490 489/489/489
f 462/462/462 463/463/463 490/490/490
f 463/463/463 491/491/491 490/490/490
f 463/463/463 464/464/464 491/491/491
f 464/464/464 492/492/492 491/491/491
f 464/464/464 465/465/465 492/492/492
f 465/465/465 493/493/493 492/492/492
f 465/465/465 466/466/466 493/493/493
f 466/466/466 494/494/494 493/493/493
f 466/466/466 467/467/467 494/494/494
f 467/467/467 495/495/495 494/494/494
f 467/467/467 468/468/468 495/495/495
f 468/468/468 496/496/496 495/495/495
f 468/468/468 469/469/469 496/496/496
f 469/469/469 497/497/497 496/496/496
f 469/469/469 470/470/470 497/497/497
f 470/470/470 498/498/498 497/497/497
f 470/470/470 471/471/471 498/498/498
f 471/471/471 499/499/499 498/498/498
f 471/471/471 472/472/472 499/499/499
f 472/472/472 500/500/500 499/499/499
f 472/472/472 473/473/473 500/500/500
f 473/473/473 501/501/501 500/500/500
f 473/473/473 474/474/474 501/501/501
f 474/474/474 502/502/502 501/501/501
f 474/474/474 475/475/475 502/502/502
f 475/475/475 503/503/503 502/502/502
f 475/475/475 476/476/476 503/503/503
f 476/476/476 504/504/504 503/503/503
f 476/476/476 449/449/449 504/504/504
f 449/449/449 477/477/477 504/504/504
f 477/477/477 478/478/478 505/505/505
f 478/478/478 506/506/506 505/505/505
f 478/478/478 479/479/479 506/506/506
f 479/479/479 507/507/507 506/506/506
f 479/479/479 480/480/480 507/507/507
f 480/480/480 508/508/508 507/507/507
f 480/480/480 481/481/481 508/508/508
f 481/481/481 509/509/509 508/508/508
f 481/481/481 482/482/482 509/509/509
f 482/482/482 510/510/510 509/509/509
f 482/482/482 483/483/483 510/510/510
f 483/483/483 511/511/511 510/510/510
f 483/483/483 484/484/484 511/511/511
f 484/484/484 512/512/512 511/511/511
f 484/484/484 485/485/485 512/512/512
f 485/485/485 513/513/513 512/512/512
f 485/485/485 486/486/486 513/513/513
f 486/486/486 514/514/514 513/513/513
f 486/486/486 487/487/487 514/514/514
f 487/487/487 515/515/515 514/514/514
f 487/487/487 488/488/488 515/515/515
f 488/488/488 516/516/516 515/515/515
f 488/488/488 489/489/489 516/516/516
f 489/489/489 517/517/517 516/516/516
f 489/489/489 490/490/490 517/517/517
f 490/490/490 518/518/518 517/517/517
f 490/490/490 491/491/491 518/518/518
f 491/491/491 519/519/519 518/518/518
f 491/491/491 492/492/492 519/519/519
f 492/492/492 520/520/520 519/519/519
f 492/492/492 493/493/493 520/520/520
f 493/493/493 521/521/521 520/520/520
f 493/493/493 494/494/494 521/521/521
f 494/494/494 522/522/522 521/521/521
f 494/494/494 495/495/495 522/522/522
f 495/495/495 523/523/523 522/522/522
f 495/495/495 496/496/496 523/523/523
f 496/496/496 524/524/524 523/523/523
f 496/496/496 497/497/497 524/524/524
f 497/497/497 525/525/525 524/524/524
f 497/497/497 498/498/498 525/525/525
f 498/498/498 526/526/526 525/525/525
f 498/498/498 499/499/499 526/526/526
f 499/499/499 527/527/527 526/526/526
f 499/499/499 500/500/500 527/527/527
f 500/500/500 528/528/528 527/527/527
f 500/500/500 501/501/501 528/528/528
f 501/501/501 529/529/529 528/528/528
f 501/501/501 502/502/502 529/529/529
f 502/502/502 530/530/530 529/529/529
f 502/502/502 503/503/503 530/530/530
f 503/503/503 531/531/531 530/530/530
f 503/503/503 504/504/504 531/531/531
f 504/504/504 532/532/532 531/531/531
f 504/504/504 477/477/477 532/532/532
f 477/477/477 505/505/505 532/532/532
f 505/505/505 506/506/506 533/533/533
f 506/506/506 534/534/534 533/533/533
f 506/506/506 507/507/507 534/534/534
f 507/507/507 535/535/535 534/534/534
f 507/507/507 508/508/508 535/535/535
f 508/508/508 536/536/536 535/535/535
f 508/508/508 509/509/509 536/536/536
f 509/509/509 537/537/537 536/536/536
f 509/509/509 510/510/510 537/537/537
f 510/510/510 538/538/538 537/537/537
f 510/510/510 511/511/511 538/538/538
f 511/511/511 539/539/539 538/538/538
f 511/511/511 512/512/512 539/539/539
f 512/512/512 540/540/540 539/539/539
f 512/512/512 513/513/513 540/540/540
f 513/513/513 541/541/541 540/540/540
f 513/513/513 514/514/514 541/541/541
f 514/514/514 542/542/542 541/541/541
f 514/514/514 515/515/515 542/542/542
f 515/515/515 543/543/543 542/542/542
f 515/515/515 516/516/516 543/543/543
f 516/516/516 544/544/544 543/543/543
f 516/516/516 517/517/517 544/544/544
f 517/517/517 545/545/545 544/544/544
f 517/517/517 518/518/518 545/545/545
f 518/518/518 546/546/546 545/545/545
f 518/518/518 519/519/519 546/546/546
f 519/519/519 547/547/547 546/546/546
f 519/519/519 520/520/520 547/547/547
f 520/520/520 548/548/548 547/547/547
f 520/520/520 521/521/521 548/548/548
f 521/521/521 549/549/549 548/548/548
f 521/521/521 522/522/522 549/549/549
f 522/522/522 550/550/550 549/549/549
f 522/522/522 523/523/523 550/550/550
f 523/523/523 551/551/551 550/550/550
f 523/523/523 524/524/524 551/551/551
f 524/524/524 552/552/552 551/551/551
f 524/524/524 525/525/525 552/552/552
f 525/525/525 553/553/553 552/552/552
f 525/525/525 526/526/526 553/553/553
f 526/526/526 554/554/554 553/553/553
f 526/526/526 527/527/527 554/554/554
f 527/527/527 555/555/555 554/554/554
f 527/527/527 528/528/528 555/555/555
f 528/528/528 556/556/556 555/555/555
f 528/528/528 529/529/529 556/556/556
f 529/529/529 557/557/557 556/556/556
f 529/529/529 530/530/530 557/557/557
f 530/530/530 558/558/558 557/557/557
f 530/530/530 531/531/531 558/558/558
f 531/531/531 559/559/559 558/558/558
f 531/531/531 532/532/532 559/559/559
f 532/532/532 560/560/560 559/559/559
f 532/532/532 505/505/505 560/560/560
f 505/505/505 533/533/533 560/560/560
f 533/533/533 534/534/534 561/561/561
f 534/534/534 562/562/562 561/561/561
f 534/534/534 535/535/535 562/562/562
f 535/535/535 563/563/563 562/562/562
f 535/535/535 536/536/536 563/563/563
f 536/536/536 564/564/564 563/563/563
f 536/536/536 537/537/537 564/564/564
f 537/537/537 565/565/565 564/564/564
f 537/537/537 538/538/538 565/565/565
f 538/538/538 566/566/566 565/565/565
f 538/538/538 539/539/539 566/566/566
f 539/539/539 567/567/567 566/566/566
f 539/539/539 540/540/540 567/567/567
f 540/540/540 568/568/568 567/567/567
f 540/540/540 541/541/541 568/568/568
f 541/541/541 569/569/569 568/568/568
f 541/541/541 542/542/542 569/569/569
f 542/542/542 570/570/570 569/569/569
f 542/542/542 543/543/543 570/570/570
f 543/543/543 571/571/571 570/570/570
f 543/543/543 544/544/544 571/571/571
f 544/544/544 572/572/572 571/571/571
f 544/544/544 545/545/545 572/572/572
f 545/545/545 573/573/573 572/572/572
f 545/545/545 546/546/546 573/573/573
f 546/546/546 574/574/574 573/573/573
f 546/546/546 547/547/547 574/574/574
f 547/547/547 575/575/575 574/574/574
f 547/547/547 548/548/548 575/575/575
f 548/548/548 576/576/576 575/575/575
f 548/548/548 549/549/549 576/576/576
f 549/549/549 577/577/577 576/576/576
f 549/549/549 550/550/550 577/577/577
f 550/550/550 578/578/578 577/577/577
f 550/550/550 551/551/551 578/578/578
f 551/551/551 579/579/579 578/578/578
f 551/551/551 552/552/552 579/579/579
f 552/552/552 580/580/580 579/579/579
f 552/552/552 553/553/553 580/580/580
f 553/553/553 581/581/581 580/580/580
f 553/553/553 554/554/554 581/581/581
f 554/554/554 582/582/582 581/581/581
f 554/554/554 555/555/555 582/582/582
f 555/555/555 583/583/583 582/582/582
f 555/555/555 556/556/556 583/583/583
f 556/556/556 584/584/584 583/583/583
f 556/556/556 557/557/557 584/584/584
f 557/557/557 585/585/585 584/584/584
f 557/557/557 558/558/558 585/585/585
f 558/558/558 586/586/586 585/585/585
f 558/558/558 559/559/559 586/586/586
f 559/559/559 587/587/587 586/586/586
f 559/559/559 560/560/560 587/587/587
f 560/560/560 588/588/588 587/587/587
f 560/560/560 533/533/533 588/588/588
f 533/533/533 561/561/561 588/588/588
f 561/561/561 562/562/562 589/589/589
f 562/562/562 590/590/590 589/589/589
f 562/562/562 563/563/563 590/590/590
f 563/563/563 591/591/591 590/590/590
f 563/563/563 564/564/564 591/591/591
f 564/564/564 592/592/592 591/591/591
f 564/564/564 565/565/565 592/592/592
f 565/565/565 593/593/593 592/592/592
f 565/565/565 566/566/566 593/593/593
f 566/566/566 594/594/594 593/593/593
f 566/566/566 567/567/567 594/594/594
f 567/567/567 595/595/595 594/594/594
f 567/567/567 568/568/568 595/595/595
f 568/568/568 596/596/596 595/595/595
f 568/568/568 569/569/569 596/596/596
f 569/569/569 597/597/597 596/596/596
f 569/569/569 570/570/570 597/597/597
f 570/570/570 598/598/598 597/597/597
f 570/570/570 571/571/571 598/598/598
f 571/571/571 599/599/599 598/598/598
f 571/571/571 572/572/572 599/599/599
f 572/572/572 600/600/600 599/599/599
f 572/572/572 573/573/573 600/600/600
f 573/573/573 601/601/601 600/600/600
f 573/573/573 574/574/574 601/601/601
f 574/574/574 602/602/602 601/601/601
f 574/574/574 575/575/575 602/602/602
f 575/575/575 603/603/603 602/602/602
f 575/575/575 576/576/576 603/603/603
f 576/576/576 604/604/604 603/603/603
f 576/576/576 577/577/577 604/604/604
f 577/577/577 605/605/605 604/604/604
f 577/577/577 578/578/578 605/605/605
f 578/578/578 606/606/606 605/605/605
f 578/578/578 579/579/579 606/606/606
f 579/579/579 607/607/607 606/606/606
f 579/579/579 580/580/580 607/607/607
f 580/580/580 608/608/608 607/607/607
f 580/580/580 581/581/581 608/608/608
f 581/581/581 609/609/609 608/608/608
f 581/581/581 582/582/582 609/609/609
f 582/582/582 610/610/610 609/609/609
f 582/582/582 583/583/583 610/610/610
f 583/583/583 611/611/611 610/610/610
f 583/583/583 584/584/584 611/611/611
f 584/584/584 612/612/612 611/611/611
f 584/584/584 585/585/585 612/612/612
f 585/585/585 613/613/613 612/612/612
f 585/585/585 586/586/586 613/613/613
f 586/586/586 614/614/614 613/613/613
f 586/586/586 587/587/587 614/614/614
f 587/587/587 615/615/615 614/614/614
f 587/587/587 588/588/588 615/615/615
f 588/588/588 616/616/616 615/615/615
f 588/588/588 561/561/561 616/616/616
f 561/561/561 589/589/589 616/616/616
f 589/589/589 590/590/590 617/617/617
f 590/590/590 618/618/618 617/617/617
f 590/590/590 591/591/591 618/618/618
f 591/591/591 619/619/619 618/618/618
f 591/591/591 592/592/592 619/619/619
f 592/592/592 620/620/620 619/619/619
f 592/592/592 593/593/593 620/620/620
f 593/593/593 621/621/621 620/620/620
f 593/593/593 594/594/594 621/621/621
f 594/594/594 622/622/622 621/621/621
f 594/594/594 595/595/595 622/622/622
f 595/595/595 623/623/623 622/622/622
f 595/595/595 596/596/596 623/623/623
f 596/596/596 624/624/624 623/623/623
f 596/596/596 597/597/597 624/624/624
f 597/597/597 625/625/625 624/624/624
f 597/597/597 598/598/598 625/625/625
f 598/598/598 626/626/626 625/625/625
f 598/598/598 599/599/599 626/626/626
f 599/599/599 627/627/627 626/626/626
f 599/599/599 600/600/600 627/627/627
f 600/600/600 628/628/628 627/627/627
f 600/600/600 601/601/601 628/628/628
f 601/601/601 629/629/629 628/628/628
f 601/601/601 602/602/602 629/629/629
f 602/602/602 630/630/630 629/629/629
f 602/602/602 603/603/603 630/630/630
f 603/603/603 631/631/631 630/630/630
f 603/603/603 604/604/604 631/631/631
f 604/604/604 632/632/632 631/631/631
f 604/604/604 605/605/605 632/632/632
f 605/605/605 633/633/633 632/632/632
f 605/605/605 606/606/606 633/633/633
f 606/606/606 634/634/634 633/633/633
f 606/606/606 607/607/607 634/634/634
f 607/607/607 635/635/635 634/634/634
f 607/607/607 608/608/608 635/635/635
f 608/608/608 636/636/636 635/635/635
f 608/608/608 609/609/609 636/636/636
f 609/609/609 637/637/637 636/636/636
f 609/609/609 610/610/610 637/637/637
f 610/610/610 638/638/638 637/637/637
f 610/610/610 611/611/611 638/638/638
f 611/611/611 639/639/639 638/638/638
f 611/611/611 612/612/612 639/639/639
f 612/612/612 640/640/640 639/639/639
f 612/612/612 613/613/613 640/640/640
f 613/613/613 641/641/641 640/640/640
f 613/613/613 614/614/614 641/641/641
f 614/614/614 642/642/642 641/641/641
f 614/614/614 615/615/615 642/642/642
f 615/615/615 643/643/643 642/642/642
f 615/615/615 616/616/616 643/643/643
f 616/616/616 644/644/644 643/643/643
f 616/616/616 589/589/589 644/644/644
f 589/589/589 617/617/617 644/644/644
f 617/617/617 618/618/618 645/645/645
f 618/618/618 646/646/646 645/645/645
f 618/618/618 619/619/619 646/646/646
f 619/619/619 647/647/647 646/646/646
f 619/619/619 620/620/620 647/647/647
f 620/620/620 648/648/648 647/647/647
f 620/620/620 621/621/621 648/648/648
f 621/621/621 649/649/649 648/648/648
f 621/621/621 622/622/622 649/649/649
f 622/622/622 650/650/650 649/649/649
f 622/622/622 623/623/623 650/650/650
f 623/623/623 651/651/651 650/650/650
f 623/623/623 624/624/624 651/651/651
f 624/624/624 652/652/652 651/651/651
f 624/624/624 625/625/625 652/652/652
f 625/625/625 653/653/653 652/652/652
f 625/625/625 626/626/626 653/653/653
f 626/626/626 654/654/654 653/653/653
f 626/626/626 627/627/627 654/654/654
f 627/627/627 655/655/655 654/654/654
f 627/627/627 628/628/628 655/655/655
f 628/628/628 656/656/656 655/655/655
f 628/628/628 629/629/629 656/656/656
f 629/629/629 657/657/657 656/656/656
f 629/629/629 630/630/630 657/657/657
f 630/630/630 658/658/658 657/657/657
f 630/630/630 631/631/631 658/658/658
f 631/631/631 659/659/659 658/658/658
f 631/631/631 632/632/632 659/659/659
f 632/632/632 660/660/660 659/659/659
f 632/632/632 633/633/633 660/660/660
f 633/633/633 661/661/661 660/660/660
f 633/633/633 634/634/634 661/661/661
f 634/634/634 662/662/662 661/661/661
f 634/634/634 635/635/635 662/662/662
f 635/635/635 663/663/663 662/662/662
f 635/635/635 636/636/636 663/663/663
f 636/636/636 664/664/664 663/663/663
f 636/636/636 637/637/637 664/664/664
f 637/637/637 665/665/665 664/664/664
f 637/637/637 638/638/638 665/665/665
f 638/638/638 666/666/666 665/665/665
f 638/638/638 639/639/639 666/666/666
f 639/639/639 667/667/667 666/666/666
f 639/639/639 640/640/640 667/667/667
f 640/640/640 668/668/668 667/667/667
f 640/640/640 641/641/641 668/668/668
f 641/641/641 669/669/669 668/668/668
f 641/641/641 642/642/642 669/669/669
f 642/642/642 670/670/670 669/669/669
f 642/642/642 643/643/643 670/670/670
f 643/643/643 671/671/671 670/670/670
f 643/643/643 644/644/644 671/671/671
f 644/644/644 672/672/672 671/671/671
f 644/644/644 617/617/617 672/672/672
f 617/617/617 645/645/645 672/672/672
f 645/645/645 646/646/646 673/673/673
f 646/646/646 674/674/674 673/673/673
f 646/646/646 647/647/647 674/674/674
f 647/647/647 675/675/675 674/674/674
f 647/647/647 648/648/648 675/675/675
f 648/648/648 676/676/676 675/675/675
f 648/648/648 649/649/649 676/676/676
f 649/649/649 677/677/677 676/676/676
f 649/649/649 650/650/650 677/677/677
f 650/650/650 678/678/678 677/677/677
f 650/650/650 651/651/651 678/678/678
f 651/651/651 679/679/679 678/678/678
f 651/651/651 652/652/652 679/679/679
f 652/652/652 680/680/680 679/679/679
f 652/652/652 653/653/653 680/680/680
f 653/653/653 681/681/681 680/680/680
f 653/653/653 654/654/654 681/681/681
f 654/654/654 682/682/682 681/681/681
f 654/654/654 655/655/655 682/682/682
f 655/655/655 683/683/683 682/682/682
f 655/655/655 656/656/656 683/683/683
f 656/656/656 684/684/684 683/683/683
f 656/656/656 657/657/657 684/684/684
f 657/657/657 685/685/685 684/684/684
f 657/657/657 658/658/658 685/685/685
f 658/658/658 686/686/686 685/685/685
f 658/658/658 659/659/659 686/686/686
f 659/659/659 687/687/687 686/686/686
f 659/659/659 660/660/660 687/687/687
f 660/660/660 688/688/688 687/687/687
f 660/660/660 661/661/661 688/688/688
f 661/661/661 689/689/689 688/688/688
f 661/661/661 662/662/662 689/689/689
f 662/662/662 690/690/690 689/689/689
f 662/662/662 663/663/663 690/690/690
f 663/663/663 691/691/691 690/690/690
f 663/663/663 664/664/664 691/691/691
f 664/664/664 692/692/692 691/691/691
f 664/664/664 665/665/665 692/692/692
f 665/665/665 693/693/693 692/692/692
f 665/665/665 666/666/666 693/693/693
f 666/666/666 694/694/694 693/693/693
f 666/666/666 667/667/667 694/694/694
f 667/667/667 695/695/695 694/694/694
f 667/667/667 668/668/668 695/695/695
f 668/668/668 696/696/696 695/695/695
f 668/668/668 669/669/669 696/696/696
f 669/669/669 697/697/697 696/696/696
f 669/669/669 670/670/670 697/697/697
f 670/670/670 698/698/698 697/697/697
f 670/670/670 671/671/671 698/698/698
f 671/671/671 699/699/699 698/698/698
f 671/671/671 672/672/672 699/699/699
f 672/672/672 700/700/700 699/699/699
f 672/672/672 645/645/645 700/700/700
f 645/645/645 673/673/673 700/700/700
f 701/701/701 2/2/2 1/1/1
f 701/701/701 5/5/5 2/2/2
f 701/701/701 7/7/7 5/5/5
f 701/701/701 9/9/9 7/7/7
f 701/701/701 11/11/11 9/9/9
f 701/701/701 13/13/13 11/11/11
f 701/701/701 15/15/15 13/13/13
f 701/701/701 17/17/17 15/15/15
f 701/701/701 19/19/19 17/17/17
f 701/701/701 21/21/21 19/19/19
f 701/701/701 23/23/23 21/21/21
f 701/701/701 25/25/25 23/23/23
f 701/701/701 27/27/27 25/25/25
f 701/701/701 29/29/29 27/27/27
f 701/701/701 31/31/31 29/29/29
f 701/701/701 33/33/33 31/31/31
f 701/701/701 35/35/35 33/33/33
f 701/701/701 37/37/37 35/35/35
f 701/701/701 39/39/39 37/37/37
f 701/701/701 41/41/41 39/39/39
f 701/701/701 43/43/43 41/41/41
f 701/701/701 45/45/45 43/43/43
f 701/701/701 47/47/47 45/45/45
f 701/701/701 49/49/49 47/47/47
f 701/701/701 51/51/51 49/49/49
f 701/701/701 53/53/53 51/51/51
f 701/701/701 55/55/55 53/53/53
f 701/701/701 1/1/1 55/55/55
f 702/702/702 673/673/673 674/674/674
f 702/702/702 674/674/674 675/675/675
f 702/702/702 675/675/675 676/676/676
f 702/702/702 676/676/676 677/677/677
f 702/702/702 677/677/677 678/678/678
f 702/702/702 678/678/678 679/679/679
f 702/702/702 679/679/679 680/680/680
f 702/702/702 680/680/680 681/681/681
f 702/702/702 681/681/681 682/682/682
f 702/702/702 682/682/682 683/683/683
f 702/702/702 683/683/683 684/684/684
f 702/702/702 684/684/684 685/685/685
f 702/702/702 685/685/685 686/686/686
f 702/702/702 686/686/686 687/687/687
f 702/702/702 687/687/687 688/688/688
f 702/702/702 688/688/688 689/689/689
f 702/702/702 689/689/689 690/690/690
f 702/702/702 690/690/690 691/691/691
f 702/702/702 691/691/691 692/692/692
f 702/702/702 692/692/692 693/693/693
f 702/702/702 693/693/693 694/694/694
f 702/702/702 694/694/694 695/695/695
f 702/702/702 695/695/695 696/696/696
f 702/702/702 696/696/696 697/697/697
f 702/702/702 697/697/697 698/698/698
f 702/702/702 698/698/698 699/699/699
f 702/702/702 699/699/699 700/700/700
f 702/702/702 700/700/700 673/673/673
usemtl Material_2
f 703/703/703 704/704/704 705/705/705
f 703/703/703 706/706/706 704/704/704
f 706/706/706 707/707/707 704/704/704
f 706/706/706 708/708/708 707/707/707
f 708/708/708 709/709/709 707/707/707
f 708/708/708 710/710/710 709/709/709
f 710/710/710 711/711/711 709/709/709
f 710/710/710 712/712/712 711/711/711
f 712/712/712 713/713/713 711/711/711
f 712/712/712 714/714/714 713/713/713
f 714/714/714 715/715/715 713/713/713
f 714/714/714 716/716/716 715/715/715
f 716/716/716 717/717/717 715/715/715
f 716/716/716 718/718/718 717/717/717
f 718/718/718 719/719/719 717/717/717
f 718/718/718 720/720/720 719/719/719
f 720/720/720 721/721/721 719/719/719
f 720/720/720 722/722/722 721/721/721
f 722/722/722 723/723/723 721/721/721
f 722/722/722 724/724/724 723/723/723
f 725/725/725 726/726/726 727/727/727
f 726/726/726 728/728/728 729/729/729
f 728/728/728 730/730/730 731/731/731
f 730/730/730 732/732/732 733/733/733
f 732/732/732 734/734/734 735/735/735
f 734/734/734 736/736/736 737/737/737
f 736/736/736 738/738/738 739/739/739
f 738/738/738 740/740/740 741/741/741
f 740/740/740 742/742/742 743/743/743
f 742/742/742 744/744/744 745/745/745
f 746/746/746 747/747/747 748/748/748
f 747/747/747 749/749/749 750/750/750
f 749/749/749 751/751/751 752/752/752
f 751/751/751 753/753/753 754/754/754
f 753/753/753 755/755/755 756/756/756
f 755/755/755 757/757/757 758/758/758
f 757/757/757 759/759/759 760/760/760
f 759/759/759 761/761/761 762/762/762
f 761/761/761 763/763/763 764/764/764
f 763/763/763 765/765/765 766/766/766
usemtl Material_0
f 767/767/767 768/768/768 769/769/769
f 769/769/769 768/768/768 770/770/770
f 769/769/769 770/770/770 771/771/771
f 771/771/771 770/770/770 772/772/772
f 771/771/771 772/772/772 773/773/773
f 773/773/773 772/772/772 774/774/774
f 773/773/773 774/774/774 775/775/775
f 775/775/775 774/774/774 776/776/776
f 775/775/775 776/776/776 777/777/777
f 777/777/777 776/776/776 778/778/778
f 777/777/777 778/778/778 779/779/779
f 779/779/779 778/778/778 780/780/780
f 779/779/779 780/780/780 781/781/781
f 781/781/781 780/780/780 782/782/782
f 781/781/781 782/782/782 783/783/783
f 783/783/783 782/782/782 784/784/784
f 783/783/783 784/784/784 785/785/785
f 785/785/785 784/784/784 786/786/786
f 785/785/785 786/786/786 787/787/787
f 787/787/787 786/786/786 788/788/788
f 787/787/787 788/788/788 789/789/789
f 789/789/789 788/788/788 790/790/790
f 789/789/789 790/790/790 791/791/791
f 791/791/791 790/790/790 792/792/792
f 791/791/791 792/792/792 793/793/793
f 793/793/793 792/792/792 794/794/794
f 793/793/793 794/794/794 795/795/795
f 795/795/795 794/794/794 796/796/796
f 795/795/795 796/796/796 797/797/797
f 797/797/797 796/796/796 798/798/798
f 797/797/797 798/798/798 799/799/799
f 799/799/799 798/798/798 800/800/800
f 799/799/799 800/800/800 801/801/801
f 801/801/801 800/800/800 802/802/802
f 801/801/801 802/802/802 803/803/803
f 803/803/803 802/802/802 804/804/804
f 803/803/803 804/804/804 805/805/805
f 805/805/805 804/804/804 806/806/806
f 805/805/805 806/806/806 807/807/807
f 807/807/807 806/806/806 808/808/808
f 807/807/807 808/808/808 809/809/809
f 809/809/809 808/808/808 810/810/810
f 809/809/809 810/810/810 811/811/811
f 811/811/811 810/810/810 812/812/812
f 811/811/811 812/812/812 813/813/813
f 813/813/813 812/812/812 814/814/814
f 813/813/813 814/814/814 815/815/815
f 815/815/815 814/814/814 816/816/816
f 815/815/815 816/816/816 817/817/817
f 817/817/817 816/816/816 818/818/818
f 817/817/817 818/818/818 819/819/819
f 819/819/819 818/818/818 820/820/820
f 819/819/819 820/820/820 821/821/821
f 821/821/821 820/820/820 822/822/822
f 821/821/821 822/822/822 767/767/767
f 767/767/767 822/822/822 768/768/768
f 768/768/768 823/823/823 770/770/770
f 770/770/770 823/823/823 824/824/824
f 770/770/770 824/824/824 772/772/772
f 772/772/772 824/824/824 825/825/825
f 772/772/772 825/825/825 774/774/774
f 774/774/774 825/825/825 826/826/826
f 774/774/774 826/826/826 776/776/776
f 776/776/776 826/826/826 827/827/827
f 776/776/776 827/827/827 778/778/778
f 778/778/778 827/827/827 828/828/828
f 778/778/778 828/828/828 780/780/780
f 780/780/780 828/828/828 829/829/829
f 780/780/780 829/829/829 782/782/782
f 782/782/782 829/829/829 830/830/830
f 782/782/782 830/830/830 784/784/784
f 784/784/784 830/830/830 831/831/831
f 784/784/784 831/831/831 786/786/786
f 786/786/786 831/831/831 832/832/832
f 786/786/786 832/832/832 788/788/788
f 788/788/788 832/832/832 833/833/833
f 788/788/788 833/833/833 790/790/790
f 790/790/790 833/833/833 834/834/834
f 790/790/790 834/834/834 792/792/792
f 792/792/792 834/834/834 835/835/835
f 792/792/792 835/835/835 794/794/794
f 794/794/794 835/835/835 836/836/836
f 794/794/794 836/836/836 796/796/796
f 796/796/796 836/836/836 837/837/837
f 796/796/796 837/837/837 798/798/798
f 798/798/798 837/837/837 838/838/838
f 798/798/798 838/838/838 800/800/800
f 800/800/800 838/838/838 839/839/839
f 800/800/800 839/839/839 802/802/802
f 802/802/802 839/839/839 840/840/840
f 802/802/802 840/840/840 804/804/804
f 804/804/804 840/840/840 841/841/841
f 804/804/804 841/841/841 806/806/806
f 806/806/806 841/841/841 842/842/842
f 806/806/806 842/842/842 808/808/808
f 808/808/808 842/842/842 843/843/843
f 808/808/808 843/843/843 810/810/810
f 810/810/810 843/843/843 844/844/844
f 810/810/810 844/844/844 812/812/812
f 812/812/812 844/844/844 845/845/845
f 812/812/812 845/845/845 814/814/814
f 814/814/814 845/845/845 846/846/846
f 814/814/814 846/846/846 816/816/816
f 816/816/816 846/846/846 847/847/847
f 816/816/816 847/847/847 818/818/818
f 818/818/818 847/847/847 848/848/848
f 818/818/818 848/848/848 820/820/820
f 820/820/820 848/848/848 849/849/849
f 820/820/820 849/849/849 822/822/822
f 822/822/822 849/849/849 850/850/850
f 822/822/822 850/850/850 768/768/768
f 768/768/768 850/850/850 823/823/823
f 823/823/823 851/851/851 824/824/824
f 824/824/824 851/851/851 852/852/852
f 824/824/824 852/852/852 825/825/825
f 825/825/825 852/852/852 853/853/853
f 825/825/825 853/853/853 826/826/826
f 826/826/826 853/853/853 854/854/854
f 826/826/826 854/854/854 827/827/827
f 827/827/827 854/854/854 855/855/855
f 827/827/827 855/855/855 828/828/828
f 828/828/828 855/855/855 856/856/856
f 828/828/828 856/856/856 829/829/829
f 829/829/829 856/856/856 857/857/857
f 829/829/829 857/857/857 830/830/830
f 830/830/830 857/857/857 858/858/858
f 830/830/830 858/858/858 831/831/831
f 831/831/831 858/858/858 859/859/859
f 831/831/831 859/859/859 832/832/832
f 832/832/832 859/859/859 860/860/860
f 832/832/832 860/860/860 833/833/833
f 833/833/833 860/860/860 861/861/861
f 833/833/833 861/861/861 834/834/834
f 834/834/834 861/861/861 862/862/862
f 834/834/834 862/862/862 835/835/835
f 835/835/835 862/862/862 863/863/863
f 835/835/835 863/863/863 836/836/836
f 836/836/836 863/863/863 864/864/864
f 836/836/836 864/864/864 837/837/837
f 837/837/837 864/864/864 865/865/865
f 837/837/837 865/865/865 838/838/838
f 838/838/838 865/865/865 866/866/866
f 838/838/838 866/866/866 839/839/839
f 839/839/839 866/866/866 867/867/867
f 839/839/839 867/867/867 840/840/840
f 840/840/840 867/867/867 868/868/868
f 840/840/840 868/868/868 841/841/841
f 841/841/841 868/868/868 869/869/869
f 841/841/841 869/869/869 842/842/842
f 842/842/842 869/869/869 870/870/870
f 842/842/842 870/870/870 843/843/843
f 843/843/843 870/870/870 871/871/871
f 843/843/843 871/871/871 844/844/844
f 844/844/844 871/871/871 872/872/872
f 844/844/844 872/872/872 845/845/845
f 845/845/845 872/872/872 873/873/873
f 845/845/845 873/873/873 846/846/846
f 846/846/846 873/873/873 874/874/874
f 846/846/846 874/874/874 847/847/847
f 847/847/847 874/874/874 875/875/875
f 847/847/847 875/875/875 848/848/848
f 848/848/848 875/875/875 876/876/876
f 848/848/848 876/876/876 849/849/849
f 849/849/849 876/876/876 877/877/877
f 849/849/849 877/877/877 850/850/850
f 850/850/850 877/877/877 878/878/878
f 850/850/850 878/878/878 823/823/823
f 823/823/823 878/878/878 851/851/851
f 851/851/851 879/879/879 852/852/852
f 852/852/852 879/879/879 880/880/880
f 852/852/852 880/880/880 853/853/853
f 853/853/853 880/880/880 881/881/881
f 853/853/853 881/881/881 854/854/854
f 854/854/854 881/881/881 882/882/882
f 854/854/854 882/882/882 855/855/855
f 855/855/855 882/882/882 883/883/883
f 855/855/855 883/883/883 856/856/856
f 856/856/856 883/883/883 884/884/884
f 856/856/856 884/884/884 857/857/857
f 857/857/857 884/884/884 885/885/885
f 857/857/857 885/885/885 858/858/858
f 858/858/858 885/885/885 886/886/886
f 858/858/858 886/886/886 859/859/859
f 859/859/859 886/886/886 887/887/887
f 859/859/859 887/887/887 860/860/860
f 860/860/860 887/887/887 888/888/888
f 860/860/860 888/888/888 861/861/861
f 861/861/861 888/888/888 889/889/889
f 861/861/861 889/889/889 862/862/862
f 862/862/862 889/889/889 890/890/890
f 862/862/862 890/890/890 863/863/863
f 863/863/863 890/890/890 891/891/891
f 863/863/863 891/891/891 864/864/864
f 864/864/864 891/891/891 892/892/892
f 864/864/864 892/892/892 865/865/865
f 865/865/865 892/892/892 893/893/893
f 865/865/865 893/893/893 866/866/866
f 866/866/866 893/893/893 894/894/894
f 866/866/866 894/894/894 867/867/867
f 867/867/867 894/894/894 895/895/895
f 867/867/867 895/895/895 868/868/868
f 868/868/868 895/895/895 896/896/896
f 868/868/868 896/896/896 869/869/869
f 869/869/869 896/896/896 897/897/897
f 869/869/869 897/897/897 870/870/870
f 870/870/870 897/897/897 898/898/898
f 870/870/870 898/898/898 871/871/871
f 871/871/871 898/898/898 899/899/899
f 871/871/871 899/899/899 872/872/872
f 872/872/872 899/899/899 900/900/900
f 872/872/872 900/900/900 873/873/873
f 873/873/873 900/900/900 901/901/901
f 873/873/873 901/901/901 874/874/874
f 874/874/874 901/901/901 902/902/902
f 874/874/874 902/902/902 875/875/875
f 875/875/875 902/902/902 903/903/903
f 875/875/875 903/903/903 876/876/876
f 876/876/876 903/903/903 904/904/904
f 876/876/876 904/904/904 877/877/877
f 877/877/877 904/904/904 905/905/905
f 877/877/877 905/905/905 878/878/878
f 878/878/878 905/905/905 906/906/906
f 878/878/878 906/906/906 851/851/851
f 851/851/851 906/906/906 879/879/879
f 879/879/879 907/907/907 880/880/880
f 880/880/880 907/907/907 908/908/908
f 880/880/880 908/908/908 881/881/881
f 881/881/881 908/908/908 909/909/909
f 881/881/881 909/909/909 882/882/882
f 882/882/882 909/909/909 910/910/910
f 882/882/882 910/910/910 883/883/883
f 883/883/883 910/910/910 911/911/911
f 883/883/883 911/911/911 884/884/884
f 884/884/884 911/911/911 912/912/912
f 884/884/884 912/912/912 885/885/885
f 885/885/885 912/912/912 913/913/913
f 885/885/885 913/913/913 886/886/886
f 886/886/886 913/913/913 914/914/914
f 886/886/886 914/914/914 887/887/887
f 887/887/887 914/914/914 915/915/915
f 887/887/887 915/915/915 888/888/888
f 888/888/888 915/915/915 916/916/916
f 888/888/888 916/916/916 889/889/889
f 889/889/889 916/916/916 917/917/917
f 889/889/889 917/917/917 890/890/890
f 890/890/890 917/917/917 918/918/918
f 890/890/890 918/918/918 891/891/891
f 891/891/891 918/918/918 919/919/919
f 891/891/891 919/919/919 892/892/892
f 892/892/892 919/919/919 920/920/920
f 892/892/892 920/920/920 893/893/893
f 893/893/893 920/920/920 921/921/921
f 893/893/893 921/921/921 894/894/894
f 894/894/894 921/921/921 922/922/922
f 894/894/894 922/922/922 895/895/895
f 895/895/895 922/922/922 923/923/923
f 895/895/895 923/923/923 896/896/896
f 896/896/896 923/923/923 924/924/924
f 896/896/896 924/924/924 897/897/897
f 897/897/897 924/924/924 925/925/925
f 897/897/897 925/925/925 898/898/898
f 898/898/898 925/925/925 926/926/926
f 898/898/898 926/926/926 899/899/899
f 899/899/899 926/926/926 927/927/927
f 899/899/899 927/927/927 900/900/900
f 900/900/900 927/927/927 928/928/928
f 900/900/900 928/928/928 901/901/901
f 901/901/901 928/928/928 929/929/929
f 901/901/901 929/929/929 902/902/902
f 902/902/902 929/929/929 930/930/930
f 902/902/902 930/930/930 903/903/903
f 903/903/903 930/930/930 931/931/931
f 903/903/903 931/931/931 904/904/904
f 904/904/904 931/931/931 932/932/932
f 904/904/904 932/932/932 905/905/905
f 905/905/905 932/932/932 933/933/933
f 905/905/905 933/933/933 906/906/906
f 906/906/906 933/933/933 934/934/934
f 906/906/906 934/934/934 879/879/879
f 879/879/879 934/934/934 907/907/907
f 907/907/907 935/935/935 908/908/908
f 908/908/908 935/935/935 936/936/936
f 908/908/908 936/936/936 909/909/909
f 909/909/909 936/936/936 937/937/937
f 909/909/909 937/937/937 910/910/910
f 910/910/910 937/937/937 938/938/938
f 910/910/910 938/938/938 911/911/911
f 911/911/911 938/938/938 939/939/939
f 911/911/911 939/939/939 912/912/912
f 912/912/912 939/939/939 940/940/940
f 912/912/912 940/940/940 913/913/913
f 913/913/913 940/940/940 941/941/941
f 913/913/913 941/941/941 914/914/914
f 914/914/914 941/941/941 942/942/942
f 914/914/914 942/942/942 915/915/915
f 915/915/915 942/942/942 943/943/943
f 915/915/915 943/943/943 916/916/916
f 916/916/916 943/943/943 944/944/944
f 916/916/916 944/944/944 917/917/917
f 917/917/917 944/944/944 945/945/945
f 917/917/917 945/945/945 918/918/918
f 918/918/918 945/945/945 946/946/946
f 918/918/918 946/946/946 919/919/919
f 919/919/919 946/946/946 947/947/947
f 919/919/919 947/947/947 920/920/920
f 920/920/920 947/947/947 948/948/948
f 920/920/920 948/948/948 921/921/921
f 921/921/921 948/948/948 949/949/949
f 921/921/921 949/949/949 922/922/922
f 922/922/922 949/949/949 950/950/950
f 922/922/922 950/950/950 923/923/923
f 923/923/923 950/950/950 951/951/951
f 923/923/923 951/951/951 924/924/924
f 924/924/924 951/951/951 952/952/952
f 924/924/924 952/952/952 925/925/925
f 925/925/925 952/952/952 953/953/953
f 925/925/925 953/953/953 926/926/926
f 926/926/926 953/953/953 954/954/954
f 926/926/926 954/954/954 927/927/927
f 927/927/927 954/954/954 955/955/955
f 927/927/927 955/955/955 928/928/928
f 928/928/928 955/955/955 956/956/956
f 928/928/928 956/956/956 929/929/929
f 929/929/929 956/956/956 957/957/957
f 929/929/929 957/957/957 930/930/930
f 930/930/930 957/957/957 958/958/958
f 930/930/930 958/958/958 931/931/931
f 931/931/931 958/958/958 959/959/959
f 931/931/931 959/959/959 932/932/932
f 932/932/932 959/959/959 960/960/960
f 932/932/932 960/960/960 933/933/933
f 933/933/933 960/960/960 961/961/961
f 933/933/933 961/961/961 934/934/934
f 934/934/934 961/961/961 962/962/962
f 934/934/934 962/962/962 907/907/907
f 907/907/907 962/962/962 935/935/935
f 935/935/935 963/963/963 936/936/936
f 936/936/936 963/963/963 964/964/964
f 936/936/936 964/964/964 937/937/937
f 937/937/937 964/964/964 965/965/965
f 937/937/937 965/965/965 938/938/938
f 938/938/938 965/965/965 966/966/966
f 938/938/938 966/966/966 939/939/939
f 939/939/939 966/966/966 967/967/967
f 939/939/939 967/967/967 940/940/940
f 940/940/940 967/967/967 968/968/968
f 940/940/940 968/968/968 941/941/941
f 941/941/941 968/968/968 969/969/969
f 941/941/941 969/969/969 942/942/942
f 942/942/942 969/969/969 970/970/970
f 942/942/942 970/970/970 943/943/943
f 943/943/943 970/970/970 971/971/971
f 943/943/943 971/971/971 944/944/944
f 944/944/944 971/971/971 972/972/972
f 944/944/944 972/972/972 945/945/945
f 945/945/945 972/972/972 973/973/973
f 945/945/945 973/973/973 946/946/946
f 946/946/946 973/973/973 974/974/974
f 946/946/946 974/974/974 947/947/947
f 947/947/947 974/974/974 975/975/975
f 947/947/947 975/975/975 948/948/948
f 948/948/948 975/975/975 976/976/976
f 948/948/948 976/976/976 949/949/949
f 949/949/949 976/976/976 977/977/977
f 949/949/949 977/977/977 950/950/950
f 950/950/950 977/977/977 978/978/978
f 950/950/950 978/978/978 951/951/951
f 951/951/951 978/978/978 979/979/979
f 951/951/951 979/979/979 952/952/952
f 952/952/952 979/979/979 980/980/980
f 952/952/952 980/980/980 953/953/953
f 953/953/953 980/980/980 981/981/981
f 953/953/953 981/981/981 954/954/954
f 954/954/954 981/981/981 982/982/982
f 954/954/954 982/982/982 955/955/955
f 955/955/955 982/982/982 983/983/983
f 955/955/955 983/983/983 956/956/956
f 956/956/956 983/983/983 984/984/984
f 956/956/956 984/984/984 957/957/957
f 957/957/957 984/984/984 985/985/985
f 957/957/957 985/985/985 958/958/958
f 958/958/958 985/985/985 986/986/986
f 958/958/958 986/986/986 959/959/959
f 959/959/959 986/986/986 987/987/987
f 959/959/959 987/987/987 960/960/960
f 960/960/960 987/987/987 988/988/988
f 960/960/960 988/988/988 961/961/961
f 961/961/961 988/988/988 989/989/989
f 961/961/961 989/989/989 962/962/962
f 962/962/962 989/989/989 990/990/990
f 962/962/962 990/990/990 935/935/935
f 935/935/935 990/990/990 963/963/963
f 963/963/963 991/991/991 964/964/964
f 964/964/964 991/991/991 992/992/992
f 964/964/964 992/992/992 965/965/965
f 965/965/965 992/992/992 993/993/993
f 965/965/965 993/993/993 966/966/966
f 966/966/966 993/993/993 994/994/994
f 966/966/966 994/994/994 967/967/967
f 967/967/967 994/994/994 995/995/995
f 967/967/967 995/995/995 968/968/968
f 968/968/968 995/995/995 996/996/996
f 968/968/968 996/996/996 969/969/969
f 969/969/969 996/996/996 997/997/997
f 969/969/969 997/997/997 970/970/970
f 970/970/970 997/997/997 998/998/998
f 970/970/970 998/998/998 971/971/971
f 971/971/971 998/998/998 999/999/999
f 971/971/971 999/999/999 972/972/972
f 972/972/972 999/999/999 1000/1000/1000
f 972/972/972 1000/1000/1000 973/973/973
f 973/973/973 1000/1000/1000 1001/1001/1001
f 973/973/973 1001/1001/1001 974/974/974
f 974/974/974 1001/1001/1001 1002/1002/1002
f 974/974/974 1002/1002/1002 975/975/975
f 975/975/975 1002/1002/1002 1003/1003/1003
f 975/975/975 1003/1003/1003 976/976/976
f 976/976/976 1003/1003/1003 1004/1004/1004
f 976/976/976 1004/1004/1004 977/977/977
f 977/977/977 1004/1004/1004 1005/1005/1005
f 977/977/977 1005/1005/1005 978/978/978
f 978/978/978 1005/1005/1005 1006/1006/1006
f 978/978/978 1006/1006/1006 979/979/979
f 979/979/979 1006/1006/1006 1007/1007/1007
f 979/979/979 1007/1007/1007 980/980/980
f 980/980/980 1007/1007/1007 1008/1008/1008
f 980/980/980 1008/1008/1008 981/981/981
f 981/981/981 1008/1008/1008 1009/1009/1009
f 981/981/981 1009/1009/1009 982/982/982
f 982/982/982 1009/1009/1009 1010/1010/1010
f 982/982/982 1010/1010/1010 983/983/983
f 983/983/983 1010/1010/1010 1011/1011/1011
f 983/983/983 1011/1011/1011 984/984/984
f 984/984/984 1011/1011/1011 1012/1012/1012
f 984/984/984 1012/1012/1012 985/985/985
f 985/985/985 1012/1012/1012 1013/1013/1013
f 985/985/985 1013/1013/1013 986/986/986
f 986/986/986 1013/1013/1013 1014/1014/1014
f 986/986/986 1014/1014/1014 987/987/987
f 987/987/987 1014/1014/1014 1015/1015/1015
f 987/987/987 1015/1015/1015 988/988/988
f 988/988/988 1015/1015/1015 1016/1016/1016
f 988/988/988 1016/1016/1016 989/989/989
f 989/989/989 1016/1016/1016 1017/1017/1017
f 989/989/989 1017/1017/1017 990/990/990
f 990/990/990 1017/1017/1017 1018/1018/1018
f 990/990/990 1018/1018/1018 963/963/963
f 963/963/963 1018/1018/1018 991/991/991
f 991/991/991 1019/1019/1019 992/992/992
f 992/992/992 1019/1019/1019 1020/1020/1020
f 992/992/992 1020/1020/1020 993/993/993
f 993/993/993 1020/1020/1020 1021/1021/1021
f 993/993/993 1021/1021/1021 994/994/994
f 994/994/994 1021/1021/1021 1022/1022/1022
f 994/994/994 1022/1022/1022 995/995/995
f 995/995/995 1022/1022/1022 1023/1023/1023
f 995/995/995 1023/1023/1023 996/996/996
f 996/996/996 1023/1023/1023 1024/1024/1024
f 996/996/996 1024/1024/1024 997/997/997
f 997/997/997 1024/1024/1024 1025/1025/1025
f 997/997/997 1025/1025/1025 998/998/998
f 998/998/998 1025/1025/1025 1026/1026/1026
f 998/998/998 1026/1026/1026 999/999/999
f 999/999/999 1026/1026/1026 1027/1027/1027
f 999/999/999 1027/1027/1027 1000/1000/1000
f 1000/1000/1000 1027/1027/1027 1028/1028/1028
f 1000/1000/1000 1028/1028/1028 1001/1001/1001
f 1001/1001/1001 1028/1028/1028 1029/1029/1029
f 1001/1001/1001 1029/1029/1029 1002/1002/1002
f 1002/1002/1002 1029/1029/1029 1030/1030/1030
f 1002/1002/1002 1030/1030/1030 1003/1003/1003
f 1003/1003/1003 1030/1030/1030 1031/1031/1031
f 1003/1003/1003 1031/1031/1031 1004/1004/1004
f 1004/1004/1004 1031/1031/1031 1032/1032/1032
f 1004/1004/1004 1032/1032/1032 1005/1005/1005
f 1005/1005/1005 1032/1032/1032 1033/1033/1033
f 1005/1005/1005 1033/1033/1033 1006/1006/1006
f 1006/1006/1006 1033/1033/1033 1034/1034/1034
f 1006/1006/1006 1034/1034/1034 1007/1007/1007
f 1007/1007/1007 1034/1034/1034 1035/1035/1035
f 1007/1007/1007 1035/1035/1035 1008/1008/1008
f 1008/1008/1008 1035/1035/1035 1036/1036/1036
f 1008/1008/1008 1036/1036/1036 1009/1009/1009
f 1009/1009/1009 1036/1036/1036 1037/1037/1037
f 1009/1009/1009 1037/1037/1037 1010/1010/1010
f 1010/1010/1010 1037/1037/1037 1038/1038/1038
f 1010/1010/1010 1038/1038/1038 1011/1011/1011
f 1011/1011/1011 1038/1038/1038 1039/1039/1039
f 1011/1011/1011 1039/1039/1039 1012/1012/1012
f 1012/1012/1012 1039/1039/1039 1040/1040/1040
f 1012/1012/1012 1040/1040/1040 1013/1013/1013
f 1013/1013/1013 1040/1040/1040 1041/1041/1041
f 1013/1013/1013 1041/1041/1041 1014/1014/1014
f 1014/1014/1014 1041/1041/1041 1042/1042/1042
f 1014/1014/1014 1042/1042/1042 1015/1015/1015
f 1015/1015/1015 1042/1042/1042 1043/1043/1043
f 1015/1015/1015 1043/1043/1043 1016/1016/1016
f 1016/1016/1016 1043/1043/1043 1044/1044/1044
f 1016/1016/1016 1044/1044/1044 1017/1017/1017
f 1017/1017/1017 1044/1044/1044 1045/1045/1045
f 1017/1017/1017 1045/1045/1045 1018/1018/1018
f 1018/1018/1018 1045/1045/1045 1046/1046/1046
f 1018/1018/1018 1046/1046/1046 991/991/991
f 991/991/991 1046/1046/1046 1019/1019/1019
f 1019/1019/1019 1047/1047/1047 1020/1020/1020
f 1020/1020/1020 1047/1047/1047 1048/1048/1048
f 1020/1020/1020 1048/1048/1048 1021/1021/1021
f 1021/1021/1021 1048/1048/1048 1049/1049/1049
f 1021/1021/1021 1049/1049/1049 1022/1022/1022
f 1022/1022/1022 1049/1049/1049 1050/1050/1050
f 1022/1022/1022 1050/1050/1050 1023/1023/1023
f 1023/1023/1023 1050/1050/1050 1051/1051/1051
f 1023/1023/1023 1051/1051/1051 1024/1024/1024
f 1024/1024/1024 1051/1051/1051 1052/1052/1052
f 1024/1024/1024 1052/1052/1052 1025/1025/1025
f 1025/1025/1025 1052/1052/1052 1053/1053/1053
f 1025/1025/1025 1053/1053/1053 1026/1026/1026
f 1026/1026/1026 1053/1053/1053 1054/1054/1054
f 1026/1026/1026 1054/1054/1054 1027/1027/1027
f 1027/1027/1027 1054/1054/1054 1055/1055/1055
f 1027/1027/1027 1055/1055/1055 1028/1028/1028
f 1028/1028/1028 1055/1055/1055 1056/1056/1056
f 1028/1028/1028 1056/1056/1056 1029/1029/1029
f 1029/1029/1029 1056/1056/1056 1057/1057/1057
f 1029/1029/1029 1057/1057/1057 1030/1030/1030
f 1030/1030/1030 1057/1057/1057 1058/1058/1058
f 1030/1030/1030 1058/1058/1058 1031/1031/1031
f 1031/1031/1031 1058/1058/1058 1059/1059/1059
f 1031/1031/1031 1059/1059/1059 1032/1032/1032
f 1032/1032/1032 1059/1059/1059 1060/1060/1060
f 1032/1032/1032 1060/1060/1060 1033/1033/1033
f 1033/1033/1033 1060/1060/1060 1061/1061/1061
f 1033/1033/1033 1061/1061/1061 1034/1034/1034
f 1034/1034/1034 1061/1061/1061 1062/1062/1062
f 1034/1034/1034 1062/1062/1062 1035/1035/1035
f 1035/1035/1035 1062/1062/1062 1063/1063/1063
f 1035/1035/1035 1063/1063/1063 1036/1036/1036
f 1036/1036/1036 1063/1063/1063 1064/1064/1064
f 1036/1036/1036 1064/1064/1064 1037/1037/1037
f 1037/1037/1037 1064/1064/1064 1065/1065/1065
f 1037/1037/1037 1065/1065/1065 1038/1038/1038
f 1038/1038/1038 1065/1065/1065 1066/1066/1066
f 1038/1038/1038 1066/1066/1066 1039/1039/1039
f 1039/1039/1039 1066/1066/1066 1067/1067/1067
f 1039/1039/1039 1067/1067/1067 1040/1040/1040
f 1040/1040/1040 1067/1067/1067 1068/1068/1068
f 1040/1040/1040 1068/1068/1068 1041/1041/1041
f 1041/1041/1041 1068/1068/1068 1069/1069/1069
f 1041/1041/1041 1069/1069/1069 1042/1042/1042
f 1042/1042/1042 1069/1069/1069 1070/1070/1070
f 1042/1042/1042 1070/1070/1070 1043/1043/1043
f 1043/1043/1043 1070/1070/1070 1071/1071/1071
f 1043/1043/1043 1071/1071/1071 1044/1044/1044
f 1044/1044/1044 1071/1071/1071 1072/1072/1072
f 1044/1044/1044 1072/1072/1072 1045/1045/1045
f 1045/1045/1045 1072/1072/1072 1073/1073/1073
f 1045/1045/1045 1073/1073/1073 1046/1046/1046
f 1046/1046/1046 1073/1073/1073 1074/1074/1074
f 1046/1046/1046 1074/1074/1074 1019/1019/1019
f 1019/1019/1019 1074/1074/1074 1047/1047/1047
f 1047/1047/1047 1075/1075/1075 1048/1048/1048
f 1048/1048/1048 1075/1075/1075 1076/1076/1076
f 1048/1048/1048 1076/1076/1076 1049/1049/1049
f 1049/1049/1049 1076/1076/1076 1077/1077/1077
f 1049/1049/1049 1077/1077/1077 1050/1050/1050
f 1050/1050/1050 1077/1077/1077 1078/1078/1078
f 1050/1050/1050 1078/1078/1078 1051/1051/1051
f 1051/1051/1051 1078/1078/1078 1079/1079/1079
f 1051/1051/1051 1079/1079/1079 1052/1052/1052
f 1052/1052/1052 1079/1079/1079 1080/1080/1080
f 1052/1052/1052 1080/1080/1080 1053/1053/1053
f 1053/1053/1053 1080/1080/1080 1081/1081/1081
f 1053/1053/1053 1081/1081/1081 1054/1054/1054
f 1054/1054/1054 1081/1081/1081 1082/1082/1082
f 1054/1054/1054 1082/1082/1082 1055/1055/1055
f 1055/1055/1055 1082/1082/1082 1083/1083/1083
f 1055/1055/1055 1083/1083/1083 1056/1056/1056
f 1056/1056/1056 1083/1083/1083 1084/1084/1084
f 1056/1056/1056 1084/1084/1084 1057/1057/1057
f 1057/1057/1057 1084/1084/1084 1085/1085/1085
f 1057/1057/1057 1085/1085/1085 1058/1058/1058
f 1058/1058/1058 1085/1085/1085 1086/1086/1086
f 1058/1058/1058 1086/1086/1086 1059/1059/1059
f 1059/1059/1059 1086/1086/1086 1087/1087/1087
f 1059/1059/1059 1087/1087/1087 1060/1060/1060
f 1060/1060/1060 1087/1087/1087 1088/1088/1088
f 1060/1060/1060 1088/1088/1088 1061/1061/1061
f 1061/1061/1061 1088/1088/1088 1089/1089/1089
f 1061/1061/1061 1089/1089/1089 1062/1062/1062
f 1062/1062/1062 1089/1089/1089 1090/1090/1090
f 1062/1062/1062 1090/1090/1090 1063/1063/1063
f 1063/1063/1063 1090/1090/1090 1091/1091/1091
f 1063/1063/1063 1091/1091/1091 1064/1064/1064
f 1064/1064/1064 1091/1091/1091 1092/1092/1092
f 1064/1064/1064 1092/1092/1092 1065/1065/1065
f 1065/1065/1065 1092/1092/1092 1093/1093/1093
f 1065/1065/1065 1093/1093/1093 1066/1066/1066
f 1066/1066/1066 1093/1093/1093 1094/1094/1094
f 1066/1066/1066 1094/1094/1094 1067/1067/1067
f 1067/1067/1067 1094/1094/1094 1095/1095/1095
f 1067/1067/1067 1095/1095/1095 1068/1068/1068
f 1068/1068/1068 1095/1095/1095 1096/1096/1096
f 1068/1068/1068 1096/1096/1096 1069/1069/1069
f 1069/1069/1069 1096/1096/1096 1097/1097/1097
f 1069/1069/1069 1097/1097/1097 1070/1070/1070
f 1070/1070/1070 1097/1097/1097 1098/1098/1098
f 1070/1070/1070 1098/1098/1098 1071/1071/1071
f 1071/1071/1071 1098/1098/1098 1099/1099/1099
f 1071/1071/1071 1099/1099/1099 1072/1072/1072
f 1072/1072/1072 1099/1099/1099 1100/1100/1100
f 1072/1072/1072 1100/1100/1100 1073/1073/1073
f 1073/1073/1073 1100/1100/1100 1101/1101/1101
f 1073/1073/1073 1101/1101/1101 1074/1074/1074
f 1074/1074/1074 1101/1101/1101 1102/1102/1102
f 1074/1074/1074 1102/1102/1102 1047/1047/1047
f 1047/1047/1047 1102/1102/1102 1075/1075/1075
f 1075/1075/1075 1103/1103/1103 1076/1076/1076
f 1076/1076/1076 1103/1103/1103 1104/1104/1104
f 1076/1076/1076 1104/1104/1104 1077/1077/1077
f 1077/1077/1077 1104/1104/1104 1105/1105/1105
f 1077/1077/1077 1105/1105/1105 1078/1078/1078
f 1078/1078/1078 1105/1105/1105 1106/1106/1106
f 1078/1078/1078 1106/1106/1106 1079/1079/1079
f 1079/1079/1079 1106/1106/1106 1107/1107/1107
f 1079/1079/1079 1107/1107/1107 1080/1080/1080
f 1080/1080/1080 1107/1107/1107 1108/1108/1108
f 1080/1080/1080 1108/1108/1108 1081/1081/1081
f 1081/1081/1081 1108/1108/1108 1109/1109/1109
f 1081/1081/1081 1109/1109/1109 1082/1082/1082
f 1082/1082/1082 1109/1109/1109 1110/1110/1110
f 1082/1082/1082 1110/1110/1110 1083/1083/1083
f 1083/1083/1083 1110/1110/1110 1111/1111/1111
f 1083/1083/1083 1111/1111/1111 1084/1084/1084
f 1084/1084/1084 1111/1111/1111 1112/1112/1112
f 1084/1084/1084 1112/1112/1112 1085/1085/1085
f 1085/1085/1085 1112/1112/1112 1113/1113/1113
f 1085/1085/1085 1113/1113/1113 1086/1086/1086
f 1086/1086/1086 1113/1113/1113 1114/1114/1114
f 1086/1086/1086 1114/1114/1114 1087/1087/1087
f 1087/1087/1087 1114/1114/1114 1115/1115/1115
f 1087/1087/1087 1115/1115/1115 1088/1088/1088
f 1088/1088/1088 1115/1115/1115 1116/1116/1116
f 1088/1088/1088 1116/1116/1116 1089/1089/1089
f 1089/1089/1089 1116/1116/1116 1117/1117/1117
f 1089/1089/1089 1117/1117/1117 1090/1090/1090
f 1090/1090/1090 1117/1117/1117 1118/1118/1118
f 1090/1090/1090 1118/1118/1118 1091/1091/1091
f 1091/1091/1091 1118/1118/1118 1119/1119/1119
f 1091/1091/1091 1119/1119/1119 1092/1092/1092
f 1092/1092/1092 1119/1119/1119 1120/1120/1120
f 1092/1092/1092 1120/1120/1120 1093/1093/1093
f 1093/1093/1093 1120/1120/1120 1121/1121/1121
f 1093/1093/1093 1121/1121/1121 1094/1094/1094
f 1094/1094/1094 1121/1121/1121 1122/1122/1122
f 1094/1094/1094 1122/1122/1122 1095/1095/1095
f 1095/1095/1095 1122/1122/1122 1123/1123/1123
f 1095/1095/1095 1123/1123/1123 1096/1096/1096
f 1096/1096/1096 1123/1123/1123 1124/1124/1124
f 1096/1096/1096 1124/1124/1124 1097/1097/1097
f 1097/1097/1097 1124/1124/1124 1125/1125/1125
f 1097/1097/1097 1125/1125/1125 1098/1098/1098
f 1098/1098/1098 1125/1125/1125 1126/1126/1126
f 1098/1098/1098 1126/1126/1126 1099/1099/1099
f 1099/1099/1099 1126/1126/1126 1127/1127/1127
f 1099/1099/1099 1127/1127/1127 1100/1100/1100
f 1100/1100/1100 1127/1127/1127 1128/1128/1128
f 1100/1100/1100 1128/1128/1128 1101/1101/1101
f 1101/1101/1101 1128/1128/1128 1129/1129/1129
f 1101/1101/1101 1129/1129/1129 1102/1102/1102
f 1102/1102/1102 1129/1129/1129 1130/1130/1130
f 1102/1102/1102 1130/1130/1130 1075/1075/1075
f 1075/1075/1075 1130/1130/1130 1103/1103/1103
f 1103/1103/1103 1131/1131/1131 1104/1104/1104
f 1104/1104/1104 1131/1131/1131 1132/1132/1132
f 1104/1104/1104 1132/1132/1132 1105/1105/1105
f 1105/1105/1105 1132/1132/1132 1133/1133/1133
f 1105/1105/1105 1133/1133/1133 1106/1106/1106
f 1106/1106/1106 1133/1133/1133 1134/1134/1134
f 1106/1106/1106 1134/1134/1134 1107/1107/1107
f 1107/1107/1107 1134/1134/1134 1135/1135/1135
f 1107/1107/1107 1135/1135/1135 1108/1108/1108
f 1108/1108/1108 1135/1135/1135 1136/1136/1136
f 1108/1108/1108 1136/1136/1136 1109/1109/1109
f 1109/1109/1109 1136/1136/1136 1137/1137/1137
f 1109/1109/1109 1137/1137/1137 1110/1110/1110
f 1110/1110/1110 1137/1137/1137 1138/1138/1138
f 1110/1110/1110 1138/1138/1138 1111/1111/1111
f 1111/1111/1111 1138/1138/1138 1139/1139/1139
f 1111/1111/1111 1139/1139/1139 1112/1112/1112
f 1112/1112/1112 1139/1139/1139 1140/1140/1140
f 1112/1112/1112 1140/1140/1140 1113/1113/1113
f 1113/1113/1113 1140/1140/1140 1141/1141/1141
f 1113/1113/1113 1141/1141/1141 1114/1114/1114
f 1114/1114/1114 1141/1141/1141 1142/1142/1142
f 1114/1114/1114 1142/1142/1142 1115/1115/1115
f 1115/1115/1115 1142/1142/1142 1143/1143/1143
f 1115/1115/1115 1143/1143/1143 1116/1116/1116
f 1116/1116/1116 1143/1143/1143 1144/1144/1144
f 1116/1116/1116 1144/1144/1144 1117/1117/1117
f 1117/1117/1117 1144/1144/1144 1145/1145/1145
f 1117/1117/1117 1145/1145/1145 1118/1118/1118
f 1118/1118/1118 1145/1145/1145 1146/1146/1146
f 1118/1118/1118 1146/1146/1146 1119/1119/1119
f 1119/1119/1119 1146/1146/1146 1147/1147/1147
f 1119/1119/1119 1147/1147/1147 1120/1120/1120
f 1120/1120/1120 1147/1147/1147 1148/1148/1148
f 1120/1120/1120 1148/1148/1148 1121/1121/1121
f 1121/1121/1121 1148/1148/1148 1149/1149/1149
f 1121/1121/1121 1149/1149/1149 1122/1122/1122
f 1122/1122/1122 1149/1149/1149 1150/1150/1150
f 1122/1122/1122 1150/1150/1150 1123/1123/1123
f 1123/1123/1123 1150/1150/1150 1151/1151/1151
f 1123/1123/1123 1151/1151/1151 1124/1124/1124
f 1124/1124/1124 1151/1151/1151 1152/1152/1152
f 1124/1124/1124 1152/1152/1152 1125/1125/1125
f 1125/1125/1125 1152/1152/1152 1153/1153/1153
f 1125/1125/1125 1153/1153/1153 1126/1126/1126
f 1126/1126/1126 1153/1153/1153 1154/1154/1154
f 1126/1126/1126 1154/1154/1154 1127/1127/1127
f 1127/1127/1127 1154/1154/1154 1155/1155/1155
f 1127/1127/1127 1155/1155/1155 1128/1128/1128
f 1128/1128/1128 1155/1155/1155 1156/1156/1156
f 1128/1128/1128 1156/1156/1156 1129/1129/1129
f 1129/1129/1129 1156/1156/1156 1157/1157/1157
f 1129/1129/1129 1157/1157/1157 1130/1130/1130
f 1130/1130/1130 1157/1157/1157 1158/1158/1158
f 1130/1130/1130 1158/1158/1158 1103/1103/1103
f 1103/1103/1103 1158/1158/1158 1131/1131/1131
f 1131/1131/1131 1159/1159/1159 1132/1132/1132
f 1132/1132/1132 1159/1159/1159 1160/1160/1160
f 1132/1132/1132 1160/1160/1160 1133/1133/1133
f 1133/1133/1133 1160/1160/1160 1161/1161/1161
f 1133/1133/1133 1161/1161/1161 1134/1134/1134
f 1134/1134/1134 1161/1161/1161 1162/1162/1162
f 1134/1134/1134 1162/1162/1162 1135/1135/1135
f 1135/1135/1135 1162/1162/1162 1163/1163/1163
f 1135/1135/1135 1163/1163/1163 1136/1136/1136
f 1136/1136/1136 1163/1163/1163 1164/1164/1164
f 1136/1136/1136 1164/1164/1164 1137/1137/1137
f 1137/1137/1137 1164/1164/1164 1165/1165/1165
f 1137/1137/1137 1165/1165/1165 1138/1138/1138
f 1138/1138/1138 1165/1165/1165 1166/1166/1166
f 1138/1138/1138 1166/1166/1166 1139/1139/1139
f 1139/1139/1139 1166/1166/1166 1167/1167/1167
f 1139/1139/1139 1167/1167/1167 1140/1140/1140
f 1140/1140/1140 1167/1167/1167 1168/1168/1168
f 1140/1140/1140 1168/1168/1168 1141/1141/1141
f 1141/1141/1141 1168/1168/1168 1169/1169/1169
f 1141/1141/1141 1169/1169/1169 1142/1142/1142
f 1142/1142/1142 1169/1169/1169 1170/1170/1170
f 1142/1142/1142 1170/1170/1170 1143/1143/1143
f 1143/1143/1143 1170/1170/1170 1171/1171/1171
f 1143/1143/1143 1171/1171/1171 1144/1144/1144
f 1144/1144/1144 1171/1171/1171 1172/1172/1172
f 1144/1144/1144 1172/1172/1172 1145/1145/1145
f 1145/1145/1145 1172/1172/1172 1173/1173/1173
f 1145/1145/1145 1173/1173/1173 1146/1146/1146
f 1146/1146/1146 1173/1173/1173 1174/1174/1174
f 1146/1146/1146 1174/1174/1174 1147/1147/1147
f 1147/1147/1147 1174/1174/1174 1175/1175/1175
f 1147/1147/1147 1175/1175/1175 1148/1148/1148
f 1148/1148/1148 1175/1175/1175 1176/1176/1176
f 1148/1148/1148 1176/1176/1176 1149/1149/1149
f 1149/1149/1149 1176/1176/1176 1177/1177/1177
f 1149/1149/1149 1177/1177/1177 1150/1150/1150
f 1150/1150/1150 1177/1177/1177 1178/1178/1178
f 1150/1150/1150 1178/1178/1178 1151/1151/1151
f 1151/1151/1151 1178/1178/1178 1179/1179/1179
f 1151/1151/1151 1179/1179/1179 1152/1152/1152
f 1152/1152/1152 1179/1179/1179 1180/1180/1180
f 1152/1152/1152 1180/1180/1180 1153/1153/1153
f 1153/1153/1153 1180/1180/1180 1181/1181/1181
f 1153/1153/1153 1181/1181/1181 1154/1154/1154
f 1154/1154/1154 1181/1181/1181 1182/1182/1182
f 1154/1154/1154 1182/1182/1182 1155/1155/1155
f 1155/1155/1155 1182/1182/1182 1183/1183/1183
f 1155/1155/1155 1183/1183/1183 1156/1156/1156
f 1156/1156/1156 1183/1183/1183 1184/1184/1184
f 1156/1156/1156 1184/1184/1184 1157/1157/1157
f 1157/1157/1157 1184/1184/1184 1185/1185/1185
f 1157/1157/1157 1185/1185/1185 1158/1158/1158
f 1158/1158/1158 1185/1185/1185 1186/1186/1186
f 1158/1158/1158 1186/1186/1186 1131/1131/1131
f 1131/1131/1131 1186/1186/1186 1159/1159/1159
f 1159/1159/1159 1187/1187/1187 1160/1160/1160
f 1160/1160/1160 1187/1187/1187 1188/1188/1188
f 1160/1160/1160 1188/1188/1188 1161/1161/1161
f 1161/1161/1161 1188/1188/1188 1189/1189/1189
f 1161/1161/1161 1189/1189/1189 1162/1162/1162
f 1162/1162/1162 1189/1189/1189 1190/1190/1190
f 1162/1162/1162 1190/1190/1190 1163/1163/1163
f 1163/1163/1163 1190/1190/1190 1191/1191/1191
f 1163/1163/1163 1191/1191/1191 1164/1164/1164
f 1164/1164/1164 1191/1191/1191 1192/1192/1192
f 1164/1164/1164 1192/1192/1192 1165/1165/1165
f 1165/1165/1165 1192/1192/1192 1193/1193/1193
f 1165/1165/1165 1193/1193/1193 1166/1166/1166
f 1166/1166/1166 1193/1193/1193 1194/1194/1194
f 1166/1166/1166 1194/1194/1194 1167/1167/1167
f 1167/1167/1167 1194/1194/1194 1195/1195/1195
f 1167/1167/1167 1195/1195/1195 1168/1168/1168
f 1168/1168/1168 1195/1195/1195 1196/1196/1196
f 1168/1168/1168 1196/1196/1196 1169/1169/1169
f 1169/1169/1169 1196/1196/1196 1197/1197/1197
f 1169/1169/1169 1197/1197/1197 1170/1170/1170
f 1170/1170/1170 1197/1197/1197 1198/1198/1198
f 1170/1170/1170 1198/1198/1198 1171/1171/1171
f 1171/1171/1171 1198/1198/1198 1199/1199/1199
f 1171/1171/1171 1199/1199/1199 1172/1172/1172
f 1172/1172/1172 1199/1199/1199 1200/1200/1200
f 1172/1172/1172 1200/1200/1200 1173/1173/1173
f 1173/1173/1173 1200/1200/1200 1201/1201/1201
f 1173/1173/1173 1201/1201/1201 1174/1174/1174
f 1174/1174/1174 1201/1201/1201 1202/1202/1202
f 1174/1174/1174 1202/1202/1202 1175/1175/1175
f 1175/1175/1175 1202/1202/1202 1203/1203/1203
f 1175/1175/1175 1203/1203/1203 1176/1176/1176
f 1176/1176/1176 1203/1203/1203 1204/1204/1204
f 1176/1176/1176 1204/1204/1204 1177/1177/1177
f 1177/1177/1177 1204/1204/1204 1205/1205/1205
f 1177/1177/1177 1205/1205/1205 1178/1178/1178
f 1178/1178/1178 1205/1205/1205 1206/1206/1206
f 1178/1178/1178 1206/1206/1206 1179/1179/1179
f 1179/1179/1179 1206/1206/1206 1207/1207/1207
f 1179/1179/1179 1207/1207/1207 1180/1180/1180
f 1180/1180/1180 1207/1207/1207 1208/1208/1208
f 1180/1180/1180 1208/1208/1208 1181/1181/1181
f 1181/1181/1181 1208/1208/1208 1209/1209/1209
f 1181/1181/1181 1209/1209/1209 1182/1182/1182
f 1182/1182/1182 1209/1209/1209 1210/1210/1210
f 1182/1182/1182 1210/1210/1210 1183/1183/1183
f 1183/1183/1183 1210/1210/1210 1211/1211/1211
f 1183/1183/1183 1211/1211/1211 1184/1184/1184
f 1184/1184/1184 1211/1211/1211 1212/1212/1212
f 1184/1184/1184 1212/1212/1212 1185/1185/1185
f 1185/1185/1185 1212/1212/1212 1213/1213/1213
f 1185/1185/1185 1213/1213/1213 1186/1186/1186
f 1186/1186/1186 1213/1213/1213 1214/1214/1214
f 1186/1186/1186 1214/1214/1214 1159/1159/1159
f 1159/1159/1159 1214/1214/1214 1187/1187/1187
f 1187/1187/1187 1215/1215/1215 1188/1188/1188
f 1188/1188/1188 1215/1215/1215 1216/1216/1216
f 1188/1188/1188 1216/1216/1216 1189/1189/1189
f 1189/1189/1189 1216/1216/1216 1217/1217/1217
f 1189/1189/1189 1217/1217/1217 1190/1190/1190
f 1190/1190/1190 1217/1217/1217 1218/1218/1218
f 1190/1190/1190 1218/1218/1218 1191/1191/1191
f 1191/1191/1191 1218/1218/1218 1219/1219/1219
f 1191/1191/1191 1219/1219/1219 1192/1192/1192
f 1192/1192/1192 1219/1219/1219 1220/1220/1220
f 1192/1192/1192 1220/1220/1220 1193/1193/1193
f 1193/1193/1193 1220/1220/1220 1221/1221/1221
f 1193/1193/1193 1221/1221/1221 1194/1194/1194
f 1194/1194/1194 1221/1221/1221 1222/1222/1222
f 1194/1194/1194 1222/1222/1222 1195/1195/1195
f 1195/1195/1195 1222/1222/1222 1223/1223/1223
f 1195/1195/1195 1223/1223/1223 1196/1196/1196
f 1196/1196/1196 1223/1223/1223 1224/1224/1224
f 1196/1196/1196 1224/1224/1224 1197/1197/1197
f 1197/1197/1197 1224/1224/1224 1225/1225/1225
f 1197/1197/1197 1225/1225/1225 1198/1198/1198
f 1198/1198/1198 1225/1225/1225 1226/1226/1226
f 1198/1198/1198 1226/1226/1226 1199/1199/1199
f 1199/1199/1199 1226/1226/1226 1227/1227/1227
f 1199/1199/1199 1227/1227/1227 1200/1200/1200
f 1200/1200/1200 1227/1227/1227 1228/1228/1228
f 1200/1200/1200 1228/1228/1228 1201/1201/1201
f 1201/1201/1201 1228/1228/1228 1229/1229/1229
f 1201/1201/1201 1229/1229/1229 1202/1202/1202
f 1202/1202/1202 1229/1229/1229 1230/1230/1230
f 1202/1202/1202 1230/1230/1230 1203/1203/1203
f 1203/1203/1203 1230/1230/1230 1231/1231/1231
f 1203/1203/1203 1231/1231/1231 1204/1204/1204
f 1204/1204/1204 1231/1231/1231 1232/1232/1232
f 1204/1204/1204 1232/1232/1232 1205/1205/1205
f 1205/1205/1205 1232/1232/1232 1233/1233/1233
f 1205/1205/1205 1233/1233/1233 1206/1206/1206
f 1206/1206/1206 1233/1233/1233 1234/1234/1234
f 1206/1206/1206 1234/1234/1234 1207/1207/1207
f 1207/1207/1207 1234/1234/1234 1235/1235/1235
f 1207/1207/1207 1235/1235/1235 1208/1208/1208
f 1208/1208/1208 1235/1235/1235 1236/1236/1236
f 1208/1208/1208 1236/1236/1236 1209/1209/1209
f 1209/1209/1209 1236/1236/1236 1237/1237/1237
f 1209/1209/1209 1237/1237/1237 1210/1210/1210
f 1210/1210/1210 1237/1237/1237 1238/1238/1238
f 1210/1210/1210 1238/1238/1238 1211/1211/1211
f 1211/1211/1211 1238/1238/1238 1239/1239/1239
f 1211/1211/1211 1239/1239/1239 1212/1212/1212
f 1212/1212/1212 1239/1239/1239 1240/1240/1240
f 1212/1212/1212 1240/1240/1240 1213/1213/1213
f 1213/1213/1213 1240/1240/1240 1241/1241/1241
f 1213/1213/1213 1241/1241/1241 1214/1214/1214
f 1214/1214/1214 1241/1241/1241 1242/1242/1242
f 1214/1214/1214 1242/1242/1242 1187/1187/1187
f 1187/1187/1187 1242/1242/1242 1215/1215/1215
f 1215/1215/1215 1243/1243/1243 1216/1216/1216
f 1216/1216/1216 1243/1243/1243 1244/1244/1244
f 1216/1216/1216 1244/1244/1244 1217/1217/1217
f 1217/1217/1217 1244/1244/1244 1245/1245/1245
f 1217/1217/1217 1245/1245/1245 1218/1218/1218
f 1218/1218/1218 1245/1245/1245 1246/1246/1246
f 1218/1218/1218 1246/1246/1246 1219/1219/1219
f 1219/1219/1219 1246/1246/1246 1247/1247/1247
f 1219/1219/1219 1247/1247/1247 1220/1220/1220
f 1220/1220/1220 1247/1247/1247 1248/1248/1248
f 1220/1220/1220 1248/1248/1248 1221/1221/1221
f 1221/1221/1221 1248/1248/1248 1249/1249/1249
f 1221/1221/1221 1249/1249/1249 1222/1222/1222
f 1222/1222/1222 1249/1249/1249 1250/1250/1250
f 1222/1222/1222 1250/1250/1250 1223/1223/1223
f 1223/1223/1223 1250/1250/1250 1251/1251/1251
f 1223/1223/1223 1251/1251/1251 1224/1224/1224
f 1224/1224/1224 1251/1251/1251 1252/1252/1252
f 1224/1224/1224 1252/1252/1252 1225/1225/1225
f 1225/1225/1225 1252/1252/1252 1253/1253/1253
f 1225/1225/1225 1253/1253/1253 1226/1226/1226
f 1226/1226/1226 1253/1253/1253 1254/1254/1254
f 1226/1226/1226 1254/1254/1254 1227/1227/1227
f 1227/1227/1227 1254/1254/1254 1255/1255/1255
f 1227/1227/1227 1255/1255/1255 1228/1228/1228
f 1228/1228/1228 1255/1255/1255 1256/1256/1256
f 1228/1228/1228 1256/1256/1256 1229/1229/1229
f 1229/1229/1229 1256/1256/1256 1257/1257/1257
f 1229/1229/1229 1257/1257/1257 1230/1230/1230
f 1230/1230/1230 1257/1257/1257 1258/1258/1258
f 1230/1230/1230 1258/1258/1258 1231/1231/1231
f 1231/1231/1231 1258/1258/1258 1259/1259/1259
f 1231/1231/1231 1259/1259/1259 1232/1232/1232
f 1232/1232/1232 1259/1259/1259 1260/1260/1260
f 1232/1232/1232 1260/1260/1260 1233/1233/1233
f 1233/1233/1233 1260/1260/1260 1261/1261/1261
f 1233/1233/1233 1261/1261/1261 1234/1234/1234
f 1234/1234/1234 1261/1261/1261 1262/1262/1262
f 1234/1234/1234 1262/1262/1262 1235/1235/1235
f 1235/1235/1235 1262/1262/1262 1263/1263/1263
f 1235/1235/1235 1263/1263/1263 1236/1236/1236
f 1236/1236/1236 1263/1263/1263 1264/1264/1264
f 1236/1236/1236 1264/1264/1264 1237/1237/1237
f 1237/1237/1237 1264/1264/1264 1265/1265/1265
f 1237/1237/1237 1265/1265/1265 1238/1238/1238
f 1238/1238/1238 1265/1265/1265 1266/1266/1266
f 1238/1238/1238 1266/1266/1266 1239/1239/1239
f 1239/1239/1239 1266/1266/1266 1267/1267/1267
f 1239/1239/1239 1267/1267/1267 1240/1240/1240
f 1240/1240/1240 1267/1267/1267 1268/1268/1268
f 1240/1240/1240 1268/1268/1268 1241/1241/1241
f 1241/1241/1241 1268/1268/1268 1269/1269/1269
f 1241/1241/1241 1269/1269/1269 1242/1242/1242
f 1242/1242/1242 1269/1269/1269 1270/1270/1270
f 1242/1242/1242 1270/1270/1270 1215/1215/1215
f 1215/1215/1215 1270/1270/1270 1243/1243/1243
f 1243/1243/1243 1271/1271/1271 1244/1244/1244
f 1244/1244/1244 1271/1271/1271 1272/1272/1272
f 1244/1244/1244 1272/1272/1272 1245/1245/1245
f 1245/1245/1245 1272/1272/1272 1273/1273/1273
f 1245/1245/1245 1273/1273/1273 1246/1246/1246
f 1246/1246/1246 1273/1273/1273 1274/1274/1274
f 1246/1246/1246 1274/1274/1274 1247/1247/1247
f 1247/1247/1247 1274/1274/1274 1275/1275/1275
f 1247/1247/1247 1275/1275/1275 1248/1248/1248
f 1248/1248/1248 1275/1275/1275 1276/1276/1276
f 1248/1248/1248 1276/1276/1276 1249/1249/1249
f 1249/1249/1249 1276/1276/1276 1277/1277/1277
f 1249/1249/1249 1277/1277/1277 1250/1250/1250
f 1250/1250/1250 1277/1277/1277 1278/1278/1278
f 1250/1250/1250 1278/1278/1278 1251/1251/1251
f 1251/1251/1251 1278/1278/1278 1279/1279/1279
f 1251/1251/1251 1279/1279/1279 1252/1252/1252
f 1252/1252/1252 1279/1279/1279 1280/1280/1280
f 1252/1252/1252 1280/1280/1280 1253/1253/1253
f 1253/1253/1253 1280/1280/1280 1281/1281/1281
f 1253/1253/1253 1281/1281/1281 1254/1254/1254
f 1254/1254/1254 1281/1281/1281 1282/1282/1282
f 1254/1254/1254 1282/1282/1282 1255/1255/1255
f 1255/1255/1255 1282/1282/1282 1283/1283/1283
f 1255/1255/1255 1283/1283/1283 1256/1256/1256
f 1256/1256/1256 1283/1283/1283 1284/1284/1284
f 1256/1256/1256 1284/1284/1284 1257/1257/1257
f 1257/1257/1257 1284/1284/1284 1285/1285/1285
f 1257/1257/1257 1285/1285/1285 1258/1258/1258
f 1258/1258/1258 1285/1285/1285 1286/1286/1286
f 1258/1258/1258 1286/1286/1286 1259/1259/1259
f 1259/1259/1259 1286/1286/1286 1287/1287/1287
f 1259/1259/1259 1287/1287/1287 1260/1260/1260
f 1260/1260/1260 1287/1287/1287 1288/1288/1288
f 1260/1260/1260 1288/1288/1288 1261/1261/1261
f 1261/1261/1261 1288/1288/1288 1289/1289/1289
f 1261/1261/1261 1289/1289/1289 1262/1262/1262
f 1262/1262/1262 1289/1289/1289 1290/1290/1290
f 1262/1262/1262 1290/1290/1290 1263/1263/1263
f 1263/1263/1263 1290/1290/1290 1291/1291/1291
f 1263/1263/1263 1291/1291/1291 1264/1264/1264
f 1264/1264/1264 1291/1291/1291 1292/1292/1292
f 1264/1264/1264 1292/1292/1292 1265/1265/1265
f 1265/1265/1265 1292/1292/1292 1293/1293/1293
f 1265/1265/1265 1293/1293/1293 1266/1266/1266
f 1266/1266/1266 1293/1293/1293 1294/1294/1294
f 1266/1266/1266 1294/1294/1294 1267/1267/1267
f 1267/1267/1267 1294/1294/1294 1295/1295/1295
f 1267/1267/1267 1295/1295/1295 1268/1268/1268
f 1268/1268/1268 1295/1295/1295 1296/1296/1296
f 1268/1268/1268 1296/1296/1296 1269/1269/1269
f 1269/1269/1269 1296/1296/1296 1297/1297/1297
f 1269/1269/1269 1297/1297/1297 1270/1270/1270
f 1270/1270/1270 1297/1297/1297 1298/1298/1298
f 1270/1270/1270 1298/1298/1298 1243/1243/1243
f 1243/1243/1243 1298/1298/1298 1271/1271/1271
f 1271/1271/1271 1299/1299/1299 1272/1272/1272
f 1272/1272/1272 1299/1299/1299 1300/1300/1300
f 1272/1272/1272 1300/1300/1300 1273/1273/1273
f 1273/1273/1273 1300/1300/1300 1301/1301/1301
f 1273/1273/1273 1301/1301/1301 1274/1274/1274
f 1274/1274/1274 1301/1301/1301 1302/1302/1302
f 1274/1274/1274 1302/1302/1302 1275/1275/1275
f 1275/1275/1275 1302/1302/1302 1303/1303/1303
f 1275/1275/1275 1303/1303/1303 1276/1276/1276
f 1276/1276/1276 1303/1303/1303 1304/1304/1304
f 1276/1276/1276 1304/1304/1304 1277/1277/1277
f 1277/1277/1277 1304/1304/1304 1305/1305/1305
f 1277/1277/1277 1305/1305/1305 1278/1278/1278
f 1278/1278/1278 1305/1305/1305 1306/1306/1306
f 1278/1278/1278 1306/1306/1306 1279/1279/1279
f 1279/1279/1279 1306/1306/1306 1307/1307/1307
f 1279/1279/1279 1307/1307/1307 1280/1280/1280
f 1280/1280/1280 1307/1307/1307 1308/1308/1308
f 1280/1280/1280 1308/1308/1308 1281/1281/1281
f 1281/1281/1281 1308/1308/1308 1309/1309/1309
f 1281/1281/1281 1309/1309/1309 1282/1282/1282
f 1282/1282/1282 1309/1309/1309 1310/1310/1310
f 1282/1282/1282 1310/1310/1310 1283/1283/1283
f 1283/1283/1283 1310/1310/1310 1311/1311/1311
f 1283/1283/1283 1311/1311/1311 1284/1284/1284
f 1284/1284/1284 1311/1311/1311 1312/1312/1312
f 1284/1284/1284 1312/1312/1312 1285/1285/1285
f 1285/1285/1285 1312/1312/1312 1313/1313/1313
f 1285/1285/1285 1313/1313/1313 1286/1286/1286
f 1286/1286/1286 1313/1313/1313 1314/1314/1314
f 1286/1286/1286 1314/1314/1314 1287/1287/1287
f 1287/1287/1287 1314/1314/1314 1315/1315/1315
f 1287/1287/1287 1315/1315/1315 1288/1288/1288
f 1288/1288/1288 1315/1315/1315 1316/1316/1316
f 1288/1288/1288 1316/1316/1316 1289/1289/1289
f 1289/1289/1289 1316/1316/1316 1317/1317/1317
f 1289/1289/1289 1317/1317/1317 1290/1290/1290
f 1290/1290/1290 1317/1317/1317 1318/1318/1318
f 1290/1290/1290 1318/1318/1318 1291/1291/1291
f 1291/1291/1291 1318/1318/1318 1319/1319/1319
f 1291/1291/1291 1319/1319/1319 1292/1292/1292
f 1292/1292/1292 1319/1319/1319 1320/1320/1320
f 1292/1292/1292 1320/1320/1320 1293/1293/1293
f 1293/1293/1293 1320/1320/1320 1321/1321/1321
f 1293/1293/1293 1321/1321/1321 1294/1294/1294
f 1294/1294/1294 1321/1321/1321 1322/1322/1322
f 1294/1294/1294 1322/1322/1322 1295/1295/1295
f 1295/1295/1295 1322/1322/1322 1323/1323/1323
f 1295/1295/1295 1323/1323/1323 1296/1296/1296
f 1296/1296/1296 1323/1323/1323 1324/1324/1324
f 1296/1296/1296 1324/1324/1324 1297/1297/1297
f 1297/1297/1297 1324/1324/1324 1325/1325/1325
f 1297/1297/1297 1325/1325/1325 1298/1298/1298
f 1298/1298/1298 1325/1325/1325 1326/1326/1326
f 1298/1298/1298 1326/1326/1326 1271/1271/1271
f 1271/1271/1271 1326/1326/1326 1299/1299/1299
f 1299/1299/1299 1327/1327/1327 1300/1300/1300
f 1300/1300/1300 1327/1327/1327 1328/1328/1328
f 1300/1300/1300 1328/1328/1328 1301/1301/1301
f 1301/1301/1301 1328/1328/1328 1329/1329/1329
f 1301/1301/1301 1329/1329/1329 1302/1302/1302
f 1302/1302/1302 1329/1329/1329 1330/1330/1330
f 1302/1302/1302 1330/1330/1330 1303/1303/1303
f 1303/1303/1303 1330/1330/1330 1331/1331/1331
f 1303/1303/1303 1331/1331/1331 1304/1304/1304
f 1304/1304/1304 1331/1331/1331 1332/1332/1332
f 1304/1304/1304 1332/1332/1332 1305/1305/1305
f 1305/1305/1305 1332/1332/1332 1333/1333/1333
f 1305/1305/1305 1333/1333/1333 1306/1306/1306
f 1306/1306/1306 1333/1333/1333 1334/1334/1334
f 1306/1306/1306 1334/1334/1334 1307/1307/1307
f 1307/1307/1307 1334/1334/1334 1335/1335/1335
f 1307/1307/1307 1335/1335/1335 1308/1308/1308
f 1308/1308/1308 1335/1335/1335 1336/1336/1336
f 1308/1308/1308 1336/1336/1336 1309/1309/1309
f 1309/1309/1309 1336/1336/1336 1337/1337/1337
f 1309/1309/1309 1337/1337/1337 1310/1310/1310
f 1310/1310/1310 1337/1337/1337 1338/1338/1338
f 1310/1310/1310 1338/1338/1338 1311/1311/1311
f 1311/1311/1311 1338/1338/1338 1339/1339/1339
f 1311/1311/1311 1339/1339/1339 1312/1312/1312
f 1312/1312/1312 1339/1339/1339 1340/1340/1340
f 1312/1312/1312 1340/1340/1340 1313/1313/1313
f 1313/1313/1313 1340/1340/1340 1341/1341/1341
f 1313/1313/1313 1341/1341/1341 1314/1314/1314
f 1314/1314/1314 1341/1341/1341 1342/1342/1342
f 1314/1314/1314 1342/1342/1342 1315/1315/1315
f 1315/1315/1315 1342/1342/1342 1343/1343/1343
f 1315/1315/1315 1343/1343/1343 1316/1316/1316
f 1316/1316/1316 1343/1343/1343 1344/1344/1344
f 1316/1316/1316 1344/1344/1344 1317/1317/1317
f 1317/1317/1317 1344/1344/1344 1345/1345/1345
f 1317/1317/1317 1345/1345/1345 1318/1318/1318
f 1318/1318/1318 1345/1345/1345 1346/1346/1346
f 1318/1318/1318 1346/1346/1346 1319/1319/1319
f 1319/1319/1319 1346/1346/1346 1347/1347/1347
f 1319/1319/1319 1347/1347/1347 1320/1320/1320
f 1320/1320/1320 1347/1347/1347 1348/1348/1348
f 1320/1320/1320 1348/1348/1348 1321/1321/1321
f 1321/1321/1321 1348/1348/1348 1349/1349/1349
f 1321/1321/1321 1349/1349/1349 1322/1322/1322
f 1322/1322/1322 1349/1349/1349 1350/1350/1350
f 1322/1322/1322 1350/1350/1350 1323/1323/1323
f 1323/1323/1323 1350/1350/1350 1351/1351/1351
f 1323/1323/1323 1351/1351/1351 1324/1324/1324
f 1324/1324/1324 1351/1351/1351 1352/1352/1352
f 1324/1324/1324 1352/1352/1352 1325/1325/1325
f 1325/1325/1325 1352/1352/1352 1353/1353/1353
f 1325/1325/1325 1353/1353/1353 1326/1326/1326
f 1326/1326/1326 1353/1353/1353 1354/1354/1354
f 1326/1326/1326 1354/1354/1354 1299/1299/1299
f 1299/1299/1299 1354/1354/1354 1327/1327/1327
f 1327/1327/1327 1355/1355/1355 1328/1328/1328
f 1328/1328/1328 1355/1355/1355 1356/1356/1356
f 1328/1328/1328 1356/1356/1356 1329/1329/1329
f 1329/1329/1329 1356/1356/1356 1357/1357/1357
f 1329/1329/1329 1357/1357/1357 1330/1330/1330
f 1330/1330/1330 1357/1357/1357 1358/1358/1358
f 1330/1330/1330 1358/1358/1358 1331/1331/1331
f 1331/1331/1331 1358/1358/1358 1359/1359/1359
f 1331/1331/1331 1359/1359/1359 1332/1332/1332
f 1332/1332/1332 1359/1359/1359 1360/1360/1360
f 1332/1332/1332 1360/1360/1360 1333/1333/1333
f 1333/1333/1333 1360/1360/1360 1361/1361/1361
f 1333/1333/1333 1361/1361/1361 1334/1334/1334
f 1334/1334/1334 1361/1361/1361 1362/1362/1362
f 1334/1334/1334 1362/1362/1362 1335/1335/1335
f 1335/1335/1335 1362/1362/1362 1363/1363/1363
f 1335/1335/1335 1363/1363/1363 1336/1336/1336
f 1336/1336/1336 1363/1363/1363 1364/1364/1364
f 1336/1336/1336 1364/1364/1364 1337/1337/1337
f 1337/1337/1337 1364/1364/1364 1365/1365/1365
f 1337/1337/1337 1365/1365/1365 1338/1338/1338
f 1338/1338/1338 1365/1365/1365 1366/1366/1366
f 1338/1338/1338 1366/1366/1366 1339/1339/1339
f 1339/1339/1339 1366/1366/1366 1367/1367/1367
f 1339/1339/1339 1367/1367/1367 1340/1340/1340
f 1340/1340/1340 1367/1367/1367 1368/1368/1368
f 1340/1340/1340 1368/1368/1368 1341/1341/1341
f 1341/1341/1341 1368/1368/1368 1369/1369/1369
f 1341/1341/1341 1369/1369/1369 1342/1342/1342
f 1342/1342/1342 1369/1369/1369 1370/1370/1370
f 1342/1342/1342 1370/1370/1370 1343/1343/1343
f 1343/1343/1343 1370/1370/1370 1371/1371/1371
f 1343/1343/1343 1371/1371/1371 1344/1344/1344
f 1344/1344/1344 1371/1371/1371 1372/1372/1372
f 1344/1344/1344 1372/1372/1372 1345/1345/1345
f 1345/1345/1345 1372/1372/1372 1373/1373/1373
f 1345/1345/1345 1373/1373/1373 1346/1346/1346
f 1346/1346/1346 1373/1373/1373 1374/1374/1374
f 1346/1346/1346 1374/1374/1374 1347/1347/1347
f 1347/1347/1347 1374/1374/1374 1375/1375/1375
f 1347/1347/1347 1375/1375/1375 1348/1348/1348
f 1348/1348/1348 1375/1375/1375 1376/1376/1376
f 1348/1348/1348 1376/1376/1376 1349/1349/1349
f 1349/1349/1349 1376/1376/1376 1377/1377/1377
f 1349/1349/1349 1377/1377/1377 1350/1350/1350
f 1350/1350/1350 1377/1377/1377 1378/1378/1378
f 1350/1350/1350 1378/1378/1378 1351/1351/1351
f 1351/1351/1351 1378/1378/1378 1379/1379/1379
f 1351/1351/1351 1379/1379/1379 1352/1352/1352
f 1352/1352/1352 1379/1379/1379 1380/1380/1380
f 1352/1352/1352 1380/1380/1380 1353/1353/1353
f 1353/1353/1353 1380/1380/1380 1381/1381/1381
f 1353/1353/1353 1381/1381/1381 1354/1354/1354
f 1354/1354/1354 1381/1381/1381 1382/1382/1382
f 1354/1354/1354 1382/1382/1382 1327/1327/1327
f 1327/1327/1327 1382/1382/1382 1355/1355/1355
f 1355/1355/1355 1383/1383/1383 1356/1356/1356
f 1356/1356/1356 1383/1383/1383 1384/1384/1384
f 1356/1356/1356 1384/1384/1384 1357/1357/1357
f 1357/1357/1357 1384/1384/1384 1385/1385/1385
f 1357/1357/1357 1385/1385/1385 1358/1358/1358
f 1358/1358/1358 1385/1385/1385 1386/1386/1386
f 1358/1358/1358 1386/1386/1386 1359/1359/1359
f 1359/1359/1359 1386/1386/1386 1387/1387/1387
f 1359/1359/1359 1387/1387/1387 1360/1360/1360
f 1360/1360/1360 1387/1387/1387 1388/1388/1388
f 1360/1360/1360 1388/1388/1388 1361/1361/1361
f 1361/1361/1361 1388/1388/1388 1389/1389/1389
f 1361/1361/1361 1389/1389/1389 1362/1362/1362
f 1362/1362/1362 1389/1389/1389 1390/1390/1390
f 1362/1362/1362 1390/1390/1390 1363/1363/1363
f 1363/1363/1363 1390/1390/1390 1391/1391/1391
f 1363/1363/1363 1391/1391/1391 1364/1364/1364
f 1364/1364/1364 1391/1391/1391 1392/1392/1392
f 1364/1364/1364 1392/1392/1392 1365/1365/1365
f 1365/1365/1365 1392/1392/1392 1393/1393/1393
f 1365/1365/1365 1393/1393/1393 1366/1366/1366
f 1366/1366/1366 1393/1393/1393 1394/1394/1394
f 1366/1366/1366 1394/1394/1394 1367/1367/1367
f 1367/1367/1367 1394/1394/1394 1395/1395/1395
f 1367/1367/1367 1395/1395/1395 1368/1368/1368
f 1368/1368/1368 1395/1395/1395 1396/1396/1396
f 1368/1368/1368 1396/1396/1396 1369/1369/1369
f 1369/1369/1369 1396/1396/1396 1397/1397/1397
f 1369/1369/1369 1397/1397/1397 1370/1370/1370
f 1370/1370/1370 1397/1397/1397 1398/1398/1398
f 1370/1370/1370 1398/1398/1398 1371/1371/1371
f 1371/1371/1371 1398/1398/1398 1399/1399/1399
f 1371/1371/1371 1399/1399/1399 1372/1372/1372
f 1372/1372/1372 1399/1399/1399 1400/1400/1400
f 1372/1372/1372 1400/1400/1400 1373/1373/1373
f 1373/1373/1373 1400/1400/1400 1401/1401/1401
f 1373/1373/1373 1401/1401/1401 1374/1374/1374
f 1374/1374/1374 1401/1401/1401 1402/1402/1402
f 1374/1374/1374 1402/1402/1402 1375/1375/1375
f 1375/1375/1375 1402/1402/1402 1403/1403/1403
f 1375/1375/1375 1403/1403/1403 1376/1376/1376
f 1376/1376/1376 1403/1403/1403 1404/1404/1404
f 1376/1376/1376 1404/1404/1404 1377/1377/1377
f 1377/1377/1377 1404/1404/1404 1405/1405/1405
f 1377/1377/1377 1405/1405/1405 1378/1378/1378
f 1378/1378/1378 1405/1405/1405 1406/1406/1406
f 1378/1378/1378 1406/1406/1406 1379/1379/1379
f 1379/1379/1379 1406/1406/1406 1407/1407/1407
f 1379/1379/1379 1407/1407/1407 1380/1380/1380
f 1380/1380/1380 1407/1407/1407 1408/1408/1408
f 1380/1380/1380 1408/1408/1408 1381/1381/1381
f 1381/1381/1381 1408/1408/1408 1409/1409/1409
f 1381/1381/1381 1409/1409/1409 1382/1382/1382
f 1382/1382/1382 1409/1409/1409 1410/1410/1410
f 1382/1382/1382 1410/1410/1410 1355/1355/1355
f 1355/1355/1355 1410/1410/1410 1383/1383/1383
f 1383/1383/1383 1411/1411/1411 1384/1384/1384
f 1384/1384/1384 1411/1411/1411 1412/1412/1412
f 1384/1384/1384 1412/1412/1412 1385/1385/1385
f 1385/1385/1385 1412/1412/1412 1413/1413/1413
f 1385/1385/1385 1413/1413/1413 1386/1386/1386
f 1386/1386/1386 1413/1413/1413 1414/1414/1414
f 1386/1386/1386 1414/1414/1414 1387/1387/1387
f 1387/1387/1387 1414/1414/1414 1415/1415/1415
f 1387/1387/1387 1415/1415/1415 1388/1388/1388
f 1388/1388/1388 1415/1415/1415 1416/1416/1416
f 1388/1388/1388 1416/1416/1416 1389/1389/1389
f 1389/1389/1389 1416/1416/1416 1417/1417/1417
f 1389/1389/1389 1417/1417/1417 1390/1390/1390
f 1390/1390/1390 1417/1417/1417 1418/1418/1418
f 1390/1390/1390 1418/1418/1418 1391/1391/1391
f 1391/1391/1391 1418/1418/1418 1419/1419/1419
f 1391/1391/1391 1419/1419/1419 1392/1392/1392
f 1392/1392/1392 1419/1419/1419 1420/1420/1420
f 1392/1392/1392 1420/1420/1420 1393/1393/1393
f 1393/1393/1393 1420/1420/1420 1421/1421/1421
f 1393/1393/1393 1421/1421/1421 1394/1394/1394
f 1394/1394/1394 1421/1421/1421 1422/1422/1422
f 1394/1394/1394 1422/1422/1422 1395/1395/1395
f 1395/1395/1395 1422/1422/1422 1423/1423/1423
f 1395/1395/1395 1423/1423/1423 1396/1396/1396
f 1396/1396/1396 1423/1423/1423 1424/1424/1424
f 1396/1396/1396 1424/1424/1424 1397/1397/1397
f 1397/1397/1397 1424/1424/1424 1425/1425/1425
f 1397/1397/1397 1425/1425/1425 1398/1398/1398
f 1398/1398/1398 1425/1425/1425 1426/1426/1426
f 1398/1398/1398 1426/1426/1426 1399/1399/1399
f 1399/1399/1399 1426/1426/1426 1427/1427/1427
f 1399/1399/1399 1427/1427/1427 1400/1400/1400
f 1400/1400/1400 1427/1427/1427 1428/1428/1428
f 1400/1400/1400 1428/1428/1428 1401/1401/1401
f 1401/1401/1401 1428/1428/1428 1429/1429/1429
f 1401/1401/1401 1429/1429/1429 1402/1402/1402
f 1402/1402/1402 1429/1429/1429 1430/1430/1430
f 1402/1402/1402 1430/1430/1430 1403/1403/1403
f 1403/1403/1403 1430/1430/1430 1431/1431/1431
f 1403/1403/1403 1431/1431/1431 1404/1404/1404
f 1404/1404/1404 1431/1431/1431 1432/1432/1432
f 1404/1404/1404 1432/1432/1432 1405/1405/1405
f 1405/1405/1405 1432/1432/1432 1433/1433/1433
f 1405/1405/1405 1433/1433/1433 1406/1406/1406
f 1406/1406/1406 1433/1433/1433 1434/1434/1434
f 1406/1406/1406 1434/1434/1434 1407/1407/1407
f 1407/1407/1407 1434/1434/1434 1435/1435/1435
f 1407/1407/1407 1435/1435/1435 1408/1408/1408
f 1408/1408/1408 1435/1435/1435 1436/1436/1436
f 1408/1408/1408 1436/1436/1436 1409/1409/1409
f 1409/1409/1409 1436/1436/1436 1437/1437/1437
f 1409/1409/1409 1437/1437/1437 1410/1410/1410
f 1410/1410/1410 1437/1437/1437 1438/1438/1438
f 1410/1410/1410 1438/1438/1438 1383/1383/1383
f 1383/1383/1383 1438/1438/1438 1411/1411/1411
f 1411/1411/1411 1439/1439/1439 1412/1412/1412
f 1412/1412/1412 1439/1439/1439 1440/1440/1440
f 1412/1412/1412 1440/1440/1440 1413/1413/1413
f 1413/1413/1413 1440/1440/1440 1441/1441/1441
f 1413/1413/1413 1441/1441/1441 1414/1414/1414
f 1414/1414/1414 1441/1441/1441 1442/1442/1442
f 1414/1414/1414 1442/1442/1442 1415/1415/1415
f 1415/1415/1415 1442/1442/1442 1443/1443/1443
f 1415/1415/1415 1443/1443/1443 1416/1416/1416
f 1416/1416/1416 1443/1443/1443 1444/1444/1444
f 1416/1416/1416 1444/1444/1444 1417/1417/1417
f 1417/1417/1417 1444/1444/1444 1445/1445/1445
f 1417/1417/1417 1445/1445/1445 1418/1418/1418
f 1418/1418/1418 1445/1445/1445 1446/1446/1446
f 1418/1418/1418 1446/1446/1446 1419/1419/1419
f 1419/1419/1419 1446/1446/1446 1447/1447/1447
f 1419/1419/1419 1447/1447/1447 1420/1420/1420
f 1420/1420/1420 1447/1447/1447 1448/1448/1448
f 1420/1420/1420 1448/1448/1448 1421/1421/1421
f 1421/1421/1421 1448/1448/1448 1449/1449/1449
f 1421/1421/1421 1449/1449/1449 1422/1422/1422
f 1422/1422/1422 1449/1449/1449 1450/1450/1450
f 1422/1422/1422 1450/1450/1450 1423/1423/1423
f 1423/1423/1423 1450/1450/1450 1451/1451/1451
f 1423/1423/1423 1451/1451/1451 1424/1424/1424
f 1424/1424/1424 1451/1451/1451 1452/1452/1452
f 1424/1424/1424 1452/1452/1452 1425/1425/1425
f 1425/1425/1425 1452/1452/1452 1453/1453/1453
f 1425/1425/1425 1453/1453/1453 1426/1426/1426
f 1426/1426/1426 1453/1453/1453 1454/1454/1454
f 1426/1426/1426 1454/1454/1454 1427/1427/1427
f 1427/1427/1427 1454/1454/1454 1455/1455/1455
f 1427/1427/1427 1455/1455/1455 1428/1428/1428
f 1428/1428/1428 1455/1455/1455 1456/1456/1456
f 1428/1428/1428 1456/1456/1456 1429/1429/1429
f 1429/1429/1429 1456/1456/1456 1457/1457/1457
f 1429/1429/1429 1457/1457/1457 1430/1430/1430
f 1430/1430/1430 1457/1457/1457 1458/1458/1458
f 1430/1430/1430 1458/1458/1458 1431/1431/1431
f 1431/1431/1431 1458/1458/1458 1459/1459/1459
f 1431/1431/1431 1459/1459/1459 1432/1432/1432
f 1432/1432/1432 1459/1459/1459 1460/1460/1460
f 1432/1432/1432 1460/1460/1460 1433/1433/1433
f 1433/1433/1433 1460/1460/1460 1461/1461/1461
f 1433/1433/1433 1461/1461/1461 1434/1434/1434
f 1434/1434/1434 1461/1461/1461 1462/1462/1462
f 1434/1434/1434 1462/1462/1462 1435/1435/1435
f 1435/1435/1435 1462/1462/1462 1463/1463/1463
f 1435/1435/1435 1463/1463/1463 1436/1436/1436
f 1436/1436/1436 1463/1463/1463 1464/1464/1464
f 1436/1436/1436 1464/1464/1464 1437/1437/1437
f 1437/1437/1437 1464/1464/1464 1465/1465/1465
f 1437/1437/1437 1465/1465/1465 1438/1438/1438
f 1438/1438/1438 1465/1465/1465 1466/1466/1466
f 1438/1438/1438 1466/1466/1466 1411/1411/1411
f 1411/1411/1411 1466/1466/1466 1439/1439/1439
f 1467/1467/1467 767/767/767 769/769/769
f 1467/1467/1467 769/769/769 771/771/771
f 1467/1467/1467 771/771/771 773/773/773
f 1467/1467/1467 773/773/773 775/775/775
f 1467/1467/1467 775/775/775 777/777/777
f 1467/1467/1467 777/777/777 779/779/779
f 1467/1467/1467 779/779/779 781/781/781
f 1467/1467/1467 781/781/781 783/783/783
f 1467/1467/1467 783/783/783 785/785/785
f 1467/1467/1467 785/785/785 787/787/787
f 1467/1467/1467 787/787/787 789/789/789
f 1467/1467/1467 789/789/789 791/791/791
f 1467/1467/1467 791/791/791 793/793/793
f 1467/1467/1467 793/793/793 795/795/795
f 1467/1467/1467 795/795/795 797/797/797
f 1467/1467/1467 797/797/797 799/799/799
f 1467/1467/1467 799/799/799 801/801/801
f 1467/1467/1467 801/801/801 803/803/803
f 1467/1467/1467 803/803/803 805/805/805
f 1467/1467/1467 805/805/805 807/807/807
f 1467/1467/1467 807/807/807 809/809/809
f 1467/1467/1467 809/809/809 811/811/811
f 1467/1467/1467 811/811/811 813/813/813
f 1467/1467/1467 813/813/813 815/815/815
f 1467/1467/1467 815/815/815 817/817/817
f 1467/1467/1467 817/817/817 819/819/819
f 1467/1467/1467 819/819/819 821/821/821
f 1467/1467/1467 821/821/821 767/767/767
f 1468/1468/1468 1440/1440/1440 1439/1439/1439
f 1468/1468/1468 1441/1441/1441 1440/1440/1440
f 1468/1468/1468 1442/1442/1442 1441/1441/1441
f 1468/1468/1468 1443/1443/1443 1442/1442/1442
f 1468/1468/1468 1444/1444/1444 1443/1443/1443
f 1468/1468/1468 1445/1445/1445 1444/1444/1444
f 1468/1468/1468 1446/1446/1446 1445/1445/1445
f 1468/1468/1468 1447/1447/1447 1446/1446/1446
f 1468/1468/1468 1448/1448/1448 1447/1447/1447
f 1468/1468/1468 1449/1449/1449 1448/1448/1448
f 1468/1468/1468 1450/1450/1450 1449/1449/1449
f 1468/1468/1468 1451/1451/1451 1450/1450/1450
f 1468/1468/1468 1452/1452/1452 1451/1451/1451
f 1468/1468/1468 1453/1453/1453 1452/1452/1452
f 1468/1468/1468 1454/1454/1454 1453/1453/1453
f 1468/1468/1468 1455/1455/1455 1454/1454/1454
f 1468/1468/1468 1456/1456/1456 1455/1455/1455
f 1468/1468/1468 1457/1457/1457 1456/1456/1456
f 1468/1468/1468 1458/1458/1458 1457/1457/1457
f 1468/1468/1468 1459/1459/1459 1458/1458/1458
f 1468/1468/1468 1460/1460/1460 1459/1459/1459
f 1468/1468/1468 1461/1461/1461 1460/1460/1460
f 1468/1468/1468 1462/1462/1462 1461/1461/1461
f 1468/1468/1468 1463/1463/1463 1462/1462/1462
f 1468/1468/1468 1464/1464/1464 1463/1463/1463
f 1468/1468/1468 1465/1465/1465 1464/1464/1464
f 1468/1468/1468 1466/1466/1466 1465/1465/1465
f 1468/1468/1468 1439/1439/1439 1466/1466/1466
usemtl Material_2
f 1469/1469/1469 1470/1470/1470 1471/1471/1471
f 1469/1469/1469 1472/1472/1472 1470/1470/1470
f 1472/1472/1472 1473/1473/1473 1470/1470/1470
f 1472/1472/1472 1474/1474/1474 1473/1473/1473
f 1474/1474/1474 1475/1475/1475 1473/1473/1473
f 1474/1474/1474 1476/1476/1476 1475/1475/1475
f 1476/1476/1476 1477/1477/1477 1475/1475/1475
f 1476/1476/1476 1478/1478/1478 1477/1477/1477
f 1478/1478/1478 1479/1479/1479 1477/1477/1477
f 1478/1478/1478 1480/1480/1480 1479/1479/1479
f 1480/1480/1480 1481/1481/1481 1479/1479/1479
f 1480/1480/1480 1482/1482/1482 1481/1481/1481
f 1482/1482/1482 1483/1483/1483 1481/1481/1481
f 1482/1482/1482 1484/1484/1484 1483/1483/1483
f 1484/1484/1484 1485/1485/1485 1483/1483/1483
f 1484/1484/1484 1486/1486/1486 1485/1485/1485
f 1486/1486/1486 1487/1487/1487 1485/1485/1485
f 1486/1486/1486 1488/1488/1488 1487/1487/1487
f 1488/1488/1488 1489/1489/1489 1487/1487/1487
f 1488/1488/1488 1490/1490/1490 1489/1489/1489
f 1491/1491/1491 1492/1492/1492 1493/1493/1493
f 1492/1492/1492 1494/1494/1494 1495/1495/1495
f 1494/1494/1494 1496/1496/1496 1497/1497/1497
f 1496/1496/1496 1498/1498/1498 1499/1499/1499
f 1498/1498/1498 1500/1500/1500 1501/1501/1501
f 1500/1500/1500 1502/1502/1502 1503/1503/1503
f 1502/1502/1502 1504/1504/1504 1505/1505/1505
f 1504/1504/1504 1506/1506/1506 1507/1507/1507
f 1506/1506/1506 1508/1508/1508 1509/1509/1509
f 1508/1508/1508 1510/1510/1510 1511/1511/1511
f 1512/1512/1512 1513/1513/1513 1514/1514/1514
f 1513/1513/1513 1515/1515/1515 1516/1516/1516
f 1515/1515/1515 1517/1517/1517 1518/1518/1518
f 1517/1517/1517 1519/1519/1519 1520/1520/1520
f 1519/1519/1519 1521/1521/1521 1522/1522/1522
f 1521/1521/1521 1523/1523/1523 1524/1524/1524
f 1523/1523/1523 1525/1525/1525 1526/1526/1526
f 1525/1525/1525 1527/1527/1527 1528/1528/1528
f 1527/1527/1527 1529/1529/1529 1530/1530/1530
f 1529/1529/1529 1531/1531/1531 1532/1532/1532
