# KeromanConcrete - Lorient / Keroman 1943, generated by Tools/generate-lorient.py
# metres; Y up; OBJ (x, y, z) = (-north, up, -east); import roll 90 yaw 90
o KeromanConcrete
v -689.365 -10.000 -121.554
v -689.365 4.620 -121.554
v -649.925 -10.000 230.646
v -649.925 4.620 230.646
v -597.831 -10.000 -64.797
v -597.831 4.620 -64.797
v -558.438 -10.000 -57.851
v -558.438 4.620 -57.851
v -551.492 -10.000 -97.243
v -551.492 4.620 -97.243
v -452.963 -10.000 265.375
v -452.963 4.620 265.375
v -451.574 -10.000 257.497
v -451.574 4.620 257.497
v -447.496 -10.000 234.367
v -447.496 4.620 234.367
v -447.407 -10.000 233.862
v -447.407 4.620 233.862
v -440.261 -10.000 -37.013
v -440.261 4.620 -37.013
v -433.315 -10.000 -76.405
v -433.315 4.620 -76.405
v -425.969 -10.000 262.012
v -425.969 4.620 262.012
v -425.914 -10.000 261.700
v -425.914 4.620 261.700
v -425.175 -10.000 265.416
v -425.175 4.620 265.416
v -423.662 -10.000 269.875
v -423.662 4.620 269.875
v -421.849 -10.000 238.646
v -421.849 4.620 238.646
v -421.802 -10.000 238.376
v -421.802 4.620 238.376
v -421.579 -10.000 238.098
v -421.579 -10.000 274.098
v -421.579 4.620 238.098
v -421.579 4.620 274.098
v -421.552 4.300 369.410
v -421.552 7.500 369.410
v -421.483 9.460 369.423
v -421.277 11.410 369.459
v -420.934 13.340 369.519
v -420.457 15.240 369.604
v -419.848 17.101 369.711
v -419.109 18.913 369.841
v -418.963 -10.000 234.183
v -418.963 -10.000 278.014
v -418.963 4.620 234.183
v -418.963 4.620 278.014
v -418.597 4.300 369.931
v -418.597 7.500 369.931
v -418.548 9.128 369.940
v -418.401 10.749 369.966
v -418.245 20.668 369.993
v -418.156 12.358 370.009
v -418.076 4.300 366.977
v -418.076 7.500 366.977
v -418.027 9.128 366.986
v -417.880 10.749 367.012
v -417.815 13.949 370.069
v -417.635 12.358 367.055
v -417.378 15.516 370.146
v -417.294 13.949 367.115
v -417.261 22.355 370.167
v -416.857 15.516 367.192
v -416.847 17.053 370.240
v -416.326 17.053 367.286
v -416.225 18.553 370.350
v -416.160 23.966 370.361
v -415.858 -10.000 230.642
v -415.858 -10.000 281.554
v -415.858 4.620 230.642
v -415.858 4.620 281.554
v -415.704 18.553 367.395
v -415.513 20.012 370.475
v -414.992 20.012 367.521
v -414.949 25.494 370.575
v -414.715 21.425 370.616
v -414.194 21.425 367.662
v -413.833 22.784 370.772
v -413.634 26.931 370.807
v -413.312 22.784 367.817
v -412.870 24.087 370.941
v -412.349 24.087 367.987
v -412.317 -10.000 227.537
v -412.317 -10.000 284.659
v -412.317 4.620 227.537
v -412.317 4.620 284.659
v -412.222 28.268 371.056
v -411.831 25.327 371.125
v -411.310 25.327 368.170
v -410.719 26.500 371.321
v -410.719 29.500 371.321
v -410.198 26.500 368.366
v -409.607 25.327 371.517
v -409.216 28.268 371.586
v -409.086 25.327 368.562
v -408.567 24.087 371.700
v -408.402 -10.000 224.921
v -408.402 -10.000 287.275
v -408.402 4.620 224.921
v -408.402 4.620 287.275
v -408.047 24.087 368.746
v -407.804 26.931 371.835
v -407.605 22.784 371.870
v -407.486 4.300 289.641
v -407.486 7.500 289.641
v -407.417 9.460 289.653
v -407.211 11.410 289.690
v -407.084 22.784 368.915
v -406.869 13.340 289.750
v -406.723 21.425 372.025
v -406.489 25.494 372.067
v -406.391 15.240 289.834
v -406.202 21.425 369.071
v -405.925 20.012 372.166
v -405.782 17.101 289.942
v -405.404 20.012 369.212
v -405.278 23.966 372.280
v -405.213 18.553 372.291
v -405.044 18.913 290.072
v -404.692 18.553 369.337
v -404.591 17.053 372.401
v -404.532 4.300 290.162
v -404.532 7.500 290.162
v -404.483 9.128 290.171
v -404.335 10.749 290.197
v -404.180 20.668 290.224
v -404.179 -10.000 222.838
v -404.179 -10.000 289.358
v -404.179 4.620 222.838
v -404.179 4.620 289.358
v -404.177 22.355 372.474
v -404.091 12.358 290.240
v -404.070 17.053 369.447
v -404.060 15.516 372.495
v -403.749 13.949 290.300
v -403.623 13.949 372.572
v -403.539 15.516 369.540
v -403.312 15.516 290.377
v -403.282 12.358 372.632
v -403.195 22.355 290.398
v -403.192 20.668 372.648
v -403.102 13.949 369.617
v -403.037 10.749 372.675
v -402.890 9.128 372.701
v -402.840 4.300 372.710
v -402.840 7.500 372.710
v -402.782 17.053 290.471
v -402.761 12.358 369.678
v -402.516 10.749 369.721
v -402.369 9.128 369.747
v -402.329 18.913 372.800
v -402.319 4.300 369.755
v -402.319 7.500 369.755
v -402.159 18.553 290.580
v -402.095 23.966 290.592
v -401.590 17.101 372.930
v -401.448 20.012 290.706
v -400.981 15.240 373.038
v -400.884 25.494 290.805
v -400.869 -10.000 -30.067
v -400.869 4.620 -30.067
v -400.649 21.425 290.847
v -400.504 13.340 373.122
v -400.161 11.410 373.182
v -399.955 9.460 373.219
v -399.886 4.300 373.231
v -399.886 7.500 373.231
v -399.767 22.784 291.002
v -399.720 -10.000 221.325
v -399.720 -10.000 290.871
v -399.720 4.620 221.325
v -399.720 4.620 290.871
v -399.569 26.931 291.037
v -398.805 24.087 291.172
v -398.156 28.268 291.286
v -397.766 25.327 291.355
v -396.653 26.500 291.551
v -396.653 29.500 291.551
v -395.541 25.327 291.747
v -395.151 28.268 291.816
v -395.101 -10.000 220.406
v -395.101 -10.000 291.790
v -395.101 4.620 220.406
v -395.101 4.620 291.790
v -394.502 24.087 291.931
v -393.738 26.931 292.065
v -393.539 22.784 292.100
v -392.657 21.425 292.256
v -392.423 25.494 292.297
v -391.859 20.012 292.397
v -391.212 23.966 292.511
v -391.147 18.553 292.522
v -390.525 17.053 292.632
v -390.402 -10.000 220.098
v -390.402 -10.000 292.098
v -390.402 4.620 220.098
v -390.402 4.620 292.098
v -390.112 22.355 292.705
v -389.994 15.516 292.725
v -389.558 13.949 292.802
v -389.216 12.358 292.863
v -389.127 20.668 292.878
v -388.971 10.749 292.906
v -388.824 9.128 292.932
v -388.775 4.300 292.940
v -388.775 7.500 292.940
v -388.263 18.913 293.031
v -387.525 17.101 293.161
v -386.915 15.240 293.268
v -386.438 13.340 293.352
v -386.096 11.410 293.413
v -385.889 9.460 293.449
v -385.821 4.300 293.461
v -385.821 7.500 293.461
v -385.703 -10.000 220.406
v -385.703 -10.000 291.790
v -385.703 4.620 220.406
v -385.703 4.620 291.790
v -381.085 -10.000 221.325
v -381.085 -10.000 290.871
v -381.085 4.620 221.325
v -381.085 4.620 290.871
v -379.412 4.300 136.185
v -379.412 15.500 136.185
v -376.625 -10.000 222.838
v -376.625 -10.000 289.358
v -376.625 4.620 222.838
v -376.625 4.620 289.358
v -372.466 4.300 96.792
v -372.466 15.500 96.792
v -372.402 -10.000 224.921
v -372.402 -10.000 287.275
v -372.402 4.620 224.921
v -372.402 4.620 287.275
v -368.487 -10.000 227.537
v -368.487 -10.000 284.659
v -368.487 4.620 227.537
v -368.487 4.620 284.659
v -364.946 -10.000 230.642
v -364.946 -10.000 281.554
v -364.946 4.620 230.642
v -364.946 4.620 281.554
v -361.841 -10.000 234.183
v -361.841 -10.000 278.014
v -361.841 4.620 234.183
v -361.841 4.620 278.014
v -359.225 -10.000 238.098
v -359.225 -10.000 274.098
v -359.225 4.620 238.098
v -359.225 4.620 274.098
v -357.142 -10.000 242.321
v -357.142 -10.000 269.875
v -357.142 4.620 242.321
v -357.142 4.620 269.875
v -356.859 4.300 273.182
v -356.859 7.500 273.182
v -356.847 9.460 273.113
v -356.811 11.410 272.907
v -356.750 13.340 272.565
v -356.666 15.240 272.087
v -356.559 17.101 271.478
v -356.428 18.913 270.740
v -356.338 4.300 270.228
v -356.338 7.500 270.228
v -356.329 9.128 270.179
v -356.304 10.749 270.031
v -356.276 20.668 269.876
v -356.260 12.358 269.787
v -356.200 13.949 269.445
v -356.123 15.516 269.008
v -356.102 22.355 268.891
v -356.030 17.053 268.478
v -355.920 18.553 267.855
v -355.908 23.966 267.791
v -355.794 20.012 267.144
v -355.695 25.494 266.580
v -355.654 21.425 266.345
v -355.629 -10.000 246.781
v -355.629 -10.000 265.416
v -355.629 4.620 246.781
v -355.629 4.620 265.416
v -355.498 22.784 265.463
v -355.463 26.931 265.265
v -355.328 24.087 264.501
v -355.214 28.268 263.852
v -355.145 25.327 263.462
v -354.949 26.500 262.349
v -354.949 29.500 262.349
v -354.753 25.327 261.237
v -354.710 -10.000 251.399
v -354.710 -10.000 260.797
v -354.710 4.620 251.399
v -354.710 4.620 260.797
v -354.684 28.268 260.847
v -354.570 24.087 260.198
v -354.435 26.931 259.434
v -354.402 -10.000 256.098
v -354.402 4.620 256.098
v -354.400 22.784 259.236
v -354.244 21.425 258.353
v -354.203 25.494 258.119
v -354.104 20.012 257.555
v -353.990 23.966 256.908
v -353.978 18.553 256.843
v -353.868 17.053 256.221
v -353.795 22.355 255.808
v -353.775 15.516 255.691
v -353.698 13.949 255.254
v -353.638 12.358 254.912
v -353.622 20.668 254.823
v -353.594 10.749 254.667
v -353.568 9.128 254.520
v -353.560 4.300 254.471
v -353.560 7.500 254.471
v -353.470 18.913 253.959
v -353.339 17.101 253.221
v -353.232 15.240 252.611
v -353.148 13.340 252.134
v -353.087 11.410 251.792
v -353.051 9.460 251.585
v -353.039 4.300 251.517
v -353.039 7.500 251.517
v -340.020 4.300 143.131
v -340.020 15.500 143.131
v -335.981 4.300 238.278
v -335.981 19.500 238.278
v -335.981 23.000 238.278
v -335.286 4.300 234.338
v -335.286 19.500 234.338
v -333.074 4.300 103.738
v -333.074 15.500 103.738
v -332.042 4.300 238.972
v -332.042 19.500 238.972
v -326.116 -10.000 150.659
v -326.116 4.620 150.659
v -321.655 16.500 157.031
v -321.655 19.500 157.031
v -321.221 4.300 154.569
v -321.221 16.500 154.569
v -321.221 19.500 154.569
v -321.221 23.000 154.569
v -317.281 4.300 155.263
v -317.281 19.500 155.263
v -316.203 4.300 241.765
v -316.203 19.500 241.765
v -313.266 -10.000 77.784
v -313.266 4.620 77.784
v -313.248 4.300 242.286
v -313.248 19.500 242.286
v -309.631 23.000 180.983
v -309.631 27.500 180.983
v -308.597 27.500 177.738
v -308.597 28.700 177.738
v -308.323 27.500 176.360
v -308.323 27.500 179.116
v -308.323 28.700 176.360
v -308.323 28.700 179.116
v -308.242 23.000 173.104
v -308.242 27.500 173.104
v -307.997 27.500 177.738
v -307.997 28.700 177.738
v -307.769 27.500 176.590
v -307.769 27.500 178.886
v -307.769 28.700 176.590
v -307.769 28.700 178.886
v -307.543 27.500 175.192
v -307.543 27.500 180.284
v -307.543 28.700 175.192
v -307.543 28.700 180.284
v -307.119 27.500 175.617
v -307.119 27.500 179.859
v -307.119 28.700 175.617
v -307.119 28.700 179.859
v -306.375 27.500 174.412
v -306.375 27.500 181.064
v -306.375 28.700 174.412
v -306.375 28.700 181.064
v -306.146 27.500 174.966
v -306.146 27.500 180.510
v -306.146 28.700 174.966
v -306.146 28.700 180.510
v -305.852 4.300 76.045
v -305.852 16.500 76.045
v -305.852 19.500 76.045
v -305.852 23.000 76.045
v -305.417 16.500 73.583
v -305.417 19.500 73.583
v -304.997 27.500 174.138
v -304.997 27.500 174.738
v -304.997 27.500 180.738
v -304.997 27.500 181.338
v -304.997 28.700 174.138
v -304.997 28.700 174.738
v -304.997 28.700 180.738
v -304.997 28.700 181.338
v -303.849 27.500 174.966
v -303.849 27.500 180.510
v -303.849 28.700 174.966
v -303.849 28.700 180.510
v -303.620 27.500 174.412
v -303.620 27.500 181.064
v -303.620 28.700 174.412
v -303.620 28.700 181.064
v -302.876 27.500 175.617
v -302.876 27.500 179.859
v -302.876 28.700 175.617
v -302.876 28.700 179.859
v -302.452 27.500 175.192
v -302.452 27.500 180.284
v -302.452 28.700 175.192
v -302.452 28.700 180.284
v -302.226 27.500 176.590
v -302.226 27.500 178.886
v -302.226 28.700 176.590
v -302.226 28.700 178.886
v -301.997 27.500 177.738
v -301.997 28.700 177.738
v -301.912 4.300 76.739
v -301.912 19.500 76.739
v -301.753 23.000 182.372
v -301.753 27.500 182.372
v -301.672 27.500 176.360
v -301.672 27.500 179.116
v -301.672 28.700 176.360
v -301.672 28.700 179.116
v -301.442 4.300 158.056
v -301.442 19.500 158.056
v -301.397 27.500 177.738
v -301.397 28.700 177.738
v -300.364 23.000 174.493
v -300.364 27.500 174.493
v -298.488 4.300 158.577
v -298.488 19.500 158.577
v -297.409 4.300 245.079
v -297.409 19.500 245.079
v -294.455 4.300 245.600
v -294.455 19.500 245.600
v -288.494 4.300 79.105
v -288.494 19.500 79.105
v -285.540 4.300 79.626
v -285.540 19.500 79.626
v -284.319 4.300 -46.071
v -284.319 19.500 -46.071
v -283.625 4.300 -50.011
v -283.625 19.500 -50.011
v -283.625 23.000 -50.011
v -282.649 4.300 161.370
v -282.649 19.500 161.370
v -279.695 4.300 161.891
v -279.695 19.500 161.891
v -279.685 4.300 -49.316
v -279.685 19.500 -49.316
v -279.523 4.300 283.772
v -279.523 7.500 283.772
v -279.514 9.128 283.723
v -279.489 10.749 283.576
v -279.445 12.358 283.331
v -279.385 13.949 282.990
v -279.308 15.516 282.553
v -279.215 17.053 282.022
v -279.105 18.553 281.400
v -278.979 20.012 280.688
v -278.839 21.425 279.890
v -278.683 22.784 279.008
v -278.616 4.300 248.393
v -278.616 19.500 248.393
v -278.513 24.087 278.045
v -278.330 25.327 277.006
v -278.134 26.500 275.894
v -277.938 25.327 274.782
v -277.755 24.087 273.743
v -277.585 22.784 272.780
v -277.429 21.425 271.898
v -277.289 20.012 271.100
v -277.163 18.553 270.388
v -277.090 4.300 287.248
v -277.090 7.500 287.248
v -277.078 9.460 287.179
v -277.053 17.053 269.766
v -277.041 11.410 286.973
v -276.981 13.340 286.630
v -276.960 15.516 269.235
v -276.897 15.240 286.153
v -276.883 13.949 268.798
v -276.823 12.358 268.457
v -276.789 17.101 285.544
v -276.779 10.749 268.212
v -276.753 9.128 268.065
v -276.745 4.300 268.016
v -276.745 7.500 268.016
v -276.659 18.913 284.805
v -276.569 4.300 284.293
v -276.569 7.500 284.293
v -276.560 9.128 284.244
v -276.534 10.749 284.097
v -276.507 20.668 283.941
v -276.491 12.358 283.852
v -276.431 13.949 283.511
v -276.354 15.516 283.074
v -276.333 22.355 282.957
v -276.260 17.053 282.543
v -276.150 18.553 281.921
v -276.139 23.966 281.856
v -276.025 20.012 281.209
v -275.925 25.494 280.645
v -275.884 21.425 280.411
v -275.729 22.784 279.529
v -275.694 26.931 279.330
v -275.661 4.300 248.913
v -275.661 19.500 248.913
v -275.559 24.087 278.566
v -275.445 28.268 277.918
v -275.376 25.327 277.527
v -275.180 26.500 276.415
v -275.180 29.500 276.415
v -274.983 25.327 275.303
v -274.915 28.268 274.912
v -274.800 24.087 274.264
v -274.665 26.931 273.500
v -274.630 22.784 273.301
v -274.475 21.425 272.419
v -274.434 25.494 272.185
v -274.334 20.012 271.621
v -274.220 23.966 270.974
v -274.209 18.553 270.909
v -274.099 17.053 270.287
v -274.026 22.355 269.873
v -274.005 15.516 269.756
v -273.928 13.949 269.319
v -273.868 12.358 268.978
v -273.852 20.668 268.888
v -273.825 10.749 268.733
v -273.799 9.128 268.586
v -273.790 4.300 268.536
v -273.790 7.500 268.536
v -273.700 18.913 268.025
v -273.570 17.101 267.286
v -273.462 15.240 266.677
v -273.378 13.340 266.200
v -273.318 11.410 265.857
v -273.282 9.460 265.651
v -273.269 4.300 265.582
v -273.269 7.500 265.582
v -272.122 4.300 81.992
v -272.122 19.500 81.992
v -272.035 23.000 -23.597
v -272.035 27.500 -23.597
v -271.001 27.500 -26.842
v -271.001 28.700 -26.842
v -270.727 27.500 -28.219
v -270.727 27.500 -25.464
v -270.727 28.700 -28.219
v -270.727 28.700 -25.464
v -270.646 23.000 -31.475
v -270.646 27.500 -31.475
v -270.401 27.500 -26.842
v -270.401 28.700 -26.842
v -270.173 27.500 -27.990
v -270.173 27.500 -25.694
v -270.173 28.700 -27.990
v -270.173 28.700 -25.694
v -269.947 27.500 -29.387
v -269.947 27.500 -24.296
v -269.947 28.700 -29.387
v -269.947 28.700 -24.296
v -269.523 27.500 -28.963
v -269.523 27.500 -24.720
v -269.523 28.700 -28.963
v -269.523 28.700 -24.720
v -269.168 4.300 82.513
v -269.168 19.500 82.513
v -268.779 27.500 -30.168
v -268.779 27.500 -23.516
v -268.779 28.700 -30.168
v -268.779 28.700 -23.516
v -268.549 27.500 -29.613
v -268.549 27.500 -24.070
v -268.549 28.700 -29.613
v -268.549 28.700 -24.070
v -267.401 27.500 -30.442
v -267.401 27.500 -29.842
v -267.401 27.500 -23.842
v -267.401 27.500 -23.242
v -267.401 28.700 -30.442
v -267.401 28.700 -29.842
v -267.401 28.700 -23.842
v -267.401 28.700 -23.242
v -266.267 4.300 -46.950
v -266.267 19.500 -46.950
v -266.253 27.500 -29.613
v -266.253 27.500 -24.070
v -266.253 28.700 -29.613
v -266.253 28.700 -24.070
v -266.024 27.500 -30.168
v -266.024 27.500 -23.516
v -266.024 28.700 -30.168
v -266.024 28.700 -23.516
v -265.280 27.500 -28.963
v -265.280 27.500 -24.720
v -265.280 28.700 -28.963
v -265.280 28.700 -24.720
v -264.856 27.500 -29.387
v -264.856 27.500 -24.296
v -264.856 28.700 -29.387
v -264.856 28.700 -24.296
v -264.630 27.500 -27.990
v -264.630 27.500 -25.694
v -264.630 28.700 -27.990
v -264.630 28.700 -25.694
v -264.401 27.500 -26.842
v -264.401 28.700 -26.842
v -264.157 23.000 -22.208
v -264.157 27.500 -22.208
v -264.075 27.500 -28.219
v -264.075 27.500 -25.464
v -264.075 28.700 -28.219
v -264.075 28.700 -25.464
v -263.856 4.300 164.684
v -263.856 19.500 164.684
v -263.801 27.500 -26.842
v -263.801 28.700 -26.842
v -263.313 4.300 -46.429
v -263.313 19.500 -46.429
v -262.768 23.000 -30.086
v -262.768 27.500 -30.086
v -260.901 4.300 165.205
v -260.901 19.500 165.205
v -259.822 4.300 251.706
v -259.822 19.500 251.706
v -256.868 4.300 252.227
v -256.868 19.500 252.227
v -255.750 4.300 84.879
v -255.750 19.500 84.879
v -252.795 4.300 85.400
v -252.795 19.500 85.400
v -249.895 4.300 -44.063
v -249.895 19.500 -44.063
v -246.941 4.300 -43.542
v -246.941 19.500 -43.542
v -245.062 4.300 167.998
v -245.062 19.500 167.998
v -242.108 4.300 168.519
v -242.108 19.500 168.519
v -241.029 4.300 255.020
v -241.029 19.500 255.020
v -239.377 4.300 87.766
v -239.377 19.500 87.766
v -239.153 23.000 239.104
v -239.153 27.500 239.104
v -238.119 27.500 235.859
v -238.119 28.700 235.859
v -238.074 4.300 255.541
v -238.074 19.500 255.541
v -237.845 27.500 234.482
v -237.845 27.500 237.237
v -237.845 28.700 234.482
v -237.845 28.700 237.237
v -237.764 23.000 231.226
v -237.764 27.500 231.226
v -237.519 27.500 235.859
v -237.519 28.700 235.859
v -237.291 27.500 234.711
v -237.291 27.500 237.007
v -237.291 28.700 234.711
v -237.291 28.700 237.007
v -237.065 27.500 233.314
v -237.065 27.500 238.405
v -237.065 28.700 233.314
v -237.065 28.700 238.405
v -236.641 27.500 233.738
v -236.641 27.500 237.981
v -236.641 28.700 233.738
v -236.641 28.700 237.981
v -236.423 4.300 88.287
v -236.423 19.500 88.287
v -235.897 27.500 232.533
v -235.897 27.500 239.185
v -235.897 28.700 232.533
v -235.897 28.700 239.185
v -235.667 27.500 233.088
v -235.667 27.500 238.631
v -235.667 28.700 233.088
v -235.667 28.700 238.631
v -234.519 27.500 232.259
v -234.519 27.500 232.859
v -234.519 27.500 238.859
v -234.519 27.500 239.459
v -234.519 28.700 232.259
v -234.519 28.700 232.859
v -234.519 28.700 238.859
v -234.519 28.700 239.459
v -233.523 4.300 -41.176
v -233.523 19.500 -41.176
v -233.371 27.500 233.088
v -233.371 27.500 238.631
v -233.371 28.700 233.088
v -233.371 28.700 238.631
v -233.142 27.500 232.533
v -233.142 27.500 239.185
v -233.142 28.700 232.533
v -233.142 28.700 239.185
v -232.398 27.500 233.738
v -232.398 27.500 237.981
v -232.398 28.700 233.738
v -232.398 28.700 237.981
v -231.974 27.500 233.314
v -231.974 27.500 238.405
v -231.974 28.700 233.314
v -231.974 28.700 238.405
v -231.748 27.500 234.711
v -231.748 27.500 237.007
v -231.748 28.700 234.711
v -231.748 28.700 237.007
v -231.519 27.500 235.859
v -231.519 28.700 235.859
v -231.275 23.000 240.493
v -231.275 27.500 240.493
v -231.193 27.500 234.482
v -231.193 27.500 237.237
v -231.193 28.700 234.482
v -231.193 28.700 237.237
v -230.919 27.500 235.859
v -230.919 28.700 235.859
v -230.568 4.300 -40.655
v -230.568 19.500 -40.655
v -229.886 23.000 232.615
v -229.886 27.500 232.615
v -226.269 4.300 171.311
v -226.269 19.500 171.311
v -223.314 4.300 171.832
v -223.314 19.500 171.832
v -223.005 4.300 90.653
v -223.005 19.500 90.653
v -222.235 4.300 258.334
v -222.235 19.500 258.334
v -220.050 4.300 91.174
v -220.050 19.500 91.174
v -218.296 4.300 259.028
v -218.296 19.500 259.028
v -218.296 23.000 259.028
v -217.602 4.300 255.089
v -217.602 19.500 255.089
v -217.150 4.300 -38.289
v -217.150 19.500 -38.289
v -214.196 4.300 -37.768
v -214.196 19.500 -37.768
v -207.475 4.300 174.625
v -207.475 19.500 174.625
v -206.632 4.300 93.540
v -206.632 19.500 93.540
v -203.970 16.500 177.782
v -203.970 19.500 177.782
v -203.678 4.300 94.061
v -203.678 19.500 94.061
v -203.536 4.300 175.320
v -203.536 16.500 175.320
v -203.536 19.500 175.320
v -203.536 23.000 175.320
v -200.778 4.300 -35.403
v -200.778 19.500 -35.403
v -197.823 4.300 -34.882
v -197.823 19.500 -34.882
v -190.805 23.000 80.084
v -190.805 27.500 80.084
v -190.260 4.300 96.427
v -190.260 19.500 96.427
v -189.771 27.500 76.839
v -189.771 28.700 76.839
v -189.497 27.500 75.461
v -189.497 27.500 78.217
v -189.497 28.700 75.461
v -189.497 28.700 78.217
v -189.416 23.000 72.205
v -189.416 27.500 72.205
v -189.171 27.500 76.839
v -189.171 28.700 76.839
v -188.943 27.500 75.691
v -188.943 27.500 77.987
v -188.943 28.700 75.691
v -188.943 28.700 77.987
v -188.717 27.500 74.293
v -188.717 27.500 79.385
v -188.717 28.700 74.293
v -188.717 28.700 79.385
v -188.293 27.500 74.718
v -188.293 27.500 78.960
v -188.293 28.700 74.718
v -188.293 28.700 78.960
v -187.549 27.500 73.513
v -187.549 27.500 80.165
v -187.549 28.700 73.513
v -187.549 28.700 80.165
v -187.319 27.500 74.067
v -187.319 27.500 79.611
v -187.319 28.700 74.067
v -187.319 28.700 79.611
v -187.305 4.300 96.948
v -187.305 19.500 96.948
v -186.171 27.500 73.239
v -186.171 27.500 73.839
v -186.171 27.500 79.839
v -186.171 27.500 80.439
v -186.171 28.700 73.239
v -186.171 28.700 73.839
v -186.171 28.700 79.839
v -186.171 28.700 80.439
v -185.023 27.500 74.067
v -185.023 27.500 79.611
v -185.023 28.700 74.067
v -185.023 28.700 79.611
v -184.794 27.500 73.513
v -184.794 27.500 80.165
v -184.794 28.700 73.513
v -184.794 28.700 80.165
v -184.405 4.300 -32.516
v -184.405 19.500 -32.516
v -184.050 27.500 74.718
v -184.050 27.500 78.960
v -184.050 28.700 74.718
v -184.050 28.700 78.960
v -183.626 27.500 74.293
v -183.626 27.500 79.385
v -183.626 28.700 74.293
v -183.626 28.700 79.385
v -183.400 27.500 75.691
v -183.400 27.500 77.987
v -183.400 28.700 75.691
v -183.400 28.700 77.987
v -183.171 27.500 76.839
v -183.171 28.700 76.839
v -182.927 23.000 81.473
v -182.927 27.500 81.473
v -182.845 27.500 75.461
v -182.845 27.500 78.217
v -182.845 28.700 75.461
v -182.845 28.700 78.217
v -182.571 27.500 76.839
v -182.571 28.700 76.839
v -181.537 23.000 73.594
v -181.537 27.500 73.594
v -181.451 4.300 -31.995
v -181.451 19.500 -31.995
v -173.887 4.300 99.314
v -173.887 19.500 99.314
v -169.948 4.300 100.008
v -169.948 16.500 100.008
v -169.948 19.500 100.008
v -169.948 23.000 100.008
v -169.514 16.500 97.546
v -169.514 19.500 97.546
v -168.033 4.300 -29.629
v -168.033 19.500 -29.629
v -165.078 4.300 -29.108
v -165.078 19.500 -29.108
v -157.667 -10.000 105.220
v -157.667 4.620 105.220
v -151.660 4.300 -26.742
v -151.660 19.500 -26.742
v -150.894 -10.000 66.813
v -150.894 4.620 66.813
v -150.026 -10.000 61.888
v -150.026 4.620 61.888
v -148.416 4.300 -22.108
v -148.416 19.500 -22.108
v -147.721 4.300 -26.047
v -147.721 19.500 -26.047
v -147.721 23.000 -26.047
v -139.003 -10.000 183.653
v -139.003 4.620 183.653
v -134.919 -10.000 -23.790
v -134.919 4.620 -23.790
v -134.031 -10.000 109.388
v -134.031 4.620 109.388
v -130.206 4.500 122.247
v -130.206 11.500 122.247
v -128.470 4.500 112.399
v -128.470 11.500 112.399
v -127.368 4.300 117.670
v -127.368 16.500 117.670
v -127.259 -10.000 70.980
v -127.259 4.620 70.980
v -126.391 -10.000 66.056
v -126.391 4.620 66.056
v -126.153 -10.000 110.777
v -126.153 4.620 110.777
v -118.388 4.500 124.331
v -118.388 11.500 124.331
v -116.652 4.500 114.483
v -116.652 11.500 114.483
v -113.824 4.300 40.855
v -113.824 16.500 40.855
v -111.283 -10.000 -19.622
v -111.283 4.620 -19.622
v -107.672 -10.000 121.143
v -107.672 4.300 121.143
v -107.672 16.500 121.143
v -107.672 17.100 121.143
v -107.672 21.300 121.143
v -106.283 4.300 113.265
v -106.283 17.100 113.265
v -105.298 -10.000 113.439
v -105.298 4.620 113.439
v -101.813 -10.000 122.177
v -101.813 17.100 122.177
v -100.423 -10.000 114.298
v -100.423 4.500 114.298
v -97.223 -10.000 114.862
v -97.223 4.500 114.862
v -94.128 4.300 44.328
v -94.128 16.500 44.328
v -84.420 -10.000 117.120
v -84.420 4.500 117.120
v -83.882 13.000 -13.775
v -83.882 17.100 -13.775
v -83.014 -10.000 -18.699
v -83.014 13.000 -18.699
v -83.014 17.100 -18.699
v -83.014 21.300 -18.699
v -82.724 -10.000 -14.586
v -82.724 4.620 -14.586
v -82.609 -10.000 125.563
v -82.609 17.100 125.563
v -81.220 -10.000 117.684
v -81.220 4.500 117.684
v -79.063 -10.000 126.188
v -79.063 17.100 126.188
v -78.023 -10.000 -12.742
v -78.023 4.500 -12.742
v -77.900 24.500 102.023
v -77.900 29.000 102.023
v -77.674 -10.000 118.309
v -77.674 4.500 118.309
v -77.154 -10.000 -17.666
v -77.154 17.100 -17.666
v -76.866 29.000 98.778
v -76.866 30.200 98.778
v -76.592 29.000 97.401
v -76.592 29.000 100.156
v -76.592 30.200 97.401
v -76.592 30.200 100.156
v -76.510 24.500 94.144
v -76.510 29.000 94.144
v -76.266 29.000 98.778
v -76.266 30.200 98.778
v -76.037 29.000 97.630
v -76.037 29.000 99.926
v -76.037 30.200 97.630
v -76.037 30.200 99.926
v -75.811 29.000 96.233
v -75.811 29.000 101.324
v -75.811 30.200 96.233
v -75.811 30.200 101.324
v -75.387 29.000 96.657
v -75.387 29.000 100.900
v -75.387 30.200 96.657
v -75.387 30.200 100.900
v -74.822 -10.000 -12.178
v -74.822 4.500 -12.178
v -74.643 29.000 95.452
v -74.643 29.000 102.104
v -74.643 30.200 95.452
v -74.643 30.200 102.104
v -74.474 -10.000 118.874
v -74.474 4.500 118.874
v -74.414 29.000 96.007
v -74.414 29.000 101.550
v -74.414 30.200 96.007
v -74.414 30.200 101.550
v -73.266 29.000 95.178
v -73.266 29.000 95.778
v -73.266 29.000 101.778
v -73.266 29.000 102.378
v -73.266 30.200 95.178
v -73.266 30.200 95.778
v -73.266 30.200 101.778
v -73.266 30.200 102.378
v -72.118 29.000 96.007
v -72.118 29.000 101.550
v -72.118 30.200 96.007
v -72.118 30.200 101.550
v -71.888 29.000 95.452
v -71.888 29.000 102.104
v -71.888 30.200 95.452
v -71.888 30.200 102.104
v -71.144 29.000 96.657
v -71.144 29.000 100.900
v -71.144 30.200 96.657
v -71.144 30.200 100.900
v -70.720 29.000 96.233
v -70.720 29.000 101.324
v -70.720 30.200 96.233
v -70.720 30.200 101.324
v -70.494 29.000 97.630
v -70.494 29.000 99.926
v -70.494 30.200 97.630
v -70.494 30.200 99.926
v -70.266 29.000 98.778
v -70.266 30.200 98.778
v -70.021 24.500 103.412
v -70.021 29.000 103.412
v -69.940 29.000 97.401
v -69.940 29.000 100.156
v -69.940 30.200 97.401
v -69.940 30.200 100.156
v -69.666 29.000 98.778
v -69.666 30.200 98.778
v -68.632 24.500 95.534
v -68.632 29.000 95.534
v -63.928 4.300 344.127
v -63.928 11.412 344.127
v -62.020 -10.000 -9.920
v -62.020 4.500 -9.920
v -61.671 -10.000 121.131
v -61.671 4.500 121.131
v -60.777 4.300 344.683
v -60.777 11.412 344.683
v -59.860 -10.000 129.574
v -59.860 17.100 129.574
v -58.819 -10.000 -9.356
v -58.819 4.500 -9.356
v -58.471 -10.000 121.696
v -58.471 4.500 121.696
v -57.951 -10.000 -14.280
v -57.951 17.100 -14.280
v -57.626 37.000 314.167
v -57.626 38.700 314.167
v -56.684 37.000 318.055
v -56.684 38.700 318.055
v -56.314 -10.000 130.199
v -56.314 17.100 130.199
v -55.274 -10.000 -8.731
v -55.274 4.500 -8.731
v -54.925 -10.000 122.321
v -54.925 4.500 122.321
v -54.710 37.000 313.461
v -54.710 38.700 313.461
v -54.405 -10.000 -13.655
v -54.405 17.100 -13.655
v -53.768 37.000 317.348
v -53.768 38.700 317.348
v -52.073 -10.000 -8.166
v -52.073 4.500 -8.166
v -51.725 -10.000 122.885
v -51.725 4.500 122.885
v -42.262 4.300 347.947
v -42.262 9.278 347.947
v -39.618 4.300 206.254
v -39.618 11.412 206.254
v -39.271 -10.000 -5.909
v -39.271 4.500 -5.909
v -39.111 4.300 348.503
v -39.111 9.278 348.503
v -38.922 -10.000 125.142
v -38.922 4.500 125.142
v -37.111 -10.000 133.585
v -37.111 17.100 133.585
v -36.466 4.300 206.810
v -36.466 11.412 206.810
v -36.070 -10.000 -5.345
v -36.070 4.500 -5.345
v -35.721 -10.000 125.707
v -35.721 4.500 125.707
v -35.202 -10.000 -10.269
v -35.202 17.100 -10.269
v -33.565 -10.000 134.210
v -33.565 17.100 134.210
v -32.525 -10.000 -4.720
v -32.525 4.500 -4.720
v -32.176 -10.000 126.332
v -32.176 4.500 126.332
v -31.656 -10.000 -9.644
v -31.656 17.100 -9.644
v -29.324 -10.000 -4.155
v -29.324 4.500 -4.155
v -28.976 -10.000 126.896
v -28.976 4.500 126.896
v -20.597 4.300 351.768
v -20.597 8.552 351.768
v -17.952 4.300 210.074
v -17.952 9.278 210.074
v -17.445 4.300 352.323
v -17.445 8.552 352.323
v -16.521 -10.000 -1.898
v -16.521 4.500 -1.898
v -16.173 -10.000 129.154
v -16.173 4.500 129.154
v -14.800 4.300 210.630
v -14.800 9.278 210.630
v -14.362 -10.000 137.597
v -14.362 17.100 137.597
v -13.321 -10.000 -1.333
v -13.321 4.500 -1.333
v -12.972 -10.000 129.718
v -12.972 4.500 129.718
v -12.453 -10.000 -6.257
v -12.453 17.100 -6.257
v -10.816 -10.000 138.222
v -10.816 17.100 138.222
v -9.843 24.500 32.789
v -9.843 29.000 32.789
v -9.776 -10.000 -0.708
v -9.776 4.500 -0.708
v -9.427 -10.000 130.343
v -9.427 4.500 130.343
v -8.907 -10.000 -5.632
v -8.907 17.100 -5.632
v -8.809 29.000 29.544
v -8.809 30.200 29.544
v -8.535 29.000 28.167
v -8.535 29.000 30.922
v -8.535 30.200 28.167
v -8.535 30.200 30.922
v -8.454 24.500 24.910
v -8.454 29.000 24.910
v -8.209 29.000 29.544
v -8.209 30.200 29.544
v -7.981 29.000 28.396
v -7.981 29.000 30.692
v -7.981 30.200 28.396
v -7.981 30.200 30.692
v -7.755 29.000 26.999
v -7.755 29.000 32.090
v -7.755 30.200 26.999
v -7.755 30.200 32.090
v -7.331 29.000 27.423
v -7.331 29.000 31.666
v -7.331 30.200 27.423
v -7.331 30.200 31.666
v -6.587 29.000 26.218
v -6.587 29.000 32.870
v -6.587 30.200 26.218
v -6.587 30.200 32.870
v -6.575 -10.000 -0.144
v -6.575 4.500 -0.144
v -6.357 29.000 26.773
v -6.357 29.000 32.316
v -6.357 30.200 26.773
v -6.357 30.200 32.316
v -6.226 -10.000 130.908
v -6.226 4.500 130.908
v -5.209 29.000 25.944
v -5.209 29.000 26.544
v -5.209 29.000 32.544
v -5.209 29.000 33.144
v -5.209 30.200 25.944
v -5.209 30.200 26.544
v -5.209 30.200 32.544
v -5.209 30.200 33.144
v -4.061 29.000 26.773
v -4.061 29.000 32.316
v -4.061 30.200 26.773
v -4.061 30.200 32.316
v -3.832 29.000 26.218
v -3.832 29.000 32.870
v -3.832 30.200 26.218
v -3.832 30.200 32.870
v -3.088 29.000 27.423
v -3.088 29.000 31.666
v -3.088 30.200 27.423
v -3.088 30.200 31.666
v -2.664 29.000 26.999
v -2.664 29.000 32.090
v -2.664 30.200 26.999
v -2.664 30.200 32.090
v -2.438 29.000 28.396
v -2.438 29.000 30.692
v -2.438 30.200 28.396
v -2.438 30.200 30.692
v -2.209 29.000 29.544
v -2.209 30.200 29.544
v -1.965 24.500 34.178
v -1.965 29.000 34.178
v -1.883 29.000 28.167
v -1.883 29.000 30.922
v -1.883 30.200 28.167
v -1.883 30.200 30.922
v -1.609 29.000 29.544
v -1.609 30.200 29.544
v -0.576 24.500 26.300
v -0.576 29.000 26.300
v 1.069 4.300 355.588
v 1.069 9.439 355.588
v 3.714 4.300 213.894
v 3.714 8.552 213.894
v 4.220 4.300 356.143
v 4.220 9.439 356.143
v 6.228 -10.000 2.114
v 6.228 4.500 2.114
v 6.576 -10.000 133.165
v 6.576 4.500 133.165
v 6.865 4.300 214.450
v 6.865 8.552 214.450
v 8.387 -10.000 141.608
v 8.387 17.100 141.608
v 9.428 -10.000 2.678
v 9.428 4.500 2.678
v 9.777 -10.000 133.729
v 9.777 4.500 133.729
v 10.296 -10.000 -2.246
v 10.296 17.100 -2.246
v 11.933 -10.000 142.233
v 11.933 17.100 142.233
v 12.974 -10.000 3.303
v 12.974 4.500 3.303
v 13.322 -10.000 134.354
v 13.322 4.500 134.354
v 13.842 -10.000 -1.621
v 13.842 17.100 -1.621
v 16.174 -10.000 3.867
v 16.174 4.500 3.867
v 16.523 -10.000 134.919
v 16.523 4.500 134.919
v 22.735 4.300 359.408
v 22.735 7.371 359.408
v 25.380 4.300 217.715
v 25.380 9.439 217.715
v 25.886 4.300 359.964
v 25.886 7.371 359.964
v 28.531 4.300 218.270
v 28.531 9.439 218.270
v 28.977 -10.000 6.125
v 28.977 4.500 6.125
v 29.325 -10.000 137.176
v 29.325 4.500 137.176
v 30.429 24.500 121.124
v 30.429 29.000 121.124
v 31.137 -10.000 145.619
v 31.137 17.100 145.619
v 31.463 29.000 117.880
v 31.463 30.200 117.880
v 31.737 29.000 116.502
v 31.737 29.000 119.257
v 31.737 30.200 116.502
v 31.737 30.200 119.257
v 31.818 24.500 113.246
v 31.818 29.000 113.246
v 32.063 29.000 117.880
v 32.063 30.200 117.880
v 32.177 -10.000 6.689
v 32.177 4.500 6.689
v 32.291 29.000 116.731
v 32.291 29.000 119.028
v 32.291 30.200 116.731
v 32.291 30.200 119.028
v 32.518 29.000 115.334
v 32.518 29.000 120.425
v 32.518 30.200 115.334
v 32.518 30.200 120.425
v 32.526 -10.000 137.741
v 32.526 4.500 137.741
v 32.942 29.000 115.758
v 32.942 29.000 120.001
v 32.942 30.200 115.758
v 32.942 30.200 120.001
v 33.046 -10.000 1.765
v 33.046 17.100 1.765
v 33.685 29.000 114.554
v 33.685 29.000 121.205
v 33.685 30.200 114.554
v 33.685 30.200 121.205
v 33.915 29.000 115.108
v 33.915 29.000 120.651
v 33.915 30.200 115.108
v 33.915 30.200 120.651
v 34.682 -10.000 146.244
v 34.682 17.100 146.244
v 35.063 29.000 114.280
v 35.063 29.000 114.880
v 35.063 29.000 120.880
v 35.063 29.000 121.480
v 35.063 30.200 114.280
v 35.063 30.200 114.880
v 35.063 30.200 120.880
v 35.063 30.200 121.480
v 35.723 -10.000 7.314
v 35.723 4.500 7.314
v 36.071 -10.000 138.366
v 36.071 4.500 138.366
v 36.211 29.000 115.108
v 36.211 29.000 120.651
v 36.211 30.200 115.108
v 36.211 30.200 120.651
v 36.441 29.000 114.554
v 36.441 29.000 121.205
v 36.441 30.200 114.554
v 36.441 30.200 121.205
v 36.591 -10.000 2.390
v 36.591 17.100 2.390
v 37.184 29.000 115.758
v 37.184 29.000 120.001
v 37.184 30.200 115.758
v 37.184 30.200 120.001
v 37.609 29.000 115.334
v 37.609 29.000 120.425
v 37.609 30.200 115.334
v 37.609 30.200 120.425
v 37.835 29.000 116.731
v 37.835 29.000 119.028
v 37.835 30.200 116.731
v 37.835 30.200 119.028
v 38.063 29.000 117.880
v 38.063 30.200 117.880
v 38.308 24.500 122.513
v 38.308 29.000 122.513
v 38.389 29.000 116.502
v 38.389 29.000 119.257
v 38.389 30.200 116.502
v 38.389 30.200 119.257
v 38.663 29.000 117.880
v 38.663 30.200 117.880
v 38.923 -10.000 7.879
v 38.923 4.500 7.879
v 39.272 -10.000 138.930
v 39.272 4.500 138.930
v 39.697 24.500 114.635
v 39.697 29.000 114.635
v 44.401 4.300 363.228
v 44.401 11.520 363.228
v 47.046 4.300 221.535
v 47.046 7.371 221.535
v 47.552 4.300 363.784
v 47.552 11.520 363.784
v 50.197 4.300 222.091
v 50.197 7.371 222.091
v 51.726 -10.000 10.136
v 51.726 4.500 10.136
v 52.074 -10.000 141.188
v 52.074 4.500 141.188
v 53.886 -10.000 149.630
v 53.886 17.100 149.630
v 54.926 -10.000 10.700
v 54.926 4.500 10.700
v 55.275 -10.000 141.752
v 55.275 4.500 141.752
v 55.795 -10.000 5.776
v 55.795 17.100 5.776
v 58.472 -10.000 11.326
v 58.472 4.500 11.326
v 59.340 -10.000 6.402
v 59.340 17.100 6.402
v 59.745 -10.000 150.664
v 59.745 4.300 150.664
v 59.745 14.500 150.664
v 59.745 17.100 150.664
v 59.745 21.300 150.664
v 60.150 -10.000 142.611
v 60.150 4.620 142.611
v 60.326 -10.000 579.276
v 60.326 4.620 579.276
v 61.134 4.300 142.785
v 61.134 17.100 142.785
v 61.672 -10.000 11.890
v 61.672 4.500 11.890
v 68.711 4.300 225.355
v 68.711 11.520 225.355
v 69.057 37.000 239.425
v 69.057 38.700 239.425
v 69.817 4.300 93.545
v 69.817 14.500 93.545
v 71.455 37.000 241.228
v 71.455 38.700 241.228
v 71.461 37.000 236.228
v 71.461 38.700 236.228
v 71.863 4.300 225.911
v 71.863 11.520 225.911
v 73.859 37.000 238.031
v 73.859 38.700 238.031
v 74.475 -10.000 14.147
v 74.475 4.500 14.147
v 77.675 -10.000 14.712
v 77.675 4.500 14.712
v 78.544 -10.000 9.788
v 78.544 17.100 9.788
v 79.441 4.300 154.137
v 79.441 14.500 154.137
v 82.724 -10.000 14.586
v 82.724 4.620 14.586
v 83.535 13.000 15.745
v 83.535 17.100 15.745
v 84.403 -10.000 10.821
v 84.403 13.000 10.821
v 84.403 17.100 10.821
v 84.403 21.300 10.821
v 89.513 4.300 97.018
v 89.513 14.500 97.018
v 99.409 -10.000 444.008
v 99.409 4.620 444.008
v 108.329 -10.000 19.101
v 108.329 4.620 19.101
v 132.688 -10.000 226.482
v 132.688 4.620 226.482
v 137.302 -10.000 85.136
v 137.302 4.620 85.136
vt -144.8190 -2.5000
vt -144.8190 1.1550
vt -111.0019 -2.5000
vt -111.0019 1.1550
vt -93.3077 1.0750
vt -93.3077 1.8750
vt -93.3077 99.9715
vt -93.3046 2.3650
vt -93.2956 2.8525
vt -93.2805 3.3350
vt -93.2594 3.8101
vt -93.2326 4.2753
vt -93.2000 4.7284
vt -93.1774 1.0750
vt -93.1774 1.8750
vt -93.1774 100.7101
vt -93.1753 2.2819
vt -93.1688 2.6872
vt -93.1619 5.1669
vt -93.1580 3.0896
vt -93.1429 3.4873
vt -93.1237 3.8790
vt -93.1185 5.5887
vt -93.1003 4.2631
vt -93.0729 4.6383
vt -93.0700 5.9916
vt -93.0415 5.0031
vt -93.0166 6.3736
vt -93.0063 5.3562
vt -92.9674 5.6961
vt -92.9587 6.7326
vt -92.9587 101.9509
vt -92.9250 6.0217
vt -92.8964 102.3040
vt -92.8792 6.3317
vt -92.8302 6.6250
vt -92.8302 102.6797
vt -92.7811 6.3317
vt -92.7639 103.0554
vt -92.7353 6.0217
vt -92.7016 6.7326
vt -92.7016 103.4085
vt -92.6929 5.6961
vt -92.6540 5.3562
vt -92.6437 6.3736
vt -92.6188 5.0031
vt -92.5903 5.9916
vt -92.5874 4.6383
vt -92.5600 4.2631
vt -92.5418 5.5887
vt -92.5366 3.8790
vt -92.5174 3.4873
vt -92.5023 3.0896
vt -92.4984 5.1669
vt -92.4915 2.6872
vt -92.4850 2.2819
vt -92.4829 1.0750
vt -92.4829 1.8750
vt -92.4829 104.6493
vt -92.4603 4.7284
vt -92.4388 1.0750
vt -92.4388 1.8750
vt -92.4388 100.5799
vt -92.4367 2.2819
vt -92.4302 2.6872
vt -92.4277 4.2753
vt -92.4194 3.0896
vt -92.4043 3.4873
vt -92.4009 3.8101
vt -92.3851 3.8790
vt -92.3798 3.3350
vt -92.3647 2.8525
vt -92.3617 4.2631
vt -92.3557 2.3650
vt -92.3526 1.0750
vt -92.3526 1.8750
vt -92.3526 105.3879
vt -92.3343 4.6383
vt -92.3029 5.0031
vt -92.2677 5.3562
vt -92.2288 5.6961
vt -92.1864 6.0217
vt -92.1406 6.3317
vt -92.0915 6.6250
vt -92.0425 6.3317
vt -91.9967 6.0217
vt -91.9543 5.6961
vt -91.9154 5.3562
vt -91.8802 5.0031
vt -91.8488 4.6383
vt -91.8214 4.2631
vt -91.7980 3.8790
vt -91.7788 3.4873
vt -91.7637 3.0896
vt -91.7529 2.6872
vt -91.7464 2.2819
vt -91.7442 1.0750
vt -91.7442 1.8750
vt -91.7442 104.5191
vt -90.9460 -11.8880
vt -90.9460 1.0750
vt -90.9460 2.8799
vt -90.8071 -11.1002
vt -90.8071 1.0750
vt -90.8071 2.8799
vt -89.9909 -6.4716
vt -89.9909 1.0750
vt -89.9909 1.8428
vt -89.8520 -5.6837
vt -89.8520 1.0750
vt -89.8520 1.8428
vt -89.0359 -1.0551
vt -89.0359 1.0750
vt -89.0359 2.3598
vt -88.8970 -0.2673
vt -88.8970 1.0750
vt -88.8970 2.3598
vt -88.0808 1.0750
vt -88.0808 2.1381
vt -88.0808 4.3613
vt -87.9419 1.0750
vt -87.9419 2.1381
vt -87.9419 5.1492
vt -87.1257 1.0750
vt -87.1257 2.3195
vt -87.1257 9.7778
vt -86.9868 1.0750
vt -86.9868 2.3195
vt -86.9868 10.5656
vt -86.1707 1.0750
vt -86.1707 2.8531
vt -86.1707 15.1942
vt -86.0318 1.0750
vt -86.0318 2.8531
vt -86.0318 15.9821
vt -79.5137 9.2500
vt -79.5137 9.6750
vt -79.5137 14.1709
vt -79.3370 9.2500
vt -79.3370 9.6750
vt -79.3370 13.4420
vt -78.5418 9.2500
vt -78.5418 9.6750
vt -78.5418 14.4065
vt -78.3651 9.2500
vt -78.3651 9.6750
vt -78.3651 13.6776
vt -73.3653 1.0750
vt -73.3653 1.8750
vt -73.3653 96.4551
vt -73.3623 2.3650
vt -73.3532 2.8525
vt -73.3381 3.3350
vt -73.3171 3.8101
vt -73.2902 4.2753
vt -73.2576 4.7284
vt -73.2351 1.0750
vt -73.2351 1.8750
vt -73.2351 97.1937
vt -73.2329 2.2819
vt -73.2264 2.6872
vt -73.2196 5.1669
vt -73.2156 3.0896
vt -73.2006 3.4873
vt -73.1813 3.8790
vt -73.1762 5.5887
vt -73.1579 4.2631
vt -73.1305 4.6383
vt -73.1277 5.9916
vt -73.0991 5.0031
vt -73.0743 6.3736
vt -73.0639 5.3562
vt -73.0251 5.6961
vt -73.0163 6.7326
vt -73.0163 98.4345
vt -72.9826 6.0217
vt -72.9540 98.7876
vt -72.9368 6.3317
vt -72.8878 6.6250
vt -72.8878 99.1633
vt -72.8388 6.3317
vt -72.8215 99.5390
vt -72.7930 6.0217
vt -72.7593 6.7326
vt -72.7593 99.8922
vt -72.7505 5.6961
vt -72.7116 5.3562
vt -72.7013 6.3736
vt -72.6764 5.0031
vt -72.6479 5.9916
vt -72.6451 4.6383
vt -72.6176 4.2631
vt -72.5994 5.5887
vt -72.5943 3.8790
vt -72.5750 3.4873
vt -72.5599 3.0896
vt -72.5560 5.1669
vt -72.5492 2.6872
vt -72.5427 2.2819
vt -72.5405 1.0750
vt -72.5405 1.8750
vt -72.5405 101.1330
vt -72.5179 4.7284
vt -72.4854 4.2753
vt -72.4585 3.8101
vt -72.4375 3.3350
vt -72.4224 2.8525
vt -72.4133 2.3650
vt -72.4103 1.0750
vt -72.4103 1.8750
vt -72.4103 101.8716
vt -71.8120 1.0750
vt -71.8120 1.8750
vt -71.8120 69.2724
vt -71.7947 2.3650
vt -71.7432 2.8525
vt -71.6575 3.3350
vt -71.5382 3.8101
vt -71.3859 4.2753
vt -71.2013 4.7284
vt -71.0733 1.0750
vt -71.0733 1.8750
vt -71.0733 69.1422
vt -71.0611 2.2819
vt -71.0242 2.6872
vt -70.9854 5.1669
vt -70.9630 3.0896
vt -70.9431 1.0750
vt -70.9431 1.8750
vt -70.9431 69.8808
vt -70.9308 2.2819
vt -70.8940 2.6872
vt -70.8777 3.4873
vt -70.8328 3.0896
vt -70.7685 3.8790
vt -70.7474 3.4873
vt -70.7392 5.5887
vt -70.6382 3.8790
vt -70.6358 4.2631
vt -70.5056 4.2631
vt -70.4802 4.6383
vt -70.4640 5.9916
vt -70.3885 -2.5000
vt -70.3885 1.1550
vt -70.3500 4.6383
vt -70.3023 5.0031
vt -70.1721 5.0031
vt -70.1613 6.3736
vt -70.1027 5.3562
vt -69.9725 5.3562
vt -69.8822 5.6961
vt -69.8326 6.7326
vt -69.8326 68.9234
vt -69.7520 5.6961
vt -69.6416 6.0217
vt -69.5114 6.0217
vt -69.5034 -2.5000
vt -69.5034 1.1550
vt -69.4794 7.0670
vt -69.4794 68.8611
vt -69.3818 6.3317
vt -69.2515 6.3317
vt -69.1037 6.6250
vt -69.1037 7.3750
vt -69.1037 68.7949
vt -68.9735 6.6250
vt -68.8257 6.3317
vt -68.7280 7.0670
vt -68.7280 68.7286
vt -68.6955 6.3317
vt -68.5659 6.0217
vt -68.5245 -2.5000
vt -68.5245 1.1550
vt -68.4356 6.0217
vt -68.3749 6.7326
vt -68.3749 68.6664
vt -68.3253 5.6961
vt -68.2956 1.0750
vt -68.2956 1.8750
vt -68.2956 89.2148
vt -68.2784 2.3650
vt -68.2268 2.8525
vt -68.1950 5.6961
vt -68.1412 3.3350
vt -68.1047 5.3562
vt -68.0461 6.3736
vt -68.0219 3.8101
vt -67.9745 5.3562
vt -67.9051 5.0031
vt -67.8695 4.2753
vt -67.7749 5.0031
vt -67.7434 5.9916
vt -67.7272 4.6383
vt -67.6849 4.7284
vt -67.5970 4.6383
vt -67.5716 4.2631
vt -67.5570 1.0750
vt -67.5570 1.8750
vt -67.5570 89.0845
vt -67.5447 2.2819
vt -67.5079 2.6872
vt -67.4690 5.1669
vt -67.4687 -2.5000
vt -67.4687 1.1550
vt -67.4683 5.5887
vt -67.4467 3.0896
vt -67.4414 4.2631
vt -67.4390 3.8790
vt -67.3613 3.4873
vt -67.3298 3.4873
vt -67.3088 3.8790
vt -67.2521 3.8790
vt -67.2444 3.0896
vt -67.2228 5.5887
vt -67.2221 5.1669
vt -67.1996 3.4873
vt -67.1832 2.6872
vt -67.1464 2.2819
vt -67.1341 1.0750
vt -67.1341 1.8750
vt -67.1341 68.4476
vt -67.1194 4.2631
vt -67.1142 3.0896
vt -67.0530 2.6872
vt -67.0162 2.2819
vt -67.0062 4.7284
vt -67.0039 1.0750
vt -67.0039 1.8750
vt -67.0039 69.1862
vt -66.9639 4.6383
vt -66.9477 5.9916
vt -66.8216 4.2753
vt -66.7860 5.0031
vt -66.6692 3.8101
vt -66.6449 6.3736
vt -66.5864 5.3562
vt -66.5499 3.3350
vt -66.4643 2.8525
vt -66.4127 2.3650
vt -66.3955 1.0750
vt -66.3955 1.8750
vt -66.3955 68.3174
vt -66.3658 5.6961
vt -66.3539 -2.5000
vt -66.3539 1.1550
vt -66.3438 -2.5000
vt -66.3438 1.1550
vt -66.3162 6.7326
vt -66.3162 88.8658
vt -66.1252 6.0217
vt -65.9631 7.0670
vt -65.9631 88.8035
vt -65.8654 6.3317
vt -65.5874 6.6250
vt -65.5874 7.3750
vt -65.5874 88.7372
vt -65.5029 -2.5000
vt -65.5029 1.1550
vt -65.4251 -2.5000
vt -65.4251 1.1550
vt -65.3093 6.3317
vt -65.2117 7.0670
vt -65.2117 88.6710
vt -65.1993 -2.5000
vt -65.1993 1.1550
vt -65.0495 6.0217
vt -64.8585 6.7326
vt -64.8585 88.6087
vt -64.8089 5.6961
vt -64.7571 1.0750
vt -64.7571 4.8750
vt -64.7571 5.7500
vt -64.7571 54.5741
vt -64.5884 5.3562
vt -64.5835 1.0750
vt -64.5835 4.8750
vt -64.5835 55.5589
vt -64.5298 6.3736
vt -64.3888 5.0031
vt -64.3742 -2.5000
vt -64.3742 1.1550
vt -64.2270 5.9916
vt -64.2108 4.6383
vt -64.0553 4.2631
vt -64.0245 -2.5000
vt -64.0245 1.1550
vt -63.9519 5.5887
vt -63.9226 3.8790
vt -63.8853 1.0750
vt -63.8853 4.8750
vt -63.8853 59.5186
vt -63.8134 3.4873
vt -63.7723 1.0750
vt -63.7723 4.8750
vt -63.7723 54.4004
vt -63.7550 1.0750
vt -63.7550 4.8750
vt -63.7550 60.2572
vt -63.7281 3.0896
vt -63.7057 5.1669
vt -63.6668 2.6872
vt -63.6300 2.2819
vt -63.6177 1.0750
vt -63.6177 1.8750
vt -63.6177 88.3899
vt -63.4898 4.7284
vt -63.3052 4.2753
vt -63.1529 3.8101
vt -63.0568 1.0750
vt -63.0568 4.8750
vt -63.0568 64.2170
vt -63.0336 3.3350
vt -62.9479 2.8525
vt -62.9266 1.0750
vt -62.9266 4.8750
vt -62.9266 64.9556
vt -62.8964 2.3650
vt -62.8791 1.0750
vt -62.8791 1.8750
vt -62.8791 88.2597
vt -62.8498 -2.5000
vt -62.8498 1.1550
vt -62.2284 1.0750
vt -62.2284 4.8750
vt -62.2284 68.9153
vt -62.0981 1.0750
vt -62.0981 4.8750
vt -62.0981 69.6539
vt -61.6952 -2.5000
vt -61.6952 1.1550
vt -61.3999 1.0750
vt -61.3999 4.8750
vt -61.3999 73.6137
vt -61.2697 1.0750
vt -61.2697 4.8750
vt -61.2697 74.3523
vt -60.5804 -2.5000
vt -60.5804 1.1550
vt -60.5715 1.0750
vt -60.5715 4.8750
vt -60.5715 78.3120
vt -60.4412 1.0750
vt -60.4412 4.8750
vt -60.4412 79.0506
vt -60.3071 -17.8636
vt -60.3071 9.2500
vt -60.3071 9.6750
vt -60.1233 5.7500
vt -60.1233 6.8750
vt -60.1233 57.8187
vt -59.8648 58.6299
vt -59.8563 -17.2642
vt -59.8563 9.2500
vt -59.8563 9.6750
vt -59.7963 58.2854
vt -59.7963 58.9743
vt -59.7760 5.7500
vt -59.7760 6.8750
vt -59.7760 59.7883
vt -59.7430 1.0750
vt -59.7430 4.8750
vt -59.7430 83.0104
vt -59.7148 58.6299
vt -59.6616 -2.5000
vt -59.6616 1.1550
vt -59.6578 58.3428
vt -59.6578 58.9169
vt -59.6012 6.8750
vt -59.6012 7.1750
vt -59.6012 57.9935
vt -59.6012 59.2663
vt -59.5941 -2.5000
vt -59.5941 1.1550
vt -59.5694 1.0750
vt -59.5694 4.8750
vt -59.5694 5.7500
vt -59.5694 83.9952
vt -59.5245 -2.5000
vt -59.5245 1.1550
vt -59.5079 -18.4647
vt -59.5079 9.2500
vt -59.5079 9.6750
vt -59.4952 6.8750
vt -59.4952 7.1750
vt -59.4952 58.0995
vt -59.4952 59.1602
vt -59.3093 6.8750
vt -59.3093 7.1750
vt -59.3093 57.7984
vt -59.3093 59.4613
vt -59.2519 6.8750
vt -59.2519 7.1750
vt -59.2519 57.9369
vt -59.2519 59.3228
vt -59.0571 -17.8653
vt -59.0571 9.2500
vt -59.0571 9.6750
vt -58.9648 6.8750
vt -58.9648 7.1750
vt -58.9648 57.7299
vt -58.9648 57.8799
vt -58.9648 59.3799
vt -58.9648 59.5299
vt -58.6778 6.8750
vt -58.6778 7.1750
vt -58.6778 57.9369
vt -58.6778 59.3228
vt -58.6204 6.8750
vt -58.6204 7.1750
vt -58.6204 57.7984
vt -58.6204 59.4613
vt -58.5917 -2.5000
vt -58.5917 1.1550
vt -58.5846 1.0750
vt -58.5846 4.8750
vt -58.5846 83.8215
vt -58.5457 -2.5000
vt -58.5457 1.1550
vt -58.4654 -2.5000
vt -58.4654 1.1550
vt -58.4345 6.8750
vt -58.4345 7.1750
vt -58.4345 58.0995
vt -58.4345 59.1602
vt -58.3284 6.8750
vt -58.3284 7.1750
vt -58.3284 57.9935
vt -58.3284 59.2663
vt -58.2719 58.3428
vt -58.2719 58.9169
vt -58.2148 58.6299
vt -58.1537 5.7500
vt -58.1537 6.8750
vt -58.1537 57.4714
vt -58.1333 58.2854
vt -58.1333 58.9743
vt -58.0648 58.6299
vt -57.8064 5.7500
vt -57.8064 6.8750
vt -57.8064 59.4410
vt -57.6614 -2.5000
vt -57.6614 1.1550
vt -57.6606 -2.5000
vt -57.6606 1.1550
vt -56.6204 -2.5000
vt -56.6204 1.1550
vt -56.4777 -17.9657
vt -56.4777 1.0750
vt -56.4777 2.8799
vt -56.3388 -17.1778
vt -56.3388 1.0750
vt -56.3388 2.8799
vt -55.5227 -12.5492
vt -55.5227 1.0750
vt -55.5227 1.8428
vt -55.3837 -11.7614
vt -55.3837 1.0750
vt -55.3837 1.8428
vt -54.5676 -7.1328
vt -54.5676 1.0750
vt -54.5676 2.3598
vt -54.4287 -6.3450
vt -54.4287 1.0750
vt -54.4287 2.3598
vt -53.6125 -1.7164
vt -53.6125 1.0750
vt -53.6125 2.1381
vt -53.4736 -0.9285
vt -53.4736 1.0750
vt -53.4736 2.1381
vt -52.6575 1.0750
vt -52.6575 2.3195
vt -52.6575 3.7001
vt -52.5186 1.0750
vt -52.5186 2.3195
vt -52.5186 4.4879
vt -51.7024 1.0750
vt -51.7024 2.8531
vt -51.7024 9.1165
vt -51.5635 1.0750
vt -51.5635 2.8531
vt -51.5635 9.9044
vt -45.9131 -2.5000
vt -45.9131 1.1550
vt -45.5930 5.7500
vt -45.5930 6.8750
vt -45.5930 75.4382
vt -45.3345 76.2494
vt -45.2660 75.9050
vt -45.2660 76.5938
vt -45.2457 5.7500
vt -45.2457 6.8750
vt -45.2457 77.4078
vt -45.1845 76.2494
vt -45.1274 75.9624
vt -45.1274 76.5364
vt -45.0709 6.8750
vt -45.0709 7.1750
vt -45.0709 75.6130
vt -45.0709 76.8858
vt -44.9648 6.8750
vt -44.9648 7.1750
vt -44.9648 75.7190
vt -44.9648 76.7797
vt -44.7789 6.8750
vt -44.7789 7.1750
vt -44.7789 75.4179
vt -44.7789 77.0809
vt -44.7215 6.8750
vt -44.7215 7.1750
vt -44.7215 75.5565
vt -44.7215 76.9423
vt -44.4455 4.1250
vt -44.4455 4.8750
vt -44.4455 50.9926
vt -44.4345 6.8750
vt -44.4345 7.1750
vt -44.4345 75.3494
vt -44.4345 75.4994
vt -44.4345 76.9994
vt -44.4345 77.1494
vt -44.1475 6.8750
vt -44.1475 7.1750
vt -44.1475 75.5565
vt -44.1475 76.9423
vt -44.0901 6.8750
vt -44.0901 7.1750
vt -44.0901 75.4179
vt -44.0901 77.0809
vt -43.9042 6.8750
vt -43.9042 7.1750
vt -43.9042 75.7190
vt -43.9042 76.7797
vt -43.8300 1.0750
vt -43.8300 4.1250
vt -43.8300 4.8750
vt -43.8300 5.7500
vt -43.8300 50.8840
vt -43.7981 6.8750
vt -43.7981 7.1750
vt -43.7981 75.6130
vt -43.7981 76.8858
vt -43.7416 75.9624
vt -43.7416 76.5364
vt -43.6845 76.2494
vt -43.6563 1.0750
vt -43.6563 4.8750
vt -43.6563 51.8688
vt -43.6233 5.7500
vt -43.6233 6.8750
vt -43.6233 75.0909
vt -43.6030 75.9050
vt -43.6030 76.5938
vt -43.5345 76.2494
vt -43.2760 5.7500
vt -43.2760 6.8750
vt -43.2760 77.0605
vt -42.9581 1.0750
vt -42.9581 4.8750
vt -42.9581 55.8286
vt -42.8279 1.0750
vt -42.8279 4.8750
vt -42.8279 56.5672
vt -42.1297 1.0750
vt -42.1297 4.8750
vt -42.1297 60.5269
vt -41.9994 1.0750
vt -41.9994 4.8750
vt -41.9994 61.2655
vt -41.3012 1.0750
vt -41.3012 4.8750
vt -41.3012 65.2253
vt -41.1710 1.0750
vt -41.1710 4.8750
vt -41.1710 65.9639
vt -40.4728 1.0750
vt -40.4728 4.8750
vt -40.4728 69.9237
vt -40.3425 1.0750
vt -40.3425 4.8750
vt -40.3425 70.6623
vt -39.6443 1.0750
vt -39.6443 4.8750
vt -39.6443 74.6220
vt -39.5141 1.0750
vt -39.5141 4.8750
vt -39.5141 75.3606
vt -39.2577 4.1250
vt -39.2577 4.8750
vt -39.2577 80.4137
vt -38.8159 1.0750
vt -38.8159 4.8750
vt -38.8159 79.3204
vt -38.6422 1.0750
vt -38.6422 4.1250
vt -38.6422 4.8750
vt -38.6422 5.7500
vt -38.6422 80.3052
vt -38.5341 1.0750
vt -38.5341 3.6250
vt -37.6659 -14.9363
vt -37.6659 -2.5000
vt -37.6659 1.0750
vt -37.6659 3.6250
vt -37.6659 4.2750
vt -37.6659 5.3250
vt -37.6648 -2.5000
vt -37.6648 1.1550
vt -37.4076 -13.4714
vt -37.4076 -2.5000
vt -37.4076 4.2750
vt -36.5611 -8.6705
vt -36.5611 -2.5000
vt -36.5611 4.2750
vt -36.4048 -7.7841
vt -36.4048 -2.5000
vt -36.4048 4.2750
vt -35.7827 1.0750
vt -35.7827 3.8750
vt -35.6963 -15.2836
vt -35.6963 1.0750
vt -35.6963 4.2750
vt -35.6529 -2.5000
vt -35.6529 1.1550
vt -35.5582 -2.9832
vt -35.5582 -2.5000
vt -35.5582 4.2750
vt -35.4380 -2.5000
vt -35.4380 1.1250
vt -35.4020 -2.5000
vt -35.4020 -2.0969
vt -35.4020 4.2750
vt -35.2969 -2.5000
vt -35.2969 1.1250
vt -34.7325 -2.5000
vt -34.7325 1.1250
vt -34.5914 -2.5000
vt -34.5914 1.1250
vt -34.5554 -2.5000
vt -34.5554 2.7041
vt -34.5554 4.2750
vt -34.4352 -2.5000
vt -34.4352 1.1250
vt -34.3991 -2.5000
vt -34.3991 3.5904
vt -34.3991 4.2750
vt -34.2941 -2.5000
vt -34.2941 1.1250
vt -34.0462 1.0750
vt -34.0462 3.8750
vt -33.7297 -2.5000
vt -33.7297 1.1250
vt -33.5886 -2.5000
vt -33.5886 1.1250
vt -33.5526 -2.5000
vt -33.5526 4.2750
vt -33.5526 8.3913
vt -33.4323 -2.5000
vt -33.4323 1.1250
vt -33.3963 -2.5000
vt -33.3963 4.2750
vt -33.3963 9.2777
vt -33.2912 -2.5000
vt -33.2912 1.1250
vt -32.7269 -2.5000
vt -32.7269 1.1250
vt -32.5858 -2.5000
vt -32.5858 1.1250
vt -32.5498 -2.5000
vt -32.5498 4.2750
vt -32.5498 14.0786
vt -32.4295 -2.5000
vt -32.4295 1.1250
vt -32.3935 -2.5000
vt -32.3935 4.2750
vt -32.3935 14.9649
vt -32.2884 -2.5000
vt -32.2884 1.1250
vt -31.7241 -2.5000
vt -31.7241 1.1250
vt -31.5830 -2.5000
vt -31.5830 1.1250
vt -31.5470 -2.5000
vt -31.5470 4.2750
vt -31.5470 19.7659
vt -31.4267 -2.5000
vt -31.4267 1.1250
vt -31.3907 -2.5000
vt -31.3907 4.2750
vt -31.3907 20.6522
vt -31.2856 -2.5000
vt -31.2856 1.1250
vt -31.0827 1.1250
vt -31.0827 2.8750
vt -30.7213 -2.5000
vt -30.7213 1.1250
vt -30.6283 -9.5769
vt -30.6283 6.1250
vt -30.6283 7.2500
vt -30.5802 -2.5000
vt -30.5802 1.1250
vt -30.5618 1.1250
vt -30.5618 2.8750
vt -30.5441 -2.5000
vt -30.5441 4.2750
vt -30.5441 25.4531
vt -30.4239 -2.5000
vt -30.4239 1.1250
vt -30.3699 -8.7658
vt -30.3014 -9.1102
vt -30.3014 -8.4214
vt -30.2858 -2.5000
vt -30.2858 1.0750
vt -30.2858 4.1250
vt -30.2858 4.2750
vt -30.2858 5.3250
vt -30.2858 26.9180
vt -30.2828 -2.5000
vt -30.2828 1.1250
vt -30.2810 -7.6073
vt -30.2810 6.1250
vt -30.2810 7.2500
vt -30.2199 -8.7658
vt -30.1628 -9.0528
vt -30.1628 -8.4788
vt -30.1063 -9.4022
vt -30.1063 -8.1294
vt -30.1063 7.2500
vt -30.1063 7.5500
vt -30.0002 -9.2961
vt -30.0002 -8.2355
vt -30.0002 7.2500
vt -30.0002 7.5500
vt -29.8143 -9.5973
vt -29.8143 -7.9343
vt -29.8143 7.2500
vt -29.8143 7.5500
vt -29.7569 -9.4587
vt -29.7569 -8.0729
vt -29.7569 7.2500
vt -29.7569 7.5500
vt -29.7184 -2.5000
vt -29.7184 1.1250
vt -29.5773 -2.5000
vt -29.5773 1.1250
vt -29.4699 -9.6658
vt -29.4699 -9.5158
vt -29.4699 -8.0158
vt -29.4699 -7.8658
vt -29.4699 7.2500
vt -29.4699 7.5500
vt -29.4211 -2.5000
vt -29.4211 1.1250
vt -29.4176 1.0750
vt -29.4176 4.1250
vt -29.2800 -2.5000
vt -29.2800 1.1250
vt -29.1829 -9.4587
vt -29.1829 -8.0729
vt -29.1829 7.2500
vt -29.1829 7.5500
vt -29.1255 -9.5973
vt -29.1255 -7.9343
vt -29.1255 7.2500
vt -29.1255 7.5500
vt -28.9395 -9.2961
vt -28.9395 -8.2355
vt -28.9395 7.2500
vt -28.9395 7.5500
vt -28.8335 -9.4022
vt -28.8335 -8.1294
vt -28.8335 7.2500
vt -28.8335 7.5500
vt -28.7770 -9.0528
vt -28.7770 -8.4788
vt -28.7199 -8.7658
vt -28.7156 -2.5000
vt -28.7156 1.1250
vt -28.6587 -9.9242
vt -28.6587 6.1250
vt -28.6587 7.2500
vt -28.6384 -9.1102
vt -28.6384 -8.4214
vt -28.6207 1.1250
vt -28.6207 2.8750
vt -28.5745 -2.5000
vt -28.5745 1.1250
vt -28.5699 -8.7658
vt -28.3596 -2.5000
vt -28.3596 1.1550
vt -28.3162 1.0750
vt -28.3162 4.2750
vt -28.3162 26.5707
vt -28.3114 -7.9546
vt -28.3114 6.1250
vt -28.3114 7.2500
vt -28.0998 1.1250
vt -28.0998 2.8750
vt -27.6942 -2.5000
vt -27.6942 1.1550
vt -27.3469 -2.5000
vt -27.3469 1.1550
vt -27.0822 -2.5000
vt -27.0822 1.1550
vt -26.3050 -2.5000
vt -26.3050 1.1550
vt -25.9346 1.0750
vt -25.9346 3.8750
vt -25.8530 6.1250
vt -25.8530 7.2500
vt -25.8530 17.5053
vt -25.5946 18.3164
vt -25.5260 17.9720
vt -25.5260 18.6608
vt -25.5057 6.1250
vt -25.5057 7.2500
vt -25.5057 19.4749
vt -25.4446 18.3164
vt -25.3875 18.0294
vt -25.3875 18.6034
vt -25.3309 7.2500
vt -25.3309 7.5500
vt -25.3309 17.6800
vt -25.3309 18.9528
vt -25.2249 7.2500
vt -25.2249 7.5500
vt -25.2249 17.7861
vt -25.2249 18.8468
vt -25.0390 7.2500
vt -25.0390 7.5500
vt -25.0390 17.4849
vt -25.0390 19.1479
vt -25.0020 1.0750
vt -25.0020 4.1250
vt -25.0020 4.8750
vt -25.0020 5.7500
vt -25.0020 42.4870
vt -24.9816 7.2500
vt -24.9816 7.5500
vt -24.9816 17.6235
vt -24.9816 19.0093
vt -24.8284 1.0750
vt -24.8284 4.8750
vt -24.8284 43.4718
vt -24.6946 7.2500
vt -24.6946 7.5500
vt -24.6946 17.4164
vt -24.6946 17.5664
vt -24.6946 19.0664
vt -24.6946 19.2164
vt -24.4075 7.2500
vt -24.4075 7.5500
vt -24.4075 17.6235
vt -24.4075 19.0093
vt -24.3865 4.1250
vt -24.3865 4.8750
vt -24.3865 42.3785
vt -24.3501 7.2500
vt -24.3501 7.5500
vt -24.3501 17.4849
vt -24.3501 19.1479
vt -24.2544 1.0750
vt -24.2544 3.6250
vt -24.2369 1.0750
vt -24.2369 4.8750
vt -24.2369 46.8263
vt -24.1981 1.0750
vt -24.1981 3.8750
vt -24.1642 7.2500
vt -24.1642 7.5500
vt -24.1642 17.7861
vt -24.1642 18.8468
vt -24.1067 1.0750
vt -24.1067 4.8750
vt -24.1067 47.5649
vt -24.0582 7.2500
vt -24.0582 7.5500
vt -24.0582 17.6800
vt -24.0582 18.9528
vt -24.0016 18.0294
vt -24.0016 18.6034
vt -23.9446 18.3164
vt -23.8834 6.1250
vt -23.8834 7.2500
vt -23.8834 17.1580
vt -23.8631 17.9720
vt -23.8631 18.6608
vt -23.7946 18.3164
vt -23.5361 6.1250
vt -23.5361 7.2500
vt -23.5361 19.1276
vt -23.5152 1.0750
vt -23.5152 4.8750
vt -23.5152 50.9194
vt -23.3862 1.0750
vt -23.3862 3.6250
vt -23.3849 1.0750
vt -23.3849 4.8750
vt -23.3849 51.6581
vt -22.7935 1.0750
vt -22.7935 4.8750
vt -22.7935 55.0126
vt -22.6632 1.0750
vt -22.6632 4.8750
vt -22.6632 55.7512
vt -22.3782 1.0750
vt -22.3782 3.6250
vt -22.0717 1.0750
vt -22.0717 4.8750
vt -22.0717 59.1057
vt -21.9415 1.0750
vt -21.9415 4.8750
vt -21.9415 59.8443
vt -21.3500 1.0750
vt -21.3500 4.8750
vt -21.3500 63.1988
vt -21.2839 -2.5000
vt -21.2839 1.1550
vt -21.2198 1.0750
vt -21.2198 4.8750
vt -21.2198 63.9374
vt -21.1008 -2.5000
vt -21.1008 3.2500
vt -21.1008 4.2750
vt -21.1008 5.3250
vt -20.8838 3.2500
vt -20.8838 4.2750
vt -20.6810 -2.5000
vt -20.6810 1.1550
vt -20.6283 1.0750
vt -20.6283 4.8750
vt -20.6283 67.2919
vt -20.4980 1.0750
vt -20.4980 4.8750
vt -20.4980 68.0305
vt -20.3682 5.7500
vt -20.3682 6.8750
vt -20.3682 45.7317
vt -20.1098 46.5428
vt -20.0413 46.1984
vt -20.0413 46.8872
vt -20.0209 5.7500
vt -20.0209 6.8750
vt -20.0209 47.7013
vt -19.9598 46.5428
vt -19.9066 1.0750
vt -19.9066 4.8750
vt -19.9066 71.3850
vt -19.9027 46.2558
vt -19.9027 46.8298
vt -19.8603 1.0750
vt -19.8603 3.6250
vt -19.8462 6.8750
vt -19.8462 7.1750
vt -19.8462 45.9064
vt -19.8462 47.1792
vt -19.7763 1.0750
vt -19.7763 4.8750
vt -19.7763 72.1236
vt -19.7401 6.8750
vt -19.7401 7.1750
vt -19.7401 46.0125
vt -19.7401 47.0732
vt -19.6359 -2.5000
vt -19.6359 4.2750
vt -19.5542 6.8750
vt -19.5542 7.1750
vt -19.5542 45.7113
vt -19.5542 47.3743
vt -19.4968 6.8750
vt -19.4968 7.1750
vt -19.4968 45.8499
vt -19.4968 47.2357
vt -19.4459 -2.5000
vt -19.4459 1.1550
vt -19.4189 -2.5000
vt -19.4189 1.1250
vt -19.2098 6.8750
vt -19.2098 7.1750
vt -19.2098 45.6428
vt -19.2098 45.7928
vt -19.2098 47.2928
vt -19.2098 47.4428
vt -19.1848 1.0750
vt -19.1848 4.8750
vt -19.1848 75.4781
vt -19.0112 1.0750
vt -19.0112 4.1250
vt -19.0112 4.8750
vt -19.0112 5.7500
vt -19.0112 76.4629
vt -18.9227 6.8750
vt -18.9227 7.1750
vt -18.9227 45.8499
vt -18.9227 47.2357
vt -18.8653 6.8750
vt -18.8653 7.1750
vt -18.8653 45.7113
vt -18.8653 47.3743
vt -18.6794 6.8750
vt -18.6794 7.1750
vt -18.6794 46.0125
vt -18.6794 47.0732
vt -18.6187 -2.5000
vt -18.6187 1.1250
vt -18.5734 6.8750
vt -18.5734 7.1750
vt -18.5734 45.9064
vt -18.5734 47.1792
vt -18.5169 46.2558
vt -18.5169 46.8298
vt -18.4647 9.2500
vt -18.4647 9.6750
vt -18.4598 46.5428
vt -18.3986 5.7500
vt -18.3986 6.8750
vt -18.3986 45.3844
vt -18.3957 4.1250
vt -18.3957 4.8750
vt -18.3957 76.3544
vt -18.3783 46.1984
vt -18.3783 46.8872
vt -18.3098 46.5428
vt -18.0513 5.7500
vt -18.0513 6.8750
vt -18.0513 47.3540
vt -17.9657 1.0750
vt -17.9657 2.8799
vt -17.8653 9.2500
vt -17.8653 9.6750
vt -17.8636 9.2500
vt -17.8636 9.6750
vt -17.7450 -2.5000
vt -17.7450 1.1550
vt -17.4542 1.0750
vt -17.4542 3.6250
vt -17.2642 9.2500
vt -17.2642 9.6750
vt -17.1778 1.0750
vt -17.1778 2.8799
vt -16.7031 -2.5000
vt -16.7031 1.1550
vt -16.5140 -2.5000
vt -16.5140 1.1550
vt -15.4721 -2.5000
vt -15.4721 1.1550
vt -15.4181 -2.5000
vt -15.4181 1.1250
vt -15.2836 1.0750
vt -15.2836 4.2750
vt -15.0374 -2.5000
vt -15.0374 1.1550
vt -14.9363 -2.5000
vt -14.9363 1.0750
vt -14.9363 3.6250
vt -14.9363 4.2750
vt -14.9363 5.3250
vt -14.8350 -2.5000
vt -14.8350 4.2750
vt -14.6179 -2.5000
vt -14.6179 1.1250
vt -13.9486 -2.5000
vt -13.9486 4.2750
vt -13.8187 -2.5000
vt -13.8187 1.1250
vt -13.7316 -2.5000
vt -13.7316 1.1250
vt -13.4714 -2.5000
vt -13.4714 4.2750
vt -13.0185 -2.5000
vt -13.0185 1.1250
vt -12.9314 -2.5000
vt -12.9314 1.1250
vt -12.5492 1.0750
vt -12.5492 1.8428
vt -11.8880 1.0750
vt -11.8880 2.8799
vt -11.7614 1.0750
vt -11.7614 1.8428
vt -11.1002 1.0750
vt -11.1002 2.8799
vt -11.0821 1.0750
vt -11.0821 4.1250
vt -10.2139 1.0750
vt -10.2139 4.1250
vt -9.9242 6.1250
vt -9.9242 7.2500
vt -9.8179 -2.5000
vt -9.8179 1.1250
vt -9.7308 -2.5000
vt -9.7308 1.1250
vt -9.5769 6.1250
vt -9.5769 7.2500
vt -9.4022 7.2500
vt -9.4022 7.5500
vt -9.2961 7.2500
vt -9.2961 7.5500
vt -9.1477 -2.5000
vt -9.1477 4.2750
vt -9.1102 7.2500
vt -9.1102 7.5500
vt -9.0528 7.2500
vt -9.0528 7.5500
vt -9.0178 -2.5000
vt -9.0178 1.1250
vt -8.9306 -2.5000
vt -8.9306 1.1250
vt -8.7658 7.2500
vt -8.7658 7.5500
vt -8.6705 -2.5000
vt -8.6705 4.2750
vt -8.5445 0.4912
vt -8.5445 6.1250
vt -8.5445 7.2500
vt -8.4788 7.2500
vt -8.4788 7.5500
vt -8.4214 7.2500
vt -8.4214 7.5500
vt -8.2861 1.3024
vt -8.2614 -2.5000
vt -8.2614 4.2750
vt -8.2355 7.2500
vt -8.2355 7.5500
vt -8.2175 0.9579
vt -8.2175 1.6468
vt -8.1972 2.4608
vt -8.1972 6.1250
vt -8.1972 7.2500
vt -8.1361 1.3024
vt -8.1314 -2.5000
vt -8.1314 1.1250
vt -8.1294 7.2500
vt -8.1294 7.5500
vt -8.0790 1.0153
vt -8.0790 1.5894
vt -8.0443 -2.5000
vt -8.0443 1.1250
vt -8.0225 0.6660
vt -8.0225 1.9388
vt -8.0225 7.2500
vt -8.0225 7.5500
vt -7.9546 6.1250
vt -7.9546 7.2500
vt -7.9164 0.7720
vt -7.9164 1.8327
vt -7.9164 7.2500
vt -7.9164 7.5500
vt -7.7841 -2.5000
vt -7.7841 4.2750
vt -7.7305 0.4709
vt -7.7305 2.1339
vt -7.7305 7.2500
vt -7.7305 7.5500
vt -7.6731 0.6095
vt -7.6731 1.9953
vt -7.6731 7.2500
vt -7.6731 7.5500
vt -7.6073 6.1250
vt -7.6073 7.2500
vt -7.3861 0.4024
vt -7.3861 0.5524
vt -7.3861 2.0524
vt -7.3861 2.2024
vt -7.3861 7.2500
vt -7.3861 7.5500
vt -7.3313 -2.5000
vt -7.3313 1.1250
vt -7.2442 -2.5000
vt -7.2442 1.1250
vt -7.1328 1.0750
vt -7.1328 2.3598
vt -7.0990 0.6095
vt -7.0990 1.9953
vt -7.0990 7.2500
vt -7.0990 7.5500
vt -7.0416 0.4709
vt -7.0416 2.1339
vt -7.0416 7.2500
vt -7.0416 7.5500
vt -6.8557 0.7720
vt -6.8557 1.8327
vt -6.8557 7.2500
vt -6.8557 7.5500
vt -6.7497 0.6660
vt -6.7497 1.9388
vt -6.7497 7.2500
vt -6.7497 7.5500
vt -6.6931 1.0153
vt -6.6931 1.5894
vt -6.6361 1.3024
vt -6.5749 0.1439
vt -6.5749 6.1250
vt -6.5749 7.2500
vt -6.5546 0.9579
vt -6.5546 1.6468
vt -6.4861 1.3024
vt -6.4716 1.0750
vt -6.4716 1.8428
vt -6.3450 1.0750
vt -6.3450 2.3598
vt -6.2276 2.1135
vt -6.2276 6.1250
vt -6.2276 7.2500
vt -5.6837 1.0750
vt -5.6837 1.8428
vt -4.7753 -2.5000
vt -4.7753 1.1550
vt -4.1307 -2.5000
vt -4.1307 1.1250
vt -4.0435 -2.5000
vt -4.0435 1.1250
vt -3.9362 -20.8838
vt -3.9362 3.2500
vt -3.9362 4.2750
vt -3.6779 -2.5000
vt -3.6779 1.1250
vt -3.6466 -2.5000
vt -3.6466 1.1550
vt -3.5368 -2.5000
vt -3.5368 1.1250
vt -3.4604 -2.5000
vt -3.4604 4.2750
vt -3.3305 -2.5000
vt -3.3305 1.1250
vt -3.2434 -2.5000
vt -3.2434 1.1250
vt -2.9832 -2.5000
vt -2.9832 4.2750
vt -2.9725 -2.5000
vt -2.9725 1.1250
vt -2.8314 -2.5000
vt -2.8314 1.1250
vt -2.7052 -21.1008
vt -2.7052 -2.5000
vt -2.7052 3.2500
vt -2.7052 4.2750
vt -2.7052 5.3250
vt -2.6751 -2.5000
vt -2.6751 1.1250
vt -2.5741 -2.5000
vt -2.5741 4.2750
vt -2.5340 -2.5000
vt -2.5340 1.1250
vt -2.4469 -19.6359
vt -2.4469 -2.5000
vt -2.4469 4.2750
vt -2.4442 -2.5000
vt -2.4442 1.1250
vt -2.3571 -2.5000
vt -2.3571 1.1250
vt -2.0969 -2.5000
vt -2.0969 4.2750
vt -1.9697 -2.5000
vt -1.9697 1.1250
vt -1.8286 -2.5000
vt -1.8286 1.1250
vt -1.7164 1.0750
vt -1.7164 2.1381
vt -1.6723 -2.5000
vt -1.6723 1.1250
vt -1.6440 -2.5000
vt -1.6440 1.1250
vt -1.6004 -14.8350
vt -1.6004 -2.5000
vt -1.6004 4.2750
vt -1.5569 -2.5000
vt -1.5569 1.1250
vt -1.5312 -2.5000
vt -1.5312 1.1250
vt -1.4441 -13.9486
vt -1.4441 -2.5000
vt -1.4441 4.2750
vt -1.0551 1.0750
vt -1.0551 2.3598
vt -0.9668 -2.5000
vt -0.9668 1.1250
vt -0.9285 1.0750
vt -0.9285 2.1381
vt -0.8258 -2.5000
vt -0.8258 1.1250
vt -0.6695 -2.5000
vt -0.6695 1.1250
vt -0.5976 -9.1477
vt -0.5976 -2.5000
vt -0.5976 4.2750
vt -0.5284 -2.5000
vt -0.5284 1.1250
vt -0.4413 -8.2614
vt -0.4413 -2.5000
vt -0.4413 4.2750
vt -0.2673 1.0750
vt -0.2673 2.3598
vt 0.0360 -2.5000
vt 0.0360 1.1250
vt 0.1439 6.1250
vt 0.1439 7.2500
vt 0.1771 -2.5000
vt 0.1771 1.1250
vt 0.3333 -2.5000
vt 0.3333 1.1250
vt 0.4053 -3.4604
vt 0.4053 -2.5000
vt 0.4053 4.2750
vt 0.4744 -2.5000
vt 0.4744 1.1250
vt 0.4912 6.1250
vt 0.4912 7.2500
vt 0.5615 -2.5741
vt 0.5615 -2.5000
vt 0.5615 4.2750
vt 0.6660 7.2500
vt 0.6660 7.5500
vt 0.7720 7.2500
vt 0.7720 7.5500
vt 0.9579 7.2500
vt 0.9579 7.5500
vt 1.0153 7.2500
vt 1.0153 7.5500
vt 1.0388 -2.5000
vt 1.0388 1.1250
vt 1.1799 -2.5000
vt 1.1799 1.1250
vt 1.3024 7.2500
vt 1.3024 7.5500
vt 1.3362 -2.5000
vt 1.3362 1.1250
vt 1.4081 -2.5000
vt 1.4081 2.2268
vt 1.4081 4.2750
vt 1.4773 -2.5000
vt 1.4773 1.1250
vt 1.5566 -2.5000
vt 1.5566 1.1250
vt 1.5644 -2.5000
vt 1.5644 3.1131
vt 1.5644 4.2750
vt 1.5894 7.2500
vt 1.5894 7.5500
vt 1.6437 -2.5000
vt 1.6437 1.1250
vt 1.6468 7.2500
vt 1.6468 7.5500
vt 1.8327 7.2500
vt 1.8327 7.5500
vt 1.9388 7.2500
vt 1.9388 7.5500
vt 2.0416 -2.5000
vt 2.0416 1.1250
vt 2.1135 6.1250
vt 2.1135 7.2500
vt 2.1827 -2.5000
vt 2.1827 1.1250
vt 2.2268 -2.5000
vt 2.2268 4.2750
vt 2.3390 -2.5000
vt 2.3390 1.1250
vt 2.3568 -2.5000
vt 2.3568 1.1250
vt 2.4109 -2.5000
vt 2.4109 4.2750
vt 2.4109 7.9141
vt 2.4439 -2.5000
vt 2.4439 1.1250
vt 2.4608 6.1250
vt 2.4608 7.2500
vt 2.4801 -2.5000
vt 2.4801 1.1250
vt 2.5672 -2.5000
vt 2.5672 4.2750
vt 2.5672 8.8004
vt 2.7041 -2.5000
vt 2.7041 4.2750
vt 3.0444 -2.5000
vt 3.0444 1.1250
vt 3.1131 -2.5000
vt 3.1131 4.2750
vt 3.1855 -2.5000
vt 3.1855 1.1250
vt 3.2431 -2.5000
vt 3.2431 1.1250
vt 3.3302 -2.5000
vt 3.3302 1.1250
vt 3.4137 -2.5000
vt 3.4137 4.2750
vt 3.4137 13.6014
vt 3.4438 3.2500
vt 3.4438 4.2750
vt 3.4438 20.9706
vt 3.5700 -2.5000
vt 3.5700 4.2750
vt 3.5700 14.4877
vt 3.5904 -2.5000
vt 3.5904 4.2750
vt 3.6466 -2.5000
vt 3.6466 1.1550
vt 3.7001 1.0750
vt 3.7001 2.3195
vt 4.0433 -2.5000
vt 4.0433 1.1250
vt 4.1304 -2.5000
vt 4.1304 1.1250
vt 4.3613 1.0750
vt 4.3613 2.1381
vt 4.4165 -2.5000
vt 4.4165 4.2750
vt 4.4165 19.2886
vt 4.4879 1.0750
vt 4.4879 2.3195
vt 4.6748 -2.5000
vt 4.6748 3.2500
vt 4.6748 4.2750
vt 4.6748 5.3250
vt 4.6748 20.7535
vt 4.9056 -2.5000
vt 4.9056 1.1550
vt 5.1492 1.0750
vt 5.1492 2.1381
vt 5.5270 1.0750
vt 5.5270 4.8750
vt 5.5270 37.1039
vt 5.5519 5.7500
vt 5.5519 6.8750
vt 5.5519 66.0392
vt 5.8104 66.8504
vt 5.8789 66.5059
vt 5.8789 67.1948
vt 5.8992 5.7500
vt 5.8992 6.8750
vt 5.8992 68.0088
vt 5.9475 -2.5000
vt 5.9475 1.1550
vt 5.9604 66.8504
vt 6.0175 66.5633
vt 6.0175 67.1374
vt 6.0740 6.8750
vt 6.0740 7.1750
vt 6.0740 66.2140
vt 6.0740 67.4868
vt 6.1801 6.8750
vt 6.1801 7.1750
vt 6.1801 66.3200
vt 6.1801 67.3807
vt 6.3660 6.8750
vt 6.3660 7.1750
vt 6.3660 66.0189
vt 6.3660 67.6819
vt 6.4234 6.8750
vt 6.4234 7.1750
vt 6.4234 66.1575
vt 6.4234 67.5433
vt 6.5118 1.0750
vt 6.5118 4.8750
vt 6.5118 5.7500
vt 6.5118 36.9303
vt 6.6855 1.0750
vt 6.6855 4.8750
vt 6.6855 37.9151
vt 6.7104 6.8750
vt 6.7104 7.1750
vt 6.7104 65.9504
vt 6.7104 66.1004
vt 6.7104 67.6004
vt 6.7104 67.7504
vt 6.9974 6.8750
vt 6.9974 7.1750
vt 6.9974 66.1575
vt 6.9974 67.5433
vt 7.0548 6.8750
vt 7.0548 7.1750
vt 7.0548 66.0189
vt 7.0548 67.6819
vt 7.2407 6.8750
vt 7.2407 7.1750
vt 7.2407 66.3200
vt 7.2407 67.3807
vt 7.2439 -2.5000
vt 7.2439 1.1250
vt 7.2769 1.0750
vt 7.2769 4.8750
vt 7.2769 41.2696
vt 7.3310 -2.5000
vt 7.3310 1.1250
vt 7.3468 6.8750
vt 7.3468 7.1750
vt 7.3468 66.2140
vt 7.3468 67.4868
vt 7.4033 66.5633
vt 7.4033 67.1374
vt 7.4072 1.0750
vt 7.4072 4.8750
vt 7.4072 42.0082
vt 7.4604 66.8504
vt 7.5167 -2.5000
vt 7.5167 1.1550
vt 7.5215 5.7500
vt 7.5215 6.8750
vt 7.5215 65.6919
vt 7.5419 66.5059
vt 7.5419 67.1948
vt 7.6104 66.8504
vt 7.8688 5.7500
vt 7.8688 6.8750
vt 7.8688 67.6615
vt 7.9141 -2.5000
vt 7.9141 4.2750
vt 7.9987 1.0750
vt 7.9987 4.8750
vt 7.9987 45.3627
vt 8.0440 -2.5000
vt 8.0440 1.1250
vt 8.1289 1.0750
vt 8.1289 4.8750
vt 8.1289 46.1013
vt 8.1311 -2.5000
vt 8.1311 1.1250
vt 8.3913 -2.5000
vt 8.3913 4.2750
vt 8.7204 1.0750
vt 8.7204 4.8750
vt 8.7204 49.4558
vt 8.8004 -2.5000
vt 8.8004 4.2750
vt 8.8506 1.0750
vt 8.8506 4.8750
vt 8.8506 50.1944
vt 8.9304 -2.5000
vt 8.9304 1.1250
vt 9.0175 -2.5000
vt 9.0175 1.1250
vt 9.1165 1.0750
vt 9.1165 2.8531
vt 9.2532 -2.5000
vt 9.2532 1.1550
vt 9.2777 -2.5000
vt 9.2777 4.2750
vt 9.4421 1.0750
vt 9.4421 4.8750
vt 9.4421 53.5489
vt 9.5724 1.0750
vt 9.5724 4.8750
vt 9.5724 54.2875
vt 9.7305 -2.5000
vt 9.7305 1.1250
vt 9.7778 1.0750
vt 9.7778 2.3195
vt 9.8176 -2.5000
vt 9.8176 1.1250
vt 9.9044 1.0750
vt 9.9044 2.8531
vt 10.1638 1.0750
vt 10.1638 4.8750
vt 10.1638 57.6420
vt 10.2941 1.0750
vt 10.2941 4.8750
vt 10.2941 58.3806
vt 10.5656 1.0750
vt 10.5656 2.3195
vt 10.8856 1.0750
vt 10.8856 4.8750
vt 10.8856 61.7351
vt 11.0158 1.0750
vt 11.0158 4.8750
vt 11.0158 62.4737
vt 11.5179 1.0750
vt 11.5179 4.8750
vt 11.5179 71.0798
vt 11.6073 1.0750
vt 11.6073 4.8750
vt 11.6073 65.8282
vt 11.7375 1.0750
vt 11.7375 4.8750
vt 11.7375 66.5668
vt 12.3290 1.0750
vt 12.3290 4.8750
vt 12.3290 69.9214
vt 12.5027 1.0750
vt 12.5027 4.8750
vt 12.5027 5.7500
vt 12.5027 70.9062
vt 12.9311 -2.5000
vt 12.9311 1.1250
vt 13.0183 -2.5000
vt 13.0183 1.1250
vt 13.4420 9.2500
vt 13.4420 9.6750
vt 13.6014 -2.5000
vt 13.6014 4.2750
vt 13.6776 9.2500
vt 13.6776 9.6750
vt 13.7313 -2.5000
vt 13.7313 1.1250
vt 13.8184 -2.5000
vt 13.8184 1.1250
vt 14.0786 -2.5000
vt 14.0786 4.2750
vt 14.1709 9.2500
vt 14.1709 9.6750
vt 14.4065 9.2500
vt 14.4065 9.6750
vt 14.4627 -2.5000
vt 14.4627 1.1550
vt 14.4877 -2.5000
vt 14.4877 4.2750
vt 14.6176 -2.5000
vt 14.6176 1.1250
vt 14.7047 -2.5000
vt 14.7047 1.1250
vt 14.9649 -2.5000
vt 14.9649 4.2750
vt 15.1942 1.0750
vt 15.1942 2.8531
vt 15.4178 -2.5000
vt 15.4178 1.1250
vt 15.5049 -2.5000
vt 15.5049 1.1250
vt 15.9821 1.0750
vt 15.9821 2.8531
vt 16.1991 -2.5000
vt 16.1991 1.1550
vt 17.1580 6.1250
vt 17.1580 7.2500
vt 17.5053 6.1250
vt 17.5053 7.2500
vt 17.6800 7.2500
vt 17.6800 7.5500
vt 17.7861 7.2500
vt 17.7861 7.5500
vt 17.9720 7.2500
vt 17.9720 7.5500
vt 18.0294 7.2500
vt 18.0294 7.5500
vt 18.3164 7.2500
vt 18.3164 7.5500
vt 18.6034 7.2500
vt 18.6034 7.5500
vt 18.6184 -2.5000
vt 18.6184 1.1250
vt 18.6608 7.2500
vt 18.6608 7.5500
vt 18.7055 -2.5000
vt 18.7055 1.1250
vt 18.8468 7.2500
vt 18.8468 7.5500
vt 18.9528 7.2500
vt 18.9528 7.5500
vt 19.1013 -2.5000
vt 19.1013 1.1550
vt 19.1276 6.1250
vt 19.1276 7.2500
vt 19.2886 -2.5000
vt 19.2886 4.2750
vt 19.4186 -2.5000
vt 19.4186 1.1250
vt 19.4749 6.1250
vt 19.4749 7.2500
vt 19.5057 -2.5000
vt 19.5057 1.1250
vt 19.7659 -2.5000
vt 19.7659 4.2750
vt 20.3049 -2.5000
vt 20.3049 1.1250
vt 20.6522 -2.5000
vt 20.6522 4.2750
vt 20.6810 -2.5000
vt 20.6810 1.1550
vt 20.7535 -2.5000
vt 20.7535 3.2500
vt 20.7535 4.2750
vt 20.7535 5.3250
vt 20.9706 3.2500
vt 20.9706 4.2750
vt 21.1050 -2.5000
vt 21.1050 1.1250
vt 23.5319 1.0750
vt 23.5319 4.1250
vt 24.3057 -2.5000
vt 24.3057 1.1250
vt 24.3107 -2.5000
vt 24.3107 1.1550
vt 25.1058 -2.5000
vt 25.1058 1.1250
vt 25.4531 -2.5000
vt 25.4531 4.2750
vt 26.3245 -2.5000
vt 26.3245 1.1550
vt 26.5707 1.0750
vt 26.5707 4.2750
vt 26.9180 -2.5000
vt 26.9180 1.0750
vt 26.9180 4.1250
vt 26.9180 4.2750
vt 26.9180 5.3250
vt 27.8208 -2.5000
vt 27.8208 1.1550
vt 28.4559 1.0750
vt 28.4559 4.1250
vt 29.1630 1.1250
vt 29.1630 2.8750
vt 29.5971 1.1250
vt 29.5971 2.8750
vt 31.5382 -2.5000
vt 31.5382 1.1550
vt 31.5977 -2.5000
vt 31.5977 1.1550
vt 31.8147 -2.5000
vt 31.8147 1.1550
vt 31.8421 1.0750
vt 31.8421 4.1250
vt 32.1174 1.1250
vt 32.1174 2.8750
vt 32.5515 1.1250
vt 32.5515 2.8750
vt 33.5078 -2.5000
vt 33.5078 1.1550
vt 33.7297 -2.5000
vt 33.7297 1.1550
vt 34.7507 -2.5000
vt 34.7507 1.1550
vt 36.9303 1.0750
vt 36.9303 4.8750
vt 36.9303 5.7500
vt 37.1039 1.0750
vt 37.1039 4.8750
vt 37.5065 -2.5000
vt 37.5065 1.1550
vt 37.7236 -2.5000
vt 37.7236 1.1550
vt 37.9151 1.0750
vt 37.9151 4.8750
vt 39.4166 -2.5000
vt 39.4166 1.1550
vt 41.2696 1.0750
vt 41.2696 4.8750
vt 42.0082 1.0750
vt 42.0082 4.8750
vt 42.3785 4.1250
vt 42.3785 4.8750
vt 42.4870 1.0750
vt 42.4870 4.1250
vt 42.4870 4.8750
vt 42.4870 5.7500
vt 43.4718 1.0750
vt 43.4718 4.8750
vt 45.3627 1.0750
vt 45.3627 4.8750
vt 45.3844 5.7500
vt 45.3844 6.8750
vt 45.7317 5.7500
vt 45.7317 6.8750
vt 45.9064 6.8750
vt 45.9064 7.1750
vt 46.0125 6.8750
vt 46.0125 7.1750
vt 46.1013 1.0750
vt 46.1013 4.8750
vt 46.1984 6.8750
vt 46.1984 7.1750
vt 46.2558 6.8750
vt 46.2558 7.1750
vt 46.5428 6.8750
vt 46.5428 7.1750
vt 46.8263 1.0750
vt 46.8263 4.8750
vt 46.8298 6.8750
vt 46.8298 7.1750
vt 46.8872 6.8750
vt 46.8872 7.1750
vt 47.0732 6.8750
vt 47.0732 7.1750
vt 47.1792 6.8750
vt 47.1792 7.1750
vt 47.3540 5.7500
vt 47.3540 6.8750
vt 47.5649 1.0750
vt 47.5649 4.8750
vt 47.7013 5.7500
vt 47.7013 6.8750
vt 49.4558 1.0750
vt 49.4558 4.8750
vt 50.1944 1.0750
vt 50.1944 4.8750
vt 50.8840 1.0750
vt 50.8840 4.1250
vt 50.8840 4.8750
vt 50.8840 5.7500
vt 50.9194 1.0750
vt 50.9194 4.8750
vt 50.9926 4.1250
vt 50.9926 4.8750
vt 51.6581 1.0750
vt 51.6581 4.8750
vt 51.8688 1.0750
vt 51.8688 4.8750
vt 53.5489 1.0750
vt 53.5489 4.8750
vt 54.2875 1.0750
vt 54.2875 4.8750
vt 54.4004 1.0750
vt 54.4004 4.8750
vt 54.5741 1.0750
vt 54.5741 4.8750
vt 54.5741 5.7500
vt 55.0126 1.0750
vt 55.0126 4.8750
vt 55.5589 1.0750
vt 55.5589 4.8750
vt 55.7512 1.0750
vt 55.7512 4.8750
vt 55.8286 1.0750
vt 55.8286 4.8750
vt 56.5672 1.0750
vt 56.5672 4.8750
vt 57.4714 5.7500
vt 57.4714 6.8750
vt 57.6420 1.0750
vt 57.6420 4.8750
vt 57.8187 5.7500
vt 57.8187 6.8750
vt 57.9935 6.8750
vt 57.9935 7.1750
vt 58.0995 6.8750
vt 58.0995 7.1750
vt 58.2854 6.8750
vt 58.2854 7.1750
vt 58.3428 6.8750
vt 58.3428 7.1750
vt 58.3806 1.0750
vt 58.3806 4.8750
vt 58.6299 6.8750
vt 58.6299 7.1750
vt 58.9169 6.8750
vt 58.9169 7.1750
vt 58.9743 6.8750
vt 58.9743 7.1750
vt 59.1057 1.0750
vt 59.1057 4.8750
vt 59.1602 6.8750
vt 59.1602 7.1750
vt 59.2663 6.8750
vt 59.2663 7.1750
vt 59.4410 5.7500
vt 59.4410 6.8750
vt 59.5186 1.0750
vt 59.5186 4.8750
vt 59.7883 5.7500
vt 59.7883 6.8750
vt 59.8443 1.0750
vt 59.8443 4.8750
vt 60.2572 1.0750
vt 60.2572 4.8750
vt 60.5269 1.0750
vt 60.5269 4.8750
vt 61.2655 1.0750
vt 61.2655 4.8750
vt 61.7351 1.0750
vt 61.7351 4.8750
vt 62.4737 1.0750
vt 62.4737 4.8750
vt 63.1988 1.0750
vt 63.1988 4.8750
vt 63.9374 1.0750
vt 63.9374 4.8750
vt 64.2170 1.0750
vt 64.2170 4.8750
vt 64.9556 1.0750
vt 64.9556 4.8750
vt 65.2253 1.0750
vt 65.2253 4.8750
vt 65.6919 5.7500
vt 65.6919 6.8750
vt 65.8282 1.0750
vt 65.8282 4.8750
vt 65.9639 1.0750
vt 65.9639 4.8750
vt 66.0392 5.7500
vt 66.0392 6.8750
vt 66.2140 6.8750
vt 66.2140 7.1750
vt 66.3200 6.8750
vt 66.3200 7.1750
vt 66.5059 6.8750
vt 66.5059 7.1750
vt 66.5633 6.8750
vt 66.5633 7.1750
vt 66.5668 1.0750
vt 66.5668 4.8750
vt 66.8504 6.8750
vt 66.8504 7.1750
vt 67.1374 6.8750
vt 67.1374 7.1750
vt 67.1948 6.8750
vt 67.1948 7.1750
vt 67.2919 1.0750
vt 67.2919 4.8750
vt 67.3807 6.8750
vt 67.3807 7.1750
vt 67.4868 6.8750
vt 67.4868 7.1750
vt 67.6615 5.7500
vt 67.6615 6.8750
vt 68.0088 5.7500
vt 68.0088 6.8750
vt 68.0305 1.0750
vt 68.0305 4.8750
vt 68.3174 1.0750
vt 68.3174 1.8750
vt 68.3204 2.3650
vt 68.3295 2.8525
vt 68.3446 3.3350
vt 68.3656 3.8101
vt 68.3925 4.2753
vt 68.4250 4.7284
vt 68.4476 1.0750
vt 68.4476 1.8750
vt 68.4498 2.2819
vt 68.4562 2.6872
vt 68.4631 5.1669
vt 68.4670 3.0896
vt 68.4821 3.4873
vt 68.5014 3.8790
vt 68.5065 5.5887
vt 68.5247 4.2631
vt 68.5522 4.6383
vt 68.5550 5.9916
vt 68.5835 5.0031
vt 68.6084 6.3736
vt 68.6187 5.3562
vt 68.6576 5.6961
vt 68.6664 6.7326
vt 68.7000 6.0217
vt 68.7459 6.3317
vt 68.7949 6.6250
vt 68.8439 6.3317
vt 68.8897 6.0217
vt 68.9153 1.0750
vt 68.9153 4.8750
vt 68.9234 6.7326
vt 68.9322 5.6961
vt 68.9710 5.3562
vt 68.9814 6.3736
vt 69.0062 5.0031
vt 69.0347 5.9916
vt 69.0376 4.6383
vt 69.0650 4.2631
vt 69.0833 5.5887
vt 69.0884 3.8790
vt 69.1077 3.4873
vt 69.1227 3.0896
vt 69.1267 5.1669
vt 69.1335 2.6872
vt 69.1400 2.2819
vt 69.1422 1.0750
vt 69.1422 1.8750
vt 69.1647 4.7284
vt 69.1862 1.0750
vt 69.1862 1.8750
vt 69.1884 2.2819
vt 69.1949 2.6872
vt 69.1973 4.2753
vt 69.2056 3.0896
vt 69.2207 3.4873
vt 69.2242 3.8101
vt 69.2400 3.8790
vt 69.2452 3.3350
vt 69.2603 2.8525
vt 69.2633 4.2631
vt 69.2694 2.3650
vt 69.2724 1.0750
vt 69.2724 1.8750
vt 69.2908 4.6383
vt 69.3221 5.0031
vt 69.3573 5.3562
vt 69.3962 5.6961
vt 69.4387 6.0217
vt 69.4845 6.3317
vt 69.5335 6.6250
vt 69.5825 6.3317
vt 69.6283 6.0217
vt 69.6539 1.0750
vt 69.6539 4.8750
vt 69.6708 5.6961
vt 69.7096 5.3562
vt 69.7448 5.0031
vt 69.7762 4.6383
vt 69.8036 4.2631
vt 69.8270 3.8790
vt 69.8463 3.4873
vt 69.8613 3.0896
vt 69.8721 2.6872
vt 69.8786 2.2819
vt 69.8808 1.0750
vt 69.8808 1.8750
vt 69.9214 1.0750
vt 69.9214 4.8750
vt 69.9237 1.0750
vt 69.9237 4.8750
vt 70.6623 1.0750
vt 70.6623 4.8750
vt 70.9062 1.0750
vt 70.9062 4.8750
vt 70.9062 5.7500
vt 71.0798 1.0750
vt 71.0798 4.8750
vt 71.3850 1.0750
vt 71.3850 4.8750
vt 72.1236 1.0750
vt 72.1236 4.8750
vt 73.6137 1.0750
vt 73.6137 4.8750
vt 74.3523 1.0750
vt 74.3523 4.8750
vt 74.6220 1.0750
vt 74.6220 4.8750
vt 75.0909 5.7500
vt 75.0909 6.8750
vt 75.3606 1.0750
vt 75.3606 4.8750
vt 75.4382 5.7500
vt 75.4382 6.8750
vt 75.4781 1.0750
vt 75.4781 4.8750
vt 75.6130 6.8750
vt 75.6130 7.1750
vt 75.7190 6.8750
vt 75.7190 7.1750
vt 75.9050 6.8750
vt 75.9050 7.1750
vt 75.9624 6.8750
vt 75.9624 7.1750
vt 76.2494 6.8750
vt 76.2494 7.1750
vt 76.3544 4.1250
vt 76.3544 4.8750
vt 76.4629 1.0750
vt 76.4629 4.1250
vt 76.4629 4.8750
vt 76.4629 5.7500
vt 76.5364 6.8750
vt 76.5364 7.1750
vt 76.5938 6.8750
vt 76.5938 7.1750
vt 76.7797 6.8750
vt 76.7797 7.1750
vt 76.8858 6.8750
vt 76.8858 7.1750
vt 77.0605 5.7500
vt 77.0605 6.8750
vt 77.4078 5.7500
vt 77.4078 6.8750
vt 78.3120 1.0750
vt 78.3120 4.8750
vt 78.3165 -2.5000
vt 78.3165 1.1550
vt 79.0506 1.0750
vt 79.0506 4.8750
vt 79.3204 1.0750
vt 79.3204 4.8750
vt 80.3052 1.0750
vt 80.3052 4.1250
vt 80.3052 4.8750
vt 80.3052 5.7500
vt 80.4137 4.1250
vt 80.4137 4.8750
vt 81.5290 -2.5000
vt 81.5290 1.1550
vt 83.0104 1.0750
vt 83.0104 4.8750
vt 83.2685 1.0750
vt 83.2685 3.8750
vt 83.8215 1.0750
vt 83.8215 4.8750
vt 83.9952 1.0750
vt 83.9952 4.8750
vt 83.9952 5.7500
vt 85.0050 1.0750
vt 85.0050 3.8750
vt 88.2597 1.0750
vt 88.2597 1.8750
vt 88.2627 2.3650
vt 88.2718 2.8525
vt 88.2869 3.3350
vt 88.3080 3.8101
vt 88.3348 4.2753
vt 88.3674 4.7284
vt 88.3899 1.0750
vt 88.3899 1.8750
vt 88.3921 2.2819
vt 88.3986 2.6872
vt 88.4055 5.1669
vt 88.4094 3.0896
vt 88.4245 3.4873
vt 88.4437 3.8790
vt 88.4489 5.5887
vt 88.4671 4.2631
vt 88.4945 4.6383
vt 88.4974 5.9916
vt 88.5259 5.0031
vt 88.5508 6.3736
vt 88.5611 5.3562
vt 88.6000 5.6961
vt 88.6087 6.7326
vt 88.6424 6.0217
vt 88.6882 6.3317
vt 88.7372 6.6250
vt 88.7863 6.3317
vt 88.8321 6.0217
vt 88.8658 6.7326
vt 88.8745 5.6961
vt 88.9134 5.3562
vt 88.9237 6.3736
vt 88.9486 5.0031
vt 88.9771 5.9916
vt 88.9800 4.6383
vt 89.0074 4.2631
vt 89.0256 5.5887
vt 89.0308 3.8790
vt 89.0500 3.4873
vt 89.0651 3.0896
vt 89.0690 5.1669
vt 89.0759 2.6872
vt 89.0824 2.2819
vt 89.0845 1.0750
vt 89.0845 1.8750
vt 89.1071 4.7284
vt 89.1396 4.2753
vt 89.1665 3.8101
vt 89.1875 3.3350
vt 89.2026 2.8525
vt 89.2117 2.3650
vt 89.2148 1.0750
vt 89.2148 1.8750
vt 91.2366 -2.5000
vt 91.2366 1.1550
vt 92.1217 -2.5000
vt 92.1217 1.1550
vt 93.1005 -2.5000
vt 93.1005 1.1550
vt 93.1166 1.0750
vt 93.1166 3.8750
vt 94.1564 -2.5000
vt 94.1564 1.1550
vt 94.8531 1.0750
vt 94.8531 3.8750
vt 95.2711 -2.5000
vt 95.2711 1.1550
vt 96.4258 -2.5000
vt 96.4258 1.1550
vt 96.4551 1.0750
vt 96.4551 1.8750
vt 96.4723 2.3650
vt 96.5239 2.8525
vt 96.6096 3.3350
vt 96.7289 3.8101
vt 96.8812 4.2753
vt 97.0658 4.7284
vt 97.1937 1.0750
vt 97.1937 1.8750
vt 97.2060 2.2819
vt 97.2428 2.6872
vt 97.2817 5.1669
vt 97.3040 3.0896
vt 97.3894 3.4873
vt 97.4986 3.8790
vt 97.5279 5.5887
vt 97.6005 -2.5000
vt 97.6005 1.1550
vt 97.6313 4.2631
vt 97.7868 4.6383
vt 97.8030 5.9916
vt 97.9647 5.0031
vt 98.1058 6.3736
vt 98.1643 5.3562
vt 98.3849 5.6961
vt 98.4345 6.7326
vt 98.6255 6.0217
vt 98.7752 -2.5000
vt 98.7752 1.1550
vt 98.7876 7.0670
vt 98.8853 6.3317
vt 99.1633 6.6250
vt 99.1633 7.3750
vt 99.4414 6.3317
vt 99.5390 7.0670
vt 99.7012 6.0217
vt 99.8922 6.7326
vt 99.9299 -2.5000
vt 99.9299 1.1550
vt 99.9418 5.6961
vt 99.9715 1.0750
vt 99.9715 1.8750
vt 99.9887 2.3650
vt 100.0403 2.8525
vt 100.1259 3.3350
vt 100.1623 5.3562
vt 100.2173 -2.5000
vt 100.2173 1.1550
vt 100.2209 6.3736
vt 100.2452 3.8101
vt 100.3619 5.0031
vt 100.3976 4.2753
vt 100.5237 5.9916
vt 100.5399 4.6383
vt 100.5799 1.0750
vt 100.5799 1.8750
vt 100.5822 4.7284
vt 100.5922 2.2819
vt 100.6290 2.6872
vt 100.6902 3.0896
vt 100.6954 4.2631
vt 100.7101 1.0750
vt 100.7101 1.8750
vt 100.7224 2.2819
vt 100.7592 2.6872
vt 100.7756 3.4873
vt 100.7981 5.1669
vt 100.7988 5.5887
vt 100.8204 3.0896
vt 100.8281 3.8790
vt 100.8848 3.8790
vt 100.9058 3.4873
vt 100.9373 3.4873
vt 101.0150 3.8790
vt 101.0174 4.2631
vt 101.0226 3.0896
vt 101.0443 5.5887
vt 101.0447 -2.5000
vt 101.0447 1.1550
vt 101.0450 5.1669
vt 101.0839 2.6872
vt 101.1207 2.2819
vt 101.1330 1.0750
vt 101.1330 1.8750
vt 101.1476 4.2631
vt 101.1730 4.6383
vt 101.2609 4.7284
vt 101.3032 4.6383
vt 101.3194 5.9916
vt 101.3509 5.0031
vt 101.4455 4.2753
vt 101.4811 5.0031
vt 101.5505 5.3562
vt 101.5978 3.8101
vt 101.6221 6.3736
vt 101.6807 5.3562
vt 101.7171 3.3350
vt 101.7710 5.6961
vt 101.8028 2.8525
vt 101.8544 2.3650
vt 101.8716 1.0750
vt 101.8716 1.8750
vt 101.9012 5.6961
vt 101.9509 6.7326
vt 102.0116 6.0217
vt 102.1005 -2.5000
vt 102.1005 1.1550
vt 102.1419 6.0217
vt 102.2714 6.3317
vt 102.3040 7.0670
vt 102.4017 6.3317
vt 102.5495 6.6250
vt 102.6797 6.6250
vt 102.6797 7.3750
vt 102.8275 6.3317
vt 102.9578 6.3317
vt 103.0554 7.0670
vt 103.0794 -2.5000
vt 103.0794 1.1550
vt 103.0873 6.0217
vt 103.2176 6.0217
vt 103.3280 5.6961
vt 103.4085 6.7326
vt 103.4582 5.6961
vt 103.5485 5.3562
vt 103.6787 5.3562
vt 103.7373 6.3736
vt 103.7481 5.0031
vt 103.8783 5.0031
vt 103.9260 4.6383
vt 103.9645 -2.5000
vt 103.9645 1.1550
vt 104.0400 5.9916
vt 104.0562 4.6383
vt 104.0816 4.2631
vt 104.2118 4.2631
vt 104.2142 3.8790
vt 104.3152 5.5887
vt 104.3234 3.4873
vt 104.3444 3.8790
vt 104.4088 3.0896
vt 104.4537 3.4873
vt 104.4700 2.6872
vt 104.5068 2.2819
vt 104.5191 1.0750
vt 104.5191 1.8750
vt 104.5390 3.0896
vt 104.5613 5.1669
vt 104.6002 2.6872
vt 104.6371 2.2819
vt 104.6493 1.0750
vt 104.6493 1.8750
vt 104.7773 4.7284
vt 104.9619 4.2753
vt 105.1142 3.8101
vt 105.2335 3.3350
vt 105.3192 2.8525
vt 105.3707 2.3650
vt 105.3879 1.0750
vt 105.3879 1.8750
vt 105.4504 -2.5000
vt 105.4504 1.1550
vt 106.4923 -2.5000
vt 106.4923 1.1550
vt 108.3289 -2.5000
vt 108.3289 1.1550
vt 110.0653 -2.5000
vt 110.0653 1.1550
vt 111.8517 -2.5000
vt 111.8517 1.1550
vt 112.8936 -2.5000
vt 112.8936 1.1550
vt 113.2409 -2.5000
vt 113.2409 1.1550
vt 137.8731 -2.5000
vt 137.8731 1.1550
vt 139.6096 -2.5000
vt 139.6096 1.1550
vt 149.4576 -2.5000
vt 149.4576 1.1550
vt 162.4813 -2.5000
vt 162.4813 1.1550
vt 172.3414 -2.5000
vt 172.3414 1.1550
vn -0.998 -0.000 -0.065
vn -0.998 0.000 0.065
vn -0.985 -0.000 -0.174
vn -0.984 -0.031 -0.174
vn -0.984 0.031 -0.174
vn -0.984 0.036 -0.174
vn -0.981 -0.092 -0.173
vn -0.981 0.000 -0.195
vn -0.981 0.000 0.195
vn -0.981 0.092 -0.173
vn -0.979 0.107 -0.173
vn -0.973 -0.153 -0.172
vn -0.973 0.153 -0.172
vn -0.972 0.000 0.236
vn -0.969 0.177 -0.171
vn -0.962 -0.213 -0.170
vn -0.962 0.213 -0.170
vn -0.954 0.247 -0.168
vn -0.948 -0.272 -0.167
vn -0.948 0.272 -0.167
vn -0.947 -0.000 -0.321
vn -0.947 0.000 0.321
vn -0.935 0.316 -0.165
vn -0.929 -0.331 -0.164
vn -0.929 0.331 -0.164
vn -0.910 0.382 -0.160
vn -0.908 -0.388 -0.160
vn -0.908 0.388 -0.160
vn -0.897 -0.000 -0.442
vn -0.897 0.000 0.442
vn -0.883 -0.444 -0.156
vn -0.883 0.444 -0.156
vn -0.881 0.447 -0.155
vn -0.854 -0.498 -0.151
vn -0.854 0.498 -0.151
vn -0.847 0.510 -0.149
vn -0.831 0.000 -0.556
vn -0.831 0.000 0.556
vn -0.822 -0.550 -0.145
vn -0.822 0.550 -0.145
vn -0.809 0.570 -0.143
vn -0.799 0.000 -0.601
vn -0.788 -0.600 -0.139
vn -0.788 0.600 -0.139
vn -0.767 0.627 -0.135
vn -0.752 -0.000 -0.659
vn -0.752 0.000 0.659
vn -0.750 -0.648 -0.132
vn -0.750 0.648 -0.132
vn -0.721 0.681 -0.127
vn -0.709 -0.694 -0.125
vn -0.709 0.694 -0.125
vn -0.672 0.731 -0.118
vn -0.659 0.000 -0.752
vn -0.659 0.000 0.752
vn -0.619 0.778 -0.109
vn -0.601 0.000 0.799
vn -0.556 0.000 -0.831
vn -0.556 0.000 0.831
vn -0.442 -0.000 -0.897
vn -0.442 0.000 0.897
vn -0.321 0.000 -0.947
vn -0.321 0.000 0.947
vn -0.236 -0.000 -0.972
vn -0.195 0.000 -0.981
vn -0.195 0.000 0.981
vn -0.174 -0.031 0.984
vn -0.174 0.000 0.985
vn -0.174 0.031 0.984
vn -0.174 0.036 0.984
vn -0.173 -0.092 0.981
vn -0.173 0.092 0.981
vn -0.173 0.107 0.979
vn -0.172 -0.153 0.973
vn -0.172 0.153 0.973
vn -0.171 0.177 0.969
vn -0.170 -0.213 0.962
vn -0.170 0.213 0.962
vn -0.168 0.247 0.954
vn -0.167 -0.272 0.948
vn -0.167 0.272 0.948
vn -0.165 0.316 0.935
vn -0.164 -0.331 0.929
vn -0.164 0.331 0.929
vn -0.160 -0.388 0.908
vn -0.160 0.382 0.910
vn -0.160 0.388 0.908
vn -0.156 -0.444 0.883
vn -0.156 0.444 0.883
vn -0.155 0.447 0.881
vn -0.151 -0.498 0.854
vn -0.151 0.498 0.854
vn -0.149 0.510 0.847
vn -0.145 -0.550 0.822
vn -0.145 0.550 0.822
vn -0.143 0.570 0.809
vn -0.139 -0.600 0.788
vn -0.139 0.600 0.788
vn -0.135 0.627 0.767
vn -0.132 -0.648 0.750
vn -0.132 0.648 0.750
vn -0.127 0.681 0.721
vn -0.125 -0.694 0.709
vn -0.125 0.694 0.709
vn -0.118 0.731 0.672
vn -0.109 0.778 0.619
vn -0.065 -0.000 -0.998
vn -0.065 0.000 0.998
vn -0.000 -1.000 -0.000
vn -0.000 1.000 -0.000
vn 0.065 0.000 -0.998
vn 0.065 0.000 0.998
vn 0.109 0.778 -0.619
vn 0.118 0.731 -0.672
vn 0.125 -0.694 -0.709
vn 0.125 0.694 -0.709
vn 0.127 0.681 -0.721
vn 0.132 -0.648 -0.750
vn 0.132 0.648 -0.750
vn 0.135 0.627 -0.767
vn 0.139 -0.600 -0.788
vn 0.139 0.600 -0.788
vn 0.143 0.570 -0.809
vn 0.145 -0.550 -0.822
vn 0.145 0.550 -0.822
vn 0.149 0.510 -0.847
vn 0.151 -0.498 -0.854
vn 0.151 0.498 -0.854
vn 0.155 0.447 -0.881
vn 0.156 -0.444 -0.883
vn 0.156 0.444 -0.883
vn 0.160 -0.388 -0.908
vn 0.160 0.382 -0.910
vn 0.160 0.388 -0.908
vn 0.164 -0.331 -0.929
vn 0.164 0.331 -0.929
vn 0.165 0.316 -0.935
vn 0.167 -0.272 -0.948
vn 0.167 0.272 -0.948
vn 0.168 0.247 -0.954
vn 0.170 -0.213 -0.962
vn 0.170 0.213 -0.962
vn 0.171 0.177 -0.969
vn 0.172 -0.153 -0.973
vn 0.172 0.153 -0.973
vn 0.173 -0.092 -0.981
vn 0.173 0.092 -0.981
vn 0.173 0.107 -0.979
vn 0.174 -0.031 -0.984
vn 0.174 0.000 -0.985
vn 0.174 0.031 -0.984
vn 0.174 0.036 -0.984
vn 0.195 0.000 -0.981
vn 0.195 0.000 0.981
vn 0.236 0.000 0.972
vn 0.321 0.000 -0.947
vn 0.321 0.000 0.947
vn 0.442 0.000 -0.897
vn 0.442 0.000 0.897
vn 0.556 0.000 -0.831
vn 0.556 0.000 0.831
vn 0.601 0.000 -0.799
vn 0.619 0.778 0.109
vn 0.659 0.000 -0.752
vn 0.659 0.000 0.752
vn 0.672 0.731 0.118
vn 0.709 -0.694 0.125
vn 0.709 0.694 0.125
vn 0.721 0.681 0.127
vn 0.750 -0.648 0.132
vn 0.750 0.648 0.132
vn 0.752 0.000 -0.659
vn 0.752 0.000 0.659
vn 0.767 0.627 0.135
vn 0.788 -0.600 0.139
vn 0.788 0.600 0.139
vn 0.799 0.000 0.601
vn 0.809 0.570 0.143
vn 0.822 -0.550 0.145
vn 0.822 0.550 0.145
vn 0.831 0.000 -0.556
vn 0.831 0.000 0.556
vn 0.847 0.510 0.149
vn 0.854 -0.498 0.151
vn 0.854 0.498 0.151
vn 0.881 0.447 0.155
vn 0.883 -0.444 0.156
vn 0.883 0.444 0.156
vn 0.897 0.000 -0.442
vn 0.897 0.000 0.442
vn 0.908 -0.388 0.160
vn 0.908 0.388 0.160
vn 0.910 0.382 0.160
vn 0.916 0.000 -0.402
vn 0.929 -0.331 0.164
vn 0.929 0.331 0.164
vn 0.935 0.316 0.165
vn 0.947 0.000 -0.321
vn 0.948 -0.272 0.167
vn 0.948 0.272 0.167
vn 0.954 0.247 0.168
vn 0.961 0.000 0.278
vn 0.962 -0.213 0.170
vn 0.962 0.213 0.170
vn 0.969 0.177 0.171
vn 0.972 0.000 -0.236
vn 0.973 -0.153 0.172
vn 0.973 0.153 0.172
vn 0.979 0.107 0.173
vn 0.981 -0.092 0.173
vn 0.981 0.000 -0.195
vn 0.981 0.000 0.195
vn 0.981 0.092 0.173
vn 0.984 -0.031 0.174
vn 0.984 0.031 0.174
vn 0.984 0.036 0.174
vn 0.985 -0.000 0.174
vn 0.988 0.000 0.151
vn 0.999 0.000 0.033
f 1379/1317/3 1349/723/3 1350/724/3
f 1379/1317/3 1350/724/3 1380/1318/3
f 1349/1151/150 904/1784/150 905/1785/150
f 1349/1151/150 905/1785/150 1350/1152/150
f 904/889/217 922/1494/217 923/1495/217
f 904/889/217 923/1495/217 905/890/217
f 922/1764/150 895/1793/150 896/1794/150
f 922/1764/150 896/1794/150 923/1765/150
f 895/1514/3 885/1143/3 886/1144/3
f 895/1514/3 886/1144/3 896/1515/3
f 885/1803/150 864/1824/150 865/1825/150
f 885/1803/150 865/1825/150 886/1804/150
f 864/1145/217 873/1530/217 874/1531/217
f 864/1145/217 874/1531/217 865/1146/217
f 873/1815/150 21/2413/150 22/2414/150
f 873/1815/150 22/2414/150 874/1816/150
f 21/1746/3 19/1632/3 20/1633/3
f 21/1746/3 20/1633/3 22/1747/3
f 19/2415/68 163/2295/68 164/2296/68
f 19/2415/68 164/2296/68 20/2416/68
f 163/1593/3 17/519/3 18/520/3
f 163/1593/3 18/520/3 164/1594/3
f 17/2417/68 33/2409/68 34/2410/68
f 17/2417/68 34/2410/68 18/2418/68
f 33/472/3 31/464/3 32/465/3
f 33/472/3 32/465/3 34/473/3
f 31/464/190 35/478/190 37/479/190
f 31/464/190 37/479/190 32/465/190
f 35/478/182 47/517/182 49/518/182
f 35/478/182 49/518/182 37/479/182
f 47/517/173 71/543/173 73/544/173
f 47/517/173 73/544/173 49/518/173
f 71/2379/165 86/2366/165 88/2367/165
f 71/2379/165 88/2367/165 73/2380/165
f 86/2366/161 100/2354/161 102/2355/161
f 86/2366/161 102/2355/161 88/2367/161
f 100/2354/159 130/2326/159 132/2327/159
f 100/2354/159 132/2327/159 102/2355/159
f 130/2326/157 172/2286/157 174/2287/157
f 130/2326/157 174/2287/157 132/2327/157
f 172/2286/154 184/2276/154 186/2277/154
f 172/2286/154 186/2277/154 174/2287/154
f 184/2276/112 197/2265/112 199/2266/112
f 184/2276/112 199/2266/112 186/2277/112
f 197/2265/108 218/2246/108 220/2247/108
f 197/2265/108 220/2247/108 199/2266/108
f 218/2246/66 222/2244/66 224/2245/66
f 218/2246/66 224/2245/66 220/2247/66
f 222/2244/63 228/2240/63 230/2241/63
f 222/2244/63 230/2241/63 224/2245/63
f 228/2240/61 234/2236/61 236/2237/61
f 228/2240/61 236/2237/61 230/2241/61
f 234/2236/59 238/2234/59 240/2235/59
f 234/2236/59 240/2235/59 236/2237/59
f 238/2234/55 242/2232/55 244/2233/55
f 238/2234/55 244/2233/55 240/2235/55
f 242/543/47 246/517/47 248/518/47
f 242/543/47 248/518/47 244/544/47
f 246/517/38 250/478/38 252/479/38
f 246/517/38 252/479/38 248/518/38
f 250/478/30 254/437/30 256/438/30
f 250/478/30 256/438/30 252/479/30
f 254/437/22 281/429/22 283/430/22
f 254/437/22 283/430/22 256/438/22
f 281/429/9 293/421/9 295/422/9
f 281/429/9 295/422/9 283/430/9
f 293/421/2 300/385/2 301/386/2
f 293/421/2 301/386/2 295/422/2
f 300/385/1 294/364/1 296/365/1
f 300/385/1 296/365/1 301/386/1
f 294/364/8 282/344/8 284/345/8
f 294/364/8 284/345/8 296/365/8
f 282/344/21 255/303/21 257/304/21
f 282/344/21 257/304/21 284/345/21
f 255/303/29 251/272/29 253/273/29
f 255/303/29 253/273/29 257/304/29
f 251/272/37 247/257/37 249/258/37
f 251/272/37 249/258/37 253/273/37
f 247/257/46 243/243/46 245/244/46
f 247/257/46 245/244/46 249/258/46
f 243/2232/54 239/2234/54 241/2235/54
f 243/2232/54 241/2235/54 245/2233/54
f 239/2234/58 235/2236/58 237/2237/58
f 239/2234/58 237/2237/58 241/2235/58
f 235/2236/60 229/2240/60 231/2241/60
f 235/2236/60 231/2241/60 237/2237/60
f 229/2240/62 223/2244/62 225/2245/62
f 229/2240/62 225/2245/62 231/2241/62
f 223/2244/65 219/2246/65 221/2247/65
f 223/2244/65 221/2247/65 225/2245/65
f 219/2246/107 198/2265/107 200/2266/107
f 219/2246/107 200/2266/107 221/2247/107
f 198/2265/111 185/2276/111 187/2277/111
f 198/2265/111 187/2277/111 200/2266/111
f 185/2276/153 173/2286/153 175/2287/153
f 185/2276/153 175/2287/153 187/2277/153
f 173/2286/156 131/2326/156 133/2327/156
f 173/2286/156 133/2327/156 175/2287/156
f 131/2326/158 101/2354/158 103/2355/158
f 131/2326/158 103/2355/158 133/2327/158
f 101/2354/160 87/2366/160 89/2367/160
f 101/2354/160 89/2367/160 103/2355/160
f 87/2366/164 72/2379/164 74/2380/164
f 87/2366/164 74/2380/164 89/2367/164
f 72/243/172 48/257/172 50/258/172
f 72/243/172 50/258/172 74/244/172
f 48/257/181 36/272/181 38/273/181
f 48/257/181 38/273/181 50/258/181
f 36/272/189 29/303/189 30/304/189
f 36/272/189 30/304/189 38/273/189
f 29/303/198 27/344/198 28/345/198
f 29/303/198 28/345/198 30/304/198
f 27/344/211 25/359/211 26/360/211
f 27/344/211 26/360/211 28/345/211
f 25/359/3 23/357/3 24/358/3
f 25/359/3 24/358/3 26/360/3
f 23/2411/150 13/2419/150 14/2420/150
f 23/2411/150 14/2420/150 24/2412/150
f 13/380/217 15/512/217 16/513/217
f 13/380/217 16/513/217 14/381/217
f 15/512/3 11/346/3 12/347/3
f 15/512/3 12/347/3 16/513/3
f 11/2421/150 3/2429/150 4/2430/150
f 11/2421/150 4/2430/150 12/2422/150
f 3/541/217 5/1718/217 6/1719/217
f 3/541/217 6/1719/217 4/542/217
f 5/2427/68 7/2425/68 8/2426/68
f 5/2427/68 8/2426/68 6/2428/68
f 7/1700/217 9/1778/217 10/1779/217
f 7/1700/217 10/1779/217 8/1701/217
f 9/2423/150 1/2431/150 2/2432/150
f 9/2423/150 2/2432/150 10/2424/150
f 1351/1/202 1389/3/202 1390/4/202
f 1351/1/202 1390/4/202 1352/2/202
f 1389/3/218 1393/545/218 1394/546/218
f 1389/3/218 1394/546/218 1390/4/218
f 1393/545/219 1395/1017/219 1396/1018/219
f 1393/545/219 1396/1018/219 1394/546/219
f 1395/1017/194 1391/1306/194 1392/1307/194
f 1395/1017/194 1392/1307/194 1396/1018/194
f 1391/903/150 1379/1028/150 1380/1029/150
f 1391/903/150 1380/1029/150 1392/904/150
f 875/1813/68 887/1801/68 888/1802/68
f 875/1813/68 888/1802/68 876/1814/68
f 887/899/3 871/583/3 872/584/3
f 887/899/3 872/584/3 888/900/3
f 871/1817/150 337/2164/150 338/2165/150
f 871/1817/150 338/2165/150 872/1818/150
f 337/707/217 349/1074/217 350/1075/217
f 337/707/217 350/1075/217 338/708/217
f 349/2152/68 858/1830/68 859/1831/68
f 349/2152/68 859/1831/68 350/2153/68
f 858/905/217 862/1141/217 863/1142/217
f 858/905/217 863/1142/217 859/906/217
f 862/1826/68 883/1805/68 884/1806/68
f 862/1826/68 884/1806/68 863/1827/68
f 883/1133/3 875/901/3 876/902/3
f 883/1133/3 876/902/3 884/1134/3
f 1344/702/217 1383/1334/217 1385/1336/217
f 1344/702/217 1385/1336/217 1347/705/217
f 1383/1022/150 1375/1064/150 1376/1065/150
f 1383/1022/150 1376/1065/150 1385/1024/150
f 1375/1345/3 1332/710/3 1333/711/3
f 1375/1345/3 1333/711/3 1376/1346/3
f 1332/1168/68 1344/1153/68 1347/1156/68
f 1332/1168/68 1347/1156/68 1333/1169/68
f 1376/1344/110 1333/709/110 1347/701/110
f 1376/1344/110 1347/701/110 1385/1333/110
f 1268/713/217 1342/1364/217 1343/1365/217
f 1268/713/217 1343/1365/217 1269/714/217
f 1342/1158/150 1338/1162/150 1339/1163/150
f 1342/1158/150 1339/1163/150 1343/1159/150
f 1338/1371/3 1230/716/3 1231/717/3
f 1338/1371/3 1231/717/3 1339/1372/3
f 1230/1248/68 1268/1210/68 1269/1211/68
f 1230/1248/68 1269/1211/68 1231/1249/68
f 1339/1370/110 1231/715/110 1269/712/110
f 1339/1370/110 1269/712/110 1343/1363/110
f 1204/726/217 1290/1384/217 1291/1385/217
f 1204/726/217 1291/1385/217 1205/727/217
f 1290/1198/150 1258/1220/150 1259/1221/150
f 1290/1198/150 1259/1221/150 1291/1199/150
f 1258/1389/3 1196/730/3 1197/732/3
f 1258/1389/3 1197/732/3 1259/1390/3
f 1196/1351/68 1204/1327/68 1205/1328/68
f 1196/1351/68 1205/1328/68 1197/1352/68
f 1259/1388/110 1197/731/110 1205/725/110
f 1259/1388/110 1205/725/110 1291/1383/110
f 1100/739/217 1210/1402/217 1211/1403/217
f 1100/739/217 1211/1403/217 1101/741/217
f 1210/1321/150 1202/1340/150 1203/1341/150
f 1210/1321/150 1203/1341/150 1211/1322/150
f 1202/1409/3 1092/744/3 1093/746/3
f 1202/1409/3 1093/746/3 1203/1410/3
f 1092/1492/68 1100/1471/68 1101/1472/68
f 1092/1492/68 1101/1472/68 1093/1493/68
f 1203/1408/110 1093/745/110 1101/740/110
f 1203/1408/110 1101/740/110 1211/1401/110
f 1068/755/217 1108/1427/217 1109/1429/217
f 1068/755/217 1109/1429/217 1069/756/217
f 1108/1453/150 1098/1475/150 1099/1476/150
f 1108/1453/150 1099/1476/150 1109/1454/150
f 1098/1434/3 1058/760/3 1059/761/3
f 1098/1434/3 1059/761/3 1099/1436/3
f 1058/1634/68 1068/1616/68 1069/1617/68
f 1058/1634/68 1069/1617/68 1059/1635/68
f 1099/1435/110 1059/762/110 1069/757/110
f 1099/1435/110 1069/757/110 1109/1428/110
f 1032/769/217 1074/1459/217 1075/1460/217
f 1032/769/217 1075/1460/217 1033/770/217
f 1074/1604/150 1066/1621/150 1067/1622/150
f 1074/1604/150 1067/1622/150 1075/1605/150
f 1066/1468/3 1020/774/3 1021/775/3
f 1066/1468/3 1021/775/3 1067/1469/3
f 1020/1708/68 1032/1694/68 1033/1695/68
f 1020/1708/68 1033/1695/68 1021/1709/68
f 1067/1470/110 1021/776/110 1033/771/110
f 1067/1470/110 1033/771/110 1075/1461/110
f 928/783/217 1040/1483/217 1041/1484/217
f 928/783/217 1041/1484/217 929/784/217
f 1040/1686/150 1026/1702/150 1027/1703/150
f 1040/1686/150 1027/1703/150 1041/1687/150
f 1026/1489/3 924/788/3 925/789/3
f 1026/1489/3 925/789/3 1027/1490/3
f 924/1762/68 928/1758/68 929/1759/68
f 924/1762/68 929/1759/68 925/1763/68
f 1027/1491/110 925/790/110 929/785/110
f 1027/1491/110 929/785/110 1041/1485/110
f 906/804/217 936/1504/217 937/1505/217
f 906/804/217 937/1505/217 907/805/217
f 936/1750/150 918/1766/150 920/1768/150
f 936/1750/150 920/1768/150 937/1751/150
f 918/1509/3 897/812/3 900/815/3
f 918/1509/3 900/815/3 920/1511/3
f 897/1788/68 906/1782/68 907/1783/68
f 897/1788/68 907/1783/68 900/1791/68
f 920/1513/110 900/817/110 907/806/110
f 920/1513/110 907/806/110 937/1506/110
f 1345/703/217 1353/721/217 1354/722/217
f 1345/703/217 1354/722/217 1347/705/217
f 1353/1149/150 902/1786/150 903/1787/150
f 1353/1149/150 903/1787/150 1354/1150/150
f 902/891/3 898/813/3 900/815/3
f 902/891/3 900/815/3 903/892/3
f 898/1789/68 1345/1154/68 1347/1156/68
f 898/1789/68 1347/1156/68 900/1791/68
f 903/893/110 900/817/110 1347/701/110
f 903/893/110 1347/701/110 1354/720/110
f 1347/705/217 1385/1336/217 1386/1337/217
f 1347/705/217 1386/1337/217 1348/706/217
f 1385/1024/150 920/1768/150 921/1769/150
f 1385/1024/150 921/1769/150 1386/1025/150
f 920/1511/3 900/815/3 901/816/3
f 920/1511/3 901/816/3 921/1512/3
f 900/1791/68 1347/1156/68 1348/1157/68
f 900/1791/68 1348/1157/68 901/1792/68
f 1347/701/109 900/817/109 920/1513/109
f 1385/1333/109 1347/701/109 920/1513/109
f 1381/1313/217 1384/1335/217 1385/1336/217
f 1381/1313/217 1385/1336/217 1382/1314/217
f 1384/1023/150 919/1767/150 920/1768/150
f 1384/1023/150 920/1768/150 1385/1024/150
f 919/1510/3 916/1486/3 917/1487/3
f 919/1510/3 917/1487/3 920/1511/3
f 916/1770/68 1381/1026/68 1382/1027/68
f 916/1770/68 1382/1027/68 917/1771/68
f 1381/1312/109 916/1488/109 919/1513/109
f 1384/1333/109 1381/1312/109 919/1513/109
f 1336/728/217 1373/1315/217 1374/1316/217
f 1336/728/217 1374/1316/217 1337/729/217
f 1373/1076/150 1371/1104/150 1372/1105/150
f 1373/1076/150 1372/1105/150 1374/1077/150
f 1371/1319/3 1330/733/3 1331/734/3
f 1371/1319/3 1331/734/3 1372/1320/3
f 1330/1170/68 1336/1164/68 1337/1165/68
f 1330/1170/68 1337/1165/68 1331/1171/68
f 1316/735/217 1355/1329/217 1356/1330/217
f 1316/735/217 1356/1330/217 1317/736/217
f 1355/1147/150 1340/1160/150 1341/1161/150
f 1355/1147/150 1341/1161/150 1356/1148/150
f 1340/1331/3 1280/737/3 1281/738/3
f 1340/1331/3 1281/738/3 1341/1332/3
f 1280/1204/68 1316/1188/68 1317/1189/68
f 1280/1204/68 1317/1189/68 1281/1205/68
f 1252/742/217 1334/1338/217 1335/1339/217
f 1252/742/217 1335/1339/217 1253/743/217
f 1334/1166/150 1328/1172/150 1329/1173/150
f 1334/1166/150 1329/1173/150 1335/1167/150
f 1328/1342/3 1226/747/3 1227/748/3
f 1328/1342/3 1227/748/3 1329/1343/3
f 1226/1266/68 1252/1230/68 1253/1231/68
f 1226/1266/68 1253/1231/68 1227/1267/68
f 1214/751/217 1314/1353/217 1315/1354/217
f 1214/751/217 1315/1354/217 1215/752/217
f 1314/1190/150 1278/1206/150 1279/1207/150
f 1314/1190/150 1279/1207/150 1315/1191/150
f 1278/1355/3 1208/753/3 1209/754/3
f 1278/1355/3 1209/754/3 1279/1356/3
f 1208/1323/68 1214/1308/68 1215/1309/68
f 1208/1323/68 1215/1309/68 1209/1324/68
f 1200/758/217 1242/1359/217 1243/1360/217
f 1200/758/217 1243/1360/217 1201/759/217
f 1242/1236/150 1224/1268/150 1225/1269/150
f 1242/1236/150 1225/1269/150 1243/1237/150
f 1224/1368/3 1192/763/3 1193/764/3
f 1224/1368/3 1193/764/3 1225/1369/3
f 1192/1361/68 1200/1347/68 1201/1348/68
f 1192/1361/68 1201/1348/68 1193/1362/68
f 1142/765/217 1212/1375/217 1213/1376/217
f 1142/765/217 1213/1376/217 1143/766/217
f 1212/1310/150 1206/1325/150 1207/1326/150
f 1212/1310/150 1207/1326/150 1213/1311/150
f 1206/1379/3 1106/767/3 1107/768/3
f 1206/1379/3 1107/768/3 1207/1380/3
f 1106/1457/68 1142/1432/68 1143/1433/68
f 1106/1457/68 1143/1433/68 1107/1458/68
f 1096/772/217 1198/1381/217 1199/1382/217
f 1096/772/217 1199/1382/217 1097/773/217
f 1198/1349/150 1190/1366/150 1191/1367/150
f 1198/1349/150 1191/1367/150 1199/1350/150
f 1190/1386/3 1088/777/3 1089/778/3
f 1190/1386/3 1089/778/3 1191/1387/3
f 1088/1498/68 1096/1479/68 1097/1480/68
f 1088/1498/68 1097/1480/68 1089/1499/68
f 1078/779/217 1136/1393/217 1137/1394/217
f 1078/779/217 1137/1394/217 1079/780/217
f 1136/1439/150 1104/1462/150 1105/1463/150
f 1136/1439/150 1105/1463/150 1137/1440/150
f 1104/1397/3 1072/781/3 1073/782/3
f 1104/1397/3 1073/782/3 1105/1398/3
f 1072/1609/68 1078/1576/68 1079/1577/68
f 1072/1609/68 1079/1577/68 1073/1610/68
f 1064/786/217 1094/1399/217 1095/1400/217
f 1064/786/217 1095/1400/217 1065/787/217
f 1094/1481/150 1086/1500/150 1087/1501/150
f 1094/1481/150 1087/1501/150 1095/1482/150
f 1086/1404/3 1056/791/3 1057/792/3
f 1086/1404/3 1057/792/3 1087/1405/3
f 1056/1642/68 1064/1626/68 1065/1627/68
f 1056/1642/68 1065/1627/68 1057/1643/68
f 1046/795/217 1076/1419/217 1077/1420/217
f 1046/795/217 1077/1420/217 1047/796/217
f 1076/1581/150 1070/1614/150 1071/1615/150
f 1076/1581/150 1071/1615/150 1077/1582/150
f 1070/1421/3 1036/800/3 1037/801/3
f 1070/1421/3 1037/801/3 1071/1422/3
f 1036/1690/68 1046/1680/68 1047/1681/68
f 1036/1690/68 1047/1681/68 1037/1691/68
f 1024/807/217 1062/1425/217 1063/1426/217
f 1024/807/217 1063/1426/217 1025/808/217
f 1062/1628/150 1052/1646/150 1053/1647/150
f 1062/1628/150 1053/1647/150 1063/1629/150
f 1052/1430/3 1016/818/3 1017/819/3
f 1052/1430/3 1017/819/3 1053/1431/3
f 1016/1712/68 1024/1704/68 1025/1705/68
f 1016/1712/68 1025/1705/68 1017/1713/68
f 966/842/217 1044/1447/217 1045/1448/217
f 966/842/217 1045/1448/217 967/843/217
f 1044/1682/150 1034/1692/150 1035/1693/150
f 1044/1682/150 1035/1693/150 1045/1683/150
f 1034/1451/3 934/844/3 935/845/3
f 1034/1451/3 935/845/3 1035/1452/3
f 934/1752/68 966/1736/68 967/1737/68
f 934/1752/68 967/1737/68 935/1753/68
f 926/852/217 1022/1455/217 1023/1456/217
f 926/852/217 1023/1456/217 927/853/217
f 1022/1706/150 1014/1714/150 1015/1715/150
f 1022/1706/150 1015/1715/150 1023/1707/150
f 1014/1466/3 914/856/3 915/857/3
f 1014/1466/3 915/857/3 1015/1467/3
f 914/1772/68 926/1760/68 927/1761/68
f 914/1772/68 927/1761/68 915/1773/68
f 910/877/217 960/1473/217 961/1474/217
f 910/877/217 961/1474/217 911/878/217
f 960/1740/150 930/1756/150 931/1757/150
f 960/1740/150 931/1757/150 961/1741/150
f 930/1477/3 908/886/3 909/887/3
f 930/1477/3 909/887/3 931/1478/3
f 908/1780/68 910/1776/68 911/1777/68
f 908/1780/68 911/1777/68 909/1781/68
f 898/813/217 912/1182/217 913/1183/217
f 898/813/217 913/1183/217 899/814/217
f 912/1774/150 893/1795/150 894/1796/150
f 912/1774/150 894/1796/150 913/1775/150
f 893/1184/3 881/854/3 882/855/3
f 893/1184/3 882/855/3 894/1185/3
f 881/1807/68 898/1789/68 899/1790/68
f 881/1807/68 899/1790/68 882/1808/68
f 1377/699/217 1387/962/217 1388/963/217
f 1377/699/217 1388/963/217 1378/700/217
f 1387/1006/150 1361/1135/150 1362/1136/150
f 1387/1006/150 1362/1136/150 1388/1007/150
f 1361/995/3 1345/703/3 1346/704/3
f 1361/995/3 1346/704/3 1362/996/3
f 1345/1154/68 1377/1051/68 1378/1052/68
f 1345/1154/68 1378/1052/68 1346/1155/68
f 1306/798/217 1318/880/217 1319/881/217
f 1306/798/217 1319/881/217 1307/799/217
f 1318/1186/150 1238/1242/150 1239/1243/150
f 1318/1186/150 1239/1243/150 1319/1187/150
f 1238/895/3 1228/821/3 1229/822/3
f 1238/895/3 1229/822/3 1239/896/3
f 1228/1258/68 1306/1192/68 1307/1193/68
f 1228/1258/68 1307/1193/68 1229/1259/68
f 1239/894/110 1229/820/110 1307/797/110
f 1239/894/110 1307/797/110 1319/879/110
f 1270/1208/65 1260/1217/65 1262/1218/65
f 1270/1208/65 1262/1218/65 1274/1209/65
f 1260/1217/58 1248/1232/58 1250/1233/58
f 1260/1217/58 1250/1233/58 1262/1218/58
f 1248/872/37 1234/864/37 1236/865/37
f 1248/872/37 1236/865/37 1250/873/37
f 1234/864/8 1232/850/8 1233/851/8
f 1234/864/8 1233/851/8 1236/865/8
f 1232/850/9 1235/836/9 1237/837/9
f 1232/850/9 1237/837/9 1233/851/9
f 1235/836/38 1249/828/38 1251/829/38
f 1235/836/38 1251/829/38 1237/837/38
f 1249/1232/59 1261/1217/59 1263/1218/59
f 1249/1232/59 1263/1218/59 1251/1233/59
f 1261/1217/66 1273/1208/66 1277/1209/66
f 1261/1217/66 1277/1209/66 1263/1218/66
f 1273/1208/154 1287/1200/154 1289/1201/154
f 1273/1208/154 1289/1201/154 1277/1209/154
f 1287/1200/161 1297/1194/161 1299/1195/161
f 1287/1200/161 1299/1195/161 1289/1201/161
f 1297/828/182 1309/836/182 1311/837/182
f 1297/828/182 1311/837/182 1299/829/182
f 1309/836/212 1312/850/212 1313/851/212
f 1309/836/212 1313/851/212 1311/837/212
f 1312/850/211 1308/864/211 1310/865/211
f 1312/850/211 1310/865/211 1313/851/211
f 1308/864/181 1296/872/181 1298/873/181
f 1308/864/181 1298/873/181 1310/865/181
f 1296/1194/160 1286/1200/160 1288/1201/160
f 1296/1194/160 1288/1201/160 1298/1195/160
f 1286/1200/153 1270/1208/153 1274/1209/153
f 1286/1200/153 1274/1209/153 1288/1201/153
f 1282/1202/59 1292/1196/59 1294/1197/59
f 1282/1202/59 1294/1197/59 1284/1203/59
f 1292/868/38 1300/860/38 1302/861/38
f 1292/868/38 1302/861/38 1294/869/38
f 1300/860/9 1304/850/9 1305/851/9
f 1300/860/9 1305/851/9 1302/861/9
f 1304/850/8 1301/840/8 1303/841/8
f 1304/850/8 1303/841/8 1305/851/8
f 1301/840/37 1293/832/37 1295/833/37
f 1301/840/37 1295/833/37 1303/841/37
f 1293/1196/58 1283/1202/58 1285/1203/58
f 1293/1196/58 1285/1203/58 1295/1197/58
f 1283/1202/65 1272/1208/65 1276/1209/65
f 1283/1202/65 1276/1209/65 1285/1203/65
f 1272/1208/153 1265/1215/153 1267/1216/153
f 1272/1208/153 1267/1216/153 1276/1209/153
f 1265/1215/160 1255/1222/160 1257/1223/160
f 1265/1215/160 1257/1223/160 1267/1216/160
f 1255/832/181 1245/840/181 1247/841/181
f 1255/832/181 1247/841/181 1257/833/181
f 1245/840/211 1240/850/211 1241/851/211
f 1245/840/211 1241/851/211 1247/841/211
f 1240/850/212 1244/860/212 1246/861/212
f 1240/850/212 1246/861/212 1241/851/212
f 1244/860/182 1254/868/182 1256/869/182
f 1244/860/182 1256/869/182 1246/861/182
f 1254/1222/161 1264/1215/161 1266/1216/161
f 1254/1222/161 1266/1216/161 1256/1223/161
f 1264/1215/154 1271/1208/154 1275/1209/154
f 1264/1215/154 1275/1209/154 1266/1216/154
f 1271/1208/66 1282/1202/66 1284/1203/66
f 1271/1208/66 1284/1203/66 1275/1209/66
f 1277/809/110 1276/823/110 1267/825/110
f 1277/809/110 1267/825/110 1257/831/110
f 1285/824/110 1276/823/110 1277/809/110
f 1285/824/110 1277/809/110 1289/810/110
f 1285/824/110 1289/810/110 1299/826/110
f 1285/824/110 1299/826/110 1311/834/110
f 1311/834/110 1313/846/110 1310/862/110
f 1311/834/110 1310/862/110 1298/870/110
f 1298/870/110 1288/882/110 1274/888/110
f 1298/870/110 1274/888/110 1262/883/110
f 1262/883/110 1250/871/110 1236/863/110
f 1262/883/110 1236/863/110 1233/849/110
f 1233/849/110 1237/835/110 1251/827/110
f 1233/849/110 1251/827/110 1263/811/110
f 1263/811/110 1277/809/110 1257/831/110
f 1263/811/110 1257/831/110 1247/839/110
f 1295/830/110 1285/824/110 1311/834/110
f 1233/849/110 1263/811/110 1247/839/110
f 1233/849/110 1247/839/110 1241/848/110
f 1233/849/110 1241/848/110 1246/859/110
f 1233/849/110 1246/859/110 1256/867/110
f 1303/838/110 1295/830/110 1311/834/110
f 1262/883/110 1233/849/110 1256/867/110
f 1262/883/110 1256/867/110 1266/875/110
f 1262/883/110 1266/875/110 1275/876/110
f 1262/883/110 1275/876/110 1284/874/110
f 1305/847/110 1303/838/110 1311/834/110
f 1305/847/110 1311/834/110 1298/870/110
f 1298/870/110 1262/883/110 1284/874/110
f 1298/870/110 1284/874/110 1294/866/110
f 1298/870/110 1294/866/110 1302/858/110
f 1298/870/110 1302/858/110 1305/847/110
f 1002/909/217 1010/983/217 1011/984/217
f 1002/909/217 1011/984/217 1003/910/217
f 1010/1720/150 944/1748/150 945/1749/150
f 1010/1720/150 945/1749/150 1011/1721/150
f 944/989/3 932/915/3 933/916/3
f 944/989/3 933/916/3 945/990/3
f 932/1754/68 1002/1722/68 1003/1723/68
f 932/1754/68 1003/1723/68 933/1755/68
f 945/991/110 933/917/110 1003/911/110
f 945/991/110 1003/911/110 1011/985/110
f 972/1732/65 962/1738/65 964/1739/65
f 972/1732/65 964/1739/65 976/1733/65
f 962/1738/58 952/1744/58 954/1745/58
f 962/1738/58 954/1745/58 964/1739/58
f 952/976/37 940/958/37 942/959/37
f 952/976/37 942/959/37 954/977/37
f 940/958/8 938/945/8 939/946/8
f 940/958/8 939/946/8 942/959/8
f 938/945/9 941/929/9 943/930/9
f 938/945/9 943/930/9 939/946/9
f 941/929/38 953/921/38 955/922/38
f 941/929/38 955/922/38 943/930/38
f 953/1744/59 963/1738/59 965/1739/59
f 953/1744/59 965/1739/59 955/1745/59
f 963/1738/66 975/1732/66 979/1733/66
f 963/1738/66 979/1733/66 965/1739/66
f 975/1732/154 985/1728/154 987/1729/154
f 975/1732/154 987/1729/154 979/1733/154
f 985/1728/161 993/1724/161 995/1725/161
f 985/1728/161 995/1725/161 987/1729/161
f 993/921/182 1005/929/182 1007/930/182
f 993/921/182 1007/930/182 995/922/182
f 1005/929/212 1008/945/212 1009/946/212
f 1005/929/212 1009/946/212 1007/930/212
f 1008/945/211 1004/958/211 1006/959/211
f 1008/945/211 1006/959/211 1009/946/211
f 1004/958/181 992/976/181 994/977/181
f 1004/958/181 994/977/181 1006/959/181
f 992/1724/160 984/1728/160 986/1729/160
f 992/1724/160 986/1729/160 994/1725/160
f 984/1728/153 972/1732/153 976/1733/153
f 984/1728/153 976/1733/153 986/1729/153
f 980/1730/59 988/1726/59 990/1727/59
f 980/1730/59 990/1727/59 982/1731/59
f 988/969/38 996/951/38 998/952/38
f 988/969/38 998/952/38 990/970/38
f 996/951/9 1000/945/9 1001/946/9
f 996/951/9 1001/946/9 998/952/9
f 1000/945/8 997/938/8 999/939/8
f 1000/945/8 999/939/8 1001/946/8
f 997/938/37 989/925/37 991/926/37
f 997/938/37 991/926/37 999/939/37
f 989/1726/58 981/1730/58 983/1731/58
f 989/1726/58 983/1731/58 991/1727/58
f 981/1730/65 974/1732/65 978/1733/65
f 981/1730/65 978/1733/65 983/1731/65
f 974/1732/153 969/1734/153 971/1735/153
f 974/1732/153 971/1735/153 978/1733/153
f 969/1734/160 957/1742/160 959/1743/160
f 969/1734/160 959/1743/160 971/1735/160
f 957/925/181 949/938/181 951/939/181
f 957/925/181 951/939/181 959/926/181
f 949/938/211 946/945/211 947/946/211
f 949/938/211 947/946/211 951/939/211
f 946/945/212 948/951/212 950/952/212
f 946/945/212 950/952/212 947/946/212
f 948/951/182 956/969/182 958/970/182
f 948/951/182 958/970/182 950/952/182
f 956/1742/161 968/1734/161 970/1735/161
f 956/1742/161 970/1735/161 958/1743/161
f 968/1734/154 973/1732/154 977/1733/154
f 968/1734/154 977/1733/154 970/1735/154
f 973/1732/66 980/1730/66 982/1731/66
f 973/1732/66 982/1731/66 977/1733/66
f 979/912/110 978/918/110 971/920/110
f 979/912/110 971/920/110 959/928/110
f 983/919/110 978/918/110 979/912/110
f 983/919/110 979/912/110 987/913/110
f 983/919/110 987/913/110 995/923/110
f 983/919/110 995/923/110 1007/931/110
f 1007/931/110 1009/947/110 1006/960/110
f 1007/931/110 1006/960/110 994/978/110
f 994/978/110 986/986/110 976/988/110
f 994/978/110 976/988/110 964/987/110
f 964/987/110 954/979/110 942/961/110
f 964/987/110 942/961/110 939/950/110
f 939/950/110 943/932/110 955/924/110
f 939/950/110 955/924/110 965/914/110
f 965/914/110 979/912/110 959/928/110
f 965/914/110 959/928/110 951/941/110
f 991/927/110 983/919/110 1007/931/110
f 939/950/110 965/914/110 951/941/110
f 939/950/110 951/941/110 947/949/110
f 939/950/110 947/949/110 950/954/110
f 939/950/110 950/954/110 958/972/110
f 999/940/110 991/927/110 1007/931/110
f 964/987/110 939/950/110 958/972/110
f 964/987/110 958/972/110 970/981/110
f 964/987/110 970/981/110 977/982/110
f 964/987/110 977/982/110 982/980/110
f 1001/948/110 999/940/110 1007/931/110
f 1001/948/110 1007/931/110 994/978/110
f 994/978/110 964/987/110 982/980/110
f 994/978/110 982/980/110 990/971/110
f 994/978/110 990/971/110 998/953/110
f 994/978/110 998/953/110 1001/948/110
f 1174/1213/217 1182/1292/217 1183/1293/217
f 1174/1213/217 1183/1293/217 1175/1214/217
f 1182/1395/150 1116/1449/150 1117/1450/150
f 1182/1395/150 1117/1450/150 1183/1396/150
f 1116/1302/3 1102/1227/3 1103/1228/3
f 1116/1302/3 1103/1228/3 1117/1303/3
f 1102/1464/68 1174/1406/68 1175/1407/68
f 1102/1464/68 1175/1407/68 1103/1465/68
f 1117/1301/110 1103/1226/110 1175/1212/110
f 1117/1301/110 1175/1212/110 1183/1291/110
f 1144/1423/65 1132/1441/65 1134/1442/65
f 1144/1423/65 1134/1442/65 1148/1424/65
f 1132/1441/58 1124/1445/58 1126/1446/58
f 1132/1441/58 1126/1446/58 1134/1442/58
f 1124/1286/37 1112/1278/37 1114/1279/37
f 1124/1286/37 1114/1279/37 1126/1287/37
f 1112/1278/8 1110/1264/8 1111/1265/8
f 1112/1278/8 1111/1265/8 1114/1279/8
f 1110/1264/9 1113/1252/9 1115/1253/9
f 1110/1264/9 1115/1253/9 1111/1265/9
f 1113/1252/38 1125/1240/38 1127/1241/38
f 1113/1252/38 1127/1241/38 1115/1253/38
f 1125/1445/59 1133/1441/59 1135/1442/59
f 1125/1445/59 1135/1442/59 1127/1446/59
f 1133/1441/66 1147/1423/66 1151/1424/66
f 1133/1441/66 1151/1424/66 1135/1442/66
f 1147/1423/154 1157/1415/154 1159/1416/154
f 1147/1423/154 1159/1416/154 1151/1424/154
f 1157/1415/161 1165/1411/161 1167/1412/161
f 1157/1415/161 1167/1412/161 1159/1416/161
f 1165/1240/182 1177/1252/182 1179/1253/182
f 1165/1240/182 1179/1253/182 1167/1241/182
f 1177/1252/212 1180/1264/212 1181/1265/212
f 1177/1252/212 1181/1265/212 1179/1253/212
f 1180/1264/211 1176/1278/211 1178/1279/211
f 1180/1264/211 1178/1279/211 1181/1265/211
f 1176/1278/181 1164/1286/181 1166/1287/181
f 1176/1278/181 1166/1287/181 1178/1279/181
f 1164/1411/160 1156/1415/160 1158/1416/160
f 1164/1411/160 1158/1416/160 1166/1412/160
f 1156/1415/153 1144/1423/153 1148/1424/153
f 1156/1415/153 1148/1424/153 1158/1416/153
f 1152/1417/59 1160/1413/59 1162/1414/59
f 1152/1417/59 1162/1414/59 1154/1418/59
f 1160/1282/38 1168/1274/38 1170/1275/38
f 1160/1282/38 1170/1275/38 1162/1283/38
f 1168/1274/9 1172/1264/9 1173/1265/9
f 1168/1274/9 1173/1265/9 1170/1275/9
f 1172/1264/8 1169/1256/8 1171/1257/8
f 1172/1264/8 1171/1257/8 1173/1265/8
f 1169/1256/37 1161/1246/37 1163/1247/37
f 1169/1256/37 1163/1247/37 1171/1257/37
f 1161/1413/58 1153/1417/58 1155/1418/58
f 1161/1413/58 1155/1418/58 1163/1414/58
f 1153/1417/65 1146/1423/65 1150/1424/65
f 1153/1417/65 1150/1424/65 1155/1418/65
f 1146/1423/153 1139/1437/153 1141/1438/153
f 1146/1423/153 1141/1438/153 1150/1424/153
f 1139/1437/160 1129/1443/160 1131/1444/160
f 1139/1437/160 1131/1444/160 1141/1438/160
f 1129/1246/181 1121/1256/181 1123/1257/181
f 1129/1246/181 1123/1257/181 1131/1247/181
f 1121/1256/211 1118/1264/211 1119/1265/211
f 1121/1256/211 1119/1265/211 1123/1257/211
f 1118/1264/212 1120/1274/212 1122/1275/212
f 1118/1264/212 1122/1275/212 1119/1265/212
f 1120/1274/182 1128/1282/182 1130/1283/182
f 1120/1274/182 1130/1283/182 1122/1275/182
f 1128/1443/161 1138/1437/161 1140/1438/161
f 1128/1443/161 1140/1438/161 1130/1444/161
f 1138/1437/154 1145/1423/154 1149/1424/154
f 1138/1437/154 1149/1424/154 1140/1438/154
f 1145/1423/66 1152/1417/66 1154/1418/66
f 1145/1423/66 1154/1418/66 1149/1424/66
f 1151/1219/110 1150/1229/110 1141/1235/110
f 1151/1219/110 1141/1235/110 1131/1245/110
f 1155/1234/110 1150/1229/110 1151/1219/110
f 1155/1234/110 1151/1219/110 1159/1224/110
f 1155/1234/110 1159/1224/110 1167/1238/110
f 1155/1234/110 1167/1238/110 1179/1250/110
f 1179/1250/110 1181/1260/110 1178/1276/110
f 1179/1250/110 1178/1276/110 1166/1284/110
f 1166/1284/110 1158/1294/110 1148/1296/110
f 1166/1284/110 1148/1296/110 1134/1295/110
f 1134/1295/110 1126/1285/110 1114/1277/110
f 1134/1295/110 1114/1277/110 1111/1263/110
f 1111/1263/110 1115/1251/110 1127/1239/110
f 1111/1263/110 1127/1239/110 1135/1225/110
f 1135/1225/110 1151/1219/110 1131/1245/110
f 1135/1225/110 1131/1245/110 1123/1255/110
f 1163/1244/110 1155/1234/110 1179/1250/110
f 1111/1263/110 1135/1225/110 1123/1255/110
f 1111/1263/110 1123/1255/110 1119/1262/110
f 1111/1263/110 1119/1262/110 1122/1273/110
f 1111/1263/110 1122/1273/110 1130/1281/110
f 1171/1254/110 1163/1244/110 1179/1250/110
f 1134/1295/110 1111/1263/110 1130/1281/110
f 1134/1295/110 1130/1281/110 1140/1289/110
f 1134/1295/110 1140/1289/110 1149/1290/110
f 1134/1295/110 1149/1290/110 1154/1288/110
f 1173/1261/110 1171/1254/110 1179/1250/110
f 1173/1261/110 1179/1250/110 1166/1284/110
f 1166/1284/110 1134/1295/110 1154/1288/110
f 1166/1284/110 1154/1288/110 1162/1280/110
f 1166/1284/110 1162/1280/110 1170/1272/110
f 1166/1284/110 1170/1272/110 1173/1261/110
f 848/933/217 868/1551/217 869/1552/217
f 848/933/217 869/1552/217 850/935/217
f 868/1819/150 860/1828/150 861/1829/150
f 868/1819/150 861/1829/150 869/1820/150
f 860/1555/3 846/942/3 847/943/3
f 860/1555/3 847/943/3 861/1556/3
f 846/1842/68 848/1838/68 850/1840/68
f 846/1842/68 850/1840/68 847/1843/68
f 861/1557/110 847/944/110 850/937/110
f 861/1557/110 850/937/110 869/1554/110
f 800/964/217 856/1578/217 857/1579/217
f 800/964/217 857/1579/217 801/965/217
f 856/1832/150 854/1834/150 855/1835/150
f 856/1832/150 855/1835/150 857/1833/150
f 854/1589/3 768/973/3 769/974/3
f 854/1589/3 769/974/3 855/1590/3
f 768/1874/68 800/1862/68 801/1863/68
f 768/1874/68 801/1863/68 769/1875/68
f 855/1591/110 769/975/110 801/966/110
f 855/1591/110 801/966/110 857/1580/110
f 756/992/217 844/1606/217 845/1607/217
f 756/992/217 845/1607/217 757/993/217
f 844/1844/150 818/1854/150 819/1855/150
f 844/1844/150 819/1855/150 845/1845/150
f 818/1611/3 752/997/3 753/998/3
f 818/1611/3 753/998/3 819/1612/3
f 752/1890/68 756/1886/68 757/1887/68
f 752/1890/68 757/1887/68 753/1891/68
f 819/1613/110 753/999/110 757/994/110
f 819/1613/110 757/994/110 845/1608/110
f 739/1000/217 764/1618/217 765/1619/217
f 739/1000/217 765/1619/217 740/1001/217
f 764/1878/150 762/1880/150 763/1881/150
f 764/1878/150 763/1881/150 765/1879/150
f 762/1623/3 735/1003/3 736/1004/3
f 762/1623/3 736/1004/3 763/1624/3
f 735/1907/68 739/1903/68 740/1904/68
f 735/1907/68 740/1904/68 736/1908/68
f 763/1625/110 736/1005/110 740/1002/110
f 763/1625/110 740/1002/110 765/1620/110
f 677/1008/217 748/1636/217 749/1637/217
f 677/1008/217 749/1637/217 678/1009/217
f 748/1894/150 746/1896/150 747/1897/150
f 748/1894/150 747/1897/150 749/1895/150
f 746/1639/3 649/1011/3 650/1012/3
f 746/1639/3 650/1012/3 747/1640/3
f 649/1947/68 677/1935/68 678/1936/68
f 649/1947/68 678/1936/68 650/1948/68
f 747/1641/110 650/1013/110 678/1010/110
f 747/1641/110 678/1010/110 749/1638/110
f 637/1014/217 727/1650/217 728/1651/217
f 637/1014/217 728/1651/217 638/1015/217
f 727/1915/150 695/1927/150 696/1928/150
f 727/1915/150 696/1928/150 728/1916/150
f 695/1653/3 635/1019/3 636/1020/3
f 695/1653/3 636/1020/3 696/1654/3
f 635/1961/68 637/1959/68 638/1960/68
f 635/1961/68 638/1960/68 636/1962/68
f 696/1655/110 636/1021/110 638/1016/110
f 696/1655/110 638/1016/110 728/1652/110
f 573/1030/217 641/1658/217 642/1659/217
f 573/1030/217 642/1659/217 574/1031/217
f 641/1955/150 639/1957/150 640/1958/150
f 641/1955/150 640/1958/150 642/1956/150
f 639/1661/3 547/1033/3 548/1034/3
f 639/1661/3 548/1034/3 640/1662/3
f 547/2003/68 573/1993/68 574/1994/68
f 547/2003/68 574/1994/68 548/2004/68
f 640/1663/110 548/1035/110 574/1032/110
f 640/1663/110 574/1032/110 642/1660/110
f 443/1046/217 625/1667/217 626/1668/217
f 443/1046/217 626/1668/217 444/1047/217
f 625/1971/150 591/1985/150 592/1986/150
f 625/1971/150 592/1986/150 626/1972/150
f 591/1670/3 441/1057/3 442/1058/3
f 591/1670/3 442/1058/3 592/1671/3
f 441/2106/68 443/2104/68 444/2105/68
f 441/2106/68 444/2105/68 442/2107/68
f 592/1672/110 442/1059/110 444/1048/110
f 592/1672/110 444/1048/110 626/1669/110
f 421/1084/217 454/1673/217 455/1674/217
f 421/1084/217 455/1674/217 422/1085/217
f 454/2093/150 447/2099/150 448/2100/150
f 454/2093/150 448/2100/150 455/2094/150
f 447/1676/3 385/1087/3 387/1089/3
f 447/1676/3 387/1089/3 448/1677/3
f 385/2134/68 421/2120/68 422/2121/68
f 385/2134/68 422/2121/68 387/2136/68
f 448/1679/110 387/1091/110 422/1086/110
f 448/1679/110 422/1086/110 455/1675/110
f 866/1518/217 868/1551/217 869/1552/217
f 866/1518/217 869/1552/217 867/1519/217
f 868/1819/150 447/2099/150 448/2100/150
f 868/1819/150 448/2100/150 869/1820/150
f 447/1676/3 445/1664/3 446/1665/3
f 447/1676/3 446/1665/3 448/1677/3
f 445/2102/68 866/1822/68 867/1823/68
f 445/2102/68 867/1823/68 446/2103/68
f 448/1679/110 446/1666/110 867/1520/110
f 448/1679/110 867/1520/110 869/1554/110
f 850/935/217 869/1552/217 870/1553/217
f 850/935/217 870/1553/217 851/936/217
f 869/1820/150 448/2100/150 449/2101/150
f 869/1820/150 449/2101/150 870/1821/150
f 448/1677/3 387/1089/3 388/1090/3
f 448/1677/3 388/1090/3 449/1678/3
f 387/2136/68 850/1840/68 851/1841/68
f 387/2136/68 851/1841/68 388/2137/68
f 850/937/109 387/1091/109 448/1679/109
f 869/1554/109 850/937/109 448/1679/109
f 849/934/217 852/955/217 853/956/217
f 849/934/217 853/956/217 850/935/217
f 852/1836/150 389/2132/150 390/2133/150
f 852/1836/150 390/2133/150 853/1837/150
f 389/1118/3 386/1088/3 387/1089/3
f 389/1118/3 387/1089/3 390/1119/3
f 386/2135/68 849/1839/68 850/1840/68
f 386/2135/68 850/1840/68 387/2136/68
f 849/937/109 386/1091/109 389/1120/109
f 852/957/109 849/937/109 389/1120/109
f 834/1036/217 842/1115/217 843/1116/217
f 834/1036/217 843/1116/217 835/1037/217
f 842/1846/150 776/1872/150 777/1873/150
f 842/1846/150 777/1873/150 843/1847/150
f 776/1124/3 766/1042/3 767/1043/3
f 776/1124/3 767/1043/3 777/1125/3
f 766/1876/68 834/1848/68 835/1849/68
f 766/1876/68 835/1849/68 767/1877/68
f 777/1126/110 767/1044/110 835/1038/110
f 777/1126/110 835/1038/110 843/1117/110
f 802/1860/65 792/1866/65 794/1867/65
f 802/1860/65 794/1867/65 806/1861/65
f 792/1866/58 784/1870/58 786/1871/58
f 792/1866/58 786/1871/58 794/1867/58
f 784/1106/37 772/1096/37 774/1097/37
f 784/1106/37 774/1097/37 786/1107/37
f 772/1096/8 770/1078/8 771/1079/8
f 772/1096/8 771/1079/8 774/1097/8
f 770/1078/9 773/1066/9 775/1067/9
f 770/1078/9 775/1067/9 771/1079/9
f 773/1066/38 785/1053/38 787/1054/38
f 773/1066/38 787/1054/38 775/1067/38
f 785/1870/59 793/1866/59 795/1867/59
f 785/1870/59 795/1867/59 787/1871/59
f 793/1866/66 805/1860/66 809/1861/66
f 793/1866/66 809/1861/66 795/1867/66
f 805/1860/154 815/1856/154 817/1857/154
f 805/1860/154 817/1857/154 809/1861/154
f 815/1856/161 825/1850/161 827/1851/161
f 815/1856/161 827/1851/161 817/1857/161
f 825/1053/182 837/1066/182 839/1067/182
f 825/1053/182 839/1067/182 827/1054/182
f 837/1066/212 840/1078/212 841/1079/212
f 837/1066/212 841/1079/212 839/1067/212
f 840/1078/211 836/1096/211 838/1097/211
f 840/1078/211 838/1097/211 841/1079/211
f 836/1096/181 824/1106/181 826/1107/181
f 836/1096/181 826/1107/181 838/1097/181
f 824/1850/160 814/1856/160 816/1857/160
f 824/1850/160 816/1857/160 826/1851/160
f 814/1856/153 802/1860/153 806/1861/153
f 814/1856/153 806/1861/153 816/1857/153
f 810/1858/59 820/1852/59 822/1853/59
f 810/1858/59 822/1853/59 812/1859/59
f 820/1100/38 828/1092/38 830/1093/38
f 820/1100/38 830/1093/38 822/1101/38
f 828/1092/9 832/1078/9 833/1079/9
f 828/1092/9 833/1079/9 830/1093/9
f 832/1078/8 829/1070/8 831/1071/8
f 832/1078/8 831/1071/8 833/1079/8
f 829/1070/37 821/1060/37 823/1061/37
f 829/1070/37 823/1061/37 831/1071/37
f 821/1852/58 811/1858/58 813/1859/58
f 821/1852/58 813/1859/58 823/1853/58
f 811/1858/65 804/1860/65 808/1861/65
f 811/1858/65 808/1861/65 813/1859/65
f 804/1860/153 797/1864/153 799/1865/153
f 804/1860/153 799/1865/153 808/1861/153
f 797/1864/160 789/1868/160 791/1869/160
f 797/1864/160 791/1869/160 799/1865/160
f 789/1060/181 781/1070/181 783/1071/181
f 789/1060/181 783/1071/181 791/1061/181
f 781/1070/211 778/1078/211 779/1079/211
f 781/1070/211 779/1079/211 783/1071/211
f 778/1078/212 780/1092/212 782/1093/212
f 778/1078/212 782/1093/212 779/1079/212
f 780/1092/182 788/1100/182 790/1101/182
f 780/1092/182 790/1101/182 782/1093/182
f 788/1868/161 796/1864/161 798/1865/161
f 788/1868/161 798/1865/161 790/1869/161
f 796/1864/154 803/1860/154 807/1861/154
f 796/1864/154 807/1861/154 798/1865/154
f 803/1860/66 810/1858/66 812/1859/66
f 803/1860/66 812/1859/66 807/1861/66
f 809/1039/110 808/1045/110 799/1050/110
f 809/1039/110 799/1050/110 791/1063/110
f 813/1049/110 808/1045/110 809/1039/110
f 813/1049/110 809/1039/110 817/1040/110
f 813/1049/110 817/1040/110 827/1055/110
f 813/1049/110 827/1055/110 839/1068/110
f 839/1068/110 841/1080/110 838/1098/110
f 839/1068/110 838/1098/110 826/1108/110
f 826/1108/110 816/1121/110 806/1123/110
f 826/1108/110 806/1123/110 794/1122/110
f 794/1122/110 786/1109/110 774/1099/110
f 794/1122/110 774/1099/110 771/1083/110
f 771/1083/110 775/1069/110 787/1056/110
f 771/1083/110 787/1056/110 795/1041/110
f 795/1041/110 809/1039/110 791/1063/110
f 795/1041/110 791/1063/110 783/1073/110
f 823/1062/110 813/1049/110 839/1068/110
f 771/1083/110 795/1041/110 783/1073/110
f 771/1083/110 783/1073/110 779/1082/110
f 771/1083/110 779/1082/110 782/1095/110
f 771/1083/110 782/1095/110 790/1103/110
f 831/1072/110 823/1062/110 839/1068/110
f 794/1122/110 771/1083/110 790/1103/110
f 794/1122/110 790/1103/110 798/1111/110
f 794/1122/110 798/1111/110 807/1114/110
f 794/1122/110 807/1114/110 812/1110/110
f 833/1081/110 831/1072/110 839/1068/110
f 833/1081/110 839/1068/110 826/1108/110
f 826/1108/110 794/1122/110 812/1110/110
f 826/1108/110 812/1110/110 822/1102/110
f 826/1108/110 822/1102/110 830/1094/110
f 826/1108/110 830/1094/110 833/1081/110
f 615/1521/217 627/1595/217 628/1596/217
f 615/1521/217 628/1596/217 616/1522/217
f 627/1969/150 557/1999/150 558/2000/150
f 627/1969/150 558/2000/150 628/1970/150
f 557/1601/3 549/1527/3 550/1528/3
f 557/1601/3 550/1528/3 558/1602/3
f 549/2001/68 615/1975/68 616/1976/68
f 549/2001/68 616/1976/68 550/2002/68
f 558/1603/110 550/1529/110 616/1523/110
f 558/1603/110 616/1523/110 628/1597/110
f 583/1987/65 575/1991/65 577/1992/65
f 583/1987/65 577/1992/65 587/1988/65
f 575/1991/58 565/1997/58 567/1998/58
f 575/1991/58 567/1998/58 577/1992/58
f 565/1583/37 553/1568/37 555/1569/37
f 565/1583/37 555/1569/37 567/1584/37
f 553/1568/8 551/1558/8 552/1559/8
f 553/1568/8 552/1559/8 555/1569/8
f 551/1558/9 554/1543/9 556/1544/9
f 551/1558/9 556/1544/9 552/1559/9
f 554/1543/38 566/1535/38 568/1536/38
f 554/1543/38 568/1536/38 556/1544/38
f 566/1997/59 576/1991/59 578/1992/59
f 566/1997/59 578/1992/59 568/1998/59
f 576/1991/66 586/1987/66 590/1988/66
f 576/1991/66 590/1988/66 578/1992/66
f 586/1987/154 598/1981/154 600/1982/154
f 586/1987/154 600/1982/154 590/1988/154
f 598/1981/161 606/1977/161 608/1978/161
f 598/1981/161 608/1978/161 600/1982/161
f 606/1535/182 618/1543/182 620/1544/182
f 606/1535/182 620/1544/182 608/1536/182
f 618/1543/212 623/1558/212 624/1559/212
f 618/1543/212 624/1559/212 620/1544/212
f 623/1558/211 617/1568/211 619/1569/211
f 623/1558/211 619/1569/211 624/1559/211
f 617/1568/181 605/1583/181 607/1584/181
f 617/1568/181 607/1584/181 619/1569/181
f 605/1977/160 597/1981/160 599/1982/160
f 605/1977/160 599/1982/160 607/1978/160
f 597/1981/153 583/1987/153 587/1988/153
f 597/1981/153 587/1988/153 599/1982/153
f 593/1983/59 601/1979/59 603/1980/59
f 593/1983/59 603/1980/59 595/1984/59
f 601/1572/38 609/1564/38 611/1565/38
f 601/1572/38 611/1565/38 603/1573/38
f 609/1564/9 613/1558/9 614/1559/9
f 609/1564/9 614/1559/9 611/1565/9
f 613/1558/8 610/1547/8 612/1548/8
f 613/1558/8 612/1548/8 614/1559/8
f 610/1547/37 602/1539/37 604/1540/37
f 610/1547/37 604/1540/37 612/1548/37
f 602/1979/58 594/1983/58 596/1984/58
f 602/1979/58 596/1984/58 604/1980/58
f 594/1983/65 585/1987/65 589/1988/65
f 594/1983/65 589/1988/65 596/1984/65
f 585/1987/153 580/1989/153 582/1990/153
f 585/1987/153 582/1990/153 589/1988/153
f 580/1989/160 570/1995/160 572/1996/160
f 580/1989/160 572/1996/160 582/1990/160
f 570/1539/181 562/1547/181 564/1548/181
f 570/1539/181 564/1548/181 572/1540/181
f 562/1547/211 559/1558/211 560/1559/211
f 562/1547/211 560/1559/211 564/1548/211
f 559/1558/212 561/1564/212 563/1565/212
f 559/1558/212 563/1565/212 560/1559/212
f 561/1564/182 569/1572/182 571/1573/182
f 561/1564/182 571/1573/182 563/1565/182
f 569/1995/161 579/1989/161 581/1990/161
f 569/1995/161 581/1990/161 571/1996/161
f 579/1989/154 584/1987/154 588/1988/154
f 579/1989/154 588/1988/154 581/1990/154
f 584/1987/66 593/1983/66 595/1984/66
f 584/1987/66 595/1984/66 588/1988/66
f 590/1524/110 589/1532/110 582/1534/110
f 590/1524/110 582/1534/110 572/1542/110
f 596/1533/110 589/1532/110 590/1524/110
f 596/1533/110 590/1524/110 600/1525/110
f 596/1533/110 600/1525/110 608/1537/110
f 596/1533/110 608/1537/110 620/1545/110
f 620/1545/110 624/1560/110 619/1570/110
f 620/1545/110 619/1570/110 607/1585/110
f 607/1585/110 599/1598/110 587/1600/110
f 607/1585/110 587/1600/110 577/1599/110
f 577/1599/110 567/1586/110 555/1571/110
f 577/1599/110 555/1571/110 552/1563/110
f 552/1563/110 556/1546/110 568/1538/110
f 552/1563/110 568/1538/110 578/1526/110
f 578/1526/110 590/1524/110 572/1542/110
f 578/1526/110 572/1542/110 564/1550/110
f 604/1541/110 596/1533/110 620/1545/110
f 552/1563/110 578/1526/110 564/1550/110
f 552/1563/110 564/1550/110 560/1562/110
f 552/1563/110 560/1562/110 563/1567/110
f 552/1563/110 563/1567/110 571/1575/110
f 612/1549/110 604/1541/110 620/1545/110
f 577/1599/110 552/1563/110 571/1575/110
f 577/1599/110 571/1575/110 581/1588/110
f 577/1599/110 581/1588/110 588/1592/110
f 577/1599/110 588/1592/110 595/1587/110
f 614/1561/110 612/1549/110 620/1545/110
f 614/1561/110 620/1545/110 607/1585/110
f 607/1585/110 577/1599/110 595/1587/110
f 607/1585/110 595/1587/110 603/1574/110
f 607/1585/110 603/1574/110 611/1566/110
f 607/1585/110 611/1566/110 614/1561/110
f 741/370/217 758/634/217 760/636/217
f 741/370/217 760/636/217 742/371/217
f 758/1882/150 750/1892/150 751/1893/150
f 758/1882/150 751/1893/150 760/1884/150
f 750/646/3 737/375/3 738/376/3
f 750/646/3 738/376/3 751/647/3
f 737/1905/68 741/1900/68 742/1901/68
f 737/1905/68 742/1901/68 738/1906/68
f 751/648/110 738/377/110 742/373/110
f 751/648/110 742/373/110 760/638/110
f 655/389/217 733/658/217 734/659/217
f 655/389/217 734/659/217 656/390/217
f 733/1909/150 731/1911/150 732/1912/150
f 733/1909/150 732/1912/150 734/1910/150
f 731/661/3 647/396/3 648/397/3
f 731/661/3 648/397/3 732/662/3
f 647/1949/68 655/1943/68 656/1944/68
f 647/1949/68 656/1944/68 648/1950/68
f 732/663/110 648/398/110 656/391/110
f 732/663/110 656/391/110 734/660/110
f 633/409/217 645/664/217 646/665/217
f 633/409/217 646/665/217 634/410/217
f 645/1951/150 643/1953/150 644/1954/150
f 645/1951/150 644/1954/150 646/1952/150
f 643/667/3 631/414/3 632/415/3
f 643/667/3 632/415/3 644/668/3
f 631/1965/68 633/1963/68 634/1964/68
f 631/1965/68 634/1964/68 632/1966/68
f 644/669/110 632/416/110 634/411/110
f 644/669/110 634/411/110 646/666/110
f 512/423/217 629/670/217 630/671/217
f 512/423/217 630/671/217 513/424/217
f 629/1967/150 621/1973/150 622/1974/150
f 629/1967/150 622/1974/150 630/1968/150
f 621/673/3 468/426/3 469/427/3
f 621/673/3 469/427/3 622/674/3
f 468/2079/68 512/2035/68 513/2036/68
f 468/2079/68 513/2036/68 469/2080/68
f 622/675/110 469/428/110 513/425/110
f 622/675/110 513/425/110 630/672/110
f 439/431/217 452/676/217 453/677/217
f 439/431/217 453/677/217 440/432/217
f 452/2095/150 450/2097/150 451/2098/150
f 452/2095/150 451/2098/150 453/2096/150
f 450/679/3 437/434/3 438/435/3
f 450/679/3 438/435/3 451/680/3
f 437/2110/68 439/2108/68 440/2109/68
f 437/2110/68 440/2109/68 438/2111/68
f 451/681/110 438/436/110 440/433/110
f 451/681/110 440/433/110 453/678/110
f 351/439/217 435/682/217 436/683/217
f 351/439/217 436/683/217 352/440/217
f 435/2112/150 429/2116/150 430/2117/150
f 435/2112/150 430/2117/150 436/2113/150
f 429/685/3 347/442/3 348/443/3
f 429/685/3 348/443/3 430/686/3
f 347/2154/68 351/2150/68 352/2151/68
f 347/2154/68 352/2151/68 348/2155/68
f 430/687/110 348/444/110 352/441/110
f 430/687/110 352/441/110 436/684/110
f 335/460/217 345/691/217 346/692/217
f 335/460/217 346/692/217 336/461/217
f 345/2156/150 341/2158/150 343/2160/150
f 345/2156/150 343/2160/150 346/2157/150
f 341/694/3 328/474/3 329/475/3
f 341/694/3 329/475/3 343/696/3
f 328/2172/68 335/2166/68 336/2167/68
f 328/2172/68 336/2167/68 329/2173/68
f 343/698/110 329/477/110 336/462/110
f 343/698/110 336/462/110 346/693/110
f 741/370/217 744/393/217 745/394/217
f 741/370/217 745/394/217 742/371/217
f 744/1898/150 331/2170/150 332/2171/150
f 744/1898/150 332/2171/150 745/1899/150
f 331/514/3 328/474/3 329/475/3
f 331/514/3 329/475/3 332/515/3
f 328/2172/68 741/1900/68 742/1901/68
f 328/2172/68 742/1901/68 329/2173/68
f 332/516/110 329/477/110 742/373/110
f 332/516/110 742/373/110 745/395/110
f 742/371/217 760/636/217 761/637/217
f 742/371/217 761/637/217 743/372/217
f 760/1884/150 343/2160/150 344/2161/150
f 760/1884/150 344/2161/150 761/1885/150
f 343/696/3 329/475/3 330/476/3
f 343/696/3 330/476/3 344/697/3
f 329/2173/68 742/1901/68 743/1902/68
f 329/2173/68 743/1902/68 330/2174/68
f 742/373/109 329/477/109 343/698/109
f 760/638/109 742/373/109 343/698/109
f 754/613/217 759/635/217 760/636/217
f 754/613/217 760/636/217 755/614/217
f 759/1883/150 342/2159/150 343/2160/150
f 759/1883/150 343/2160/150 760/1884/150
f 342/695/3 339/688/3 340/689/3
f 342/695/3 340/689/3 343/696/3
f 339/2162/68 754/1888/68 755/1889/68
f 339/2162/68 755/1889/68 340/2163/68
f 754/615/109 339/690/109 342/698/109
f 759/638/109 754/615/109 342/698/109
f 719/448/217 729/532/217 730/533/217
f 719/448/217 730/533/217 720/449/217
f 729/1913/150 661/1941/150 662/1942/150
f 729/1913/150 662/1942/150 730/1914/150
f 661/538/3 651/457/3 652/458/3
f 661/538/3 652/458/3 662/539/3
f 651/1945/68 719/1917/68 720/1918/68
f 651/1945/68 720/1918/68 652/1946/68
f 662/540/110 652/459/110 720/450/110
f 662/540/110 720/450/110 730/534/110
f 687/1929/65 679/1933/65 681/1934/65
f 687/1929/65 681/1934/65 691/1930/65
f 679/1933/58 669/1939/58 671/1940/58
f 679/1933/58 671/1940/58 681/1934/58
f 669/525/37 657/508/37 659/509/37
f 669/525/37 659/509/37 671/526/37
f 657/508/8 653/498/8 654/499/8
f 657/508/8 654/499/8 659/509/8
f 653/498/9 658/487/9 660/488/9
f 653/498/9 660/488/9 654/499/9
f 658/487/38 670/468/38 672/469/38
f 658/487/38 672/469/38 660/488/38
f 670/1939/59 680/1933/59 682/1934/59
f 670/1939/59 682/1934/59 672/1940/59
f 680/1933/66 690/1929/66 694/1930/66
f 680/1933/66 694/1930/66 682/1934/66
f 690/1929/154 702/1923/154 704/1924/154
f 690/1929/154 704/1924/154 694/1930/154
f 702/1923/161 710/1919/161 712/1920/161
f 702/1923/161 712/1920/161 704/1924/161
f 710/468/182 722/487/182 724/488/182
f 710/468/182 724/488/182 712/469/182
f 722/487/212 725/498/212 726/499/212
f 722/487/212 726/499/212 724/488/212
f 725/498/211 721/508/211 723/509/211
f 725/498/211 723/509/211 726/499/211
f 721/508/181 709/525/181 711/526/181
f 721/508/181 711/526/181 723/509/181
f 709/1919/160 701/1923/160 703/1924/160
f 709/1919/160 703/1924/160 711/1920/160
f 701/1923/153 687/1929/153 691/1930/153
f 701/1923/153 691/1930/153 703/1924/153
f 697/1925/59 705/1921/59 707/1922/59
f 697/1925/59 707/1922/59 699/1926/59
f 705/521/38 713/504/38 715/505/38
f 705/521/38 715/505/38 707/522/38
f 713/504/9 717/498/9 718/499/9
f 713/504/9 718/499/9 715/505/9
f 717/498/8 714/491/8 716/492/8
f 717/498/8 716/492/8 718/499/8
f 714/491/37 706/483/37 708/484/37
f 714/491/37 708/484/37 716/492/37
f 706/1921/58 698/1925/58 700/1926/58
f 706/1921/58 700/1926/58 708/1922/58
f 698/1925/65 689/1929/65 693/1930/65
f 698/1925/65 693/1930/65 700/1926/65
f 689/1929/153 684/1931/153 686/1932/153
f 689/1929/153 686/1932/153 693/1930/153
f 684/1931/160 674/1937/160 676/1938/160
f 684/1931/160 676/1938/160 686/1932/160
f 674/483/181 666/491/181 668/492/181
f 674/483/181 668/492/181 676/484/181
f 666/491/211 663/498/211 664/499/211
f 666/491/211 664/499/211 668/492/211
f 663/498/212 665/504/212 667/505/212
f 663/498/212 667/505/212 664/499/212
f 665/504/182 673/521/182 675/522/182
f 665/504/182 675/522/182 667/505/182
f 673/1937/161 683/1931/161 685/1932/161
f 673/1937/161 685/1932/161 675/1938/161
f 683/1931/154 688/1929/154 692/1930/154
f 683/1931/154 692/1930/154 685/1932/154
f 688/1929/66 697/1925/66 699/1926/66
f 688/1929/66 699/1926/66 692/1930/66
f 694/451/110 693/463/110 686/467/110
f 694/451/110 686/467/110 676/486/110
f 700/466/110 693/463/110 694/451/110
f 700/466/110 694/451/110 704/455/110
f 700/466/110 704/455/110 712/470/110
f 700/466/110 712/470/110 724/489/110
f 724/489/110 726/500/110 723/510/110
f 724/489/110 723/510/110 711/527/110
f 711/527/110 703/535/110 691/537/110
f 711/527/110 691/537/110 681/536/110
f 681/536/110 671/528/110 659/511/110
f 681/536/110 659/511/110 654/503/110
f 654/503/110 660/490/110 672/471/110
f 654/503/110 672/471/110 682/456/110
f 682/456/110 694/451/110 676/486/110
f 682/456/110 676/486/110 668/494/110
f 708/485/110 700/466/110 724/489/110
f 654/503/110 682/456/110 668/494/110
f 654/503/110 668/494/110 664/502/110
f 654/503/110 664/502/110 667/507/110
f 654/503/110 667/507/110 675/524/110
f 716/493/110 708/485/110 724/489/110
f 681/536/110 654/503/110 675/524/110
f 681/536/110 675/524/110 685/530/110
f 681/536/110 685/530/110 692/531/110
f 681/536/110 692/531/110 699/529/110
f 718/501/110 716/493/110 724/489/110
f 718/501/110 724/489/110 711/527/110
f 711/527/110 681/536/110 699/529/110
f 711/527/110 699/529/110 707/523/110
f 711/527/110 707/523/110 715/506/110
f 711/527/110 715/506/110 718/501/110
f 423/585/217 433/649/217 434/650/217
f 423/585/217 434/650/217 424/586/217
f 433/2114/150 361/2146/150 362/2147/150
f 433/2114/150 362/2147/150 434/2115/150
f 361/655/3 353/591/3 354/592/3
f 361/655/3 354/592/3 362/656/3
f 353/2148/68 423/2118/68 424/2119/68
f 353/2148/68 424/2119/68 354/2149/68
f 362/657/110 354/593/110 424/587/110
f 362/657/110 424/587/110 434/651/110
f 391/2130/65 377/2140/65 379/2141/65
f 391/2130/65 379/2141/65 395/2131/65
f 377/2140/58 369/2144/58 371/2145/58
f 377/2140/58 371/2145/58 379/2141/58
f 369/639/37 357/626/37 359/627/37
f 369/639/37 359/627/37 371/640/37
f 357/626/8 355/616/8 356/617/8
f 357/626/8 356/617/8 359/627/8
f 355/616/9 358/605/9 360/606/9
f 355/616/9 360/606/9 356/617/9
f 358/605/38 370/597/38 372/598/38
f 358/605/38 372/598/38 360/606/38
f 370/2144/59 378/2140/59 380/2141/59
f 370/2144/59 380/2141/59 372/2145/59
f 378/2140/66 394/2130/66 398/2131/66
f 378/2140/66 398/2131/66 380/2141/66
f 394/2130/154 404/2126/154 406/2127/154
f 394/2130/154 406/2127/154 398/2131/154
f 404/2126/161 412/2122/161 414/2123/161
f 404/2126/161 414/2123/161 406/2127/161
f 412/597/182 426/605/182 428/606/182
f 412/597/182 428/606/182 414/598/182
f 426/605/212 431/616/212 432/617/212
f 426/605/212 432/617/212 428/606/212
f 431/616/211 425/626/211 427/627/211
f 431/616/211 427/627/211 432/617/211
f 425/626/181 411/639/181 413/640/181
f 425/626/181 413/640/181 427/627/181
f 411/2122/160 403/2126/160 405/2127/160
f 411/2122/160 405/2127/160 413/2123/160
f 403/2126/153 391/2130/153 395/2131/153
f 403/2126/153 395/2131/153 405/2127/153
f 399/2128/59 407/2124/59 409/2125/59
f 399/2128/59 409/2125/59 401/2129/59
f 407/630/38 415/622/38 417/623/38
f 407/630/38 417/623/38 409/631/38
f 415/622/9 419/616/9 420/617/9
f 415/622/9 420/617/9 417/623/9
f 419/616/8 416/609/8 418/610/8
f 419/616/8 418/610/8 420/617/8
f 416/609/37 408/601/37 410/602/37
f 416/609/37 410/602/37 418/610/37
f 408/2124/58 400/2128/58 402/2129/58
f 408/2124/58 402/2129/58 410/2125/58
f 400/2128/65 393/2130/65 397/2131/65
f 400/2128/65 397/2131/65 402/2129/65
f 393/2130/153 382/2138/153 384/2139/153
f 393/2130/153 384/2139/153 397/2131/153
f 382/2138/160 374/2142/160 376/2143/160
f 382/2138/160 376/2143/160 384/2139/160
f 374/601/181 366/609/181 368/610/181
f 374/601/181 368/610/181 376/602/181
f 366/609/211 363/616/211 364/617/211
f 366/609/211 364/617/211 368/610/211
f 363/616/212 365/622/212 367/623/212
f 363/616/212 367/623/212 364/617/212
f 365/622/182 373/630/182 375/631/182
f 365/622/182 375/631/182 367/623/182
f 373/2142/161 381/2138/161 383/2139/161
f 373/2142/161 383/2139/161 375/2143/161
f 381/2138/154 392/2130/154 396/2131/154
f 381/2138/154 396/2131/154 383/2139/154
f 392/2130/66 399/2128/66 401/2129/66
f 392/2130/66 401/2129/66 396/2131/66
f 398/588/110 397/594/110 384/596/110
f 398/588/110 384/596/110 376/604/110
f 402/595/110 397/594/110 398/588/110
f 402/595/110 398/588/110 406/589/110
f 402/595/110 406/589/110 414/599/110
f 402/595/110 414/599/110 428/607/110
f 428/607/110 432/618/110 427/628/110
f 428/607/110 427/628/110 413/641/110
f 413/641/110 405/652/110 395/654/110
f 413/641/110 395/654/110 379/653/110
f 379/653/110 371/642/110 359/629/110
f 379/653/110 359/629/110 356/621/110
f 356/621/110 360/608/110 372/600/110
f 356/621/110 372/600/110 380/590/110
f 380/590/110 398/588/110 376/604/110
f 380/590/110 376/604/110 368/612/110
f 410/603/110 402/595/110 428/607/110
f 356/621/110 380/590/110 368/612/110
f 356/621/110 368/612/110 364/620/110
f 356/621/110 364/620/110 367/625/110
f 356/621/110 367/625/110 375/633/110
f 418/611/110 410/603/110 428/607/110
f 379/653/110 356/621/110 375/633/110
f 379/653/110 375/633/110 383/644/110
f 379/653/110 383/644/110 396/645/110
f 379/653/110 396/645/110 401/643/110
f 420/619/110 418/611/110 428/607/110
f 420/619/110 428/607/110 413/641/110
f 413/641/110 379/653/110 401/643/110
f 413/641/110 401/643/110 409/632/110
f 413/641/110 409/632/110 417/624/110
f 413/641/110 417/624/110 420/619/110
f 889/793/217 891/884/217 892/885/217
f 889/793/217 892/885/217 890/794/217
f 891/1797/150 879/1809/150 880/1810/150
f 891/1797/150 880/1810/150 892/1798/150
f 879/897/3 877/802/3 878/803/3
f 879/897/3 878/803/3 880/898/3
f 877/1811/68 889/1799/68 890/1800/68
f 877/1811/68 890/1800/68 878/1812/68
f 208/157/3 148/14/3 149/15/3
f 208/157/3 149/15/3 209/158/3
f 209/158/4 149/15/4 147/17/4
f 209/158/4 147/17/4 207/160/4
f 207/160/7 147/17/7 146/18/7
f 207/160/7 146/18/7 206/161/7
f 206/161/12 146/18/12 142/20/12
f 206/161/12 142/20/12 204/163/12
f 204/163/16 142/20/16 139/21/16
f 204/163/16 139/21/16 203/164/16
f 203/164/19 139/21/19 137/22/19
f 203/164/19 137/22/19 202/165/19
f 202/165/24 137/22/24 124/24/24
f 202/165/24 124/24/24 196/167/24
f 196/167/27 124/24/27 121/25/27
f 196/167/27 121/25/27 195/168/27
f 195/168/31 121/25/31 117/27/31
f 195/168/31 117/27/31 193/170/31
f 193/170/34 117/27/34 113/29/34
f 193/170/34 113/29/34 191/172/34
f 191/172/39 113/29/39 106/30/39
f 191/172/39 106/30/39 190/173/39
f 190/173/43 106/30/43 99/33/43
f 190/173/43 99/33/43 188/176/43
f 188/176/48 99/33/48 96/35/48
f 188/176/48 96/35/48 182/178/48
f 182/178/51 96/35/51 93/36/51
f 182/178/51 93/36/51 180/179/51
f 180/179/167 93/36/167 91/38/167
f 180/179/167 91/38/167 179/181/167
f 179/181/170 91/38/170 84/40/170
f 179/181/170 84/40/170 177/183/170
f 177/183/175 84/40/175 81/43/175
f 177/183/175 81/43/175 171/186/175
f 171/186/179 81/43/179 79/44/179
f 171/186/179 79/44/179 165/187/179
f 165/187/184 79/44/184 76/46/184
f 165/187/184 76/46/184 160/189/184
f 160/189/187 76/46/187 69/48/187
f 160/189/187 69/48/187 157/191/187
f 157/191/191 69/48/191 67/49/191
f 157/191/191 67/49/191 150/192/191
f 150/192/195 67/49/195 63/51/195
f 150/192/195 63/51/195 141/194/195
f 141/194/199 63/51/199 61/52/199
f 141/194/199 61/52/199 138/195/199
f 138/195/203 61/52/203 56/53/203
f 138/195/203 56/53/203 135/196/203
f 135/196/207 56/53/207 54/55/207
f 135/196/207 54/55/207 128/198/207
f 128/198/210 54/55/210 53/56/210
f 128/198/210 53/56/210 127/199/210
f 127/199/214 53/56/214 52/58/214
f 127/199/214 52/58/214 126/201/214
f 126/201/217 52/58/217 51/57/217
f 126/201/217 51/57/217 125/200/217
f 125/202/109 51/59/109 39/77/109
f 125/202/109 39/77/109 107/211/109
f 107/209/3 39/75/3 40/76/3
f 107/209/3 40/76/3 108/210/3
f 108/210/6 40/76/6 41/74/6
f 108/210/6 41/74/6 109/208/6
f 109/208/11 41/74/11 42/72/11
f 109/208/11 42/72/11 110/207/11
f 110/207/15 42/72/15 43/71/15
f 110/207/15 43/71/15 112/206/15
f 112/206/18 43/71/18 44/69/18
f 112/206/18 44/69/18 115/205/18
f 115/205/23 44/69/23 45/66/23
f 115/205/23 45/66/23 118/204/23
f 118/204/26 45/66/26 46/60/26
f 118/204/26 46/60/26 122/203/26
f 122/203/33 46/60/33 55/54/33
f 122/203/33 55/54/33 129/197/33
f 129/197/36 55/54/36 65/50/36
f 129/197/36 65/50/36 143/193/36
f 143/193/41 65/50/41 70/47/41
f 143/193/41 70/47/41 158/190/41
f 158/190/45 70/47/45 78/45/45
f 158/190/45 78/45/45 162/188/45
f 162/188/50 78/45/50 82/41/50
f 162/188/50 82/41/50 176/184/50
f 176/185/53 82/42/53 90/39/53
f 176/185/53 90/39/53 178/182/53
f 178/182/56 90/39/56 94/37/56
f 178/182/56 94/37/56 181/180/56
f 181/180/163 94/37/163 97/34/163
f 181/180/163 97/34/163 183/177/163
f 183/177/166 97/34/166 105/32/166
f 183/177/166 105/32/166 189/175/166
f 189/174/169 105/31/169 114/28/169
f 189/174/169 114/28/169 192/171/169
f 192/171/174 114/28/174 120/26/174
f 192/171/174 120/26/174 194/169/174
f 194/169/178 120/26/178 134/23/178
f 194/169/178 134/23/178 201/166/178
f 201/166/183 134/23/183 144/19/183
f 201/166/183 144/19/183 205/162/183
f 205/162/186 144/19/186 154/13/186
f 205/162/186 154/13/186 210/156/186
f 210/156/193 154/13/193 159/12/193
f 210/156/193 159/12/193 211/155/193
f 211/155/197 159/12/197 161/11/197
f 211/155/197 161/11/197 212/154/197
f 212/154/201 161/11/201 166/10/201
f 212/154/201 166/10/201 213/153/201
f 213/153/205 166/10/205 167/9/205
f 213/153/205 167/9/205 214/152/205
f 214/152/209 167/9/209 168/8/209
f 214/152/209 168/8/209 215/151/209
f 215/151/216 168/8/216 170/6/216
f 215/151/216 170/6/216 217/149/216
f 217/149/217 170/6/217 169/5/217
f 217/149/217 169/5/217 216/148/217
f 216/150/109 169/7/109 148/16/109
f 216/150/109 148/16/109 208/159/109
f 217/2249/150 216/2248/150 208/2256/150
f 148/2310/68 169/2289/68 170/2290/68
f 217/2249/150 208/2256/150 209/2257/150
f 149/2311/68 148/2310/68 170/2290/68
f 217/2249/150 209/2257/150 207/2258/150
f 147/2312/68 149/2311/68 170/2290/68
f 217/2249/150 207/2258/150 206/2259/150
f 146/2313/68 147/2312/68 170/2290/68
f 217/2249/150 206/2259/150 204/2261/150
f 142/2317/68 146/2313/68 170/2290/68
f 217/2249/150 204/2261/150 203/2262/150
f 139/2320/68 142/2317/68 170/2290/68
f 217/2249/150 203/2262/150 202/2263/150
f 137/2322/68 139/2320/68 170/2290/68
f 217/2249/150 202/2263/150 196/2267/150
f 124/2333/68 137/2322/68 170/2290/68
f 217/2249/150 196/2267/150 195/2268/150
f 121/2336/68 124/2333/68 170/2290/68
f 126/2332/150 125/2331/150 107/2349/150
f 39/2407/68 51/2399/68 52/2400/68
f 126/2332/150 107/2349/150 108/2350/150
f 40/2408/68 39/2407/68 52/2400/68
f 126/2332/150 108/2350/150 109/2348/150
f 41/2406/68 40/2408/68 52/2400/68
f 126/2332/150 109/2348/150 110/2347/150
f 42/2405/68 41/2406/68 52/2400/68
f 126/2332/150 110/2347/150 112/2345/150
f 43/2404/68 42/2405/68 52/2400/68
f 126/2332/150 112/2345/150 115/2342/150
f 44/2403/68 43/2404/68 52/2400/68
f 126/2332/150 115/2342/150 118/2339/150
f 45/2402/68 44/2403/68 52/2400/68
f 126/2332/150 118/2339/150 122/2335/150
f 46/2401/68 45/2402/68 52/2400/68
f 126/2332/150 122/2335/150 129/2328/150
f 55/2396/68 46/2401/68 52/2400/68
f 129/2328/150 143/2316/150 158/2301/150
f 70/2381/68 65/2386/68 55/2396/68
f 129/2328/150 158/2301/150 162/2297/150
f 78/2375/68 70/2381/68 55/2396/68
f 129/2328/150 162/2297/150 176/2285/150
f 82/2371/68 78/2375/68 55/2396/68
f 129/2328/150 176/2285/150 178/2283/150
f 90/2365/68 82/2371/68 55/2396/68
f 129/2328/150 178/2283/150 181/2281/150
f 94/2362/68 90/2365/68 55/2396/68
f 129/2328/150 181/2281/150 183/2278/150
f 97/2358/68 94/2362/68 55/2396/68
f 183/2278/150 189/2274/150 192/2271/150
f 114/2343/68 105/2352/68 97/2358/68
f 183/2278/150 192/2271/150 194/2269/150
f 120/2337/68 114/2343/68 97/2358/68
f 183/2278/150 194/2269/150 201/2264/150
f 134/2325/68 120/2337/68 97/2358/68
f 183/2278/150 201/2264/150 205/2260/150
f 144/2315/68 134/2325/68 97/2358/68
f 183/2278/150 205/2260/150 210/2255/150
f 154/2305/68 144/2315/68 97/2358/68
f 183/2278/150 210/2255/150 211/2254/150
f 159/2300/68 154/2305/68 97/2358/68
f 183/2278/150 211/2254/150 212/2253/150
f 161/2298/68 159/2300/68 97/2358/68
f 183/2278/150 212/2253/150 213/2252/150
f 166/2293/68 161/2298/68 97/2358/68
f 183/2278/150 213/2252/150 214/2251/150
f 167/2292/68 166/2293/68 97/2358/68
f 183/2278/150 214/2251/150 215/2250/150
f 168/2291/68 167/2292/68 97/2358/68
f 183/2278/150 215/2250/150 217/2249/150
f 170/2290/68 168/2291/68 97/2358/68
f 183/2278/150 217/2249/150 195/2268/150
f 121/2336/68 170/2290/68 97/2358/68
f 183/2278/150 195/2268/150 193/2270/150
f 117/2340/68 121/2336/68 97/2358/68
f 183/2278/150 193/2270/150 191/2272/150
f 113/2344/68 117/2340/68 97/2358/68
f 183/2278/150 191/2272/150 190/2273/150
f 106/2351/68 113/2344/68 97/2358/68
f 183/2278/150 190/2273/150 188/2275/150
f 99/2356/68 106/2351/68 97/2358/68
f 183/2278/150 188/2275/150 182/2279/150
f 96/2359/68 99/2356/68 97/2358/68
f 183/2278/150 182/2279/150 180/2280/150
f 93/2361/68 96/2359/68 97/2358/68
f 183/2278/150 180/2280/150 179/2282/150
f 91/2364/68 93/2361/68 97/2358/68
f 127/2330/150 126/2332/150 129/2328/150
f 55/2396/68 52/2400/68 53/2398/68
f 129/2328/150 183/2278/150 179/2282/150
f 91/2364/68 97/2358/68 55/2396/68
f 129/2328/150 179/2282/150 177/2284/150
f 84/2369/68 91/2364/68 55/2396/68
f 129/2328/150 177/2284/150 171/2288/150
f 81/2372/68 84/2369/68 55/2396/68
f 129/2328/150 171/2288/150 165/2294/150
f 79/2374/68 81/2372/68 55/2396/68
f 129/2328/150 165/2294/150 160/2299/150
f 76/2377/68 79/2374/68 55/2396/68
f 129/2328/150 160/2299/150 157/2302/150
f 69/2382/68 76/2377/68 55/2396/68
f 129/2328/150 157/2302/150 150/2309/150
f 67/2384/68 69/2382/68 55/2396/68
f 129/2328/150 150/2309/150 141/2318/150
f 63/2388/68 67/2384/68 55/2396/68
f 129/2328/150 141/2318/150 138/2321/150
f 61/2390/68 63/2388/68 55/2396/68
f 129/2328/150 138/2321/150 135/2324/150
f 56/2395/68 61/2390/68 55/2396/68
f 129/2328/150 135/2324/150 128/2329/150
f 54/2397/68 56/2395/68 55/2396/68
f 129/2328/150 128/2329/150 127/2330/150
f 53/2398/68 54/2397/68 55/2396/68
f 57/97/3 51/57/3 52/58/3
f 57/97/3 52/58/3 58/98/3
f 58/98/5 52/58/5 53/56/5
f 58/98/5 53/56/5 59/96/5
f 59/96/10 53/56/10 54/55/10
f 59/96/10 54/55/10 60/95/10
f 60/95/13 54/55/13 56/53/13
f 60/95/13 56/53/13 62/94/13
f 62/94/17 56/53/17 61/52/17
f 62/94/17 61/52/17 64/93/17
f 64/93/20 61/52/20 63/51/20
f 64/93/20 63/51/20 66/92/20
f 66/92/25 63/51/25 67/49/25
f 66/92/25 67/49/25 68/91/25
f 68/91/28 67/49/28 69/48/28
f 68/91/28 69/48/28 75/90/28
f 75/90/32 69/48/32 76/46/32
f 75/90/32 76/46/32 77/89/32
f 77/89/35 76/46/35 79/44/35
f 77/89/35 79/44/35 80/88/35
f 80/88/40 79/44/40 81/43/40
f 80/88/40 81/43/40 83/87/40
f 83/87/44 81/43/44 84/40/44
f 83/87/44 84/40/44 85/86/44
f 85/86/49 84/40/49 91/38/49
f 85/86/49 91/38/49 92/85/49
f 92/85/52 91/38/52 93/36/52
f 92/85/52 93/36/52 95/84/52
f 95/84/168 93/36/168 96/35/168
f 95/84/168 96/35/168 98/83/168
f 98/83/171 96/35/171 99/33/171
f 98/83/171 99/33/171 104/82/171
f 104/82/176 99/33/176 106/30/176
f 104/82/176 106/30/176 111/81/176
f 111/81/180 106/30/180 113/29/180
f 111/81/180 113/29/180 116/80/180
f 116/80/185 113/29/185 117/27/185
f 116/80/185 117/27/185 119/79/185
f 119/79/188 117/27/188 121/25/188
f 119/79/188 121/25/188 123/78/188
f 123/78/192 121/25/192 124/24/192
f 123/78/192 124/24/192 136/73/192
f 136/73/196 124/24/196 137/22/196
f 136/73/196 137/22/196 140/70/196
f 140/70/200 137/22/200 139/21/200
f 140/70/200 139/21/200 145/68/200
f 145/68/204 139/21/204 142/20/204
f 145/68/204 142/20/204 151/67/204
f 151/67/208 142/20/208 146/18/208
f 151/67/208 146/18/208 152/65/208
f 152/65/213 146/18/213 147/17/213
f 152/65/213 147/17/213 153/64/213
f 153/64/215 147/17/215 149/15/215
f 153/64/215 149/15/215 156/62/215
f 156/62/217 149/15/217 148/14/217
f 156/62/217 148/14/217 155/61/217
f 155/63/109 148/16/109 51/59/109
f 155/63/109 51/59/109 57/99/109
f 156/2304/150 155/2303/150 57/2393/150
f 51/2399/68 148/2310/68 149/2311/68
f 156/2304/150 57/2393/150 58/2394/150
f 52/2400/68 51/2399/68 149/2311/68
f 156/2304/150 58/2394/150 59/2392/150
f 53/2398/68 52/2400/68 149/2311/68
f 156/2304/150 59/2392/150 60/2391/150
f 54/2397/68 53/2398/68 149/2311/68
f 156/2304/150 60/2391/150 62/2389/150
f 56/2395/68 54/2397/68 149/2311/68
f 156/2304/150 62/2389/150 64/2387/150
f 61/2390/68 56/2395/68 149/2311/68
f 156/2304/150 64/2387/150 66/2385/150
f 63/2388/68 61/2390/68 149/2311/68
f 156/2304/150 66/2385/150 68/2383/150
f 67/2384/68 63/2388/68 149/2311/68
f 156/2304/150 68/2383/150 75/2378/150
f 69/2382/68 67/2384/68 149/2311/68
f 156/2304/150 75/2378/150 77/2376/150
f 76/2377/68 69/2382/68 149/2311/68
f 156/2304/150 77/2376/150 80/2373/150
f 79/2374/68 76/2377/68 149/2311/68
f 156/2304/150 80/2373/150 83/2370/150
f 81/2372/68 79/2374/68 149/2311/68
f 156/2304/150 83/2370/150 85/2368/150
f 84/2369/68 81/2372/68 149/2311/68
f 156/2304/150 85/2368/150 92/2363/150
f 91/2364/68 84/2369/68 149/2311/68
f 156/2304/150 92/2363/150 95/2360/150
f 93/2361/68 91/2364/68 149/2311/68
f 156/2304/150 95/2360/150 98/2357/150
f 96/2359/68 93/2361/68 149/2311/68
f 156/2304/150 98/2357/150 104/2353/150
f 99/2356/68 96/2359/68 149/2311/68
f 156/2304/150 104/2353/150 111/2346/150
f 106/2351/68 99/2356/68 149/2311/68
f 156/2304/150 111/2346/150 116/2341/150
f 113/2344/68 106/2351/68 149/2311/68
f 156/2304/150 116/2341/150 119/2338/150
f 117/2340/68 113/2344/68 149/2311/68
f 156/2304/150 119/2338/150 123/2334/150
f 121/2336/68 117/2340/68 149/2311/68
f 156/2304/150 123/2334/150 136/2323/150
f 124/2333/68 121/2336/68 149/2311/68
f 156/2304/150 136/2323/150 140/2319/150
f 137/2322/68 124/2333/68 149/2311/68
f 156/2304/150 140/2319/150 145/2314/150
f 139/2320/68 137/2322/68 149/2311/68
f 156/2304/150 145/2314/150 151/2308/150
f 142/2317/68 139/2320/68 149/2311/68
f 156/2304/150 151/2308/150 152/2307/150
f 146/2313/68 142/2317/68 149/2311/68
f 156/2304/150 152/2307/150 153/2306/150
f 147/2312/68 146/2313/68 149/2311/68
f 316/2185/68 537/2013/68 538/2014/68
f 316/2185/68 538/2014/68 317/2186/68
f 317/2186/67 538/2014/67 536/2015/67
f 317/2186/67 536/2015/67 315/2187/67
f 315/2187/71 536/2015/71 535/2016/71
f 315/2187/71 535/2016/71 314/2188/71
f 314/2188/74 535/2016/74 533/2018/74
f 314/2188/74 533/2018/74 312/2190/74
f 312/2190/77 533/2018/77 532/2019/77
f 312/2190/77 532/2019/77 311/2191/77
f 311/2191/80 532/2019/80 531/2020/80
f 311/2191/80 531/2020/80 310/2192/80
f 310/2192/83 531/2020/83 529/2022/83
f 310/2192/83 529/2022/83 308/2194/83
f 308/2194/85 529/2022/85 528/2023/85
f 308/2194/85 528/2023/85 307/2195/85
f 307/2195/88 528/2023/88 526/2025/88
f 307/2195/88 526/2025/88 305/2197/88
f 305/2197/91 526/2025/91 524/2027/91
f 305/2197/91 524/2027/91 303/2199/91
f 303/2199/94 524/2027/94 523/2028/94
f 303/2199/94 523/2028/94 302/2200/94
f 302/2200/97 523/2028/97 521/2030/97
f 302/2200/97 521/2030/97 298/2202/97
f 298/2202/100 521/2030/100 519/2031/100
f 298/2202/100 519/2031/100 292/2203/100
f 292/2203/103 519/2031/103 517/2032/103
f 292/2203/103 517/2032/103 290/2204/103
f 290/2204/115 517/2032/115 516/2033/115
f 290/2204/115 516/2033/115 289/2205/115
f 289/2205/118 516/2033/118 514/2034/118
f 289/2205/118 514/2034/118 287/2206/118
f 287/2206/121 514/2034/121 510/2038/121
f 287/2206/121 510/2038/121 285/2208/121
f 285/2208/124 510/2038/124 509/2039/124
f 285/2208/124 509/2039/124 280/2209/124
f 280/2209/127 509/2039/127 507/2041/127
f 280/2209/127 507/2041/127 278/2211/127
f 278/2211/130 507/2041/130 505/2043/130
f 278/2211/130 505/2043/130 276/2213/130
f 276/2213/132 505/2043/132 504/2044/132
f 276/2213/132 504/2044/132 275/2214/132
f 275/2214/135 504/2044/135 502/2046/135
f 275/2214/135 502/2046/135 273/2216/135
f 273/2216/138 502/2046/138 501/2047/138
f 273/2216/138 501/2047/138 272/2217/138
f 272/2217/141 501/2047/141 500/2048/141
f 272/2217/141 500/2048/141 271/2218/141
f 271/2218/144 500/2048/144 498/2050/144
f 271/2218/144 498/2050/144 269/2220/144
f 269/2220/146 498/2050/146 497/2051/146
f 269/2220/146 497/2051/146 268/2221/146
f 268/2221/149 497/2051/149 496/2053/149
f 268/2221/149 496/2053/149 267/2223/149
f 267/2223/150 496/2053/150 495/2052/150
f 267/2223/150 495/2052/150 266/2222/150
f 266/299/109 495/223/109 479/214/109
f 266/299/109 479/214/109 258/280/109
f 258/2230/68 479/2068/68 480/2069/68
f 258/2230/68 480/2069/68 259/2231/68
f 259/2231/70 480/2069/70 481/2067/70
f 259/2231/70 481/2067/70 260/2229/70
f 260/2229/73 481/2067/73 483/2065/73
f 260/2229/73 483/2065/73 261/2228/73
f 261/2228/76 483/2065/76 484/2064/76
f 261/2228/76 484/2064/76 262/2227/76
f 262/2227/79 484/2064/79 486/2062/79
f 262/2227/79 486/2062/79 263/2226/79
f 263/2226/82 486/2062/82 489/2059/82
f 263/2226/82 489/2059/82 264/2225/82
f 264/2225/86 489/2059/86 494/2054/86
f 264/2225/86 494/2054/86 265/2224/86
f 265/2224/90 494/2054/90 499/2049/90
f 265/2224/90 499/2049/90 270/2219/90
f 270/2219/93 499/2049/93 503/2045/93
f 270/2219/93 503/2045/93 274/2215/93
f 274/2215/96 503/2045/96 506/2042/96
f 274/2215/96 506/2042/96 277/2212/96
f 277/2212/99 506/2042/99 508/2040/99
f 277/2212/99 508/2040/99 279/2210/99
f 279/2210/102 508/2040/102 511/2037/102
f 279/2210/102 511/2037/102 286/2207/102
f 286/349/105 511/253/105 515/260/105
f 286/349/105 515/260/105 288/352/105
f 288/352/106 515/260/106 518/265/106
f 288/352/106 518/265/106 291/356/106
f 291/356/113 518/265/113 520/269/113
f 291/356/113 520/269/113 297/363/113
f 297/363/114 520/269/114 522/276/114
f 297/363/114 522/276/114 299/368/114
f 299/2201/117 522/2029/117 525/2026/117
f 299/2201/117 525/2026/117 304/2198/117
f 304/2198/120 525/2026/120 527/2024/120
f 304/2198/120 527/2024/120 306/2196/120
f 306/2196/123 527/2024/123 530/2021/123
f 306/2196/123 530/2021/123 309/2193/123
f 309/2193/126 530/2021/126 534/2017/126
f 309/2193/126 534/2017/126 313/2189/126
f 313/2189/129 534/2017/129 539/2012/129
f 313/2189/129 539/2012/129 318/2184/129
f 318/2184/133 539/2012/133 540/2011/133
f 318/2184/133 540/2011/133 319/2183/133
f 319/2183/137 540/2011/137 541/2010/137
f 319/2183/137 541/2010/137 320/2182/137
f 320/2182/140 541/2010/140 542/2009/140
f 320/2182/140 542/2009/140 321/2181/140
f 321/2181/143 542/2009/143 543/2008/143
f 321/2181/143 543/2008/143 322/2180/143
f 322/2180/148 543/2008/148 544/2007/148
f 322/2180/148 544/2007/148 323/2179/148
f 323/2179/152 544/2007/152 546/2006/152
f 323/2179/152 546/2006/152 325/2178/152
f 325/2178/150 546/2006/150 545/2005/150
f 325/2178/150 545/2005/150 324/2177/150
f 324/420/109 545/342/109 537/321/109
f 324/420/109 537/321/109 316/405/109
f 325/419/3 324/418/3 316/403/3
f 537/319/217 545/340/217 546/341/217
f 325/419/3 316/403/3 317/404/3
f 538/320/217 537/319/217 546/341/217
f 325/419/3 317/404/3 315/402/3
f 536/318/217 538/320/217 546/341/217
f 325/419/3 315/402/3 314/401/3
f 535/317/217 536/318/217 546/341/217
f 325/419/3 314/401/3 312/399/3
f 533/313/217 535/317/217 546/341/217
f 325/419/3 312/399/3 311/392/3
f 532/310/217 533/313/217 546/341/217
f 325/419/3 311/392/3 310/388/3
f 531/308/217 532/310/217 546/341/217
f 325/419/3 310/388/3 308/384/3
f 529/296/217 531/308/217 546/341/217
f 325/419/3 308/384/3 307/383/3
f 528/293/217 529/296/217 546/341/217
f 267/298/3 266/297/3 258/278/3
f 479/212/217 495/221/217 496/222/217
f 267/298/3 258/278/3 259/279/3
f 480/213/217 479/212/217 496/222/217
f 267/298/3 259/279/3 260/281/3
f 481/215/217 480/213/217 496/222/217
f 267/298/3 260/281/3 261/282/3
f 483/216/217 481/215/217 496/222/217
f 267/298/3 261/282/3 262/284/3
f 484/217/217 483/216/217 496/222/217
f 267/298/3 262/284/3 263/287/3
f 486/218/217 484/217/217 496/222/217
f 267/298/3 263/287/3 264/290/3
f 489/219/217 486/218/217 496/222/217
f 267/298/3 264/290/3 265/294/3
f 494/220/217 489/219/217 496/222/217
f 267/298/3 265/294/3 270/302/3
f 499/226/217 494/220/217 496/222/217
f 270/302/3 274/314/3 277/331/3
f 506/242/217 503/237/217 499/226/217
f 270/302/3 277/331/3 279/335/3
f 508/248/217 506/242/217 499/226/217
f 270/302/3 279/335/3 286/348/3
f 511/252/217 508/248/217 499/226/217
f 270/302/3 286/348/3 288/351/3
f 515/259/217 511/252/217 499/226/217
f 270/302/3 288/351/3 291/355/3
f 518/264/217 515/259/217 499/226/217
f 270/302/3 291/355/3 297/362/3
f 520/268/217 518/264/217 499/226/217
f 297/362/3 299/367/3 304/378/3
f 525/286/217 522/275/217 520/268/217
f 297/362/3 304/378/3 306/382/3
f 527/292/217 525/286/217 520/268/217
f 297/362/3 306/382/3 309/387/3
f 530/305/217 527/292/217 520/268/217
f 297/362/3 309/387/3 313/400/3
f 534/315/217 530/305/217 520/268/217
f 297/362/3 313/400/3 318/406/3
f 539/326/217 534/315/217 520/268/217
f 297/362/3 318/406/3 319/407/3
f 540/332/217 539/326/217 520/268/217
f 297/362/3 319/407/3 320/408/3
f 541/334/217 540/332/217 520/268/217
f 297/362/3 320/408/3 321/412/3
f 542/337/217 541/334/217 520/268/217
f 297/362/3 321/412/3 322/413/3
f 543/338/217 542/337/217 520/268/217
f 297/362/3 322/413/3 323/417/3
f 544/339/217 543/338/217 520/268/217
f 297/362/3 323/417/3 325/419/3
f 546/341/217 544/339/217 520/268/217
f 297/362/3 325/419/3 307/383/3
f 528/293/217 546/341/217 520/268/217
f 297/362/3 307/383/3 305/379/3
f 526/289/217 528/293/217 520/268/217
f 297/362/3 305/379/3 303/374/3
f 524/285/217 526/289/217 520/268/217
f 297/362/3 303/374/3 302/369/3
f 523/277/217 524/285/217 520/268/217
f 297/362/3 302/369/3 298/366/3
f 521/271/217 523/277/217 520/268/217
f 297/362/3 298/366/3 292/361/3
f 519/267/217 521/271/217 520/268/217
f 297/362/3 292/361/3 290/354/3
f 517/263/217 519/267/217 520/268/217
f 297/362/3 290/354/3 289/353/3
f 516/261/217 517/263/217 520/268/217
f 268/300/3 267/298/3 270/302/3
f 499/226/217 496/222/217 497/224/217
f 270/302/3 297/362/3 289/353/3
f 516/261/217 520/268/217 499/226/217
f 270/302/3 289/353/3 287/350/3
f 514/255/217 516/261/217 499/226/217
f 270/302/3 287/350/3 285/343/3
f 510/251/217 514/255/217 499/226/217
f 270/302/3 285/343/3 280/336/3
f 509/249/217 510/251/217 499/226/217
f 270/302/3 280/336/3 278/333/3
f 507/246/217 509/249/217 499/226/217
f 270/302/3 278/333/3 276/330/3
f 505/241/217 507/246/217 499/226/217
f 270/302/3 276/330/3 275/322/3
f 504/239/217 505/241/217 499/226/217
f 270/302/3 275/322/3 273/312/3
f 502/235/217 504/239/217 499/226/217
f 270/302/3 273/312/3 272/309/3
f 501/233/217 502/235/217 499/226/217
f 270/302/3 272/309/3 271/306/3
f 500/227/217 501/233/217 499/226/217
f 270/302/3 271/306/3 269/301/3
f 498/225/217 500/227/217 499/226/217
f 270/302/3 269/301/3 268/300/3
f 497/224/217 498/225/217 499/226/217
f 456/2091/68 495/2052/68 496/2053/68
f 456/2091/68 496/2053/68 457/2092/68
f 457/2092/69 496/2053/69 497/2051/69
f 457/2092/69 497/2051/69 458/2090/69
f 458/2090/72 497/2051/72 498/2050/72
f 458/2090/72 498/2050/72 459/2089/72
f 459/2089/75 498/2050/75 500/2048/75
f 459/2089/75 500/2048/75 460/2088/75
f 460/2088/78 500/2048/78 501/2047/78
f 460/2088/78 501/2047/78 461/2087/78
f 461/2087/81 501/2047/81 502/2046/81
f 461/2087/81 502/2046/81 462/2086/81
f 462/2086/84 502/2046/84 504/2044/84
f 462/2086/84 504/2044/84 463/2085/84
f 463/2085/87 504/2044/87 505/2043/87
f 463/2085/87 505/2043/87 464/2084/87
f 464/2084/89 505/2043/89 507/2041/89
f 464/2084/89 507/2041/89 465/2083/89
f 465/2083/92 507/2041/92 509/2039/92
f 465/2083/92 509/2039/92 466/2082/92
f 466/2082/95 509/2039/95 510/2038/95
f 466/2082/95 510/2038/95 467/2081/95
f 467/2081/98 510/2038/98 514/2034/98
f 467/2081/98 514/2034/98 470/2078/98
f 470/2078/101 514/2034/101 516/2033/101
f 470/2078/101 516/2033/101 471/2077/101
f 471/2077/104 516/2033/104 517/2032/104
f 471/2077/104 517/2032/104 472/2076/104
f 472/2076/116 517/2032/116 519/2031/116
f 472/2076/116 519/2031/116 473/2075/116
f 473/2075/119 519/2031/119 521/2030/119
f 473/2075/119 521/2030/119 474/2074/119
f 474/2074/122 521/2030/122 523/2028/122
f 474/2074/122 523/2028/122 475/2073/122
f 475/2073/125 523/2028/125 524/2027/125
f 475/2073/125 524/2027/125 476/2072/125
f 476/2072/128 524/2027/128 526/2025/128
f 476/2072/128 526/2025/128 477/2071/128
f 477/2071/131 526/2025/131 528/2023/131
f 477/2071/131 528/2023/131 478/2070/131
f 478/2070/134 528/2023/134 529/2022/134
f 478/2070/134 529/2022/134 482/2066/134
f 482/2066/136 529/2022/136 531/2020/136
f 482/2066/136 531/2020/136 485/2063/136
f 485/2063/139 531/2020/139 532/2019/139
f 485/2063/139 532/2019/139 487/2061/139
f 487/2061/142 532/2019/142 533/2018/142
f 487/2061/142 533/2018/142 488/2060/142
f 488/2060/145 533/2018/145 535/2016/145
f 488/2060/145 535/2016/145 490/2058/145
f 490/2058/147 535/2016/147 536/2015/147
f 490/2058/147 536/2015/147 491/2057/147
f 491/2057/151 536/2015/151 538/2014/151
f 491/2057/151 538/2014/151 493/2056/151
f 493/2056/150 538/2014/150 537/2013/150
f 493/2056/150 537/2013/150 492/2055/150
f 492/329/109 537/321/109 495/223/109
f 492/329/109 495/223/109 456/230/109
f 493/328/3 492/327/3 456/228/3
f 495/221/217 537/319/217 538/320/217
f 493/328/3 456/228/3 457/229/3
f 496/222/217 495/221/217 538/320/217
f 493/328/3 457/229/3 458/231/3
f 497/224/217 496/222/217 538/320/217
f 493/328/3 458/231/3 459/232/3
f 498/225/217 497/224/217 538/320/217
f 493/328/3 459/232/3 460/234/3
f 500/227/217 498/225/217 538/320/217
f 493/328/3 460/234/3 461/236/3
f 501/233/217 500/227/217 538/320/217
f 493/328/3 461/236/3 462/238/3
f 502/235/217 501/233/217 538/320/217
f 493/328/3 462/238/3 463/240/3
f 504/239/217 502/235/217 538/320/217
f 493/328/3 463/240/3 464/245/3
f 505/241/217 504/239/217 538/320/217
f 493/328/3 464/245/3 465/247/3
f 507/246/217 505/241/217 538/320/217
f 493/328/3 465/247/3 466/250/3
f 509/249/217 507/246/217 538/320/217
f 493/328/3 466/250/3 467/254/3
f 510/251/217 509/249/217 538/320/217
f 493/328/3 467/254/3 470/256/3
f 514/255/217 510/251/217 538/320/217
f 493/328/3 470/256/3 471/262/3
f 516/261/217 514/255/217 538/320/217
f 493/328/3 471/262/3 472/266/3
f 517/263/217 516/261/217 538/320/217
f 493/328/3 472/266/3 473/270/3
f 519/267/217 517/263/217 538/320/217
f 493/328/3 473/270/3 474/274/3
f 521/271/217 519/267/217 538/320/217
f 493/328/3 474/274/3 475/283/3
f 523/277/217 521/271/217 538/320/217
f 493/328/3 475/283/3 476/288/3
f 524/285/217 523/277/217 538/320/217
f 493/328/3 476/288/3 477/291/3
f 526/289/217 524/285/217 538/320/217
f 493/328/3 477/291/3 478/295/3
f 528/293/217 526/289/217 538/320/217
f 493/328/3 478/295/3 482/307/3
f 529/296/217 528/293/217 538/320/217
f 493/328/3 482/307/3 485/311/3
f 531/308/217 529/296/217 538/320/217
f 493/328/3 485/311/3 487/316/3
f 532/310/217 531/308/217 538/320/217
f 493/328/3 487/316/3 488/323/3
f 533/313/217 532/310/217 538/320/217
f 493/328/3 488/323/3 490/324/3
f 535/317/217 533/313/217 538/320/217
f 493/328/3 490/324/3 491/325/3
f 536/318/217 535/317/217 538/320/217
f 326/718/217 333/907/217 334/908/217
f 326/718/217 334/908/217 327/719/217
f 333/2168/150 232/2238/150 233/2239/150
f 333/2168/150 233/2239/150 334/2169/150
f 232/967/3 226/749/3 227/750/3
f 232/967/3 227/750/3 233/968/3
f 226/2242/68 326/2175/68 327/2176/68
f 226/2242/68 327/2176/68 227/2243/68
f 1324/101/217 1367/548/217 1368/549/217
f 1324/101/217 1368/549/217 1325/102/217
f 1367/1127/150 1357/1139/150 1358/1140/150
f 1367/1127/150 1358/1140/150 1368/1128/150
f 1357/551/3 1320/104/3 1321/105/3
f 1357/551/3 1321/105/3 1358/552/3
f 1320/1180/68 1324/1176/68 1325/1177/68
f 1320/1180/68 1325/1177/68 1321/1181/68
f 1358/550/110 1321/103/110 1325/100/110
f 1358/550/110 1325/100/110 1368/547/110
f 1220/107/217 1326/554/217 1327/555/217
f 1220/107/217 1327/555/217 1221/108/217
f 1326/1174/150 1322/1178/150 1323/1179/150
f 1326/1174/150 1323/1179/150 1327/1175/150
f 1322/557/3 1216/110/3 1217/111/3
f 1322/557/3 1217/111/3 1323/558/3
f 1216/1304/68 1220/1297/68 1221/1298/68
f 1216/1304/68 1221/1298/68 1217/1305/68
f 1323/556/110 1217/109/110 1221/106/110
f 1323/556/110 1221/106/110 1327/553/110
f 1188/113/217 1222/560/217 1223/561/217
f 1188/113/217 1223/561/217 1189/114/217
f 1222/1270/150 1218/1299/150 1219/1300/150
f 1222/1270/150 1219/1300/150 1223/1271/150
f 1218/563/3 1184/116/3 1185/117/3
f 1218/563/3 1185/117/3 1219/564/3
f 1184/1391/68 1188/1373/68 1189/1374/68
f 1184/1391/68 1189/1374/68 1185/1392/68
f 1219/562/110 1185/115/110 1189/112/110
f 1219/562/110 1189/112/110 1223/559/110
f 1084/118/217 1194/566/217 1195/567/217
f 1084/118/217 1195/567/217 1085/119/217
f 1194/1357/150 1186/1377/150 1187/1378/150
f 1194/1357/150 1187/1378/150 1195/1358/150
f 1186/569/3 1080/121/3 1081/122/3
f 1186/569/3 1081/122/3 1187/570/3
f 1080/1516/68 1084/1502/68 1085/1503/68
f 1080/1516/68 1085/1503/68 1081/1517/68
f 1187/568/110 1081/123/110 1085/120/110
f 1187/568/110 1085/120/110 1195/565/110
f 1054/124/217 1090/571/217 1091/572/217
f 1054/124/217 1091/572/217 1055/125/217
f 1090/1496/150 1082/1507/150 1083/1508/150
f 1090/1496/150 1083/1508/150 1091/1497/150
f 1082/574/3 1048/127/3 1049/128/3
f 1082/574/3 1049/128/3 1083/575/3
f 1048/1656/68 1054/1644/68 1055/1645/68
f 1048/1656/68 1055/1645/68 1049/1657/68
f 1083/576/110 1049/129/110 1055/126/110
f 1083/576/110 1055/126/110 1091/573/110
f 1018/130/217 1060/577/217 1061/578/217
f 1018/130/217 1061/578/217 1019/131/217
f 1060/1630/150 1050/1648/150 1051/1649/150
f 1060/1630/150 1051/1649/150 1061/1631/150
f 1050/580/3 1012/133/3 1013/134/3
f 1050/580/3 1013/134/3 1051/581/3
f 1012/1716/68 1018/1710/68 1019/1711/68
f 1012/1716/68 1019/1711/68 1013/1717/68
f 1051/582/110 1013/135/110 1019/132/110
f 1051/582/110 1019/132/110 1061/579/110
f 1030/1696/155 1042/1684/155 1043/1685/155
f 1030/1696/155 1043/1685/155 1031/1697/155
f 1042/139/206 1038/145/206 1039/146/206
f 1042/139/206 1039/146/206 1043/140/206
f 1038/1688/64 1028/1698/64 1029/1699/64
f 1038/1688/64 1029/1699/64 1039/1689/64
f 1028/142/14 1030/136/14 1031/137/14
f 1028/142/14 1031/137/14 1029/143/14
f 1039/147/110 1029/144/110 1031/138/110
f 1039/147/110 1031/138/110 1043/141/110
f 1359/1137/57 1363/1131/57 1364/1132/57
f 1359/1137/57 1364/1132/57 1360/1138/57
f 1363/446/177 1369/481/177 1370/482/177
f 1363/446/177 1370/482/177 1364/447/177
f 1369/1112/162 1365/1129/162 1366/1130/162
f 1369/1112/162 1366/1130/162 1370/1113/162
f 1365/496/42 1359/453/42 1360/454/42
f 1365/496/42 1360/454/42 1366/497/42
f 1370/480/110 1366/495/110 1360/452/110
f 1370/480/110 1360/452/110 1364/445/110
