# KeromanSteel - Lorient / Keroman 1943, generated by Tools/generate-lorient.py
# metres; Y up; OBJ (x, y, z) = (-north, up, -east); import roll 90 yaw 90
o KeromanSteel
v -744.489 4.620 417.057
v -744.489 4.770 417.057
v -744.410 4.620 417.071
v -744.410 4.770 417.071
v -743.076 4.620 417.306
v -743.076 4.770 417.306
v -742.997 4.620 417.320
v -742.997 4.770 417.320
v -702.814 4.620 180.703
v -702.814 4.770 180.703
v -702.735 4.620 180.717
v -702.735 4.770 180.717
v -701.400 4.620 180.952
v -701.400 4.770 180.952
v -701.322 4.620 180.966
v -701.322 4.770 180.966
v -664.319 4.500 -115.857
v -664.319 5.300 -115.857
v -664.216 4.500 -116.105
v -664.216 4.500 -115.610
v -664.216 5.300 -116.105
v -664.216 5.300 -115.610
v -663.969 4.500 -116.207
v -663.969 4.500 -115.507
v -663.969 5.300 -116.207
v -663.969 5.300 -115.507
v -663.721 4.500 -116.105
v -663.721 4.500 -115.610
v -663.721 5.300 -116.105
v -663.721 5.300 -115.610
v -663.619 4.500 -115.857
v -663.619 5.300 -115.857
v -646.592 4.500 -112.731
v -646.592 5.300 -112.731
v -646.490 4.500 -112.979
v -646.490 4.500 -112.484
v -646.490 5.300 -112.979
v -646.490 5.300 -112.484
v -646.242 4.500 -113.081
v -646.242 4.500 -112.381
v -646.242 5.300 -113.081
v -646.242 5.300 -112.381
v -645.995 4.500 -112.979
v -645.995 4.500 -112.484
v -645.995 5.300 -112.979
v -645.995 5.300 -112.484
v -645.892 4.500 -112.731
v -645.892 5.300 -112.731
v -628.866 4.500 -109.606
v -628.866 5.300 -109.606
v -628.763 4.500 -109.853
v -628.763 4.500 -109.358
v -628.763 5.300 -109.853
v -628.763 5.300 -109.358
v -628.516 4.500 -109.956
v -628.516 4.500 -109.256
v -628.516 5.300 -109.956
v -628.516 5.300 -109.256
v -628.268 4.500 -109.853
v -628.268 4.500 -109.358
v -628.268 5.300 -109.853
v -628.268 5.300 -109.358
v -628.166 4.500 -109.606
v -628.166 5.300 -109.606
v -611.139 4.500 -106.480
v -611.139 5.300 -106.480
v -611.037 4.500 -106.728
v -611.037 4.500 -106.233
v -611.037 5.300 -106.728
v -611.037 5.300 -106.233
v -610.789 4.500 -106.830
v -610.789 4.500 -106.130
v -610.789 5.300 -106.830
v -610.789 5.300 -106.130
v -610.542 4.500 -106.728
v -610.542 4.500 -106.233
v -610.542 5.300 -106.728
v -610.542 5.300 -106.233
v -610.439 4.500 -106.480
v -610.439 5.300 -106.480
v -593.413 4.500 -103.354
v -593.413 5.300 -103.354
v -593.310 4.500 -103.602
v -593.310 4.500 -103.107
v -593.310 5.300 -103.602
v -593.310 5.300 -103.107
v -593.063 4.500 -103.704
v -593.063 4.500 -103.004
v -593.063 5.300 -103.704
v -593.063 5.300 -103.004
v -592.815 4.500 -103.602
v -592.815 4.500 -103.107
v -592.815 5.300 -103.602
v -592.815 5.300 -103.107
v -592.713 4.500 -103.354
v -592.713 5.300 -103.354
v -575.686 4.500 -100.229
v -575.686 5.300 -100.229
v -575.584 4.500 -100.476
v -575.584 4.500 -99.981
v -575.584 5.300 -100.476
v -575.584 5.300 -99.981
v -575.336 4.500 -100.579
v -575.336 4.500 -99.879
v -575.336 5.300 -100.579
v -575.336 5.300 -99.879
v -575.089 4.500 -100.476
v -575.089 4.500 -99.981
v -575.089 5.300 -100.476
v -575.089 5.300 -99.981
v -574.986 4.500 -100.229
v -574.986 5.300 -100.229
v -425.402 3.200 256.098
v -425.402 4.520 256.098
v -424.971 3.200 250.623
v -424.971 3.200 261.573
v -424.971 4.520 250.623
v -424.971 4.520 261.573
v -423.689 3.200 245.283
v -423.689 3.200 266.914
v -423.689 4.520 245.283
v -423.689 4.520 266.914
v -421.587 3.200 240.208
v -421.587 3.200 271.988
v -421.587 4.520 240.208
v -421.587 4.520 271.988
v -418.718 3.200 235.526
v -418.718 3.200 276.671
v -418.718 4.520 235.526
v -418.718 4.520 276.671
v -416.147 4.500 -72.098
v -416.147 5.300 -72.098
v -416.045 4.500 -72.345
v -416.045 4.500 -71.850
v -416.045 5.300 -72.345
v -416.045 5.300 -71.850
v -415.797 4.500 -72.448
v -415.797 4.500 -71.748
v -415.797 5.300 -72.448
v -415.797 5.300 -71.748
v -415.550 4.500 -72.345
v -415.550 4.500 -71.850
v -415.550 5.300 -72.345
v -415.550 5.300 -71.850
v -415.447 4.500 -72.098
v -415.447 5.300 -72.098
v -415.151 3.200 231.349
v -415.151 3.200 280.847
v -415.151 4.520 231.349
v -415.151 4.520 280.847
v -412.255 4.500 361.606
v -412.255 6.200 361.606
v -412.012 4.500 360.227
v -412.012 6.200 360.227
v -410.975 3.200 227.783
v -410.975 3.200 284.414
v -410.975 4.520 227.783
v -410.975 4.520 284.414
v -410.577 4.500 352.086
v -410.577 6.200 352.086
v -410.334 4.500 350.708
v -410.334 6.200 350.708
v -408.898 4.500 342.567
v -408.898 6.200 342.567
v -408.655 4.500 341.188
v -408.655 6.200 341.188
v -407.220 4.500 333.047
v -407.220 6.200 333.047
v -406.976 4.500 331.668
v -406.976 6.200 331.668
v -406.292 3.200 224.913
v -406.292 3.200 287.283
v -406.292 4.520 224.913
v -406.292 4.520 287.283
v -405.953 4.500 362.718
v -405.953 6.200 362.718
v -405.709 4.500 361.339
v -405.709 6.200 361.339
v -405.541 4.500 323.527
v -405.541 6.200 323.527
v -405.298 4.500 322.148
v -405.298 6.200 322.148
v -404.274 4.500 353.198
v -404.274 6.200 353.198
v -404.031 4.500 351.819
v -404.031 6.200 351.819
v -403.862 4.500 314.007
v -403.862 6.200 314.007
v -403.619 4.500 312.628
v -403.619 6.200 312.628
v -402.595 4.500 343.678
v -402.595 6.200 343.678
v -402.352 4.500 342.299
v -402.352 6.200 342.299
v -402.184 4.500 304.487
v -402.184 6.200 304.487
v -401.941 4.500 303.109
v -401.941 6.200 303.109
v -401.218 3.200 222.811
v -401.218 3.200 289.385
v -401.218 4.520 222.811
v -401.218 4.520 289.385
v -400.917 4.500 334.158
v -400.917 6.200 334.158
v -400.674 4.500 332.779
v -400.674 6.200 332.779
v -399.238 4.500 324.638
v -399.238 6.200 324.638
v -398.995 4.500 323.260
v -398.995 6.200 323.260
v -398.648 4.510 289.676
v -398.648 4.690 289.676
v -398.471 4.510 289.708
v -398.471 4.690 289.708
v -398.421 4.500 -68.972
v -398.421 5.300 -68.972
v -398.318 4.500 -69.220
v -398.318 4.500 -68.725
v -398.318 5.300 -69.220
v -398.318 5.300 -68.725
v -398.071 4.500 -69.322
v -398.071 4.500 -68.622
v -398.071 5.300 -69.322
v -398.071 5.300 -68.622
v -397.823 4.500 -69.220
v -397.823 4.500 -68.725
v -397.823 5.300 -69.220
v -397.823 5.300 -68.725
v -397.721 4.500 -68.972
v -397.721 5.300 -68.972
v -397.560 4.500 315.119
v -397.560 6.200 315.119
v -397.316 4.500 313.740
v -397.316 6.200 313.740
v -395.881 4.500 305.599
v -395.881 6.200 305.599
v -395.877 3.200 221.529
v -395.877 3.200 290.667
v -395.877 4.520 221.529
v -395.877 4.520 290.667
v -395.638 4.500 304.220
v -395.638 6.200 304.220
v -394.315 4.510 290.440
v -394.315 4.690 290.440
v -394.138 4.510 290.472
v -394.138 4.690 290.472
v -392.902 4.520 256.098
v -392.902 5.100 256.098
v -392.567 4.520 254.848
v -392.567 4.520 257.348
v -392.567 5.100 254.848
v -392.567 5.100 257.348
v -391.951 18.500 -51.849
v -391.951 22.500 -51.849
v -391.652 4.520 253.933
v -391.652 4.520 258.263
v -391.652 5.100 253.933
v -391.652 5.100 258.263
v -391.137 18.150 -52.721
v -391.137 18.850 -52.721
v -391.093 4.500 -52.960
v -391.093 4.500 -52.360
v -391.093 18.500 -52.960
v -391.093 18.500 -52.360
v -390.493 4.500 -52.960
v -390.493 4.500 -52.360
v -390.493 18.500 -52.960
v -390.493 18.500 -52.360
v -390.448 18.150 -52.600
v -390.448 18.850 -52.600
v -390.402 3.200 221.098
v -390.402 3.200 291.098
v -390.402 4.520 221.098
v -390.402 4.520 253.598
v -390.402 4.520 258.598
v -390.402 4.520 291.098
v -390.402 5.100 253.598
v -390.402 5.100 258.598
v -390.215 18.500 -61.697
v -390.215 22.500 -61.697
v -389.958 4.620 479.570
v -389.958 4.770 479.570
v -389.880 4.620 479.584
v -389.880 4.770 479.584
v -389.748 18.150 -60.600
v -389.748 18.850 -60.600
v -389.703 4.500 -60.839
v -389.703 4.500 -60.239
v -389.703 18.500 -60.839
v -389.703 18.500 -60.239
v -389.152 4.520 253.933
v -389.152 4.520 258.263
v -389.152 5.100 253.933
v -389.152 5.100 258.263
v -389.103 4.500 -60.839
v -389.103 4.500 -60.239
v -389.103 18.500 -60.839
v -389.103 18.500 -60.239
v -389.059 18.150 -60.478
v -389.059 18.850 -60.478
v -388.545 4.620 479.819
v -388.545 4.770 479.819
v -388.466 4.620 479.833
v -388.466 4.770 479.833
v -388.237 4.520 254.848
v -388.237 4.520 257.348
v -388.237 5.100 254.848
v -388.237 5.100 257.348
v -387.902 4.520 256.098
v -387.902 5.100 256.098
v -387.451 22.500 -50.246
v -387.451 22.500 -49.746
v -387.451 27.500 -50.246
v -387.451 27.500 -49.746
v -386.951 22.500 -50.246
v -386.951 22.500 -49.746
v -386.951 27.500 -50.246
v -386.951 27.500 -49.746
v -386.666 4.510 221.725
v -386.666 4.690 221.725
v -386.568 22.890 -55.886
v -386.537 22.110 -56.063
v -386.489 4.510 221.756
v -386.489 4.690 221.756
v -385.780 22.890 -55.747
v -385.749 22.110 -55.924
v -384.927 3.200 221.529
v -384.927 3.200 290.667
v -384.927 4.520 221.529
v -384.927 4.520 290.667
v -383.259 18.150 -51.332
v -383.259 18.850 -51.332
v -383.214 4.500 -51.571
v -383.214 4.500 -50.971
v -383.214 18.500 -51.571
v -383.214 18.500 -50.971
v -382.614 4.500 -51.571
v -382.614 4.500 -50.971
v -382.614 18.500 -51.571
v -382.614 18.500 -50.971
v -382.569 18.150 -51.210
v -382.569 18.850 -51.210
v -382.333 4.510 222.489
v -382.333 4.690 222.489
v -382.156 4.510 222.520
v -382.156 4.690 222.520
v -382.103 18.500 -50.113
v -382.103 22.500 -50.113
v -382.053 28.890 -81.491
v -382.022 28.110 -81.668
v -381.870 18.150 -59.211
v -381.870 18.850 -59.211
v -381.825 4.500 -59.450
v -381.825 4.500 -58.850
v -381.825 18.500 -59.450
v -381.825 18.500 -58.850
v -381.266 28.890 -81.352
v -381.234 28.110 -81.529
v -381.225 4.500 -59.450
v -381.225 4.500 -58.850
v -381.225 18.500 -59.450
v -381.225 18.500 -58.850
v -381.180 18.150 -59.089
v -381.180 18.850 -59.089
v -380.694 4.500 -65.846
v -380.694 5.300 -65.846
v -380.592 4.500 -66.094
v -380.592 4.500 -65.599
v -380.592 5.300 -66.094
v -380.592 5.300 -65.599
v -380.367 18.500 -59.961
v -380.367 22.500 -59.961
v -380.344 4.500 -66.196
v -380.344 4.500 -65.496
v -380.344 5.300 -66.196
v -380.344 5.300 -65.496
v -380.097 4.500 -66.094
v -380.097 4.500 -65.599
v -380.097 5.300 -66.094
v -380.097 5.300 -65.599
v -379.994 4.500 -65.846
v -379.994 5.300 -65.846
v -379.586 3.200 222.811
v -379.586 3.200 289.385
v -379.586 4.520 222.811
v -379.586 4.520 289.385
v -374.512 3.200 224.913
v -374.512 3.200 287.283
v -374.512 4.520 224.913
v -374.512 4.520 287.283
v -369.830 3.200 227.783
v -369.830 3.200 284.414
v -369.830 4.520 227.783
v -369.830 4.520 284.414
v -365.653 3.200 231.349
v -365.653 3.200 280.847
v -365.653 4.520 231.349
v -365.653 4.520 280.847
v -362.968 4.500 -62.721
v -362.968 5.300 -62.721
v -362.865 4.500 -62.968
v -362.865 4.500 -62.473
v -362.865 5.300 -62.968
v -362.865 5.300 -62.473
v -362.618 4.500 -63.071
v -362.618 4.500 -62.371
v -362.618 5.300 -63.071
v -362.618 5.300 -62.371
v -362.370 4.500 -62.968
v -362.370 4.500 -62.473
v -362.370 5.300 -62.968
v -362.370 5.300 -62.473
v -362.268 4.500 -62.721
v -362.268 5.300 -62.721
v -362.086 3.200 235.526
v -362.086 3.200 276.671
v -362.086 4.520 235.526
v -362.086 4.520 276.671
v -359.217 3.200 240.208
v -359.217 3.200 271.988
v -359.217 4.520 240.208
v -359.217 4.520 271.988
v -357.115 3.200 245.283
v -357.115 3.200 266.914
v -357.115 4.520 245.283
v -357.115 4.520 266.914
v -355.833 3.200 250.623
v -355.833 3.200 261.573
v -355.833 4.520 250.623
v -355.833 4.520 261.573
v -355.402 3.200 256.098
v -355.402 4.520 256.098
v -354.861 4.300 270.488
v -354.861 7.500 270.488
v -354.852 9.128 270.439
v -354.826 10.749 270.292
v -354.783 12.358 270.047
v -354.723 13.949 269.706
v -354.646 15.516 269.269
v -354.552 17.053 268.738
v -354.443 18.553 268.116
v -354.348 4.620 363.998
v -354.348 4.770 363.998
v -354.317 20.012 267.404
v -354.270 4.300 270.593
v -354.270 4.620 364.012
v -354.270 4.770 364.012
v -354.270 7.500 270.593
v -354.261 9.128 270.543
v -354.235 10.749 270.396
v -354.192 12.358 270.151
v -354.176 21.425 266.606
v -354.175 4.620 363.013
v -354.175 4.770 363.013
v -354.132 13.949 269.810
v -354.096 4.620 363.027
v -354.096 4.770 363.027
v -354.055 15.516 269.373
v -354.021 22.784 265.724
v -353.961 17.053 268.842
v -353.852 18.553 268.220
v -353.851 24.087 264.761
v -353.726 20.012 267.508
v -353.668 25.327 263.722
v -353.585 21.425 266.710
v -353.472 26.500 262.610
v -353.430 22.784 265.828
v -353.276 25.327 261.498
v -353.260 24.087 264.866
v -353.092 24.087 260.458
v -353.077 25.327 263.826
v -352.935 4.620 364.247
v -352.935 4.770 364.247
v -352.923 22.784 259.496
v -352.881 26.500 262.714
v -352.856 4.620 364.261
v -352.856 4.770 364.261
v -352.767 21.425 258.614
v -352.762 4.620 363.262
v -352.762 4.770 363.262
v -352.685 25.327 261.602
v -352.683 4.620 363.276
v -352.683 4.770 363.276
v -352.626 20.012 257.816
v -352.502 24.087 260.563
v -352.501 18.553 257.104
v -352.391 17.053 256.482
v -352.332 22.784 259.600
v -352.298 15.516 255.951
v -352.221 13.949 255.514
v -352.176 21.425 258.718
v -352.160 12.358 255.173
v -352.117 10.749 254.928
v -352.091 9.128 254.781
v -352.083 4.300 254.731
v -352.083 7.500 254.731
v -352.035 20.012 257.920
v -351.910 18.553 257.208
v -351.800 17.053 256.586
v -351.707 15.516 256.055
v -351.630 13.949 255.618
v -351.569 12.358 255.277
v -351.526 10.749 255.032
v -351.500 9.128 254.885
v -351.492 4.300 254.836
v -351.492 7.500 254.836
v -348.283 4.620 243.216
v -348.283 4.770 243.216
v -348.204 4.620 243.230
v -348.204 4.770 243.230
v -346.870 4.620 243.466
v -346.870 4.770 243.466
v -346.791 4.620 243.479
v -346.791 4.770 243.479
v -345.241 4.500 -59.595
v -345.241 5.300 -59.595
v -345.139 4.500 -59.843
v -345.139 4.500 -59.348
v -345.139 5.300 -59.843
v -345.139 5.300 -59.348
v -344.891 4.500 -59.945
v -344.891 4.500 -59.245
v -344.891 5.300 -59.945
v -344.891 5.300 -59.245
v -344.644 4.500 -59.843
v -344.644 4.500 -59.348
v -344.644 5.300 -59.843
v -344.644 5.300 -59.348
v -344.541 4.500 -59.595
v -344.541 5.300 -59.595
v -332.863 18.500 -41.430
v -332.863 22.500 -41.430
v -332.049 18.150 -42.302
v -332.049 18.850 -42.302
v -332.004 4.500 -42.542
v -332.004 4.500 -41.942
v -332.004 18.500 -42.542
v -332.004 18.500 -41.942
v -331.404 4.500 -42.542
v -331.404 4.500 -41.942
v -331.404 18.500 -42.542
v -331.404 18.500 -41.942
v -331.359 18.150 -42.181
v -331.359 18.850 -42.181
v -331.126 18.500 -51.278
v -331.126 22.500 -51.278
v -330.660 18.150 -50.181
v -330.660 18.850 -50.181
v -330.615 4.500 -50.420
v -330.615 4.500 -49.820
v -330.615 18.500 -50.420
v -330.615 18.500 -49.820
v -330.015 4.500 -50.420
v -330.015 4.500 -49.820
v -330.015 18.500 -50.420
v -330.015 18.500 -49.820
v -329.970 18.150 -50.059
v -329.970 18.850 -50.059
v -328.362 22.500 -39.827
v -328.362 22.500 -39.327
v -328.362 27.500 -39.827
v -328.362 27.500 -39.327
v -328.076 4.620 235.610
v -328.076 4.770 235.610
v -327.997 4.620 235.623
v -327.997 4.770 235.623
v -327.862 22.500 -39.827
v -327.862 22.500 -39.327
v -327.862 27.500 -39.827
v -327.862 27.500 -39.327
v -327.515 4.500 -56.469
v -327.515 5.300 -56.469
v -327.480 22.890 -45.467
v -327.449 22.110 -45.644
v -327.412 4.500 -56.717
v -327.412 4.500 -56.222
v -327.412 5.300 -56.717
v -327.412 5.300 -56.222
v -327.165 4.500 -56.819
v -327.165 4.500 -56.119
v -327.165 5.300 -56.819
v -327.165 5.300 -56.119
v -326.917 4.500 -56.717
v -326.917 4.500 -56.222
v -326.917 5.300 -56.717
v -326.917 5.300 -56.222
v -326.815 4.500 -56.469
v -326.815 5.300 -56.469
v -326.692 22.890 -45.328
v -326.661 22.110 -45.505
v -324.170 18.150 -40.913
v -324.170 18.850 -40.913
v -324.137 4.620 236.304
v -324.137 4.770 236.304
v -324.126 4.500 -41.152
v -324.126 4.500 -40.552
v -324.126 18.500 -41.152
v -324.126 18.500 -40.552
v -324.058 4.620 236.318
v -324.058 4.770 236.318
v -323.770 3.000 137.355
v -323.770 3.150 137.355
v -323.756 3.000 137.276
v -323.756 3.150 137.276
v -323.526 4.500 -41.152
v -323.526 4.500 -40.552
v -323.526 18.500 -41.152
v -323.526 18.500 -40.552
v -323.481 18.150 -40.792
v -323.481 18.850 -40.792
v -323.336 3.000 134.893
v -323.336 3.150 134.893
v -323.322 3.000 134.814
v -323.322 3.150 134.814
v -323.015 18.500 -39.694
v -323.015 22.500 -39.694
v -322.965 28.890 -71.072
v -322.934 28.110 -71.249
v -322.797 4.620 236.541
v -322.797 4.770 236.541
v -322.781 18.150 -48.792
v -322.781 18.850 -48.792
v -322.737 4.500 -49.031
v -322.737 4.500 -48.431
v -322.737 18.500 -49.031
v -322.737 18.500 -48.431
v -322.718 4.620 236.554
v -322.718 4.770 236.554
v -322.177 28.890 -70.933
v -322.146 28.110 -71.110
v -322.137 4.500 -49.031
v -322.137 4.500 -48.431
v -322.137 18.500 -49.031
v -322.137 18.500 -48.431
v -322.092 18.150 -48.670
v -322.092 18.850 -48.670
v -321.278 18.500 -49.542
v -321.278 22.500 -49.542
v -321.200 3.000 122.779
v -321.200 3.150 122.779
v -321.186 3.000 122.701
v -321.186 3.150 122.701
v -320.766 3.000 120.317
v -320.766 3.150 120.317
v -320.752 3.000 120.239
v -320.752 3.150 120.239
v -318.857 4.620 237.235
v -318.857 4.770 237.235
v -318.779 4.620 237.249
v -318.779 4.770 237.249
v -318.630 3.000 108.204
v -318.630 3.150 108.204
v -318.616 3.000 108.126
v -318.616 3.150 108.126
v -318.196 3.000 105.742
v -318.196 3.150 105.742
v -318.182 3.000 105.664
v -318.182 3.150 105.664
v -317.264 4.500 156.891
v -317.264 16.500 156.891
v -317.125 4.500 156.103
v -317.125 16.500 156.103
v -316.829 7.500 156.155
v -316.829 7.900 156.155
v -316.829 10.500 156.155
v -316.829 10.900 156.155
v -316.829 13.500 156.155
v -316.829 13.900 156.155
v -316.777 7.500 155.860
v -316.777 7.900 155.860
v -316.777 10.500 155.860
v -316.777 10.900 155.860
v -316.777 13.500 155.860
v -316.777 13.900 155.860
v -316.060 3.000 93.629
v -316.060 3.150 93.629
v -316.046 3.000 93.550
v -316.046 3.150 93.550
v -315.626 3.000 91.167
v -315.626 3.150 91.167
v -315.612 3.000 91.088
v -315.612 3.150 91.088
v -314.011 4.620 155.840
v -314.011 4.770 155.840
v -313.932 4.620 155.854
v -313.932 4.770 155.854
v -310.072 4.620 156.535
v -310.072 4.770 156.535
v -309.993 4.620 156.549
v -309.993 4.770 156.549
v -309.788 4.500 -53.344
v -309.788 5.300 -53.344
v -309.685 4.500 -53.591
v -309.685 4.500 -53.096
v -309.685 5.300 -53.591
v -309.685 5.300 -53.096
v -309.438 4.500 -53.694
v -309.438 4.500 -52.994
v -309.438 5.300 -53.694
v -309.438 5.300 -52.994
v -309.283 4.620 238.923
v -309.283 4.770 238.923
v -309.204 4.620 238.937
v -309.204 4.770 238.937
v -309.191 4.500 -53.591
v -309.191 4.500 -53.096
v -309.191 5.300 -53.591
v -309.191 5.300 -53.096
v -309.088 4.500 -53.344
v -309.088 5.300 -53.344
v -308.731 4.620 156.771
v -308.731 4.770 156.771
v -308.652 4.620 156.785
v -308.652 4.770 156.785
v -307.295 29.845 178.511
v -307.254 29.845 178.623
v -307.251 29.955 178.494
v -307.210 29.955 178.607
v -305.883 29.845 175.481
v -305.867 29.955 175.525
v -305.770 29.845 175.440
v -305.754 29.955 175.484
v -305.697 27.500 177.738
v -305.697 29.000 177.738
v -305.492 27.500 177.243
v -305.492 27.500 178.233
v -305.492 29.000 177.243
v -305.492 29.000 178.233
v -305.344 4.620 239.618
v -305.344 4.770 239.618
v -305.322 28.945 177.792
v -305.281 28.945 177.905
v -305.278 29.055 177.776
v -305.265 4.620 239.632
v -305.265 4.770 239.632
v -305.237 29.055 177.889
v -305.165 28.945 177.454
v -305.148 29.055 177.499
v -305.052 28.945 177.413
v -305.036 29.055 177.458
v -304.997 27.500 177.038
v -304.997 27.500 178.438
v -304.997 29.000 177.038
v -304.997 29.000 178.438
v -304.959 29.055 178.018
v -304.943 28.945 178.063
v -304.847 29.055 177.977
v -304.830 28.945 178.022
v -304.792 4.620 157.466
v -304.792 4.770 157.466
v -304.758 29.055 177.587
v -304.717 29.055 177.700
v -304.714 28.945 177.571
v -304.713 4.620 157.480
v -304.713 4.770 157.480
v -304.673 28.945 177.684
v -304.502 27.500 177.243
v -304.502 27.500 178.233
v -304.502 29.000 177.243
v -304.502 29.000 178.233
v -304.297 27.500 177.738
v -304.297 29.000 177.738
v -304.241 29.955 179.992
v -304.225 29.845 180.036
v -304.128 29.955 179.951
v -304.112 29.845 179.995
v -304.003 4.620 239.854
v -304.003 4.770 239.854
v -303.924 4.620 239.868
v -303.924 4.770 239.868
v -302.785 29.955 176.869
v -302.744 29.955 176.982
v -302.741 29.845 176.853
v -302.699 29.845 176.965
v -302.172 7.500 158.740
v -302.172 7.900 158.740
v -302.172 10.500 158.740
v -302.172 10.900 158.740
v -302.172 13.500 158.740
v -302.172 13.900 158.740
v -302.120 7.500 158.445
v -302.120 7.900 158.445
v -302.120 10.500 158.445
v -302.120 10.900 158.445
v -302.120 13.500 158.445
v -302.120 13.900 158.445
v -302.016 4.500 159.580
v -302.016 16.500 159.580
v -301.877 4.500 158.792
v -301.877 16.500 158.792
v -301.478 4.500 76.004
v -301.478 16.500 76.004
v -301.339 4.500 75.216
v -301.339 16.500 75.216
v -301.235 7.500 76.351
v -301.235 7.900 76.351
v -301.235 10.500 76.351
v -301.235 10.900 76.351
v -301.235 13.500 76.351
v -301.235 13.900 76.351
v -301.183 7.500 76.056
v -301.183 7.900 76.056
v -301.183 10.500 76.056
v -301.183 10.900 76.056
v -301.183 13.500 76.056
v -301.183 13.900 76.056
v -300.064 4.620 240.549
v -300.064 4.770 240.549
v -299.985 4.620 240.563
v -299.985 4.770 240.563
v -299.449 4.620 77.174
v -299.449 4.770 77.174
v -299.370 4.620 77.188
v -299.370 4.770 77.188
v -298.470 4.500 160.205
v -298.470 16.500 160.205
v -298.331 4.500 159.417
v -298.331 16.500 159.417
v -298.036 7.500 159.469
v -298.036 7.900 159.469
v -298.036 10.500 159.469
v -298.036 10.900 159.469
v -298.036 13.500 159.469
v -298.036 13.900 159.469
v -297.984 7.500 159.174
v -297.984 7.900 159.174
v -297.984 10.500 159.174
v -297.984 10.900 159.174
v -297.984 13.500 159.174
v -297.984 13.900 159.174
v -295.509 4.620 77.868
v -295.509 4.770 77.868
v -295.431 4.620 77.882
v -295.431 4.770 77.882
v -295.217 4.620 159.154
v -295.217 4.770 159.154
v -295.139 4.620 159.168
v -295.139 4.770 159.168
v -294.976 4.620 77.962
v -294.976 4.770 77.962
v -294.897 4.620 77.976
v -294.897 4.770 77.976
v -292.061 4.500 -50.218
v -292.061 5.300 -50.218
v -291.959 4.500 -50.466
v -291.959 4.500 -49.971
v -291.959 5.300 -50.466
v -291.959 5.300 -49.971
v -291.711 4.500 -50.568
v -291.711 4.500 -49.868
v -291.711 5.300 -50.568
v -291.711 5.300 -49.868
v -291.464 4.500 -50.466
v -291.464 4.500 -49.971
v -291.464 5.300 -50.466
v -291.464 5.300 -49.971
v -291.361 4.500 -50.218
v -291.361 5.300 -50.218
v -291.278 4.620 159.849
v -291.278 4.770 159.849
v -291.199 4.620 159.862
v -291.199 4.770 159.862
v -291.037 4.620 78.657
v -291.037 4.770 78.657
v -290.958 4.620 78.671
v -290.958 4.770 78.671
v -290.489 4.620 242.237
v -290.489 4.770 242.237
v -290.411 4.620 242.251
v -290.411 4.770 242.251
v -289.938 4.620 160.085
v -289.938 4.770 160.085
v -289.859 4.620 160.099
v -289.859 4.770 160.099
v -288.998 7.500 78.509
v -288.998 7.900 78.509
v -288.998 10.500 78.509
v -288.998 10.900 78.509
v -288.998 13.500 78.509
v -288.998 13.900 78.509
v -288.946 7.500 78.213
v -288.946 7.900 78.213
v -288.946 10.500 78.213
v -288.946 10.900 78.213
v -288.946 13.500 78.213
v -288.946 13.900 78.213
v -288.651 4.500 78.265
v -288.651 16.500 78.265
v -288.512 4.500 77.477
v -288.512 16.500 77.477
v -286.550 4.620 242.932
v -286.550 4.770 242.932
v -286.509 5.500 228.418
v -286.509 6.400 228.418
v -286.491 4.700 231.773
v -286.491 5.500 231.773
v -286.471 4.620 242.946
v -286.471 4.770 242.946
v -286.266 5.500 227.040
v -286.266 6.400 227.040
v -285.998 4.620 160.779
v -285.998 4.770 160.779
v -285.920 4.620 160.793
v -285.920 4.770 160.793
v -285.506 4.700 231.946
v -285.506 5.500 231.946
v -285.210 4.620 243.168
v -285.210 4.770 243.168
v -285.131 4.620 243.182
v -285.131 4.770 243.182
v -285.004 5.500 219.883
v -285.004 6.400 219.883
v -284.839 4.500 78.531
v -284.839 16.500 78.531
v -284.761 5.500 218.505
v -284.761 6.400 218.505
v -284.051 4.500 78.670
v -284.051 16.500 78.670
v -283.656 4.500 71.822
v -283.656 16.500 71.822
v -283.499 5.500 211.348
v -283.499 6.400 211.348
v -283.379 7.500 162.054
v -283.379 7.900 162.054
v -283.379 10.500 162.054
v -283.379 10.900 162.054
v -283.379 13.500 162.054
v -283.379 13.900 162.054
v -283.327 7.500 161.758
v -283.327 7.900 161.758
v -283.327 10.500 161.758
v -283.327 10.900 161.758
v -283.327 13.500 161.758
v -283.327 13.900 161.758
v -283.256 5.500 209.970
v -283.256 6.400 209.970
v -283.222 4.500 162.894
v -283.222 16.500 162.894
v -283.083 4.500 162.106
v -283.083 16.500 162.106
v -283.076 4.620 80.061
v -283.076 4.770 80.061
v -282.997 4.620 80.075
v -282.997 4.770 80.075
v -282.868 4.500 71.961
v -282.868 16.500 71.961
v -282.355 4.700 232.502
v -282.355 5.500 232.502
v -281.994 5.500 202.813
v -281.994 6.400 202.813
v -281.751 5.500 201.435
v -281.751 6.400 201.435
v -281.370 4.700 232.675
v -281.370 5.500 232.675
v -281.271 4.620 243.863
v -281.271 4.770 243.863
v -281.192 4.620 243.877
v -281.192 4.770 243.877
v -280.807 4.500 171.079
v -280.807 16.500 171.079
v -280.489 5.500 194.278
v -280.489 6.400 194.278
v -280.246 5.500 192.900
v -280.246 6.400 192.900
v -280.206 5.500 229.530
v -280.206 6.400 229.530
v -280.019 4.500 171.218
v -280.019 16.500 171.218
v -279.963 5.500 228.151
v -279.963 6.400 228.151
v -279.673 5.500 67.156
v -279.673 6.400 67.156
v -279.655 4.700 70.510
v -279.655 5.500 70.510
v -279.430 5.500 65.777
v -279.430 6.400 65.777
v -279.411 4.500 163.160
v -279.411 16.500 163.160
v -279.137 4.620 80.755
v -279.137 4.770 80.755
v -279.058 4.620 80.769
v -279.058 4.770 80.769
v -278.984 5.500 185.743
v -278.984 6.400 185.743
v -278.741 5.500 184.365
v -278.741 6.400 184.365
v -278.701 5.500 220.995
v -278.701 6.400 220.995
v -278.670 4.700 70.683
v -278.670 5.500 70.683
v -278.623 4.500 163.299
v -278.623 16.500 163.299
v -278.604 4.620 80.849
v -278.604 4.770 80.849
v -278.525 4.620 80.863
v -278.525 4.770 80.863
v -278.458 5.500 219.616
v -278.458 6.400 219.616
v -278.168 5.500 58.621
v -278.168 6.400 58.621
v -277.925 5.500 57.242
v -277.925 6.400 57.242
v -277.916 4.620 -44.942
v -277.916 4.770 -44.942
v -277.838 4.620 -44.929
v -277.838 4.770 -44.929
v -277.479 5.500 177.208
v -277.479 6.400 177.208
v -277.236 5.500 175.830
v -277.236 6.400 175.830
v -277.196 5.500 212.460
v -277.196 6.400 212.460
v -276.953 5.500 211.081
v -276.953 6.400 211.081
v -276.663 5.500 50.086
v -276.663 6.400 50.086
v -276.424 4.620 162.468
v -276.424 4.770 162.468
v -276.420 5.500 48.707
v -276.420 6.400 48.707
v -276.345 4.620 162.482
v -276.345 4.770 162.482
v -276.072 4.700 172.684
v -276.072 5.500 172.684
v -275.691 5.500 203.925
v -275.691 6.400 203.925
v -275.519 4.700 71.239
v -275.519 5.500 71.239
v -275.448 5.500 202.546
v -275.448 6.400 202.546
v -275.158 5.500 41.551
v -275.158 6.400 41.551
v -275.087 4.700 172.858
v -275.087 5.500 172.858
v -274.915 5.500 40.172
v -274.915 6.400 40.172
v -274.664 4.620 81.544
v -274.664 4.770 81.544
v -274.586 4.620 81.558
v -274.586 4.770 81.558
v -274.534 4.700 71.413
v -274.534 5.500 71.413
v -274.335 4.500 -47.092
v -274.335 5.300 -47.092
v -274.232 4.500 -47.340
v -274.232 4.500 -46.845
v -274.232 5.300 -47.340
v -274.232 5.300 -46.845
v -274.186 5.500 195.390
v -274.186 6.400 195.390
v -273.985 4.500 -47.442
v -273.985 4.500 -46.742
v -273.985 5.300 -47.442
v -273.985 5.300 -46.742
v -273.977 4.620 -44.248
v -273.977 4.770 -44.248
v -273.943 5.500 194.011
v -273.943 6.400 194.011
v -273.898 4.620 -44.234
v -273.898 4.770 -44.234
v -273.737 4.500 -47.340
v -273.737 4.500 -46.845
v -273.737 5.300 -47.340
v -273.737 5.300 -46.845
v -273.653 5.500 33.016
v -273.653 6.400 33.016
v -273.635 4.500 -47.092
v -273.635 5.300 -47.092
v -273.444 4.620 -44.154
v -273.444 4.770 -44.154
v -273.410 5.500 31.637
v -273.410 6.400 31.637
v -273.370 5.500 68.267
v -273.370 6.400 68.267
v -273.365 4.620 -44.140
v -273.365 4.770 -44.140
v -273.194 4.500 80.585
v -273.194 16.500 80.585
v -273.127 5.500 66.888
v -273.127 6.400 66.888
v -272.681 5.500 186.855
v -272.681 6.400 186.855
v -272.485 4.620 163.162
v -272.485 4.770 163.162
v -272.438 5.500 185.476
v -272.438 6.400 185.476
v -272.406 4.500 80.724
v -272.406 4.620 163.176
v -272.406 4.770 163.176
v -272.406 16.500 80.724
v -272.148 5.500 24.481
v -272.148 6.400 24.481
v -272.011 4.500 73.876
v -272.011 16.500 73.876
v -271.936 4.700 173.413
v -271.936 5.500 173.413
v -271.905 5.500 23.102
v -271.905 6.400 23.102
v -271.865 5.500 59.732
v -271.865 6.400 59.732
v -271.696 4.620 245.551
v -271.696 4.770 245.551
v -271.622 5.500 58.353
v -271.622 6.400 58.353
v -271.617 4.620 245.565
v -271.617 4.770 245.565
v -271.223 4.500 74.015
v -271.223 16.500 74.015
v -271.176 5.500 178.320
v -271.176 6.400 178.320
v -271.144 4.620 163.399
v -271.144 4.770 163.399
v -271.066 4.620 163.413
v -271.066 4.770 163.413
v -270.951 4.700 173.587
v -270.951 5.500 173.587
v -270.933 5.500 176.941
v -270.933 6.400 176.941
v -270.643 5.500 15.946
v -270.643 6.400 15.946
v -270.400 5.500 14.567
v -270.400 6.400 14.567
v -270.360 5.500 51.197
v -270.360 6.400 51.197
v -270.117 5.500 49.818
v -270.117 6.400 49.818
v -269.699 29.845 -26.069
v -269.658 29.845 -25.956
v -269.655 29.955 -26.085
v -269.614 29.955 -25.972
v -269.504 4.620 -43.459
v -269.504 4.770 -43.459
v -269.426 4.620 -43.445
v -269.426 4.770 -43.445
v -269.236 4.700 11.421
v -269.236 5.500 11.421
v -268.855 5.500 42.662
v -268.855 6.400 42.662
v -268.733 4.500 81.777
v -268.733 16.500 81.777
v -268.612 5.500 41.283
v -268.612 6.400 41.283
v -268.594 4.500 80.990
v -268.594 16.500 80.990
v -268.490 7.500 82.125
v -268.490 7.900 82.125
v -268.490 10.500 82.125
v -268.490 10.900 82.125
v -268.490 13.500 82.125
v -268.490 13.900 82.125
v -268.438 7.500 81.829
v -268.438 7.900 81.829
v -268.438 10.500 81.829
v -268.438 10.900 81.829
v -268.438 13.500 81.829
v -268.438 13.900 81.829
v -268.287 29.845 -29.099
v -268.271 29.955 -29.054
v -268.251 4.700 11.595
v -268.251 5.500 11.595
v -268.174 29.845 -29.140
v -268.158 29.955 -29.095
v -268.101 27.500 -26.842
v -268.101 29.000 -26.842
v -267.896 27.500 -27.337
v -267.896 27.500 -26.347
v -267.896 29.000 -27.337
v -267.896 29.000 -26.347
v -267.757 4.620 246.246
v -267.757 4.770 246.246
v -267.726 28.945 -26.787
v -267.685 28.945 -26.674
v -267.682 29.055 -26.803
v -267.678 4.620 246.259
v -267.678 4.770 246.259
v -267.641 29.055 -26.691
v -267.569 28.945 -27.125
v -267.552 29.055 -27.081
v -267.456 28.945 -27.166
v -267.440 29.055 -27.122
v -267.401 27.500 -27.542
v -267.401 27.500 -26.142
v -267.401 29.000 -27.542
v -267.401 29.000 -26.142
v -267.363 29.055 -26.561
v -267.350 5.500 34.127
v -267.350 6.400 34.127
v -267.347 28.945 -26.517
v -267.251 29.055 -26.602
v -267.234 28.945 -26.558
v -267.205 4.620 164.093
v -267.205 4.770 164.093
v -267.162 29.055 -26.992
v -267.126 4.620 164.107
v -267.126 4.770 164.107
v -267.121 29.055 -26.880
v -267.118 28.945 -27.009
v -267.107 5.500 32.748
v -267.107 6.400 32.748
v -267.077 28.945 -26.896
v -266.906 27.500 -27.337
v -266.906 27.500 -26.347
v -266.906 29.000 -27.337
v -266.906 29.000 -26.347
v -266.741 4.500 173.559
v -266.741 16.500 173.559
v -266.704 4.620 82.948
v -266.704 4.770 82.948
v -266.701 27.500 -26.842
v -266.701 29.000 -26.842
v -266.645 29.955 -24.588
v -266.629 29.845 -24.544
v -266.625 4.620 82.961
v -266.625 4.770 82.961
v -266.532 29.955 -24.629
v -266.516 29.845 -24.585
v -266.416 4.620 246.482
v -266.416 4.770 246.482
v -266.338 4.620 246.496
v -266.338 4.770 246.496
v -265.953 4.500 173.698
v -265.953 16.500 173.698
v -265.845 5.500 25.592
v -265.845 6.400 25.592
v -265.602 5.500 24.213
v -265.602 6.400 24.213
v -265.344 4.500 165.640
v -265.344 16.500 165.640
v -265.189 29.955 -27.711
v -265.148 29.955 -27.598
v -265.144 29.845 -27.727
v -265.103 29.845 -27.614
v -265.100 4.700 12.150
v -265.100 5.500 12.150
v -264.556 4.500 165.779
v -264.556 16.500 165.779
v -264.340 5.500 17.057
v -264.340 6.400 17.057
v -264.115 4.700 12.324
v -264.115 5.500 12.324
v -264.097 5.500 15.678
v -264.097 6.400 15.678
v -262.765 4.620 83.642
v -262.765 4.770 83.642
v -262.686 4.620 83.656
v -262.686 4.770 83.656
v -262.477 4.620 247.176
v -262.477 4.770 247.176
v -262.398 4.620 247.190
v -262.398 4.770 247.190
v -262.231 4.620 83.736
v -262.231 4.770 83.736
v -262.152 4.620 83.750
v -262.152 4.770 83.750
v -261.544 4.620 -42.056
v -261.544 4.770 -42.056
v -261.465 4.620 -42.042
v -261.465 4.770 -42.042
v -260.884 4.500 166.833
v -260.884 16.500 166.833
v -260.745 4.500 166.045
v -260.745 16.500 166.045
v -260.449 7.500 166.097
v -260.449 7.900 166.097
v -260.449 10.500 166.097
v -260.449 10.900 166.097
v -260.449 13.500 166.097
v -260.449 13.900 166.097
v -260.397 7.500 165.801
v -260.397 7.900 165.801
v -260.397 10.500 165.801
v -260.397 10.900 165.801
v -260.397 13.500 165.801
v -260.397 13.900 165.801
v -258.802 3.200 160.498
v -258.802 4.550 160.498
v -258.292 4.620 84.431
v -258.292 4.770 84.431
v -258.213 4.620 84.445
v -258.213 4.770 84.445
v -257.631 4.620 165.782
v -257.631 4.770 165.782
v -257.605 4.620 -41.361
v -257.605 4.770 -41.361
v -257.552 4.620 165.795
v -257.552 4.770 165.795
v -257.526 4.620 -41.347
v -257.526 4.770 -41.347
v -257.071 4.620 -41.267
v -257.071 4.770 -41.267
v -256.992 4.620 -41.253
v -256.992 4.770 -41.253
v -256.608 4.500 -43.967
v -256.608 5.300 -43.967
v -256.506 4.500 -44.214
v -256.506 4.500 -43.719
v -256.506 5.300 -44.214
v -256.506 5.300 -43.719
v -256.258 4.500 -44.317
v -256.258 4.500 -43.617
v -256.258 5.300 -44.317
v -256.258 5.300 -43.617
v -256.254 7.500 84.282
v -256.254 7.900 84.282
v -256.254 10.500 84.282
v -256.254 10.900 84.282
v -256.254 13.500 84.282
v -256.254 13.900 84.282
v -256.201 7.500 83.987
v -256.201 7.900 83.987
v -256.201 10.500 83.987
v -256.201 10.900 83.987
v -256.201 13.500 83.987
v -256.201 13.900 83.987
v -256.011 4.500 -44.214
v -256.011 4.500 -43.719
v -256.011 5.300 -44.214
v -256.011 5.300 -43.719
v -255.908 4.500 -43.967
v -255.908 5.300 -43.967
v -255.906 4.500 84.039
v -255.906 16.500 84.039
v -255.767 4.500 83.251
v -255.767 16.500 83.251
v -253.691 4.620 166.476
v -253.691 4.770 166.476
v -253.613 4.620 166.490
v -253.613 4.770 166.490
v -253.132 4.620 -40.572
v -253.132 4.770 -40.572
v -253.053 4.620 -40.558
v -253.053 4.770 -40.558
v -252.903 4.620 248.865
v -252.903 4.770 248.865
v -252.824 4.620 248.879
v -252.824 4.770 248.879
v -252.634 5.350 153.157
v -252.634 6.300 153.157
v -252.616 4.550 156.511
v -252.616 5.350 156.511
v -252.390 5.350 151.779
v -252.390 6.300 151.779
v -252.351 4.620 166.712
v -252.351 4.770 166.712
v -252.272 4.620 166.726
v -252.272 4.770 166.726
v -252.094 4.500 84.305
v -252.094 16.500 84.305
v -251.631 4.550 156.685
v -251.631 5.350 156.685
v -251.306 4.500 84.444
v -251.306 16.500 84.444
v -251.129 5.350 144.622
v -251.129 6.300 144.622
v -250.911 4.500 77.596
v -250.911 16.500 77.596
v -250.886 5.350 143.244
v -250.886 6.300 143.244
v -250.331 4.620 85.834
v -250.331 4.770 85.834
v -250.253 4.620 85.848
v -250.253 4.770 85.848
v -250.123 4.500 77.735
v -250.123 16.500 77.735
v -249.624 5.350 136.087
v -249.624 6.300 136.087
v -249.381 5.350 134.709
v -249.381 6.300 134.709
v -248.963 4.620 249.559
v -248.963 4.770 249.559
v -248.885 4.620 249.573
v -248.885 4.770 249.573
v -248.480 4.550 157.241
v -248.480 5.350 157.241
v -248.412 4.620 167.407
v -248.412 4.770 167.407
v -248.333 4.620 167.421
v -248.333 4.770 167.421
v -248.119 5.350 127.552
v -248.119 6.300 127.552
v -247.876 5.350 126.174
v -247.876 6.300 126.174
v -247.623 4.620 249.796
v -247.623 4.770 249.796
v -247.544 4.620 249.810
v -247.544 4.770 249.810
v -247.495 4.550 157.414
v -247.495 5.350 157.414
v -246.928 5.500 72.929
v -246.928 6.400 72.929
v -246.910 4.700 76.283
v -246.910 5.500 76.283
v -246.685 5.500 71.551
v -246.685 6.400 71.551
v -246.647 3.200 91.561
v -246.647 4.550 91.561
v -246.614 5.350 119.017
v -246.614 6.300 119.017
v -246.392 4.620 86.529
v -246.392 4.770 86.529
v -246.371 5.350 117.639
v -246.371 6.300 117.639
v -246.331 5.350 154.269
v -246.331 6.300 154.269
v -246.313 4.620 86.543
v -246.313 4.770 86.543
v -246.088 5.350 152.890
v -246.088 6.300 152.890
v -245.925 4.700 76.457
v -245.925 5.500 76.457
v -245.859 4.620 86.623
v -245.859 4.770 86.623
v -245.792 7.500 168.681
v -245.792 7.900 168.681
v -245.792 10.500 168.681
v -245.792 10.900 168.681
v -245.792 13.500 168.681
v -245.792 13.900 168.681
v -245.780 4.620 86.637
v -245.780 4.770 86.637
v -245.740 7.500 168.386
v -245.740 7.900 168.386
v -245.740 10.500 168.386
v -245.740 10.900 168.386
v -245.740 13.500 168.386
v -245.740 13.900 168.386
v -245.635 4.500 169.521
v -245.635 16.500 169.521
v -245.497 4.500 168.733
v -245.497 16.500 168.733
v -245.423 5.500 64.394
v -245.423 6.400 64.394
v -245.180 5.500 63.016
v -245.180 6.400 63.016
v -245.171 4.620 -39.169
v -245.171 4.770 -39.169
v -245.109 5.350 110.482
v -245.109 6.300 110.482
v -245.093 4.620 -39.155
v -245.093 4.770 -39.155
v -244.866 5.350 109.104
v -244.866 6.300 109.104
v -244.826 5.350 145.734
v -244.826 6.300 145.734
v -244.583 5.350 144.355
v -244.583 6.300 144.355
v -243.918 5.500 55.859
v -243.918 6.400 55.859
v -243.684 4.620 250.490
v -243.684 4.770 250.490
v -243.675 5.500 54.481
v -243.675 6.400 54.481
v -243.605 4.620 250.504
v -243.605 4.770 250.504
v -243.604 5.350 101.947
v -243.604 6.300 101.947
v -243.361 5.350 100.569
v -243.361 6.300 100.569
v -243.321 5.350 137.199
v -243.321 6.300 137.199
v -243.078 5.350 135.820
v -243.078 6.300 135.820
v -243.045 3.200 163.276
v -243.045 4.550 163.276
v -242.774 4.700 77.013
v -242.774 5.500 77.013
v -242.413 5.500 47.324
v -242.413 6.400 47.324
v -242.197 4.550 97.423
v -242.197 5.350 97.423
v -242.170 5.500 45.946
v -242.170 6.400 45.946
v -242.090 4.500 170.146
v -242.090 16.500 170.146
v -241.951 4.500 169.359
v -241.951 16.500 169.359
v -241.920 4.620 87.318
v -241.920 4.770 87.318
v -241.841 4.620 87.332
v -241.841 4.770 87.332
v -241.816 5.350 128.664
v -241.816 6.300 128.664
v -241.789 4.700 77.186
v -241.789 5.500 77.186
v -241.656 7.500 169.411
v -241.656 7.900 169.411
v -241.656 10.500 169.411
v -241.656 10.900 169.411
v -241.656 13.500 169.411
v -241.656 13.900 169.411
v -241.604 7.500 169.115
v -241.604 7.900 169.115
v -241.604 10.500 169.115
v -241.604 10.900 169.115
v -241.604 13.500 169.115
v -241.604 13.900 169.115
v -241.573 5.350 127.285
v -241.573 6.300 127.285
v -241.232 4.620 -38.474
v -241.232 4.770 -38.474
v -241.212 4.550 97.597
v -241.212 5.350 97.597
v -241.153 4.620 -38.460
v -241.153 4.770 -38.460
v -240.908 5.500 38.789
v -240.908 6.400 38.789
v -240.699 4.620 -38.380
v -240.699 4.770 -38.380
v -240.665 5.500 37.411
v -240.665 6.400 37.411
v -240.625 5.500 74.041
v -240.625 6.400 74.041
v -240.620 4.620 -38.366
v -240.620 4.770 -38.366
v -240.449 4.500 86.358
v -240.449 16.500 86.358
v -240.382 5.500 72.662
v -240.382 6.400 72.662
v -240.311 5.350 120.129
v -240.311 6.300 120.129
v -240.068 5.350 118.750
v -240.068 6.300 118.750
v -239.661 4.500 86.497
v -239.661 16.500 86.497
v -239.403 5.500 30.254
v -239.403 6.400 30.254
v -239.266 4.500 79.649
v -239.266 16.500 79.649
v -239.160 5.500 28.876
v -239.160 6.400 28.876
v -239.120 5.500 65.506
v -239.120 6.400 65.506
v -238.882 4.500 -40.841
v -238.882 5.300 -40.841
v -238.877 5.500 64.127
v -238.877 6.400 64.127
v -238.837 4.620 169.095
v -238.837 4.770 169.095
v -238.806 5.350 111.594
v -238.806 6.300 111.594
v -238.779 4.500 -41.089
v -238.779 4.500 -40.594
v -238.779 5.300 -41.089
v -238.779 5.300 -40.594
v -238.758 4.620 169.109
v -238.758 4.770 169.109
v -238.563 5.350 110.215
v -238.563 6.300 110.215
v -238.532 4.500 -41.191
v -238.532 4.500 -40.491
v -238.532 5.300 -41.191
v -238.532 5.300 -40.491
v -238.478 4.500 79.788
v -238.478 16.500 79.788
v -238.284 4.500 -41.089
v -238.284 4.500 -40.594
v -238.284 5.300 -41.089
v -238.284 5.300 -40.594
v -238.182 4.500 -40.841
v -238.182 5.300 -40.841
v -238.061 4.550 98.152
v -238.061 5.350 98.152
v -237.898 5.500 21.719
v -237.898 6.400 21.719
v -237.655 5.500 20.341
v -237.655 6.400 20.341
v -237.615 5.500 56.971
v -237.615 6.400 56.971
v -237.372 5.500 55.592
v -237.372 6.400 55.592
v -237.301 5.350 103.059
v -237.301 6.300 103.059
v -237.076 4.550 98.326
v -237.076 5.350 98.326
v -237.058 5.350 101.680
v -237.058 6.300 101.680
v -236.817 29.845 236.632
v -236.776 29.845 236.745
v -236.773 29.955 236.616
v -236.760 4.620 -37.685
v -236.760 4.770 -37.685
v -236.732 29.955 236.729
v -236.681 4.620 -37.672
v -236.681 4.770 -37.672
v -236.491 4.700 17.195
v -236.491 5.500 17.195
v -236.110 5.500 48.436
v -236.110 6.400 48.436
v -235.988 4.500 87.551
v -235.988 16.500 87.551
v -235.867 5.500 47.057
v -235.867 6.400 47.057
v -235.849 4.500 86.763
v -235.849 16.500 86.763
v -235.745 7.500 87.899
v -235.745 7.900 87.899
v -235.745 10.500 87.899
v -235.745 10.900 87.899
v -235.745 13.500 87.899
v -235.745 13.900 87.899
v -235.693 7.500 87.603
v -235.693 7.900 87.603
v -235.693 10.500 87.603
v -235.693 10.900 87.603
v -235.693 13.500 87.603
v -235.693 13.900 87.603
v -235.506 4.700 17.369
v -235.506 5.500 17.369
v -235.405 29.845 233.602
v -235.389 29.955 233.647
v -235.292 29.845 233.561
v -235.276 29.955 233.606
v -235.219 27.500 235.859
v -235.219 29.000 235.859
v -235.014 27.500 235.364
v -235.014 27.500 236.354
v -235.014 29.000 235.364
v -235.014 29.000 236.354
v -234.898 4.620 169.790
v -234.898 4.770 169.790
v -234.844 28.945 235.914
v -234.819 4.620 169.804
v -234.819 4.770 169.804
v -234.803 28.945 236.026
v -234.800 29.055 235.898
v -234.759 29.055 236.010
v -234.686 28.945 235.576
v -234.670 29.055 235.620
v -234.605 5.500 39.901
v -234.605 6.400 39.901
v -234.574 28.945 235.535
v -234.558 29.055 235.579
v -234.519 27.500 235.159
v -234.519 27.500 236.559
v -234.519 29.000 235.159
v -234.519 29.000 236.559
v -234.481 29.055 236.140
v -234.465 28.945 236.184
v -234.369 29.055 236.099
v -234.362 5.500 38.522
v -234.362 6.400 38.522
v -234.352 28.945 236.143
v -234.280 29.055 235.708
v -234.239 29.055 235.821
v -234.236 28.945 235.692
v -234.195 28.945 235.805
v -234.109 4.620 252.179
v -234.109 4.770 252.179
v -234.030 4.620 252.192
v -234.030 4.770 252.192
v -234.024 27.500 235.364
v -234.024 27.500 236.354
v -234.024 29.000 235.364
v -234.024 29.000 236.354
v -233.959 4.620 88.721
v -233.959 4.770 88.721
v -233.880 4.620 88.735
v -233.880 4.770 88.735
v -233.819 27.500 235.859
v -233.819 29.000 235.859
v -233.763 29.955 238.113
v -233.747 29.845 238.157
v -233.650 29.955 238.072
v -233.634 29.845 238.116
v -233.557 4.620 170.026
v -233.557 4.770 170.026
v -233.479 4.620 170.040
v -233.479 4.770 170.040
v -233.100 5.500 31.366
v -233.100 6.400 31.366
v -232.857 5.500 29.987
v -232.857 6.400 29.987
v -232.355 4.700 17.924
v -232.355 5.500 17.924
v -232.307 29.955 234.990
v -232.266 29.955 235.103
v -232.262 29.845 234.974
v -232.221 29.845 235.087
v -231.595 5.500 22.831
v -231.595 6.400 22.831
v -231.370 4.700 18.098
v -231.370 5.500 18.098
v -231.352 5.500 21.452
v -231.352 6.400 21.452
v -230.890 3.200 94.340
v -230.890 4.550 94.340
v -230.170 4.620 252.873
v -230.170 4.770 252.873
v -230.129 5.500 238.360
v -230.129 6.400 238.360
v -230.111 4.700 241.714
v -230.111 5.500 241.714
v -230.091 4.620 252.887
v -230.091 4.770 252.887
v -230.020 4.620 89.416
v -230.020 4.770 89.416
v -229.941 4.620 89.430
v -229.941 4.770 89.430
v -229.885 5.500 236.981
v -229.885 6.400 236.981
v -229.618 4.620 170.721
v -229.618 4.770 170.721
v -229.539 4.620 170.735
v -229.539 4.770 170.735
v -229.486 4.620 89.510
v -229.486 4.770 89.510
v -229.408 4.620 89.524
v -229.408 4.770 89.524
v -229.126 4.700 241.888
v -229.126 5.500 241.888
v -228.830 4.620 253.109
v -228.830 4.770 253.109
v -228.799 4.620 -36.282
v -228.799 4.770 -36.282
v -228.751 4.620 253.123
v -228.751 4.770 253.123
v -228.720 4.620 -36.268
v -228.720 4.770 -36.268
v -228.624 5.500 229.825
v -228.624 6.400 229.825
v -228.381 5.500 228.446
v -228.381 6.400 228.446
v -227.119 5.500 221.290
v -227.119 6.400 221.290
v -226.999 7.500 171.995
v -226.999 7.900 171.995
v -226.999 10.500 171.995
v -226.999 10.900 171.995
v -226.999 13.500 171.995
v -226.999 13.900 171.995
v -226.946 7.500 171.700
v -226.946 7.900 171.700
v -226.946 10.500 171.700
v -226.946 10.900 171.700
v -226.946 13.500 171.700
v -226.946 13.900 171.700
v -226.876 5.500 219.911
v -226.876 6.400 219.911
v -226.842 4.500 172.835
v -226.842 16.500 172.835
v -226.703 4.500 172.047
v -226.703 16.500 172.047
v -225.975 4.700 242.443
v -225.975 5.500 242.443
v -225.614 5.500 212.755
v -225.614 6.400 212.755
v -225.547 4.620 90.205
v -225.547 4.770 90.205
v -225.468 4.620 90.218
v -225.468 4.770 90.218
v -225.371 5.500 211.376
v -225.371 6.400 211.376
v -224.990 4.700 242.617
v -224.990 5.500 242.617
v -224.890 4.620 253.804
v -224.890 4.770 253.804
v -224.860 4.620 -35.587
v -224.860 4.770 -35.587
v -224.812 4.620 253.818
v -224.812 4.770 253.818
v -224.781 4.620 -35.573
v -224.781 4.770 -35.573
v -224.427 4.500 181.020
v -224.427 16.500 181.020
v -224.326 4.620 -35.493
v -224.326 4.770 -35.493
v -224.248 4.620 -35.479
v -224.248 4.770 -35.479
v -224.109 5.500 204.220
v -224.109 6.400 204.220
v -223.866 5.500 202.841
v -223.866 6.400 202.841
v -223.826 5.500 239.471
v -223.826 6.400 239.471
v -223.639 4.500 181.159
v -223.639 16.500 181.159
v -223.583 5.500 238.092
v -223.583 6.400 238.092
v -223.509 7.500 90.056
v -223.509 7.900 90.056
v -223.509 10.500 90.056
v -223.509 10.900 90.056
v -223.509 13.500 90.056
v -223.509 13.900 90.056
v -223.457 7.500 89.761
v -223.457 7.900 89.761
v -223.457 10.500 89.761
v -223.457 10.900 89.761
v -223.457 13.500 89.761
v -223.457 13.900 89.761
v -223.161 4.500 89.813
v -223.161 16.500 89.813
v -223.030 4.500 173.101
v -223.030 16.500 173.101
v -223.022 4.500 89.025
v -223.022 16.500 89.025
v -222.604 5.500 195.685
v -222.604 6.400 195.685
v -222.361 5.500 194.306
v -222.361 6.400 194.306
v -222.321 5.500 230.936
v -222.321 6.400 230.936
v -222.242 4.500 173.240
v -222.242 16.500 173.240
v -222.078 5.500 229.557
v -222.078 6.400 229.557
v -221.155 4.500 -37.715
v -221.155 5.300 -37.715
v -221.099 5.500 187.150
v -221.099 6.400 187.150
v -221.053 4.500 -37.963
v -221.053 4.500 -37.468
v -221.053 5.300 -37.963
v -221.053 5.300 -37.468
v -220.856 5.500 185.771
v -220.856 6.400 185.771
v -220.816 5.500 222.401
v -220.816 6.400 222.401
v -220.805 4.500 -38.065
v -220.805 4.500 -37.365
v -220.805 5.300 -38.065
v -220.805 5.300 -37.365
v -220.573 5.500 221.022
v -220.573 6.400 221.022
v -220.558 4.500 -37.963
v -220.558 4.500 -37.468
v -220.558 5.300 -37.963
v -220.558 5.300 -37.468
v -220.455 4.500 -37.715
v -220.455 5.300 -37.715
v -220.387 4.620 -34.798
v -220.387 4.770 -34.798
v -220.308 4.620 -34.785
v -220.308 4.770 -34.785
v -220.044 4.620 172.409
v -220.044 4.770 172.409
v -219.965 4.620 172.423
v -219.965 4.770 172.423
v -219.692 4.700 182.625
v -219.692 5.500 182.625
v -219.616 4.500 90.438
v -219.616 16.500 90.438
v -219.477 4.500 89.650
v -219.477 16.500 89.650
v -219.373 7.500 90.786
v -219.373 7.900 90.786
v -219.373 10.500 90.786
v -219.373 10.900 90.786
v -219.373 13.500 90.786
v -219.373 13.900 90.786
v -219.320 7.500 90.490
v -219.320 7.900 90.490
v -219.320 10.500 90.490
v -219.320 10.900 90.490
v -219.320 13.500 90.490
v -219.320 13.900 90.490
v -219.311 5.500 213.866
v -219.311 6.400 213.866
v -219.068 5.500 212.487
v -219.068 6.400 212.487
v -218.707 4.700 182.799
v -218.707 5.500 182.799
v -217.806 5.500 205.331
v -217.806 6.400 205.331
v -217.587 4.620 91.608
v -217.587 4.770 91.608
v -217.563 5.500 203.952
v -217.563 6.400 203.952
v -217.508 4.620 91.622
v -217.508 4.770 91.622
v -216.301 5.500 196.796
v -216.301 6.400 196.796
v -216.104 4.620 173.104
v -216.104 4.770 173.104
v -216.058 5.500 195.417
v -216.058 6.400 195.417
v -216.026 4.620 173.118
v -216.026 4.770 173.118
v -215.556 4.700 183.355
v -215.556 5.500 183.355
v -214.796 5.500 188.261
v -214.796 6.400 188.261
v -214.764 4.620 173.340
v -214.764 4.770 173.340
v -214.685 4.620 173.354
v -214.685 4.770 173.354
v -214.571 4.700 183.528
v -214.571 5.500 183.528
v -214.553 5.500 186.882
v -214.553 6.400 186.882
v -213.647 4.620 92.303
v -213.647 4.770 92.303
v -213.569 4.620 92.317
v -213.569 4.770 92.317
v -213.114 4.620 92.397
v -213.114 4.770 92.397
v -213.035 4.620 92.411
v -213.035 4.770 92.411
v -212.427 4.620 -33.395
v -212.427 4.770 -33.395
v -212.348 4.620 -33.381
v -212.348 4.770 -33.381
v -210.825 4.620 174.035
v -210.825 4.770 174.035
v -210.746 4.620 174.049
v -210.746 4.770 174.049
v -210.360 4.500 183.501
v -210.360 16.500 183.501
v -209.573 4.500 183.640
v -209.573 16.500 183.640
v -209.175 4.620 93.091
v -209.175 4.770 93.091
v -209.096 4.620 93.105
v -209.096 4.770 93.105
v -208.964 4.500 175.581
v -208.964 16.500 175.581
v -208.487 4.620 -32.700
v -208.487 4.770 -32.700
v -208.409 4.620 -32.686
v -208.409 4.770 -32.686
v -208.176 4.500 175.720
v -208.176 16.500 175.720
v -207.954 4.620 -32.606
v -207.954 4.770 -32.606
v -207.875 4.620 -32.592
v -207.875 4.770 -32.592
v -207.136 7.500 92.943
v -207.136 7.900 92.943
v -207.136 10.500 92.943
v -207.136 10.900 92.943
v -207.136 13.500 92.943
v -207.136 13.900 92.943
v -207.084 7.500 92.648
v -207.084 7.900 92.648
v -207.084 10.500 92.648
v -207.084 10.900 92.648
v -207.084 13.500 92.648
v -207.084 13.900 92.648
v -206.789 4.500 92.700
v -206.789 16.500 92.700
v -206.650 4.500 91.912
v -206.650 16.500 91.912
v -204.015 4.620 -31.912
v -204.015 4.770 -31.912
v -203.936 4.620 -31.898
v -203.936 4.770 -31.898
v -203.429 4.500 -34.590
v -203.429 5.300 -34.590
v -203.326 4.500 -34.837
v -203.326 4.500 -34.342
v -203.326 5.300 -34.837
v -203.326 5.300 -34.342
v -203.079 4.500 -34.940
v -203.079 4.500 -34.240
v -203.079 5.300 -34.940
v -203.079 5.300 -34.240
v -202.977 4.500 92.966
v -202.977 16.500 92.966
v -202.831 4.500 -34.837
v -202.831 4.500 -34.342
v -202.831 5.300 -34.837
v -202.831 5.300 -34.342
v -202.729 4.500 -34.590
v -202.729 5.300 -34.590
v -202.189 4.500 93.105
v -202.189 16.500 93.105
v -201.794 4.500 86.257
v -201.794 16.500 86.257
v -201.214 4.620 94.495
v -201.214 4.770 94.495
v -201.135 4.620 94.509
v -201.135 4.770 94.509
v -201.006 4.500 86.396
v -201.006 16.500 86.396
v -197.811 5.500 81.590
v -197.811 6.400 81.590
v -197.793 4.700 84.944
v -197.793 5.500 84.944
v -197.568 5.500 80.211
v -197.568 6.400 80.211
v -197.275 4.620 95.190
v -197.275 4.770 95.190
v -197.196 4.620 95.204
v -197.196 4.770 95.204
v -196.808 4.700 85.118
v -196.808 5.500 85.118
v -196.741 4.620 95.284
v -196.741 4.770 95.284
v -196.663 4.620 95.298
v -196.663 4.770 95.298
v -196.306 5.500 73.055
v -196.306 6.400 73.055
v -196.063 5.500 71.676
v -196.063 6.400 71.676
v -196.054 4.620 -30.508
v -196.054 4.770 -30.508
v -195.975 4.620 -30.494
v -195.975 4.770 -30.494
v -194.801 5.500 64.520
v -194.801 6.400 64.520
v -194.558 5.500 63.141
v -194.558 6.400 63.141
v -193.657 4.700 85.673
v -193.657 5.500 85.673
v -193.296 5.500 55.985
v -193.296 6.400 55.985
v -193.053 5.500 54.606
v -193.053 6.400 54.606
v -192.802 4.620 95.978
v -192.802 4.770 95.978
v -192.723 4.620 95.992
v -192.723 4.770 95.992
v -192.672 4.700 85.847
v -192.672 5.500 85.847
v -192.115 4.620 -29.813
v -192.115 4.770 -29.813
v -192.036 4.620 -29.799
v -192.036 4.770 -29.799
v -191.791 5.500 47.450
v -191.791 6.400 47.450
v -191.582 4.620 -29.719
v -191.582 4.770 -29.719
v -191.548 5.500 46.071
v -191.548 6.400 46.071
v -191.508 5.500 82.701
v -191.508 6.400 82.701
v -191.503 4.620 -29.705
v -191.503 4.770 -29.705
v -191.332 4.500 95.019
v -191.332 16.500 95.019
v -191.265 5.500 81.323
v -191.265 6.400 81.323
v -190.544 4.500 95.158
v -190.544 16.500 95.158
v -190.286 5.500 38.915
v -190.286 6.400 38.915
v -190.149 4.500 88.310
v -190.149 16.500 88.310
v -190.043 5.500 37.536
v -190.043 6.400 37.536
v -190.003 5.500 74.166
v -190.003 6.400 74.166
v -189.760 5.500 72.788
v -189.760 6.400 72.788
v -189.361 4.500 88.449
v -189.361 16.500 88.449
v -188.781 5.500 30.380
v -188.781 6.400 30.380
v -188.538 5.500 29.001
v -188.538 6.400 29.001
v -188.498 5.500 65.631
v -188.498 6.400 65.631
v -188.469 29.845 77.612
v -188.428 29.845 77.724
v -188.425 29.955 77.595
v -188.384 29.955 77.708
v -188.255 5.500 64.253
v -188.255 6.400 64.253
v -187.642 4.620 -29.025
v -187.642 4.770 -29.025
v -187.564 4.620 -29.011
v -187.564 4.770 -29.011
v -187.374 4.700 25.856
v -187.374 5.500 25.856
v -187.057 29.845 74.582
v -187.040 29.955 74.627
v -186.993 5.500 57.096
v -186.993 6.400 57.096
v -186.944 29.845 74.541
v -186.928 29.955 74.585
v -186.871 4.500 96.212
v -186.871 16.500 96.212
v -186.871 27.500 76.839
v -186.871 29.000 76.839
v -186.750 5.500 55.718
v -186.750 6.400 55.718
v -186.732 4.500 95.424
v -186.732 16.500 95.424
v -186.666 27.500 76.344
v -186.666 27.500 77.334
v -186.666 29.000 76.344
v -186.666 29.000 77.334
v -186.628 7.500 96.559
v -186.628 7.900 96.559
v -186.628 10.500 96.559
v -186.628 10.900 96.559
v -186.628 13.500 96.559
v -186.628 13.900 96.559
v -186.576 7.500 96.264
v -186.576 7.900 96.264
v -186.576 10.500 96.264
v -186.576 10.900 96.264
v -186.576 13.500 96.264
v -186.576 13.900 96.264
v -186.496 28.945 76.893
v -186.455 28.945 77.006
v -186.452 29.055 76.877
v -186.410 29.055 76.990
v -186.389 4.700 26.029
v -186.389 5.500 26.029
v -186.338 28.945 76.555
v -186.322 29.055 76.600
v -186.226 28.945 76.514
v -186.209 29.055 76.559
v -186.171 27.500 76.139
v -186.171 27.500 77.539
v -186.171 29.000 76.139
v -186.171 29.000 77.539
v -186.133 29.055 77.119
v -186.117 28.945 77.164
v -186.020 29.055 77.078
v -186.004 28.945 77.123
v -185.932 29.055 76.688
v -185.891 29.055 76.801
v -185.888 28.945 76.672
v -185.847 28.945 76.785
v -185.702 4.500 -31.464
v -185.702 5.300 -31.464
v -185.676 27.500 76.344
v -185.676 27.500 77.334
v -185.676 29.000 76.344
v -185.676 29.000 77.334
v -185.600 4.500 -31.712
v -185.600 4.500 -31.217
v -185.600 5.300 -31.712
v -185.600 5.300 -31.217
v -185.488 5.500 48.561
v -185.488 6.400 48.561
v -185.471 27.500 76.839
v -185.471 29.000 76.839
v -185.415 29.955 79.093
v -185.399 29.845 79.137
v -185.352 4.500 -31.814
v -185.352 4.500 -31.114
v -185.352 5.300 -31.814
v -185.352 5.300 -31.114
v -185.302 29.955 79.052
v -185.286 29.845 79.096
v -185.245 5.500 47.183
v -185.245 6.400 47.183
v -185.105 4.500 -31.712
v -185.105 4.500 -31.217
v -185.105 5.300 -31.712
v -185.105 5.300 -31.217
v -185.002 4.500 -31.464
v -185.002 5.300 -31.464
v -184.842 4.620 97.382
v -184.842 4.770 97.382
v -184.763 4.620 97.396
v -184.763 4.770 97.396
v -183.983 5.500 40.026
v -183.983 6.400 40.026
v -183.959 29.955 75.970
v -183.918 29.955 76.083
v -183.914 29.845 75.954
v -183.873 29.845 76.066
v -183.740 5.500 38.648
v -183.740 6.400 38.648
v -183.238 4.700 26.585
v -183.238 5.500 26.585
v -182.478 5.500 31.491
v -182.478 6.400 31.491
v -182.253 4.700 26.759
v -182.253 5.500 26.759
v -182.235 5.500 30.113
v -182.235 6.400 30.113
v -180.902 4.620 98.077
v -180.902 4.770 98.077
v -180.824 4.620 98.091
v -180.824 4.770 98.091
v -180.369 4.620 98.171
v -180.369 4.770 98.171
v -180.290 4.620 98.185
v -180.290 4.770 98.185
v -179.682 4.620 -27.621
v -179.682 4.770 -27.621
v -179.603 4.620 -27.607
v -179.603 4.770 -27.607
v -176.430 4.620 98.865
v -176.430 4.770 98.865
v -176.351 4.620 98.879
v -176.351 4.770 98.879
v -175.743 4.620 -26.926
v -175.743 4.770 -26.926
v -175.664 4.620 -26.913
v -175.664 4.770 -26.913
v -175.209 4.620 -26.832
v -175.209 4.770 -26.832
v -175.130 4.620 -26.818
v -175.130 4.770 -26.818
v -174.391 7.500 98.717
v -174.391 7.900 98.717
v -174.391 10.500 98.717
v -174.391 10.900 98.717
v -174.391 13.500 98.717
v -174.391 13.900 98.717
v -174.339 7.500 98.422
v -174.339 7.900 98.422
v -174.339 10.500 98.422
v -174.339 10.900 98.422
v -174.339 13.500 98.422
v -174.339 13.900 98.422
v -174.044 4.500 98.474
v -174.044 16.500 98.474
v -173.905 4.500 97.686
v -173.905 16.500 97.686
v -171.270 4.620 -26.138
v -171.270 4.770 -26.138
v -171.191 4.620 -26.124
v -171.191 4.770 -26.124
v -167.976 4.500 -28.338
v -167.976 5.300 -28.338
v -167.873 4.500 -28.586
v -167.873 4.500 -28.091
v -167.873 5.300 -28.586
v -167.873 5.300 -28.091
v -167.626 4.500 -28.688
v -167.626 4.500 -27.988
v -167.626 5.300 -28.688
v -167.626 5.300 -27.988
v -167.378 4.500 -28.586
v -167.378 4.500 -28.091
v -167.378 5.300 -28.586
v -167.378 5.300 -28.091
v -167.276 4.500 -28.338
v -167.276 5.300 -28.338
v -163.309 4.620 -24.734
v -163.309 4.770 -24.734
v -163.231 4.620 -24.720
v -163.231 4.770 -24.720
v -159.370 4.620 -24.040
v -159.370 4.770 -24.040
v -159.291 4.620 -24.026
v -159.291 4.770 -24.026
v -158.837 4.620 -23.945
v -158.837 4.770 -23.945
v -158.758 4.620 -23.932
v -158.758 4.770 -23.932
v -154.897 4.620 -23.251
v -154.897 4.770 -23.251
v -154.819 4.620 -23.237
v -154.819 4.770 -23.237
v -151.379 0.442 118.514
v -151.379 2.542 118.514
v -151.355 3.010 106.339
v -151.353 3.190 106.327
v -151.178 3.010 106.370
v -151.176 3.190 106.358
v -150.249 4.500 -25.213
v -150.249 5.300 -25.213
v -150.147 4.500 -25.460
v -150.147 4.500 -24.965
v -150.147 5.300 -25.460
v -150.147 5.300 -24.965
v -149.899 4.500 -25.563
v -149.899 4.500 -24.863
v -149.899 5.300 -25.563
v -149.899 5.300 -24.863
v -149.652 4.500 -25.460
v -149.652 4.500 -24.965
v -149.652 5.300 -25.460
v -149.652 5.300 -24.965
v -149.549 4.500 -25.213
v -149.549 5.300 -25.213
v -147.908 3.010 106.947
v -147.906 3.190 106.935
v -147.731 3.010 106.978
v -147.729 3.190 106.966
v -144.486 0.442 119.729
v -144.486 2.542 119.729
v -143.969 3.010 107.641
v -143.967 3.190 107.629
v -143.792 3.010 107.673
v -143.790 3.190 107.661
v -140.522 3.010 108.249
v -140.520 3.190 108.237
v -140.345 3.010 108.280
v -140.343 3.190 108.268
v -140.266 0.442 55.486
v -140.266 2.542 55.486
v -136.657 3.000 170.348
v -136.657 3.150 170.348
v -136.643 3.000 170.269
v -136.643 3.150 170.269
v -136.223 3.000 167.886
v -136.223 3.150 167.886
v -136.209 3.000 167.807
v -136.209 3.150 167.807
v -134.087 3.000 155.773
v -134.087 3.150 155.773
v -134.073 3.000 155.694
v -134.073 3.150 155.694
v -133.653 3.000 153.311
v -133.653 3.150 153.311
v -133.639 3.000 153.232
v -133.639 3.150 153.232
v -133.372 0.442 56.702
v -133.372 2.542 56.702
v -131.517 3.000 141.197
v -131.517 3.150 141.197
v -131.503 3.000 141.119
v -131.503 3.150 141.119
v -131.083 3.000 138.735
v -131.083 3.150 138.735
v -131.069 3.000 138.657
v -131.069 3.150 138.657
v -128.947 3.000 126.622
v -128.947 3.150 126.622
v -128.933 3.000 126.544
v -128.933 3.150 126.544
v -128.513 3.000 124.160
v -128.513 3.150 124.160
v -128.499 3.000 124.082
v -128.499 3.150 124.082
v -116.452 -10.640 -91.607
v -116.450 -10.460 -91.619
v -116.274 -10.640 -91.576
v -116.272 -10.460 -91.588
v -113.005 -10.640 -90.999
v -113.003 -10.460 -91.011
v -112.828 -10.640 -90.968
v -112.826 -10.460 -90.980
v -109.066 -10.640 -90.305
v -109.064 -10.460 -90.317
v -108.888 -10.640 -90.274
v -108.886 -10.460 -90.286
v -105.619 -10.640 -89.697
v -105.617 -10.460 -89.709
v -105.442 -10.640 -89.666
v -105.439 -10.460 -89.678
v -104.431 38.700 304.563
v -104.431 39.900 304.563
v -104.149 38.700 303.397
v -104.149 39.900 303.397
v -97.070 4.500 -15.836
v -97.070 5.300 -15.836
v -96.967 4.500 -16.083
v -96.967 4.500 -15.588
v -96.967 5.300 -16.083
v -96.967 5.300 -15.588
v -96.720 4.500 -16.186
v -96.720 4.500 -15.486
v -96.720 5.300 -16.186
v -96.720 5.300 -15.486
v -96.472 4.500 -16.083
v -96.472 4.500 -15.588
v -96.472 5.300 -16.083
v -96.472 5.300 -15.588
v -96.370 4.500 -15.836
v -96.370 5.300 -15.836
v -83.352 4.500 117.308
v -83.352 4.650 117.308
v -83.273 4.500 117.322
v -83.273 4.650 117.322
v -82.367 4.500 117.482
v -82.367 4.650 117.482
v -82.288 4.500 117.496
v -82.288 4.650 117.496
v -79.343 4.500 -12.710
v -79.343 5.300 -12.710
v -79.240 4.500 -12.958
v -79.240 4.500 -12.463
v -79.240 5.300 -12.958
v -79.240 5.300 -12.463
v -78.993 4.500 -13.060
v -78.993 4.500 -12.360
v -78.993 5.300 -13.060
v -78.993 5.300 -12.360
v -78.746 4.500 -12.958
v -78.746 4.500 -12.463
v -78.746 5.300 -12.958
v -78.746 5.300 -12.463
v -78.643 4.500 -12.710
v -78.643 5.300 -12.710
v -75.564 31.345 99.551
v -75.523 31.345 99.664
v -75.519 31.455 99.535
v -75.478 31.455 99.647
v -74.857 -9.500 -13.707
v -74.857 4.800 -13.707
v -74.510 -9.500 -15.677
v -74.510 4.800 -15.677
v -74.151 31.345 96.521
v -74.135 31.455 96.566
v -74.038 31.345 96.480
v -74.022 31.455 96.525
v -73.966 29.000 98.778
v -73.966 30.500 98.778
v -73.761 29.000 98.283
v -73.761 29.000 99.273
v -73.761 30.500 98.283
v -73.761 30.500 99.273
v -73.590 30.445 98.833
v -73.549 30.445 98.945
v -73.546 30.555 98.816
v -73.505 30.555 98.929
v -73.433 30.445 98.495
v -73.417 30.555 98.539
v -73.320 30.445 98.454
v -73.304 30.555 98.498
v -73.266 29.000 98.078
v -73.266 29.000 99.478
v -73.266 30.500 98.078
v -73.266 30.500 99.478
v -73.228 30.555 99.058
v -73.211 30.445 99.103
v -73.115 30.555 99.017
v -73.099 30.445 99.062
v -73.027 30.555 98.627
v -72.986 30.555 98.740
v -72.982 30.445 98.611
v -72.941 30.445 98.724
v -72.771 29.000 98.283
v -72.771 29.000 99.273
v -72.771 30.500 98.283
v -72.771 30.500 99.273
v -72.566 29.000 98.778
v -72.566 30.500 98.778
v -72.509 31.455 101.032
v -72.493 31.345 101.076
v -72.397 31.455 100.991
v -72.380 31.345 101.035
v -71.053 31.455 97.909
v -71.012 31.455 98.022
v -71.009 31.345 97.893
v -70.968 31.345 98.006
v -66.318 4.500 312.499
v -66.318 4.500 312.749
v -66.318 4.500 314.055
v -66.318 4.500 314.305
v -66.318 38.500 312.499
v -66.318 38.500 312.749
v -66.318 38.500 314.055
v -66.318 38.500 314.305
v -66.253 6.472 312.677
v -66.253 6.528 312.571
v -66.253 9.472 312.677
v -66.253 9.472 314.233
v -66.253 9.528 312.571
v -66.253 9.528 314.127
v -66.253 12.472 312.677
v -66.253 12.472 314.233
v -66.253 12.528 312.571
v -66.253 12.528 314.127
v -66.253 15.472 312.677
v -66.253 15.472 314.233
v -66.253 15.528 312.571
v -66.253 15.528 314.127
v -66.253 18.472 312.677
v -66.253 18.472 314.233
v -66.253 18.528 312.571
v -66.253 18.528 314.127
v -66.253 21.472 312.677
v -66.253 21.472 314.233
v -66.253 21.528 312.571
v -66.253 21.528 314.127
v -66.253 24.472 312.677
v -66.253 24.472 314.233
v -66.253 24.528 312.571
v -66.253 24.528 314.127
v -66.253 27.472 312.677
v -66.253 27.472 314.233
v -66.253 27.528 312.571
v -66.253 27.528 314.127
v -66.253 30.472 312.677
v -66.253 30.472 314.233
v -66.253 30.528 312.571
v -66.253 30.528 314.127
v -66.253 33.472 312.677
v -66.253 33.472 314.233
v -66.253 33.528 312.571
v -66.253 33.528 314.127
v -66.253 36.472 312.677
v -66.253 36.472 314.233
v -66.253 36.528 312.571
v -66.253 36.528 314.127
v -66.253 39.472 314.233
v -66.253 39.528 314.127
v -66.247 6.528 314.120
v -66.247 6.528 314.240
v -66.247 9.472 312.564
v -66.247 9.472 312.684
v -66.247 9.528 314.120
v -66.247 9.528 314.240
v -66.247 12.472 312.564
v -66.247 12.472 312.684
v -66.247 12.528 314.120
v -66.247 12.528 314.240
v -66.247 15.472 312.564
v -66.247 15.472 312.684
v -66.247 15.528 314.120
v -66.247 15.528 314.240
v -66.247 18.472 312.564
v -66.247 18.472 312.684
v -66.247 18.528 314.120
v -66.247 18.528 314.240
v -66.247 21.472 312.564
v -66.247 21.472 312.684
v -66.247 21.528 314.120
v -66.247 21.528 314.240
v -66.247 24.472 312.564
v -66.247 24.472 312.684
v -66.247 24.528 314.120
v -66.247 24.528 314.240
v -66.247 27.472 312.564
v -66.247 27.472 312.684
v -66.247 27.528 314.120
v -66.247 27.528 314.240
v -66.247 30.472 312.564
v -66.247 30.472 312.684
v -66.247 30.528 314.120
v -66.247 30.528 314.240
v -66.247 33.472 312.564
v -66.247 33.472 312.684
v -66.247 33.528 314.120
v -66.247 33.528 314.240
v -66.247 36.472 312.564
v -66.247 36.472 312.684
v -66.247 36.528 314.120
v -66.247 36.528 314.240
v -66.247 39.472 312.564
v -66.247 39.472 312.684
v -66.140 6.472 314.120
v -66.140 6.472 314.240
v -66.140 9.472 314.120
v -66.140 9.472 314.240
v -66.140 9.528 312.564
v -66.140 9.528 312.684
v -66.140 12.472 314.120
v -66.140 12.472 314.240
v -66.140 12.528 312.564
v -66.140 12.528 312.684
v -66.140 15.472 314.120
v -66.140 15.472 314.240
v -66.140 15.528 312.564
v -66.140 15.528 312.684
v -66.140 18.472 314.120
v -66.140 18.472 314.240
v -66.140 18.528 312.564
v -66.140 18.528 312.684
v -66.140 21.472 314.120
v -66.140 21.472 314.240
v -66.140 21.528 312.564
v -66.140 21.528 312.684
v -66.140 24.472 314.120
v -66.140 24.472 314.240
v -66.140 24.528 312.564
v -66.140 24.528 312.684
v -66.140 27.472 314.120
v -66.140 27.472 314.240
v -66.140 27.528 312.564
v -66.140 27.528 312.684
v -66.140 30.472 314.120
v -66.140 30.472 314.240
v -66.140 30.528 312.564
v -66.140 30.528 312.684
v -66.140 33.472 314.120
v -66.140 33.472 314.240
v -66.140 33.528 312.564
v -66.140 33.528 312.684
v -66.140 36.472 314.120
v -66.140 36.472 314.240
v -66.140 36.528 312.564
v -66.140 36.528 312.684
v -66.140 39.528 312.564
v -66.140 39.528 312.684
v -66.133 6.472 312.677
v -66.133 6.528 312.571
v -66.133 9.472 312.677
v -66.133 9.472 314.233
v -66.133 9.528 312.571
v -66.133 9.528 314.127
v -66.133 12.472 312.677
v -66.133 12.472 314.233
v -66.133 12.528 312.571
v -66.133 12.528 314.127
v -66.133 15.472 312.677
v -66.133 15.472 314.233
v -66.133 15.528 312.571
v -66.133 15.528 314.127
v -66.133 18.472 312.677
v -66.133 18.472 314.233
v -66.133 18.528 312.571
v -66.133 18.528 314.127
v -66.133 21.472 312.677
v -66.133 21.472 314.233
v -66.133 21.528 312.571
v -66.133 21.528 314.127
v -66.133 24.472 312.677
v -66.133 24.472 314.233
v -66.133 24.528 312.571
v -66.133 24.528 314.127
v -66.133 27.472 312.677
v -66.133 27.472 314.233
v -66.133 27.528 312.571
v -66.133 27.528 314.127
v -66.133 30.472 312.677
v -66.133 30.472 314.233
v -66.133 30.528 312.571
v -66.133 30.528 314.127
v -66.133 33.472 312.677
v -66.133 33.472 314.233
v -66.133 33.528 312.571
v -66.133 33.528 314.127
v -66.133 36.472 312.677
v -66.133 36.472 314.233
v -66.133 36.528 312.571
v -66.133 36.528 314.127
v -66.133 39.472 314.233
v -66.133 39.528 314.127
v -66.068 4.500 312.499
v -66.068 4.500 312.749
v -66.068 4.500 314.055
v -66.068 4.500 314.305
v -66.068 38.500 312.499
v -66.068 38.500 312.749
v -66.068 38.500 314.055
v -66.068 38.500 314.305
v -64.763 4.500 312.499
v -64.763 4.500 312.749
v -64.763 4.500 314.055
v -64.763 4.500 314.305
v -64.763 38.500 312.499
v -64.763 38.500 312.749
v -64.763 38.500 314.055
v -64.763 38.500 314.305
v -64.698 6.472 314.127
v -64.698 6.528 314.233
v -64.698 9.472 312.571
v -64.698 9.472 314.127
v -64.698 9.528 312.677
v -64.698 9.528 314.233
v -64.698 12.472 312.571
v -64.698 12.472 314.127
v -64.698 12.528 312.677
v -64.698 12.528 314.233
v -64.698 15.472 312.571
v -64.698 15.472 314.127
v -64.698 15.528 312.677
v -64.698 15.528 314.233
v -64.698 18.472 312.571
v -64.698 18.472 314.127
v -64.698 18.528 312.677
v -64.698 18.528 314.233
v -64.698 21.472 312.571
v -64.698 21.472 314.127
v -64.698 21.528 312.677
v -64.698 21.528 314.233
v -64.698 24.472 312.571
v -64.698 24.472 314.127
v -64.698 24.528 312.677
v -64.698 24.528 314.233
v -64.698 27.472 312.571
v -64.698 27.472 314.127
v -64.698 27.528 312.677
v -64.698 27.528 314.233
v -64.698 30.472 312.571
v -64.698 30.472 314.127
v -64.698 30.528 312.677
v -64.698 30.528 314.233
v -64.698 33.472 312.571
v -64.698 33.472 314.127
v -64.698 33.528 312.677
v -64.698 33.528 314.233
v -64.698 36.472 312.571
v -64.698 36.472 314.127
v -64.698 36.528 312.677
v -64.698 36.528 314.233
v -64.698 39.472 312.571
v -64.698 39.528 312.677
v -64.691 6.472 312.564
v -64.691 6.472 312.684
v -64.691 9.472 312.564
v -64.691 9.472 312.684
v -64.691 9.528 314.120
v -64.691 9.528 314.240
v -64.691 12.472 312.564
v -64.691 12.472 312.684
v -64.691 12.528 314.120
v -64.691 12.528 314.240
v -64.691 15.472 312.564
v -64.691 15.472 312.684
v -64.691 15.528 314.120
v -64.691 15.528 314.240
v -64.691 18.472 312.564
v -64.691 18.472 312.684
v -64.691 18.528 314.120
v -64.691 18.528 314.240
v -64.691 21.472 312.564
v -64.691 21.472 312.684
v -64.691 21.528 314.120
v -64.691 21.528 314.240
v -64.691 24.472 312.564
v -64.691 24.472 312.684
v -64.691 24.528 314.120
v -64.691 24.528 314.240
v -64.691 27.472 312.564
v -64.691 27.472 312.684
v -64.691 27.528 314.120
v -64.691 27.528 314.240
v -64.691 30.472 312.564
v -64.691 30.472 312.684
v -64.691 30.528 314.120
v -64.691 30.528 314.240
v -64.691 33.472 312.564
v -64.691 33.472 312.684
v -64.691 33.528 314.120
v -64.691 33.528 314.240
v -64.691 36.472 312.564
v -64.691 36.472 312.684
v -64.691 36.528 314.120
v -64.691 36.528 314.240
v -64.691 39.528 314.120
v -64.691 39.528 314.240
v -64.584 6.528 312.564
v -64.584 6.528 312.684
v -64.584 9.472 314.120
v -64.584 9.472 314.240
v -64.584 9.528 312.564
v -64.584 9.528 312.684
v -64.584 12.472 314.120
v -64.584 12.472 314.240
v -64.584 12.528 312.564
v -64.584 12.528 312.684
v -64.584 15.472 314.120
v -64.584 15.472 314.240
v -64.584 15.528 312.564
v -64.584 15.528 312.684
v -64.584 18.472 314.120
v -64.584 18.472 314.240
v -64.584 18.528 312.564
v -64.584 18.528 312.684
v -64.584 21.472 314.120
v -64.584 21.472 314.240
v -64.584 21.528 312.564
v -64.584 21.528 312.684
v -64.584 24.472 314.120
v -64.584 24.472 314.240
v -64.584 24.528 312.564
v -64.584 24.528 312.684
v -64.584 27.472 314.120
v -64.584 27.472 314.240
v -64.584 27.528 312.564
v -64.584 27.528 312.684
v -64.584 30.472 314.120
v -64.584 30.472 314.240
v -64.584 30.528 312.564
v -64.584 30.528 312.684
v -64.584 33.472 314.120
v -64.584 33.472 314.240
v -64.584 33.528 312.564
v -64.584 33.528 312.684
v -64.584 36.472 314.120
v -64.584 36.472 314.240
v -64.584 36.528 312.564
v -64.584 36.528 312.684
v -64.584 39.472 314.120
v -64.584 39.472 314.240
v -64.578 6.472 314.127
v -64.578 6.528 314.233
v -64.578 9.472 312.571
v -64.578 9.472 314.127
v -64.578 9.528 312.677
v -64.578 9.528 314.233
v -64.578 12.472 312.571
v -64.578 12.472 314.127
v -64.578 12.528 312.677
v -64.578 12.528 314.233
v -64.578 15.472 312.571
v -64.578 15.472 314.127
v -64.578 15.528 312.677
v -64.578 15.528 314.233
v -64.578 18.472 312.571
v -64.578 18.472 314.127
v -64.578 18.528 312.677
v -64.578 18.528 314.233
v -64.578 21.472 312.571
v -64.578 21.472 314.127
v -64.578 21.528 312.677
v -64.578 21.528 314.233
v -64.578 24.472 312.571
v -64.578 24.472 314.127
v -64.578 24.528 312.677
v -64.578 24.528 314.233
v -64.578 27.472 312.571
v -64.578 27.472 314.127
v -64.578 27.528 312.677
v -64.578 27.528 314.233
v -64.578 30.472 312.571
v -64.578 30.472 314.127
v -64.578 30.528 312.677
v -64.578 30.528 314.233
v -64.578 33.472 312.571
v -64.578 33.472 314.127
v -64.578 33.528 312.677
v -64.578 33.528 314.233
v -64.578 36.472 312.571
v -64.578 36.472 314.127
v -64.578 36.528 312.677
v -64.578 36.528 314.233
v -64.578 39.472 312.571
v -64.578 39.528 312.677
v -64.513 4.500 312.499
v -64.513 4.500 312.749
v -64.513 4.500 314.055
v -64.513 4.500 314.305
v -64.513 38.500 312.499
v -64.513 38.500 312.749
v -64.513 38.500 314.055
v -64.513 38.500 314.305
v -61.616 4.500 -9.584
v -61.616 5.300 -9.584
v -61.514 4.500 -9.832
v -61.514 4.500 -9.337
v -61.514 5.300 -9.832
v -61.514 5.300 -9.337
v -61.464 -9.500 -11.345
v -61.464 4.800 -11.345
v -61.266 4.500 -9.934
v -61.266 4.500 -9.234
v -61.266 5.300 -9.934
v -61.266 5.300 -9.234
v -61.116 -9.500 -13.315
v -61.116 4.800 -13.315
v -61.038 4.500 -9.239
v -61.038 4.650 -9.239
v -61.019 4.500 -9.832
v -61.019 4.500 -9.337
v -61.019 5.300 -9.832
v -61.019 5.300 -9.337
v -60.959 4.500 -9.226
v -60.959 4.650 -9.226
v -60.916 4.500 -9.584
v -60.916 5.300 -9.584
v -60.603 4.500 121.320
v -60.603 4.650 121.320
v -60.524 4.500 121.333
v -60.524 4.650 121.333
v -60.053 4.500 -9.066
v -60.053 4.650 -9.066
v -59.974 4.500 -9.052
v -59.974 4.650 -9.052
v -59.618 4.500 121.493
v -59.618 4.650 121.493
v -59.539 4.500 121.507
v -59.539 4.650 121.507
v -53.895 38.700 316.812
v -53.895 39.900 316.812
v -53.612 38.700 315.646
v -53.612 39.900 315.646
v -52.108 -9.500 -9.696
v -52.108 4.800 -9.696
v -51.761 -9.500 -11.665
v -51.761 4.800 -11.665
v -43.890 4.500 -6.459
v -43.890 5.300 -6.459
v -43.787 4.500 -6.706
v -43.787 4.500 -6.211
v -43.787 5.300 -6.706
v -43.787 5.300 -6.211
v -43.540 4.500 -6.809
v -43.540 4.500 -6.109
v -43.540 5.300 -6.809
v -43.540 5.300 -6.109
v -43.292 4.500 -6.706
v -43.292 4.500 -6.211
v -43.292 5.300 -6.706
v -43.292 5.300 -6.211
v -43.190 4.500 -6.459
v -43.190 5.300 -6.459
v -38.715 -9.500 -7.334
v -38.715 4.800 -7.334
v -38.367 -9.500 -9.304
v -38.367 4.800 -9.304
v -38.289 4.500 -5.228
v -38.289 4.650 -5.228
v -38.210 4.500 -5.214
v -38.210 4.650 -5.214
v -37.854 4.500 125.331
v -37.854 4.650 125.331
v -37.775 4.500 125.345
v -37.775 4.650 125.345
v -37.304 4.500 -5.055
v -37.304 4.650 -5.055
v -37.225 4.500 -5.041
v -37.225 4.650 -5.041
v -36.869 4.500 125.505
v -36.869 4.650 125.505
v -36.790 4.500 125.518
v -36.790 4.650 125.518
v -26.163 4.500 -3.333
v -26.163 5.300 -3.333
v -26.061 4.500 -3.581
v -26.061 4.500 -3.086
v -26.061 5.300 -3.581
v -26.061 5.300 -3.086
v -25.813 4.500 -3.683
v -25.813 4.500 -2.983
v -25.813 5.300 -3.683
v -25.813 5.300 -2.983
v -25.566 4.500 -3.581
v -25.566 4.500 -3.086
v -25.566 5.300 -3.581
v -25.566 5.300 -3.086
v -25.463 4.500 -3.333
v -25.463 5.300 -3.333
v -15.540 4.500 -1.217
v -15.540 4.650 -1.217
v -15.461 4.500 -1.203
v -15.461 4.650 -1.203
v -15.104 4.500 129.342
v -15.104 4.650 129.342
v -15.026 4.500 129.356
v -15.026 4.650 129.356
v -14.555 4.500 -1.043
v -14.555 4.650 -1.043
v -14.476 4.500 -1.029
v -14.476 4.650 -1.029
v -14.120 4.500 129.516
v -14.120 4.650 129.516
v -14.041 4.500 129.530
v -14.041 4.650 129.530
v -8.437 4.500 -0.207
v -8.437 5.300 -0.207
v -8.334 4.500 -0.455
v -8.334 4.500 0.040
v -8.334 5.300 -0.455
v -8.334 5.300 0.040
v -8.087 4.500 -0.557
v -8.087 4.500 0.143
v -8.087 5.300 -0.557
v -8.087 5.300 0.143
v -7.839 4.500 -0.455
v -7.839 4.500 0.040
v -7.839 5.300 -0.455
v -7.839 5.300 0.040
v -7.737 4.500 -0.207
v -7.737 5.300 -0.207
v -7.507 31.345 30.317
v -7.466 31.345 30.430
v -7.463 31.455 30.301
v -7.422 31.455 30.413
v -6.095 31.345 27.287
v -6.079 31.455 27.332
v -5.982 31.345 27.246
v -5.966 31.455 27.291
v -5.909 29.000 29.544
v -5.909 30.500 29.544
v -5.704 29.000 29.049
v -5.704 29.000 30.039
v -5.704 30.500 29.049
v -5.704 30.500 30.039
v -5.534 30.445 29.599
v -5.493 30.445 29.711
v -5.490 30.555 29.582
v -5.449 30.555 29.695
v -5.377 30.445 29.261
v -5.360 30.555 29.305
v -5.264 30.445 29.220
v -5.248 30.555 29.264
v -5.209 29.000 28.844
v -5.209 29.000 30.244
v -5.209 30.500 28.844
v -5.209 30.500 30.244
v -5.171 30.555 29.824
v -5.155 30.445 29.869
v -5.059 30.555 29.783
v -5.042 30.445 29.828
v -4.970 30.555 29.393
v -4.929 30.555 29.506
v -4.926 30.445 29.377
v -4.885 30.445 29.490
v -4.714 29.000 29.049
v -4.714 29.000 30.039
v -4.714 30.500 29.049
v -4.714 30.500 30.039
v -4.509 29.000 29.544
v -4.509 30.500 29.544
v -4.453 31.455 31.798
v -4.437 31.345 31.842
v -4.340 31.455 31.757
v -4.324 31.345 31.801
v -2.997 31.455 28.675
v -2.956 31.455 28.788
v -2.952 31.345 28.659
v -2.911 31.345 28.772
v 7.209 4.500 2.794
v 7.209 4.650 2.794
v 7.288 4.500 2.808
v 7.288 4.650 2.808
v 7.645 4.500 133.353
v 7.645 4.650 133.353
v 7.723 4.500 133.367
v 7.723 4.650 133.367
v 8.194 4.500 2.968
v 8.194 4.650 2.968
v 8.273 4.500 2.982
v 8.273 4.650 2.982
v 8.629 4.500 133.527
v 8.629 4.650 133.527
v 8.708 4.500 133.541
v 8.708 4.650 133.541
v 9.290 4.500 2.918
v 9.290 5.300 2.918
v 9.392 4.500 2.671
v 9.392 4.500 3.166
v 9.392 5.300 2.671
v 9.392 5.300 3.166
v 9.640 4.500 2.568
v 9.640 4.500 3.268
v 9.640 5.300 2.568
v 9.640 5.300 3.268
v 9.887 4.500 2.671
v 9.887 4.500 3.166
v 9.887 5.300 2.671
v 9.887 5.300 3.166
v 9.990 4.500 2.918
v 9.990 5.300 2.918
v 27.016 4.500 6.044
v 27.016 5.300 6.044
v 27.119 4.500 5.796
v 27.119 4.500 6.291
v 27.119 5.300 5.796
v 27.119 5.300 6.291
v 27.366 4.500 5.694
v 27.366 4.500 6.394
v 27.366 5.300 5.694
v 27.366 5.300 6.394
v 27.614 4.500 5.796
v 27.614 4.500 6.291
v 27.614 5.300 5.796
v 27.614 5.300 6.291
v 27.716 4.500 6.044
v 27.716 5.300 6.044
v 29.958 4.500 6.806
v 29.958 4.650 6.806
v 30.037 4.500 6.819
v 30.037 4.650 6.819
v 30.394 4.500 137.365
v 30.394 4.650 137.365
v 30.472 4.500 137.379
v 30.472 4.650 137.379
v 30.943 4.500 6.979
v 30.943 4.650 6.979
v 31.022 4.500 6.993
v 31.022 4.650 6.993
v 31.137 38.700 268.301
v 31.137 39.900 268.301
v 31.378 4.500 137.538
v 31.378 4.650 137.538
v 31.457 4.500 137.552
v 31.457 4.650 137.552
v 31.858 38.700 269.260
v 31.858 39.900 269.260
v 32.765 31.345 118.652
v 32.806 31.345 118.765
v 32.810 31.455 118.636
v 32.851 31.455 118.749
v 34.178 31.345 115.623
v 34.194 31.455 115.667
v 34.291 31.345 115.582
v 34.307 31.455 115.626
v 34.363 29.000 117.880
v 34.363 30.500 117.880
v 34.568 29.000 117.385
v 34.568 29.000 118.374
v 34.568 30.500 117.385
v 34.568 30.500 118.374
v 34.738 30.445 117.934
v 34.780 30.445 118.047
v 34.783 30.555 117.918
v 34.824 30.555 118.030
v 34.896 30.445 117.596
v 34.912 30.555 117.640
v 35.009 30.445 117.555
v 35.025 30.555 117.599
v 35.063 29.000 117.180
v 35.063 29.000 118.580
v 35.063 30.500 117.180
v 35.063 30.500 118.580
v 35.101 30.555 118.160
v 35.117 30.445 118.204
v 35.214 30.555 118.119
v 35.230 30.445 118.163
v 35.302 30.555 117.729
v 35.343 30.555 117.841
v 35.347 30.445 117.712
v 35.388 30.445 117.825
v 35.558 29.000 117.385
v 35.558 29.000 118.374
v 35.558 30.500 117.385
v 35.558 30.500 118.374
v 35.763 29.000 117.880
v 35.763 30.500 117.880
v 35.820 31.455 120.133
v 35.836 31.345 120.177
v 35.932 31.455 120.092
v 35.948 31.345 120.136
v 37.276 31.455 117.010
v 37.317 31.455 117.123
v 37.320 31.345 116.994
v 37.361 31.345 117.107
v 44.743 4.500 9.170
v 44.743 5.300 9.170
v 44.845 4.500 8.922
v 44.845 4.500 9.417
v 44.845 5.300 8.922
v 44.845 5.300 9.417
v 45.093 4.500 8.820
v 45.093 4.500 9.520
v 45.093 5.300 8.820
v 45.093 5.300 9.520
v 45.340 4.500 8.922
v 45.340 4.500 9.417
v 45.340 5.300 8.922
v 45.340 5.300 9.417
v 45.443 4.500 9.170
v 45.443 5.300 9.170
v 52.707 4.500 10.817
v 52.707 4.650 10.817
v 52.786 4.500 10.831
v 52.786 4.650 10.831
v 53.143 4.500 141.376
v 53.143 4.650 141.376
v 53.221 4.500 141.390
v 53.221 4.650 141.390
v 53.692 4.500 10.991
v 53.692 4.650 10.991
v 53.771 4.500 11.004
v 53.771 4.650 11.004
v 54.127 4.500 141.550
v 54.127 4.650 141.550
v 54.206 4.500 141.563
v 54.206 4.650 141.563
v 62.469 4.500 12.295
v 62.469 5.300 12.295
v 62.563 4.500 243.836
v 62.563 4.500 244.086
v 62.563 4.500 245.392
v 62.563 4.500 245.642
v 62.563 38.500 243.836
v 62.563 38.500 244.086
v 62.563 38.500 245.392
v 62.563 38.500 245.642
v 62.572 4.500 12.048
v 62.572 4.500 12.543
v 62.572 5.300 12.048
v 62.572 5.300 12.543
v 62.628 6.472 244.014
v 62.628 6.528 243.908
v 62.628 9.472 244.014
v 62.628 9.472 245.570
v 62.628 9.528 243.908
v 62.628 9.528 245.463
v 62.628 12.472 244.014
v 62.628 12.472 245.570
v 62.628 12.528 243.908
v 62.628 12.528 245.463
v 62.628 15.472 244.014
v 62.628 15.472 245.570
v 62.628 15.528 243.908
v 62.628 15.528 245.463
v 62.628 18.472 244.014
v 62.628 18.472 245.570
v 62.628 18.528 243.908
v 62.628 18.528 245.463
v 62.628 21.472 244.014
v 62.628 21.472 245.570
v 62.628 21.528 243.908
v 62.628 21.528 245.463
v 62.628 24.472 244.014
v 62.628 24.472 245.570
v 62.628 24.528 243.908
v 62.628 24.528 245.463
v 62.628 27.472 244.014
v 62.628 27.472 245.570
v 62.628 27.528 243.908
v 62.628 27.528 245.463
v 62.628 30.472 244.014
v 62.628 30.472 245.570
v 62.628 30.528 243.908
v 62.628 30.528 245.463
v 62.628 33.472 244.014
v 62.628 33.472 245.570
v 62.628 33.528 243.908
v 62.628 33.528 245.463
v 62.628 36.472 244.014
v 62.628 36.472 245.570
v 62.628 36.528 243.908
v 62.628 36.528 245.463
v 62.628 39.472 245.570
v 62.628 39.528 245.463
v 62.635 6.528 245.457
v 62.635 6.528 245.577
v 62.635 9.472 243.901
v 62.635 9.472 244.021
v 62.635 9.528 245.457
v 62.635 9.528 245.577
v 62.635 12.472 243.901
v 62.635 12.472 244.021
v 62.635 12.528 245.457
v 62.635 12.528 245.577
v 62.635 15.472 243.901
v 62.635 15.472 244.021
v 62.635 15.528 245.457
v 62.635 15.528 245.577
v 62.635 18.472 243.901
v 62.635 18.472 244.021
v 62.635 18.528 245.457
v 62.635 18.528 245.577
v 62.635 21.472 243.901
v 62.635 21.472 244.021
v 62.635 21.528 245.457
v 62.635 21.528 245.577
v 62.635 24.472 243.901
v 62.635 24.472 244.021
v 62.635 24.528 245.457
v 62.635 24.528 245.577
v 62.635 27.472 243.901
v 62.635 27.472 244.021
v 62.635 27.528 245.457
v 62.635 27.528 245.577
v 62.635 30.472 243.901
v 62.635 30.472 244.021
v 62.635 30.528 245.457
v 62.635 30.528 245.577
v 62.635 33.472 243.901
v 62.635 33.472 244.021
v 62.635 33.528 245.457
v 62.635 33.528 245.577
v 62.635 36.472 243.901
v 62.635 36.472 244.021
v 62.635 36.528 245.457
v 62.635 36.528 245.577
v 62.635 39.472 243.901
v 62.635 39.472 244.021
v 62.741 6.472 245.457
v 62.741 6.472 245.577
v 62.741 9.472 245.457
v 62.741 9.472 245.577
v 62.741 9.528 243.901
v 62.741 9.528 244.021
v 62.741 12.472 245.457
v 62.741 12.472 245.577
v 62.741 12.528 243.901
v 62.741 12.528 244.021
v 62.741 15.472 245.457
v 62.741 15.472 245.577
v 62.741 15.528 243.901
v 62.741 15.528 244.021
v 62.741 18.472 245.457
v 62.741 18.472 245.577
v 62.741 18.528 243.901
v 62.741 18.528 244.021
v 62.741 21.472 245.457
v 62.741 21.472 245.577
v 62.741 21.528 243.901
v 62.741 21.528 244.021
v 62.741 24.472 245.457
v 62.741 24.472 245.577
v 62.741 24.528 243.901
v 62.741 24.528 244.021
v 62.741 27.472 245.457
v 62.741 27.472 245.577
v 62.741 27.528 243.901
v 62.741 27.528 244.021
v 62.741 30.472 245.457
v 62.741 30.472 245.577
v 62.741 30.528 243.901
v 62.741 30.528 244.021
v 62.741 33.472 245.457
v 62.741 33.472 245.577
v 62.741 33.528 243.901
v 62.741 33.528 244.021
v 62.741 36.472 245.457
v 62.741 36.472 245.577
v 62.741 36.528 243.901
v 62.741 36.528 244.021
v 62.741 39.528 243.901
v 62.741 39.528 244.021
v 62.748 6.472 244.014
v 62.748 6.528 243.908
v 62.748 9.472 244.014
v 62.748 9.472 245.570
v 62.748 9.528 243.908
v 62.748 9.528 245.463
v 62.748 12.472 244.014
v 62.748 12.472 245.570
v 62.748 12.528 243.908
v 62.748 12.528 245.463
v 62.748 15.472 244.014
v 62.748 15.472 245.570
v 62.748 15.528 243.908
v 62.748 15.528 245.463
v 62.748 18.472 244.014
v 62.748 18.472 245.570
v 62.748 18.528 243.908
v 62.748 18.528 245.463
v 62.748 21.472 244.014
v 62.748 21.472 245.570
v 62.748 21.528 243.908
v 62.748 21.528 245.463
v 62.748 24.472 244.014
v 62.748 24.472 245.570
v 62.748 24.528 243.908
v 62.748 24.528 245.463
v 62.748 27.472 244.014
v 62.748 27.472 245.570
v 62.748 27.528 243.908
v 62.748 27.528 245.463
v 62.748 30.472 244.014
v 62.748 30.472 245.570
v 62.748 30.528 243.908
v 62.748 30.528 245.463
v 62.748 33.472 244.014
v 62.748 33.472 245.570
v 62.748 33.528 243.908
v 62.748 33.528 245.463
v 62.748 36.472 244.014
v 62.748 36.472 245.570
v 62.748 36.528 243.908
v 62.748 36.528 245.463
v 62.748 39.472 245.570
v 62.748 39.528 245.463
v 62.813 4.500 243.836
v 62.813 4.500 244.086
v 62.813 4.500 245.392
v 62.813 4.500 245.642
v 62.813 38.500 243.836
v 62.813 38.500 244.086
v 62.813 38.500 245.392
v 62.813 38.500 245.642
v 62.819 4.500 11.945
v 62.819 4.500 12.645
v 62.819 5.300 11.945
v 62.819 5.300 12.645
v 63.067 4.500 12.048
v 63.067 4.500 12.543
v 63.067 5.300 12.048
v 63.067 5.300 12.543
v 63.169 4.500 12.295
v 63.169 5.300 12.295
v 64.119 4.500 243.836
v 64.119 4.500 244.086
v 64.119 4.500 245.392
v 64.119 4.500 245.642
v 64.119 38.500 243.836
v 64.119 38.500 244.086
v 64.119 38.500 245.392
v 64.119 38.500 245.642
v 64.184 6.472 245.463
v 64.184 6.528 245.570
v 64.184 9.472 243.908
v 64.184 9.472 245.463
v 64.184 9.528 244.014
v 64.184 9.528 245.570
v 64.184 12.472 243.908
v 64.184 12.472 245.463
v 64.184 12.528 244.014
v 64.184 12.528 245.570
v 64.184 15.472 243.908
v 64.184 15.472 245.463
v 64.184 15.528 244.014
v 64.184 15.528 245.570
v 64.184 18.472 243.908
v 64.184 18.472 245.463
v 64.184 18.528 244.014
v 64.184 18.528 245.570
v 64.184 21.472 243.908
v 64.184 21.472 245.463
v 64.184 21.528 244.014
v 64.184 21.528 245.570
v 64.184 24.472 243.908
v 64.184 24.472 245.463
v 64.184 24.528 244.014
v 64.184 24.528 245.570
v 64.184 27.472 243.908
v 64.184 27.472 245.463
v 64.184 27.528 244.014
v 64.184 27.528 245.570
v 64.184 30.472 243.908
v 64.184 30.472 245.463
v 64.184 30.528 244.014
v 64.184 30.528 245.570
v 64.184 33.472 243.908
v 64.184 33.472 245.463
v 64.184 33.528 244.014
v 64.184 33.528 245.570
v 64.184 36.472 243.908
v 64.184 36.472 245.463
v 64.184 36.528 244.014
v 64.184 36.528 245.570
v 64.184 39.472 243.908
v 64.184 39.528 244.014
v 64.190 6.472 243.901
v 64.190 6.472 244.021
v 64.190 9.472 243.901
v 64.190 9.472 244.021
v 64.190 9.528 245.457
v 64.190 9.528 245.577
v 64.190 12.472 243.901
v 64.190 12.472 244.021
v 64.190 12.528 245.457
v 64.190 12.528 245.577
v 64.190 15.472 243.901
v 64.190 15.472 244.021
v 64.190 15.528 245.457
v 64.190 15.528 245.577
v 64.190 18.472 243.901
v 64.190 18.472 244.021
v 64.190 18.528 245.457
v 64.190 18.528 245.577
v 64.190 21.472 243.901
v 64.190 21.472 244.021
v 64.190 21.528 245.457
v 64.190 21.528 245.577
v 64.190 24.472 243.901
v 64.190 24.472 244.021
v 64.190 24.528 245.457
v 64.190 24.528 245.577
v 64.190 27.472 243.901
v 64.190 27.472 244.021
v 64.190 27.528 245.457
v 64.190 27.528 245.577
v 64.190 30.472 243.901
v 64.190 30.472 244.021
v 64.190 30.528 245.457
v 64.190 30.528 245.577
v 64.190 33.472 243.901
v 64.190 33.472 244.021
v 64.190 33.528 245.457
v 64.190 33.528 245.577
v 64.190 36.472 243.901
v 64.190 36.472 244.021
v 64.190 36.528 245.457
v 64.190 36.528 245.577
v 64.190 39.528 245.457
v 64.190 39.528 245.577
v 64.297 6.528 243.901
v 64.297 6.528 244.021
v 64.297 9.472 245.457
v 64.297 9.472 245.577
v 64.297 9.528 243.901
v 64.297 9.528 244.021
v 64.297 12.472 245.457
v 64.297 12.472 245.577
v 64.297 12.528 243.901
v 64.297 12.528 244.021
v 64.297 15.472 245.457
v 64.297 15.472 245.577
v 64.297 15.528 243.901
v 64.297 15.528 244.021
v 64.297 18.472 245.457
v 64.297 18.472 245.577
v 64.297 18.528 243.901
v 64.297 18.528 244.021
v 64.297 21.472 245.457
v 64.297 21.472 245.577
v 64.297 21.528 243.901
v 64.297 21.528 244.021
v 64.297 24.472 245.457
v 64.297 24.472 245.577
v 64.297 24.528 243.901
v 64.297 24.528 244.021
v 64.297 27.472 245.457
v 64.297 27.472 245.577
v 64.297 27.528 243.901
v 64.297 27.528 244.021
v 64.297 30.472 245.457
v 64.297 30.472 245.577
v 64.297 30.528 243.901
v 64.297 30.528 244.021
v 64.297 33.472 245.457
v 64.297 33.472 245.577
v 64.297 33.528 243.901
v 64.297 33.528 244.021
v 64.297 36.472 245.457
v 64.297 36.472 245.577
v 64.297 36.528 243.901
v 64.297 36.528 244.021
v 64.297 39.472 245.457
v 64.297 39.472 245.577
v 64.304 6.472 245.463
v 64.304 6.528 245.570
v 64.304 9.472 243.908
v 64.304 9.472 245.463
v 64.304 9.528 244.014
v 64.304 9.528 245.570
v 64.304 12.472 243.908
v 64.304 12.472 245.463
v 64.304 12.528 244.014
v 64.304 12.528 245.570
v 64.304 15.472 243.908
v 64.304 15.472 245.463
v 64.304 15.528 244.014
v 64.304 15.528 245.570
v 64.304 18.472 243.908
v 64.304 18.472 245.463
v 64.304 18.528 244.014
v 64.304 18.528 245.570
v 64.304 21.472 243.908
v 64.304 21.472 245.463
v 64.304 21.528 244.014
v 64.304 21.528 245.570
v 64.304 24.472 243.908
v 64.304 24.472 245.463
v 64.304 24.528 244.014
v 64.304 24.528 245.570
v 64.304 27.472 243.908
v 64.304 27.472 245.463
v 64.304 27.528 244.014
v 64.304 27.528 245.570
v 64.304 30.472 243.908
v 64.304 30.472 245.463
v 64.304 30.528 244.014
v 64.304 30.528 245.570
v 64.304 33.472 243.908
v 64.304 33.472 245.463
v 64.304 33.528 244.014
v 64.304 33.528 245.570
v 64.304 36.472 243.908
v 64.304 36.472 245.463
v 64.304 36.528 244.014
v 64.304 36.528 245.570
v 64.304 39.472 243.908
v 64.304 39.528 244.014
v 64.369 4.500 243.836
v 64.369 4.500 244.086
v 64.369 4.500 245.392
v 64.369 4.500 245.642
v 64.369 38.500 243.836
v 64.369 38.500 244.086
v 64.369 38.500 245.392
v 64.369 38.500 245.642
v 72.696 38.700 237.047
v 72.696 39.900 237.047
v 73.417 38.700 238.006
v 73.417 39.900 238.006
v 75.456 4.500 14.828
v 75.456 4.650 14.828
v 75.535 4.500 14.842
v 75.535 4.650 14.842
v 76.441 4.500 15.002
v 76.441 4.650 15.002
v 76.520 4.500 15.016
v 76.520 4.650 15.016
v 80.196 4.500 15.421
v 80.196 5.300 15.421
v 80.298 4.500 15.173
v 80.298 4.500 15.668
v 80.298 5.300 15.173
v 80.298 5.300 15.668
v 80.546 4.500 15.071
v 80.546 4.500 15.771
v 80.546 5.300 15.071
v 80.546 5.300 15.771
v 80.793 4.500 15.173
v 80.793 4.500 15.668
v 80.793 5.300 15.173
v 80.793 5.300 15.668
v 80.896 4.500 15.421
v 80.896 5.300 15.421
v 97.922 4.500 18.547
v 97.922 5.300 18.547
v 98.025 4.500 18.299
v 98.025 4.500 18.794
v 98.025 5.300 18.299
v 98.025 5.300 18.794
v 98.272 4.500 18.197
v 98.272 4.500 18.897
v 98.272 5.300 18.197
v 98.272 5.300 18.897
v 98.520 4.500 18.299
v 98.520 4.500 18.794
v 98.520 5.300 18.299
v 98.520 5.300 18.794
v 98.622 4.500 18.547
v 98.622 5.300 18.547
vt -239.9166 2.3100
vt -239.9166 2.3850
vt -239.9166 194.2332
vt -239.9097 2.3100
vt -239.9097 2.3850
vt -239.9097 194.2726
vt -239.7920 2.3100
vt -239.7920 2.3850
vt -239.7920 194.9398
vt -239.7851 2.3100
vt -239.7851 2.3850
vt -239.7851 194.9792
vt -208.6600 2.3100
vt -208.6600 2.3850
vt -208.6600 371.4986
vt -208.6530 2.3100
vt -208.6530 2.3850
vt -208.6530 371.5380
vt -208.5354 2.3100
vt -208.5354 2.3850
vt -208.5354 372.2052
vt -208.5284 2.3100
vt -208.5284 2.3850
vt -208.5284 372.2446
vt -182.1305 2.3100
vt -182.1305 2.3850
vt -182.1305 176.4282
vt -182.1236 2.3100
vt -182.1236 2.3850
vt -182.1236 176.4676
vt -182.0059 2.3100
vt -182.0059 2.3850
vt -182.0059 177.1348
vt -181.9990 2.3100
vt -181.9990 2.3850
vt -181.9990 177.1742
vt -181.6381 2.3100
vt -181.6381 2.3850
vt -181.6381 176.3414
vt -181.6312 2.3100
vt -181.6312 2.3850
vt -181.6312 176.3808
vt -181.5135 2.3100
vt -181.5135 2.3850
vt -181.5135 177.0480
vt -181.5066 2.3100
vt -181.5066 2.3850
vt -181.5066 177.0874
vt -181.3588 2.2500
vt -181.3588 3.1000
vt -181.3588 202.9763
vt -180.8031 2.2500
vt -180.8031 3.1000
vt -180.8031 206.1277
vt -180.6694 2.2500
vt -180.6694 3.1000
vt -180.6694 202.8547
vt -180.1137 2.2500
vt -180.1137 3.1000
vt -180.1137 206.0061
vt -176.5989 2.2500
vt -176.5989 3.1000
vt -176.5989 202.1370
vt -176.0432 2.2500
vt -176.0432 3.1000
vt -176.0432 205.2884
vt -175.9095 2.2500
vt -175.9095 3.1000
vt -175.9095 202.0154
vt -175.3538 2.2500
vt -175.3538 3.1000
vt -175.3538 205.1668
vt -171.8390 2.2500
vt -171.8390 3.1000
vt -171.8390 201.2977
vt -171.2833 2.2500
vt -171.2833 3.1000
vt -171.2833 204.4491
vt -171.1496 2.2500
vt -171.1496 3.1000
vt -171.1496 201.1761
vt -170.5939 2.2500
vt -170.5939 3.1000
vt -170.5939 204.3275
vt -167.0791 2.2500
vt -167.0791 3.1000
vt -167.0791 200.4584
vt -166.5234 2.2500
vt -166.5234 3.1000
vt -166.5234 203.6098
vt -166.3897 2.2500
vt -166.3897 3.1000
vt -166.3897 200.3368
vt -165.8340 2.2500
vt -165.8340 3.1000
vt -165.8340 203.4882
vt -162.3192 2.2500
vt -162.3192 3.1000
vt -162.3192 199.6191
vt -161.7635 2.2500
vt -161.7635 3.1000
vt -161.7635 202.7705
vt -161.6298 2.2500
vt -161.6298 3.1000
vt -161.6298 199.4975
vt -161.0741 2.2500
vt -161.0741 3.1000
vt -161.0741 202.6489
vt -158.4059 19.3500
vt -158.4059 19.9500
vt -158.4059 26.9473
vt -157.8228 19.3500
vt -157.8228 19.9500
vt -157.8228 26.8059
vt -157.5593 2.2500
vt -157.5593 3.1000
vt -157.5593 198.7798
vt -157.1524 2.2500
vt -157.1524 19.2500
vt -157.1524 32.2563
vt -157.1524 32.3813
vt -157.1524 33.0342
vt -157.1524 33.1592
vt -157.1199 3.2362
vt -157.1199 3.2638
vt -157.1199 4.7362
vt -157.1199 4.7638
vt -157.1199 6.2362
vt -157.1199 6.2638
vt -157.1199 7.7362
vt -157.1199 7.7638
vt -157.1199 9.2362
vt -157.1199 9.2638
vt -157.1199 10.7362
vt -157.1199 10.7638
vt -157.1199 12.2362
vt -157.1199 12.2638
vt -157.1199 13.7362
vt -157.1199 13.7638
vt -157.1199 15.2362
vt -157.1199 15.2638
vt -157.1199 16.7362
vt -157.1199 16.7638
vt -157.1199 18.2362
vt -157.1199 18.2638
vt -157.1199 19.7362
vt -157.1199 19.7638
vt -157.1199 32.2922
vt -157.1199 32.3455
vt -157.1199 33.0700
vt -157.1199 33.1233
vt -157.1165 3.2638
vt -157.1165 4.7362
vt -157.1165 4.7638
vt -157.1165 6.2362
vt -157.1165 6.2638
vt -157.1165 7.7362
vt -157.1165 7.7638
vt -157.1165 9.2362
vt -157.1165 9.2638
vt -157.1165 10.7362
vt -157.1165 10.7638
vt -157.1165 12.2362
vt -157.1165 12.2638
vt -157.1165 13.7362
vt -157.1165 13.7638
vt -157.1165 15.2362
vt -157.1165 15.2638
vt -157.1165 16.7362
vt -157.1165 16.7638
vt -157.1165 18.2362
vt -157.1165 18.2638
vt -157.1165 19.7362
vt -157.1165 32.2888
vt -157.1165 32.3488
vt -157.1165 33.0667
vt -157.1165 33.1267
vt -157.0633 3.2362
vt -157.0633 4.7362
vt -157.0633 4.7638
vt -157.0633 6.2362
vt -157.0633 6.2638
vt -157.0633 7.7362
vt -157.0633 7.7638
vt -157.0633 9.2362
vt -157.0633 9.2638
vt -157.0633 10.7362
vt -157.0633 10.7638
vt -157.0633 12.2362
vt -157.0633 12.2638
vt -157.0633 13.7362
vt -157.0633 13.7638
vt -157.0633 15.2362
vt -157.0633 15.2638
vt -157.0633 16.7362
vt -157.0633 16.7638
vt -157.0633 18.2362
vt -157.0633 18.2638
vt -157.0633 19.7638
vt -157.0633 32.2888
vt -157.0633 32.3488
vt -157.0633 33.0667
vt -157.0633 33.1267
vt -157.0599 3.2362
vt -157.0599 3.2638
vt -157.0599 4.7362
vt -157.0599 4.7638
vt -157.0599 6.2362
vt -157.0599 6.2638
vt -157.0599 7.7362
vt -157.0599 7.7638
vt -157.0599 9.2362
vt -157.0599 9.2638
vt -157.0599 10.7362
vt -157.0599 10.7638
vt -157.0599 12.2362
vt -157.0599 12.2638
vt -157.0599 13.7362
vt -157.0599 13.7638
vt -157.0599 15.2362
vt -157.0599 15.2638
vt -157.0599 16.7362
vt -157.0599 16.7638
vt -157.0599 18.2362
vt -157.0599 18.2638
vt -157.0599 19.7362
vt -157.0599 19.7638
vt -157.0599 32.2922
vt -157.0599 32.3455
vt -157.0599 33.0700
vt -157.0599 33.1233
vt -157.0274 2.2500
vt -157.0274 19.2500
vt -157.0274 32.2563
vt -157.0274 32.3813
vt -157.0274 33.0342
vt -157.0274 33.1592
vt -157.0036 2.2500
vt -157.0036 3.1000
vt -157.0036 201.9312
vt -156.8699 2.2500
vt -156.8699 3.1000
vt -156.8699 198.6582
vt -156.3746 2.2500
vt -156.3746 19.2500
vt -156.3746 32.2563
vt -156.3746 32.3813
vt -156.3746 33.0342
vt -156.3746 33.1592
vt -156.3421 3.2362
vt -156.3421 3.2638
vt -156.3421 4.7362
vt -156.3421 4.7638
vt -156.3421 6.2362
vt -156.3421 6.2638
vt -156.3421 7.7362
vt -156.3421 7.7638
vt -156.3421 9.2362
vt -156.3421 9.2638
vt -156.3421 10.7362
vt -156.3421 10.7638
vt -156.3421 12.2362
vt -156.3421 12.2638
vt -156.3421 13.7362
vt -156.3421 13.7638
vt -156.3421 15.2362
vt -156.3421 15.2638
vt -156.3421 16.7362
vt -156.3421 16.7638
vt -156.3421 18.2362
vt -156.3421 18.2638
vt -156.3421 19.7362
vt -156.3421 19.7638
vt -156.3421 32.2922
vt -156.3421 32.3455
vt -156.3421 33.0700
vt -156.3421 33.1233
vt -156.3387 3.2362
vt -156.3387 4.7362
vt -156.3387 4.7638
vt -156.3387 6.2362
vt -156.3387 6.2638
vt -156.3387 7.7362
vt -156.3387 7.7638
vt -156.3387 9.2362
vt -156.3387 9.2638
vt -156.3387 10.7362
vt -156.3387 10.7638
vt -156.3387 12.2362
vt -156.3387 12.2638
vt -156.3387 13.7362
vt -156.3387 13.7638
vt -156.3387 15.2362
vt -156.3387 15.2638
vt -156.3387 16.7362
vt -156.3387 16.7638
vt -156.3387 18.2362
vt -156.3387 18.2638
vt -156.3387 19.7638
vt -156.3387 32.2888
vt -156.3387 32.3488
vt -156.3387 33.0667
vt -156.3387 33.1267
vt -156.3142 2.2500
vt -156.3142 3.1000
vt -156.3142 201.8096
vt -156.2855 3.2638
vt -156.2855 4.7362
vt -156.2855 4.7638
vt -156.2855 6.2362
vt -156.2855 6.2638
vt -156.2855 7.7362
vt -156.2855 7.7638
vt -156.2855 9.2362
vt -156.2855 9.2638
vt -156.2855 10.7362
vt -156.2855 10.7638
vt -156.2855 12.2362
vt -156.2855 12.2638
vt -156.2855 13.7362
vt -156.2855 13.7638
vt -156.2855 15.2362
vt -156.2855 15.2638
vt -156.2855 16.7362
vt -156.2855 16.7638
vt -156.2855 18.2362
vt -156.2855 18.2638
vt -156.2855 19.7362
vt -156.2855 32.2888
vt -156.2855 32.3488
vt -156.2855 33.0667
vt -156.2855 33.1267
vt -156.2821 3.2362
vt -156.2821 3.2638
vt -156.2821 4.7362
vt -156.2821 4.7638
vt -156.2821 6.2362
vt -156.2821 6.2638
vt -156.2821 7.7362
vt -156.2821 7.7638
vt -156.2821 9.2362
vt -156.2821 9.2638
vt -156.2821 10.7362
vt -156.2821 10.7638
vt -156.2821 12.2362
vt -156.2821 12.2638
vt -156.2821 13.7362
vt -156.2821 13.7638
vt -156.2821 15.2362
vt -156.2821 15.2638
vt -156.2821 16.7362
vt -156.2821 16.7638
vt -156.2821 18.2362
vt -156.2821 18.2638
vt -156.2821 19.7362
vt -156.2821 19.7638
vt -156.2821 32.2922
vt -156.2821 32.3455
vt -156.2821 33.0700
vt -156.2821 33.1233
vt -156.2496 2.2500
vt -156.2496 19.2500
vt -156.2496 32.2563
vt -156.2496 32.3813
vt -156.2496 33.0342
vt -156.2496 33.1592
vt -152.7994 2.2500
vt -152.7994 3.1000
vt -152.7994 197.9405
vt -152.2814 19.3500
vt -152.2814 19.9500
vt -152.2814 52.2156
vt -152.2437 2.2500
vt -152.2437 3.1000
vt -152.2437 201.0919
vt -152.1100 2.2500
vt -152.1100 3.1000
vt -152.1100 197.8189
vt -151.6983 19.3500
vt -151.6983 19.9500
vt -151.6983 52.0743
vt -151.5543 2.2500
vt -151.5543 3.1000
vt -151.5543 200.9703
vt -145.5491 195.2010
vt -145.3336 192.4634
vt -145.3336 197.9386
vt -145.2358 2.2550
vt -145.2358 2.3450
vt -145.2358 197.0689
vt -145.2202 2.2550
vt -145.2202 2.3450
vt -145.2202 197.1575
vt -144.8538 2.2550
vt -144.8538 2.3450
vt -144.8538 199.2354
vt -144.8382 2.2550
vt -144.8382 2.3450
vt -144.8382 199.3241
vt -144.6925 189.7932
vt -144.6925 200.6088
vt -143.6417 187.2562
vt -143.6417 203.1459
vt -142.2068 184.9148
vt -142.2068 205.4873
vt -140.4234 1.6000
vt -140.4234 2.2600
vt -140.4234 182.8267
vt -140.4234 207.5754
vt -138.3353 1.6000
vt -138.3353 2.2600
vt -138.3353 181.0432
vt -138.3353 209.3588
vt -135.9939 1.6000
vt -135.9939 2.2600
vt -135.9939 179.6084
vt -135.9939 210.7936
vt -135.2963 2.1500
vt -135.2963 3.7500
vt -135.2963 177.1350
vt -135.2717 4.5638
vt -135.2442 2.1500
vt -135.2442 3.7500
vt -135.2442 177.4305
vt -135.2196 4.5638
vt -135.1981 5.3745
vt -135.1460 5.3745
vt -135.0757 6.1791
vt -135.0236 6.1791
vt -134.9049 6.9746
vt -134.8528 6.9746
vt -134.6865 7.7580
vt -134.6344 7.7580
vt -134.6302 -15.9290
vt -134.6302 19.3500
vt -134.6302 19.9500
vt -134.4212 8.5263
vt -134.3691 8.5263
vt -134.1507 -15.5683
vt -134.1507 19.3500
vt -134.1507 19.9500
vt -134.1101 9.2766
vt -134.0580 9.2766
vt -133.7542 10.0062
vt -133.7021 10.0062
vt -133.4568 1.6000
vt -133.4568 2.2600
vt -133.4568 178.5575
vt -133.4568 211.8445
vt -133.3551 10.7123
vt -133.3030 10.7123
vt -132.9140 11.3922
vt -132.8619 11.3922
vt -132.4328 12.0434
vt -132.3807 12.0434
vt -131.9131 12.6635
vt -131.8610 12.6635
vt -131.3570 13.2500
vt -131.3050 13.2500
vt -130.8010 12.6635
vt -130.7867 1.6000
vt -130.7867 2.2600
vt -130.7867 177.9165
vt -130.7867 212.4856
vt -130.7489 12.6635
vt -130.2813 12.0434
vt -130.2292 12.0434
vt -129.8001 11.3922
vt -129.7480 11.3922
vt -129.3590 10.7123
vt -129.3070 10.7123
vt -129.2991 195.2010
vt -129.1316 194.5760
vt -129.1316 195.8260
vt -128.9599 10.0062
vt -128.9078 10.0062
vt -128.6741 2.2600
vt -128.6741 2.5500
vt -128.6741 194.1185
vt -128.6741 196.2836
vt -128.6040 9.2766
vt -128.5519 9.2766
vt -128.2929 8.5263
vt -128.2408 8.5263
vt -128.0491 1.6000
vt -128.0491 2.2600
vt -128.0491 2.5500
vt -128.0491 177.7010
vt -128.0491 193.9510
vt -128.0491 196.4510
vt -128.0491 212.7010
vt -128.0276 7.7580
vt -127.9755 7.7580
vt -127.8092 6.9746
vt -127.7571 6.9746
vt -127.6384 6.1791
vt -127.5863 6.1791
vt -127.5160 5.3745
vt -127.4639 5.3745
vt -127.4424 4.5638
vt -127.4241 2.2600
vt -127.4241 2.5500
vt -127.4241 194.1185
vt -127.4241 196.2836
vt -127.4178 2.1500
vt -127.4178 3.7500
vt -127.4178 175.7458
vt -127.3903 4.5638
vt -127.3657 2.1500
vt -127.3657 3.7500
vt -127.3657 176.0413
vt -126.9665 194.5760
vt -126.9665 195.8260
vt -126.9090 2.3100
vt -126.9090 2.3850
vt -126.9090 112.4058
vt -126.9020 2.3100
vt -126.9020 2.3850
vt -126.9020 112.4452
vt -126.7991 195.2010
vt -126.5617 2.3100
vt -126.5617 2.3850
vt -126.5617 114.3754
vt -126.5547 2.3100
vt -126.5547 2.3850
vt -126.5547 114.4148
vt -126.4435 2.3100
vt -126.4435 2.3850
vt -126.4435 115.0456
vt -126.4366 2.3100
vt -126.4366 2.3850
vt -126.4366 115.0850
vt -126.0962 2.3100
vt -126.0962 2.3850
vt -126.0962 117.0152
vt -126.0893 2.3100
vt -126.0893 2.3850
vt -126.0893 117.0546
vt -125.3114 1.6000
vt -125.3114 2.2600
vt -125.3114 177.9165
vt -125.3114 212.4856
vt -125.2521 2.3100
vt -125.2521 2.3850
vt -125.2521 121.8025
vt -125.2451 2.3100
vt -125.2451 2.3850
vt -125.2451 121.8419
vt -124.9048 2.3100
vt -124.9048 2.3850
vt -124.9048 123.7721
vt -124.8978 2.3100
vt -124.8978 2.3850
vt -124.8978 123.8115
vt -124.7866 2.3100
vt -124.7866 2.3850
vt -124.7866 124.4423
vt -124.7797 2.3100
vt -124.7797 2.3850
vt -124.7797 124.4817
vt -124.4393 2.3100
vt -124.4393 2.3850
vt -124.4393 126.4119
vt -124.4324 2.3100
vt -124.4324 2.3850
vt -124.4324 126.4513
vt -123.5952 2.3100
vt -123.5952 2.3850
vt -123.5952 131.1992
vt -123.5882 2.3100
vt -123.5882 2.3850
vt -123.5882 131.2386
vt -123.2479 2.3100
vt -123.2479 2.3850
vt -123.2479 133.1688
vt -123.2409 2.3100
vt -123.2409 2.3850
vt -123.2409 133.2082
vt -123.1297 2.3100
vt -123.1297 2.3850
vt -123.1297 133.8390
vt -123.1228 2.3100
vt -123.1228 2.3850
vt -123.1228 133.8784
vt -122.8208 -32.1843
vt -122.8208 -32.0593
vt -122.8208 -31.4065
vt -122.8208 -31.2815
vt -122.8208 2.2500
vt -122.8208 19.2500
vt -122.7883 -32.1484
vt -122.7883 -32.0951
vt -122.7883 -31.3706
vt -122.7883 -31.3173
vt -122.7883 3.2362
vt -122.7883 3.2638
vt -122.7883 4.7362
vt -122.7883 4.7638
vt -122.7883 6.2362
vt -122.7883 6.2638
vt -122.7883 7.7362
vt -122.7883 7.7638
vt -122.7883 9.2362
vt -122.7883 9.2638
vt -122.7883 10.7362
vt -122.7883 10.7638
vt -122.7883 12.2362
vt -122.7883 12.2638
vt -122.7883 13.7362
vt -122.7883 13.7638
vt -122.7883 15.2362
vt -122.7883 15.2638
vt -122.7883 16.7362
vt -122.7883 16.7638
vt -122.7883 18.2362
vt -122.7883 18.2638
vt -122.7883 19.7362
vt -122.7883 19.7638
vt -122.7850 -32.1518
vt -122.7850 -32.0918
vt -122.7850 -31.3740
vt -122.7850 -31.3140
vt -122.7850 3.2638
vt -122.7850 4.7362
vt -122.7850 4.7638
vt -122.7850 6.2362
vt -122.7850 6.2638
vt -122.7850 7.7362
vt -122.7850 7.7638
vt -122.7850 9.2362
vt -122.7850 9.2638
vt -122.7850 10.7362
vt -122.7850 10.7638
vt -122.7850 12.2362
vt -122.7850 12.2638
vt -122.7850 13.7362
vt -122.7850 13.7638
vt -122.7850 15.2362
vt -122.7850 15.2638
vt -122.7850 16.7362
vt -122.7850 16.7638
vt -122.7850 18.2362
vt -122.7850 18.2638
vt -122.7850 19.7362
vt -122.7824 2.3100
vt -122.7824 2.3850
vt -122.7824 135.8086
vt -122.7755 2.3100
vt -122.7755 2.3850
vt -122.7755 135.8480
vt -122.7317 -32.1518
vt -122.7317 -32.0918
vt -122.7317 -31.3740
vt -122.7317 -31.3140
vt -122.7317 3.2362
vt -122.7317 4.7362
vt -122.7317 4.7638
vt -122.7317 6.2362
vt -122.7317 6.2638
vt -122.7317 7.7362
vt -122.7317 7.7638
vt -122.7317 9.2362
vt -122.7317 9.2638
vt -122.7317 10.7362
vt -122.7317 10.7638
vt -122.7317 12.2362
vt -122.7317 12.2638
vt -122.7317 13.7362
vt -122.7317 13.7638
vt -122.7317 15.2362
vt -122.7317 15.2638
vt -122.7317 16.7362
vt -122.7317 16.7638
vt -122.7317 18.2362
vt -122.7317 18.2638
vt -122.7317 19.7638
vt -122.7283 -32.1484
vt -122.7283 -32.0951
vt -122.7283 -31.3706
vt -122.7283 -31.3173
vt -122.7283 3.2362
vt -122.7283 3.2638
vt -122.7283 4.7362
vt -122.7283 4.7638
vt -122.7283 6.2362
vt -122.7283 6.2638
vt -122.7283 7.7362
vt -122.7283 7.7638
vt -122.7283 9.2362
vt -122.7283 9.2638
vt -122.7283 10.7362
vt -122.7283 10.7638
vt -122.7283 12.2362
vt -122.7283 12.2638
vt -122.7283 13.7362
vt -122.7283 13.7638
vt -122.7283 15.2362
vt -122.7283 15.2638
vt -122.7283 16.7362
vt -122.7283 16.7638
vt -122.7283 18.2362
vt -122.7283 18.2638
vt -122.7283 19.7362
vt -122.7283 19.7638
vt -122.6958 -32.1843
vt -122.6958 -32.0593
vt -122.6958 -31.4065
vt -122.6958 -31.2815
vt -122.6958 2.2500
vt -122.6958 19.2500
vt -122.6413 1.6000
vt -122.6413 2.2600
vt -122.6413 178.5575
vt -122.6413 211.8445
vt -122.0430 -32.1843
vt -122.0430 -32.0593
vt -122.0430 -31.4065
vt -122.0430 -31.2815
vt -122.0430 2.2500
vt -122.0430 19.2500
vt -122.0105 -32.1484
vt -122.0105 -32.0951
vt -122.0105 -31.3706
vt -122.0105 -31.3173
vt -122.0105 3.2362
vt -122.0105 3.2638
vt -122.0105 4.7362
vt -122.0105 4.7638
vt -122.0105 6.2362
vt -122.0105 6.2638
vt -122.0105 7.7362
vt -122.0105 7.7638
vt -122.0105 9.2362
vt -122.0105 9.2638
vt -122.0105 10.7362
vt -122.0105 10.7638
vt -122.0105 12.2362
vt -122.0105 12.2638
vt -122.0105 13.7362
vt -122.0105 13.7638
vt -122.0105 15.2362
vt -122.0105 15.2638
vt -122.0105 16.7362
vt -122.0105 16.7638
vt -122.0105 18.2362
vt -122.0105 18.2638
vt -122.0105 19.7362
vt -122.0105 19.7638
vt -122.0071 -32.1518
vt -122.0071 -32.0918
vt -122.0071 -31.3740
vt -122.0071 -31.3140
vt -122.0071 3.2362
vt -122.0071 4.7362
vt -122.0071 4.7638
vt -122.0071 6.2362
vt -122.0071 6.2638
vt -122.0071 7.7362
vt -122.0071 7.7638
vt -122.0071 9.2362
vt -122.0071 9.2638
vt -122.0071 10.7362
vt -122.0071 10.7638
vt -122.0071 12.2362
vt -122.0071 12.2638
vt -122.0071 13.7362
vt -122.0071 13.7638
vt -122.0071 15.2362
vt -122.0071 15.2638
vt -122.0071 16.7362
vt -122.0071 16.7638
vt -122.0071 18.2362
vt -122.0071 18.2638
vt -122.0071 19.7638
vt -121.9539 -32.1518
vt -121.9539 -32.0918
vt -121.9539 -31.3740
vt -121.9539 -31.3140
vt -121.9539 3.2638
vt -121.9539 4.7362
vt -121.9539 4.7638
vt -121.9539 6.2362
vt -121.9539 6.2638
vt -121.9539 7.7362
vt -121.9539 7.7638
vt -121.9539 9.2362
vt -121.9539 9.2638
vt -121.9539 10.7362
vt -121.9539 10.7638
vt -121.9539 12.2362
vt -121.9539 12.2638
vt -121.9539 13.7362
vt -121.9539 13.7638
vt -121.9539 15.2362
vt -121.9539 15.2638
vt -121.9539 16.7362
vt -121.9539 16.7638
vt -121.9539 18.2362
vt -121.9539 18.2638
vt -121.9539 19.7362
vt -121.9505 -32.1484
vt -121.9505 -32.0951
vt -121.9505 -31.3706
vt -121.9505 -31.3173
vt -121.9505 3.2362
vt -121.9505 3.2638
vt -121.9505 4.7362
vt -121.9505 4.7638
vt -121.9505 6.2362
vt -121.9505 6.2638
vt -121.9505 7.7362
vt -121.9505 7.7638
vt -121.9505 9.2362
vt -121.9505 9.2638
vt -121.9505 10.7362
vt -121.9505 10.7638
vt -121.9505 12.2362
vt -121.9505 12.2638
vt -121.9505 13.7362
vt -121.9505 13.7638
vt -121.9505 15.2362
vt -121.9505 15.2638
vt -121.9505 16.7362
vt -121.9505 16.7638
vt -121.9505 18.2362
vt -121.9505 18.2638
vt -121.9505 19.7362
vt -121.9505 19.7638
vt -121.9383 2.3100
vt -121.9383 2.3850
vt -121.9383 140.5959
vt -121.9314 2.3100
vt -121.9314 2.3850
vt -121.9314 140.6353
vt -121.9180 -32.1843
vt -121.9180 -32.0593
vt -121.9180 -31.4065
vt -121.9180 -31.2815
vt -121.9180 2.2500
vt -121.9180 19.2500
vt -121.7397 2.3100
vt -121.7397 2.3850
vt -121.7397 173.3954
vt -121.7328 2.3100
vt -121.7328 2.3850
vt -121.7328 173.4348
vt -121.6151 2.3100
vt -121.6151 2.3850
vt -121.6151 174.1020
vt -121.6082 2.3100
vt -121.6082 2.3850
vt -121.6082 174.1414
vt -121.5910 2.3100
vt -121.5910 2.3850
vt -121.5910 142.5655
vt -121.5841 2.3100
vt -121.5841 2.3850
vt -121.5841 142.6049
vt -121.4728 2.3100
vt -121.4728 2.3850
vt -121.4728 143.2357
vt -121.4659 2.3100
vt -121.4659 2.3850
vt -121.4659 143.2751
vt -121.3084 2.3500
vt -121.3084 2.7500
vt -121.3084 112.4949
vt -121.2216 2.3500
vt -121.2216 2.7500
vt -121.2216 112.9873
vt -121.1255 2.3100
vt -121.1255 2.3850
vt -121.1255 145.2053
vt -121.1186 2.3100
vt -121.1186 2.3850
vt -121.1186 145.2447
vt -120.9438 2.3500
vt -120.9438 2.7500
vt -120.9438 114.5630
vt -120.8569 2.3500
vt -120.8569 2.7500
vt -120.8569 115.0554
vt -120.2814 2.3100
vt -120.2814 2.3850
vt -120.2814 149.9926
vt -120.2745 2.3100
vt -120.2745 2.3850
vt -120.2745 150.0320
vt -120.1042 1.6000
vt -120.1042 2.2600
vt -120.1042 179.6084
vt -120.1042 210.7936
vt -119.9341 2.3100
vt -119.9341 2.3850
vt -119.9341 151.9622
vt -119.9272 2.3100
vt -119.9272 2.3850
vt -119.9272 152.0016
vt -119.8159 2.3100
vt -119.8159 2.3850
vt -119.8159 152.6324
vt -119.8090 2.3100
vt -119.8090 2.3850
vt -119.8090 152.6718
vt -119.7356 2.7500
vt -119.7356 3.2000
vt -119.7356 111.9129
vt -119.4686 2.3100
vt -119.4686 2.3850
vt -119.4686 154.6020
vt -119.4617 2.3100
vt -119.4617 2.3850
vt -119.4617 154.6414
vt -119.1799 2.7500
vt -119.1799 3.2000
vt -119.1799 115.0643
vt -119.0787 14.9224
vt -119.0787 116.8734
vt -119.0582 14.9224
vt -119.0582 116.8171
vt -119.0565 14.9776
vt -119.0565 116.8815
vt -119.0462 2.7500
vt -119.0462 3.2000
vt -119.0462 111.7914
vt -119.0359 14.9776
vt -119.0359 116.8251
vt -119.0029 -36.7084
vt -119.0029 19.3500
vt -119.0029 19.9500
vt -118.6245 2.3100
vt -118.6245 2.3850
vt -118.6245 159.3893
vt -118.6176 2.3100
vt -118.6176 2.3850
vt -118.6176 159.4287
vt -118.5233 -36.3478
vt -118.5233 19.3500
vt -118.5233 19.9500
vt -118.4905 2.7500
vt -118.4905 3.2000
vt -118.4905 114.9427
vt -118.3723 14.9224
vt -118.3723 118.3882
vt -118.3643 14.9776
vt -118.3643 118.3660
vt -118.3160 14.9224
vt -118.3160 118.4087
vt -118.3079 14.9776
vt -118.3079 118.3865
vt -118.2797 117.2597
vt -118.2772 2.3100
vt -118.2772 2.3850
vt -118.2772 161.3589
vt -118.2703 2.3100
vt -118.2703 2.3850
vt -118.2703 161.3983
vt -118.1772 13.7500
vt -118.1772 14.5000
vt -118.1772 117.0122
vt -118.1772 117.5072
vt -118.1590 2.3100
vt -118.1590 2.3850
vt -118.1590 162.0291
vt -118.1521 2.3100
vt -118.1521 2.3850
vt -118.1521 162.0685
vt -118.0920 14.4724
vt -118.0920 117.2326
vt -118.0715 14.4724
vt -118.0715 117.1762
vt -118.0698 14.5276
vt -118.0698 117.2406
vt -118.0493 14.5276
vt -118.0493 117.1843
vt -118.0132 14.4724
vt -118.0132 117.4015
vt -118.0051 14.5276
vt -118.0051 117.3793
vt -117.9568 14.4724
vt -117.9568 117.4220
vt -117.9488 14.5276
vt -117.9488 117.3998
vt -117.9297 13.7500
vt -117.9297 14.5000
vt -117.9297 116.9097
vt -117.9297 117.6097
vt -117.9106 14.5276
vt -117.9106 117.1196
vt -117.9025 14.4724
vt -117.9025 117.0974
vt -117.8542 14.5276
vt -117.8542 117.1401
vt -117.8461 14.4724
vt -117.8461 117.1179
vt -117.8117 2.3100
vt -117.8117 2.3850
vt -117.8117 163.9987
vt -117.8101 14.5276
vt -117.8101 117.3352
vt -117.8048 2.3100
vt -117.8048 2.3850
vt -117.8048 164.0381
vt -117.7896 14.5276
vt -117.7896 117.2788
vt -117.7879 14.4724
vt -117.7879 117.3432
vt -117.7674 14.4724
vt -117.7674 117.2869
vt -117.7628 1.6000
vt -117.7628 2.2600
vt -117.7628 181.0432
vt -117.7628 209.3588
vt -117.6822 13.7500
vt -117.6822 14.5000
vt -117.6822 117.0122
vt -117.6822 117.5072
vt -117.5797 117.2597
vt -117.5515 14.9776
vt -117.5515 116.1329
vt -117.5434 14.9224
vt -117.5434 116.1107
vt -117.4951 14.9776
vt -117.4951 116.1534
vt -117.4870 14.9224
vt -117.4870 116.1312
vt -116.8234 14.9776
vt -116.8234 117.6943
vt -116.8029 14.9776
vt -116.8029 117.6379
vt -116.8012 14.9224
vt -116.8012 117.7024
vt -116.7807 14.9224
vt -116.7807 117.6460
vt -116.3377 2.3500
vt -116.3377 2.7500
vt -116.3377 140.6850
vt -116.2509 2.3500
vt -116.2509 2.7500
vt -116.2509 141.1774
vt -115.9731 2.3500
vt -115.9731 2.7500
vt -115.9731 142.7531
vt -115.8863 2.3500
vt -115.8863 2.7500
vt -115.8863 143.2455
vt -115.6747 1.6000
vt -115.6747 2.2600
vt -115.6747 182.8267
vt -115.6747 207.5754
vt -115.4681 2.7500
vt -115.4681 3.2000
vt -115.4681 111.1604
vt -114.9124 2.7500
vt -114.9124 3.2000
vt -114.9124 114.3118
vt -114.7787 2.7500
vt -114.7787 3.2000
vt -114.7787 111.0389
vt -114.7649 2.7500
vt -114.7649 3.2000
vt -114.7649 140.1030
vt -114.2230 2.7500
vt -114.2230 3.2000
vt -114.2230 114.1903
vt -114.2092 2.7500
vt -114.2092 3.2000
vt -114.2092 143.2544
vt -114.0755 2.7500
vt -114.0755 3.2000
vt -114.0755 139.9815
vt -113.8913 184.9148
vt -113.8913 205.4873
vt -113.5199 2.7500
vt -113.5199 3.2000
vt -113.5199 143.1329
vt -112.4564 187.2562
vt -112.4564 203.1459
vt -111.4056 189.7932
vt -111.4056 200.6088
vt -111.2599 2.2550
vt -111.2599 2.3450
vt -111.2599 191.0780
vt -111.2443 2.2550
vt -111.2443 2.3450
vt -111.2443 191.1666
vt -111.2006 2.7500
vt -111.2006 3.2000
vt -111.2006 110.4080
vt -110.8779 2.2550
vt -110.8779 2.3450
vt -110.8779 193.2446
vt -110.8623 2.2550
vt -110.8623 2.3450
vt -110.8623 193.3332
vt -110.7645 192.4634
vt -110.7645 197.9386
vt -110.6449 2.7500
vt -110.6449 3.2000
vt -110.6449 113.5593
vt -110.5491 195.2010
vt -110.5112 2.7500
vt -110.5112 3.2000
vt -110.5112 110.2864
vt -110.4974 2.7500
vt -110.4974 3.2000
vt -110.4974 139.3506
vt -109.9555 2.7500
vt -109.9555 3.2000
vt -109.9555 113.4378
vt -109.9417 2.7500
vt -109.9417 3.2000
vt -109.9417 142.5019
vt -109.8080 2.7500
vt -109.8080 3.2000
vt -109.8080 139.2290
vt -109.2524 2.7500
vt -109.2524 3.2000
vt -109.2524 142.3804
vt -106.9331 2.7500
vt -106.9331 3.2000
vt -106.9331 109.6555
vt -106.3774 2.7500
vt -106.3774 3.2000
vt -106.3774 112.8069
vt -106.2437 2.7500
vt -106.2437 3.2000
vt -106.2437 109.5339
vt -106.2299 2.7500
vt -106.2299 3.2000
vt -106.2299 138.5981
vt -105.6880 2.7500
vt -105.6880 3.2000
vt -105.6880 112.6853
vt -105.6742 2.7500
vt -105.6742 3.2000
vt -105.6742 141.7495
vt -105.5405 2.7500
vt -105.5405 3.2000
vt -105.5405 138.4765
vt -104.9849 2.7500
vt -104.9849 3.2000
vt -104.9849 141.6279
vt -102.6656 2.7500
vt -102.6656 3.2000
vt -102.6656 108.9030
vt -102.1099 2.7500
vt -102.1099 3.2000
vt -102.1099 112.0544
vt -101.9762 2.7500
vt -101.9762 3.2000
vt -101.9762 108.7815
vt -101.9624 2.7500
vt -101.9624 3.2000
vt -101.9624 137.8456
vt -101.4205 2.7500
vt -101.4205 3.2000
vt -101.4205 111.9328
vt -101.4067 2.7500
vt -101.4067 3.2000
vt -101.4067 140.9970
vt -101.2730 2.7500
vt -101.2730 3.2000
vt -101.2730 137.7240
vt -100.7174 2.7500
vt -100.7174 3.2000
vt -100.7174 140.8754
vt -98.3981 2.7500
vt -98.3981 3.2000
vt -98.3981 108.1505
vt -97.8424 2.7500
vt -97.8424 3.2000
vt -97.8424 111.3019
vt -97.7087 2.7500
vt -97.7087 3.2000
vt -97.7087 108.0290
vt -97.6949 2.7500
vt -97.6949 3.2000
vt -97.6949 137.0931
vt -97.1530 2.7500
vt -97.1530 3.2000
vt -97.1530 111.1804
vt -97.1392 2.7500
vt -97.1392 3.2000
vt -97.1392 140.2445
vt -97.0055 2.7500
vt -97.0055 3.2000
vt -97.0055 136.9716
vt -96.4499 2.7500
vt -96.4499 3.2000
vt -96.4499 140.1230
vt -94.1306 2.7500
vt -94.1306 3.2000
vt -94.1306 107.3981
vt -93.5749 2.7500
vt -93.5749 3.2000
vt -93.5749 110.5494
vt -93.4412 2.7500
vt -93.4412 3.2000
vt -93.4412 107.2765
vt -93.4274 2.7500
vt -93.4274 3.2000
vt -93.4274 136.3407
vt -92.8855 2.7500
vt -92.8855 3.2000
vt -92.8855 110.4279
vt -92.8717 2.7500
vt -92.8717 3.2000
vt -92.8717 139.4920
vt -92.7380 2.7500
vt -92.7380 3.2000
vt -92.7380 136.2191
vt -92.1824 2.7500
vt -92.1824 3.2000
vt -92.1824 139.3705
vt -91.8198 2.2500
vt -91.8198 8.2500
vt -91.8198 104.7863
vt -91.7642 2.3500
vt -91.7642 2.7500
vt -91.7642 107.2854
vt -91.7504 2.2500
vt -91.7504 8.2500
vt -91.7504 105.1802
vt -91.6774 2.3500
vt -91.6774 2.7500
vt -91.6774 107.7778
vt -91.3995 2.3500
vt -91.3995 2.7500
vt -91.3995 109.3535
vt -91.3127 2.3500
vt -91.3127 2.7500
vt -91.3127 109.8459
vt -90.5797 2.2500
vt -90.5797 8.2500
vt -90.5797 111.8195
vt -90.5102 2.2500
vt -90.5102 8.2500
vt -90.5102 112.2134
vt -90.4830 2.3100
vt -90.4830 2.3850
vt -90.4830 350.6608
vt -90.4761 2.3100
vt -90.4761 2.3850
vt -90.4761 350.7002
vt -90.3584 2.3100
vt -90.3584 2.3850
vt -90.3584 351.3674
vt -90.3515 2.3100
vt -90.3515 2.3850
vt -90.3515 351.4068
vt -90.0180 14.9224
vt -90.0180 152.1125
vt -89.9975 14.9224
vt -89.9975 152.0561
vt -89.9958 14.9776
vt -89.9958 152.1205
vt -89.9753 14.9776
vt -89.9753 152.0642
vt -89.3116 14.9224
vt -89.3116 153.6272
vt -89.3036 14.9776
vt -89.3036 153.6050
vt -89.2553 14.9224
vt -89.2553 153.6477
vt -89.2472 14.9776
vt -89.2472 153.6255
vt -89.2190 152.4987
vt -89.1599 2.7500
vt -89.1599 3.2000
vt -89.1599 135.5882
vt -89.1165 13.7500
vt -89.1165 14.5000
vt -89.1165 152.2512
vt -89.1165 152.7462
vt -89.0313 14.4724
vt -89.0313 152.4716
vt -89.0108 14.4724
vt -89.0108 152.4152
vt -89.0091 14.5276
vt -89.0091 152.4797
vt -88.9886 14.5276
vt -88.9886 152.4233
vt -88.9525 14.4724
vt -88.9525 152.6405
vt -88.9444 14.5276
vt -88.9444 152.6183
vt -88.8961 14.4724
vt -88.8961 152.6611
vt -88.8881 14.5276
vt -88.8881 152.6388
vt -88.8690 13.7500
vt -88.8690 14.5000
vt -88.8690 152.1487
vt -88.8690 152.8487
vt -88.8499 14.5276
vt -88.8499 152.3586
vt -88.8418 14.4724
vt -88.8418 152.3364
vt -88.7935 14.5276
vt -88.7935 152.3791
vt -88.7855 14.4724
vt -88.7855 152.3569
vt -88.7494 14.5276
vt -88.7494 152.5742
vt -88.7289 14.5276
vt -88.7289 152.5178
vt -88.7272 14.4724
vt -88.7272 152.5823
vt -88.7067 14.4724
vt -88.7067 152.5259
vt -88.6215 13.7500
vt -88.6215 14.5000
vt -88.6215 152.2512
vt -88.6215 152.7462
vt -88.6042 2.7500
vt -88.6042 3.2000
vt -88.6042 138.7396
vt -88.5190 152.4987
vt -88.4908 14.9776
vt -88.4908 151.3720
vt -88.4827 14.9224
vt -88.4827 151.3497
vt -88.4705 2.7500
vt -88.4705 3.2000
vt -88.4705 135.4666
vt -88.4344 14.9776
vt -88.4344 151.3925
vt -88.4263 14.9224
vt -88.4263 151.3703
vt -87.9149 2.7500
vt -87.9149 3.2000
vt -87.9149 138.6180
vt -87.8601 2.2500
vt -87.8601 8.2500
vt -87.8601 104.0881
vt -87.7906 2.2500
vt -87.7906 8.2500
vt -87.7906 104.4820
vt -87.7627 14.9776
vt -87.7627 152.9333
vt -87.7422 14.9776
vt -87.7422 152.8769
vt -87.7405 14.9224
vt -87.7405 152.9414
vt -87.7200 14.9224
vt -87.7200 152.8850
vt -87.0243 2.3100
vt -87.0243 2.3850
vt -87.0243 105.3730
vt -87.0173 2.3100
vt -87.0173 2.3850
vt -87.0173 105.4124
vt -86.8492 2.2500
vt -86.8492 8.2500
vt -86.8492 132.9764
vt -86.7935 2.3500
vt -86.7935 2.7500
vt -86.7935 135.4755
vt -86.7797 2.2500
vt -86.7797 8.2500
vt -86.7797 133.3703
vt -86.7067 2.3500
vt -86.7067 2.7500
vt -86.7067 135.9679
vt -86.6770 2.3100
vt -86.6770 2.3850
vt -86.6770 107.3426
vt -86.6700 2.3100
vt -86.6700 2.3850
vt -86.6700 107.3820
vt -86.6200 2.2500
vt -86.6200 8.2500
vt -86.6200 111.1212
vt -86.5588 2.3100
vt -86.5588 2.3850
vt -86.5588 108.0128
vt -86.5518 2.3100
vt -86.5518 2.3850
vt -86.5518 108.0522
vt -86.5505 2.2500
vt -86.5505 8.2500
vt -86.5505 111.5152
vt -86.4288 2.3500
vt -86.4288 2.7500
vt -86.4288 137.5436
vt -86.4175 2.2500
vt -86.4175 8.2500
vt -86.4175 113.4210
vt -86.3420 2.3500
vt -86.3420 2.7500
vt -86.3420 138.0360
vt -86.2115 2.3100
vt -86.2115 2.3850
vt -86.2115 109.9825
vt -86.2045 2.3100
vt -86.2045 2.3850
vt -86.2045 110.0219
vt -86.0236 2.2500
vt -86.0236 8.2500
vt -86.0236 113.3516
vt -85.9976 3.7500
vt -85.9976 3.9500
vt -85.9976 5.2500
vt -85.9976 5.4500
vt -85.9976 6.7500
vt -85.9976 6.9500
vt -85.9976 113.4993
vt -85.8498 3.7500
vt -85.8498 3.9500
vt -85.8498 5.2500
vt -85.8498 5.4500
vt -85.8498 6.7500
vt -85.8498 6.9500
vt -85.8498 113.4732
vt -85.6090 2.2500
vt -85.6090 8.2500
vt -85.6090 140.0096
vt -85.5396 2.2500
vt -85.5396 8.2500
vt -85.5396 140.4035
vt -85.3674 2.3100
vt -85.3674 2.3850
vt -85.3674 114.7697
vt -85.3604 2.3100
vt -85.3604 2.3850
vt -85.3604 114.8091
vt -85.1739 1.5000
vt -85.1739 1.5750
vt -85.1739 68.3284
vt -85.1345 1.5000
vt -85.1345 1.5750
vt -85.1345 68.3214
vt -85.0732 2.2500
vt -85.0732 8.2500
vt -85.0732 121.0451
vt -85.0201 2.3100
vt -85.0201 2.3850
vt -85.0201 116.7393
vt -85.0131 2.3100
vt -85.0131 2.3850
vt -85.0131 116.7787
vt -84.9019 2.3100
vt -84.9019 2.3850
vt -84.9019 117.4096
vt -84.8949 2.3100
vt -84.8949 2.3850
vt -84.8949 117.4489
vt -84.7606 2.2500
vt -84.7606 8.2500
vt -84.7606 122.8177
vt -84.7053 3.7500
vt -84.7053 3.9500
vt -84.7053 5.2500
vt -84.7053 5.4500
vt -84.7053 6.7500
vt -84.7053 6.9500
vt -84.7053 120.8279
vt -84.6793 2.2500
vt -84.6793 8.2500
vt -84.6793 120.9756
vt -84.5576 3.7500
vt -84.5576 3.9500
vt -84.5576 5.2500
vt -84.5576 5.4500
vt -84.5576 6.7500
vt -84.5576 6.9500
vt -84.5576 120.8019
vt -84.5546 2.3100
vt -84.5546 2.3850
vt -84.5546 119.3792
vt -84.5477 2.3100
vt -84.5477 2.3850
vt -84.5477 119.4186
vt -84.3667 2.2500
vt -84.3667 8.2500
vt -84.3667 122.7483
vt -84.3407 3.7500
vt -84.3407 3.9500
vt -84.3407 5.2500
vt -84.3407 5.4500
vt -84.3407 6.7500
vt -84.3407 6.9500
vt -84.3407 122.8960
vt -84.1929 3.7500
vt -84.1929 3.9500
vt -84.1929 5.2500
vt -84.1929 5.4500
vt -84.1929 6.7500
vt -84.1929 6.9500
vt -84.1929 122.8700
vt -83.9429 1.5000
vt -83.9429 1.5750
vt -83.9429 68.1113
vt -83.9035 1.5000
vt -83.9035 1.5750
vt -83.9035 68.1043
vt -83.7105 2.3100
vt -83.7105 2.3850
vt -83.7105 124.1664
vt -83.7035 2.3100
vt -83.7035 2.3850
vt -83.7035 124.2058
vt -83.4163 2.2500
vt -83.4163 8.2500
vt -83.4163 130.4418
vt -83.3632 2.3100
vt -83.3632 2.3850
vt -83.3632 126.1360
vt -83.3562 2.3100
vt -83.3562 2.3850
vt -83.3562 126.1754
vt -83.2450 2.3100
vt -83.2450 2.3850
vt -83.2450 126.8063
vt -83.2381 2.3100
vt -83.2381 2.3850
vt -83.2381 126.8457
vt -83.0484 3.7500
vt -83.0484 3.9500
vt -83.0484 5.2500
vt -83.0484 5.4500
vt -83.0484 6.7500
vt -83.0484 6.9500
vt -83.0484 130.2246
vt -83.0224 2.2500
vt -83.0224 8.2500
vt -83.0224 130.3723
vt -82.9007 3.7500
vt -82.9007 3.9500
vt -82.9007 5.2500
vt -82.9007 5.4500
vt -82.9007 6.7500
vt -82.9007 6.9500
vt -82.9007 130.1986
vt -82.8977 2.3100
vt -82.8977 2.3850
vt -82.8977 128.7759
vt -82.8908 2.3100
vt -82.8908 2.3850
vt -82.8908 128.8153
vt -82.8894 2.2500
vt -82.8894 8.2500
vt -82.8894 132.2782
vt -82.8199 2.2500
vt -82.8199 8.2500
vt -82.8199 132.6721
vt -82.0536 2.3100
vt -82.0536 2.3850
vt -82.0536 133.5631
vt -82.0466 2.3100
vt -82.0466 2.3850
vt -82.0466 133.6025
vt -81.7063 2.3100
vt -81.7063 2.3850
vt -81.7063 135.5328
vt -81.6993 2.3100
vt -81.6993 2.3850
vt -81.6993 135.5721
vt -81.6493 2.2500
vt -81.6493 8.2500
vt -81.6493 139.3114
vt -81.6381 1.6000
vt -81.6381 2.2750
vt -81.6381 121.5225
vt -81.5881 2.3100
vt -81.5881 2.3850
vt -81.5881 136.2030
vt -81.5812 2.3100
vt -81.5812 2.3850
vt -81.5812 136.2424
vt -81.5798 2.2500
vt -81.5798 8.2500
vt -81.5798 139.7053
vt -81.4468 2.2500
vt -81.4468 8.2500
vt -81.4468 141.6112
vt -81.2408 2.3100
vt -81.2408 2.3850
vt -81.2408 138.1726
vt -81.2339 2.3100
vt -81.2339 2.3850
vt -81.2339 138.2120
vt -81.0529 2.2500
vt -81.0529 8.2500
vt -81.0529 141.5417
vt -81.0269 3.7500
vt -81.0269 3.9500
vt -81.0269 5.2500
vt -81.0269 5.4500
vt -81.0269 6.7500
vt -81.0269 6.9500
vt -81.0269 141.6894
vt -80.8792 3.7500
vt -80.8792 3.9500
vt -80.8792 5.2500
vt -80.8792 5.4500
vt -80.8792 6.7500
vt -80.8792 6.9500
vt -80.8792 141.6634
vt -80.3967 2.3100
vt -80.3967 2.3850
vt -80.3967 142.9598
vt -80.3897 2.3100
vt -80.3897 2.3850
vt -80.3897 142.9992
vt -80.2489 1.6000
vt -80.2489 2.2750
vt -80.2489 129.4010
vt -80.1025 2.2500
vt -80.1025 8.2500
vt -80.1025 149.2352
vt -80.0494 2.3100
vt -80.0494 2.3850
vt -80.0494 144.9295
vt -80.0424 2.3100
vt -80.0424 2.3850
vt -80.0424 144.9689
vt -79.9312 2.3100
vt -79.9312 2.3850
vt -79.9312 145.5997
vt -79.9243 2.3100
vt -79.9243 2.3850
vt -79.9243 145.6391
vt -79.7899 2.2500
vt -79.7899 8.2500
vt -79.7899 151.0079
vt -79.7346 3.7500
vt -79.7346 3.9500
vt -79.7346 5.2500
vt -79.7346 5.4500
vt -79.7346 6.7500
vt -79.7346 6.9500
vt -79.7346 149.0180
vt -79.7086 2.2500
vt -79.7086 8.2500
vt -79.7086 149.1657
vt -79.5869 3.7500
vt -79.5869 3.9500
vt -79.5869 5.2500
vt -79.5869 5.4500
vt -79.5869 6.7500
vt -79.5869 6.9500
vt -79.5869 148.9920
vt -79.5839 2.3100
vt -79.5839 2.3850
vt -79.5839 147.5693
vt -79.5770 2.3100
vt -79.5770 2.3850
vt -79.5770 147.6087
vt -79.3960 2.2500
vt -79.3960 8.2500
vt -79.3960 150.9384
vt -79.3700 3.7500
vt -79.3700 3.9500
vt -79.3700 5.2500
vt -79.3700 5.4500
vt -79.3700 6.7500
vt -79.3700 6.9500
vt -79.3700 151.0861
vt -79.2223 3.7500
vt -79.2223 3.9500
vt -79.2223 5.2500
vt -79.2223 5.4500
vt -79.2223 6.7500
vt -79.2223 6.9500
vt -79.2223 151.0601
vt -78.7398 2.3100
vt -78.7398 2.3850
vt -78.7398 152.3565
vt -78.7329 2.3100
vt -78.7329 2.3850
vt -78.7329 152.3959
vt -78.7072 2.2750
vt -78.7072 2.6750
vt -78.7072 123.7474
vt -78.6204 2.2750
vt -78.6204 2.6750
vt -78.6204 124.2398
vt -78.4456 2.2500
vt -78.4456 8.2500
vt -78.4456 158.6319
vt -78.3925 2.3100
vt -78.3925 2.3850
vt -78.3925 154.3262
vt -78.3856 2.3100
vt -78.3856 2.3850
vt -78.3856 154.3656
vt -78.3426 2.2750
vt -78.3426 2.6750
vt -78.3426 125.8155
vt -78.2743 2.3100
vt -78.2743 2.3850
vt -78.2743 154.9964
vt -78.2674 2.3100
vt -78.2674 2.3850
vt -78.2674 155.0358
vt -78.2557 2.2750
vt -78.2557 2.6750
vt -78.2557 126.3079
vt -78.0777 3.7500
vt -78.0777 3.9500
vt -78.0777 5.2500
vt -78.0777 5.4500
vt -78.0777 6.7500
vt -78.0777 6.9500
vt -78.0777 158.4147
vt -78.0517 2.2500
vt -78.0517 8.2500
vt -78.0517 158.5625
vt -77.9300 3.7500
vt -77.9300 3.9500
vt -77.9300 5.2500
vt -77.9300 5.4500
vt -77.9300 6.7500
vt -77.9300 6.9500
vt -77.9300 158.3887
vt -77.9270 2.3100
vt -77.9270 2.3850
vt -77.9270 156.9660
vt -77.9201 2.3100
vt -77.9201 2.3850
vt -77.9201 157.0054
vt -77.8863 1.5000
vt -77.8863 1.5750
vt -77.8863 67.0434
vt -77.8469 1.5000
vt -77.8469 1.5750
vt -77.8469 67.0364
vt -77.1344 2.6750
vt -77.1344 3.1500
vt -77.1344 123.1654
vt -76.6553 1.5000
vt -76.6553 1.5750
vt -76.6553 66.8263
vt -76.6159 1.5000
vt -76.6159 1.5750
vt -76.6159 66.8193
vt -76.5787 2.6750
vt -76.5787 3.1500
vt -76.5787 126.3168
vt -76.4450 2.6750
vt -76.4450 3.1500
vt -76.4450 123.0439
vt -75.8894 2.6750
vt -75.8894 3.1500
vt -75.8894 126.1952
vt -72.8669 2.6750
vt -72.8669 3.1500
vt -72.8669 122.4129
vt -72.3112 2.6750
vt -72.3112 3.1500
vt -72.3112 125.5643
vt -72.1775 2.6750
vt -72.1775 3.1500
vt -72.1775 122.2914
vt -71.6219 2.6750
vt -71.6219 3.1500
vt -71.6219 125.4428
vt -70.7817 -27.1031
vt -70.7817 2.2500
vt -70.7817 2.3250
vt -70.7748 -27.0637
vt -70.7748 2.2500
vt -70.7748 2.3250
vt -70.6949 -26.6107
vt -70.6949 2.2500
vt -70.6949 2.3250
vt -70.6880 -26.5713
vt -70.6880 2.2500
vt -70.6880 2.3250
vt -70.5987 1.5000
vt -70.5987 1.5750
vt -70.5987 65.7584
vt -70.5593 1.5000
vt -70.5593 1.5750
vt -70.5593 65.7514
vt -69.3677 1.5000
vt -69.3677 1.5750
vt -69.3677 65.5413
vt -69.3283 1.5000
vt -69.3283 1.5750
vt -69.3283 65.5344
vt -68.7761 -15.7286
vt -68.7761 2.2500
vt -68.7761 2.3250
vt -68.7692 -15.6892
vt -68.7692 2.2500
vt -68.7692 2.3250
vt -68.6893 -15.2362
vt -68.6893 2.2500
vt -68.6893 2.3250
vt -68.6823 -15.1968
vt -68.6823 2.2500
vt -68.6823 2.3250
vt -68.6773 1.5000
vt -68.6773 1.5750
vt -68.6773 161.8851
vt -68.6379 1.5000
vt -68.6379 1.5750
vt -68.6379 161.8781
vt -68.5994 2.6750
vt -68.5994 3.1500
vt -68.5994 121.6605
vt -68.0437 2.6750
vt -68.0437 3.1500
vt -68.0437 124.8118
vt -67.9100 2.6750
vt -67.9100 3.1500
vt -67.9100 121.5389
vt -67.4463 1.5000
vt -67.4463 1.5750
vt -67.4463 161.6680
vt -67.4069 1.5000
vt -67.4069 1.5750
vt -67.4069 161.6611
vt -67.3544 2.6750
vt -67.3544 3.1500
vt -67.3544 124.6903
vt -66.7705 -4.3541
vt -66.7705 2.2500
vt -66.7705 2.3250
vt -66.7635 -4.3147
vt -66.7635 2.2500
vt -66.7635 2.3250
vt -66.6836 -3.8617
vt -66.6836 2.2500
vt -66.6836 2.3250
vt -66.6767 -3.8223
vt -66.6767 2.2500
vt -66.6767 2.3250
vt -64.7648 2.2500
vt -64.7648 2.3250
vt -64.7648 7.0205
vt -64.7579 2.2500
vt -64.7579 2.3250
vt -64.7579 7.0598
vt -64.6780 2.2500
vt -64.6780 2.3250
vt -64.6780 7.5129
vt -64.6711 2.2500
vt -64.6711 2.3250
vt -64.6711 7.5522
vt -64.3319 2.6750
vt -64.3319 3.1500
vt -64.3319 120.9080
vt -63.7762 2.6750
vt -63.7762 3.1500
vt -63.7762 124.0594
vt -63.6425 2.6750
vt -63.6425 3.1500
vt -63.6425 120.7864
vt -63.3112 1.5000
vt -63.3112 1.5750
vt -63.3112 64.4734
vt -63.2718 1.5000
vt -63.2718 1.5750
vt -63.2718 64.4664
vt -63.0869 2.6750
vt -63.0869 3.1500
vt -63.0869 123.9378
vt -62.7592 2.2500
vt -62.7592 2.3250
vt -62.7592 18.3950
vt -62.7523 2.2500
vt -62.7523 2.3250
vt -62.7523 18.4344
vt -62.6724 2.2500
vt -62.6724 2.3250
vt -62.6724 18.8874
vt -62.6654 2.2500
vt -62.6654 2.3250
vt -62.6654 18.9268
vt -62.0801 1.5000
vt -62.0801 1.5750
vt -62.0801 64.2563
vt -62.0408 1.5000
vt -62.0408 1.5750
vt -62.0408 64.2494
vt -61.3897 1.5000
vt -61.3897 1.5750
vt -61.3897 160.6001
vt -61.3503 1.5000
vt -61.3503 1.5750
vt -61.3503 160.5931
vt -60.7536 2.2500
vt -60.7536 2.3250
vt -60.7536 29.7695
vt -60.7466 2.2500
vt -60.7466 2.3250
vt -60.7466 29.8089
vt -60.6667 2.2500
vt -60.6667 2.3250
vt -60.6667 30.2619
vt -60.6598 2.2500
vt -60.6598 2.3250
vt -60.6598 30.3013
vt -60.1587 1.5000
vt -60.1587 1.5750
vt -60.1587 160.3830
vt -60.1193 1.5000
vt -60.1193 1.5750
vt -60.1193 160.3761
vt -60.0887 -17.9178
vt -60.0887 15.6724
vt -60.0682 -17.9742
vt -60.0682 15.6724
vt -60.0665 -17.9098
vt -60.0665 15.7276
vt -60.0644 2.6750
vt -60.0644 3.1500
vt -60.0644 120.1555
vt -60.0460 -17.9661
vt -60.0460 15.7276
vt -59.8646 0.2209
vt -59.8646 1.2709
vt -59.8646 72.2429
vt -59.5087 2.6750
vt -59.5087 3.1500
vt -59.5087 123.3069
vt -59.3824 -16.4031
vt -59.3824 15.6724
vt -59.3750 2.6750
vt -59.3750 3.1500
vt -59.3750 120.0340
vt -59.3743 -16.4253
vt -59.3743 15.7276
vt -59.3260 -16.3826
vt -59.3260 15.6724
vt -59.3179 -16.4048
vt -59.3179 15.7276
vt -59.2898 -17.5316
vt -59.2569 0.2209
vt -59.2569 1.2709
vt -59.2569 75.6897
vt -59.1872 -17.7791
vt -59.1872 -17.2841
vt -59.1872 14.5000
vt -59.1872 15.2500
vt -59.1021 -17.5587
vt -59.1021 15.2224
vt -59.0815 -17.6151
vt -59.0815 15.2224
vt -59.0799 -17.5506
vt -59.0799 15.2776
vt -59.0593 -17.6070
vt -59.0593 15.2776
vt -59.0233 -17.3898
vt -59.0233 15.2224
vt -59.0152 -17.4120
vt -59.0152 15.2776
vt -58.9669 -17.3692
vt -58.9669 15.2224
vt -58.9588 -17.3915
vt -58.9588 15.2776
vt -58.9398 -17.8816
vt -58.9398 -17.1816
vt -58.9398 14.5000
vt -58.9398 15.2500
vt -58.9207 -17.6717
vt -58.9207 15.2776
vt -58.9126 -17.6939
vt -58.9126 15.2224
vt -58.8643 -17.6512
vt -58.8643 15.2776
vt -58.8562 -17.6734
vt -58.8562 15.2224
vt -58.8202 -17.4561
vt -58.8202 15.2776
vt -58.8194 2.6750
vt -58.8194 3.1500
vt -58.8194 123.1853
vt -58.7996 -17.5125
vt -58.7996 15.2776
vt -58.7980 -17.4480
vt -58.7980 15.2224
vt -58.7774 -17.5044
vt -58.7774 15.2224
vt -58.7479 2.2500
vt -58.7479 2.3250
vt -58.7479 41.1440
vt -58.7410 2.2500
vt -58.7410 2.3250
vt -58.7410 41.1834
vt -58.6923 -17.7791
vt -58.6923 -17.2841
vt -58.6923 14.5000
vt -58.6923 15.2500
vt -58.6611 2.2500
vt -58.6611 2.3250
vt -58.6611 41.6364
vt -58.6542 2.2500
vt -58.6542 2.3250
vt -58.6542 41.6758
vt -58.5898 -17.5316
vt -58.5616 -18.6584
vt -58.5616 15.7276
vt -58.5535 -18.6806
vt -58.5535 15.6724
vt -58.5052 -18.6378
vt -58.5052 15.7276
vt -58.4971 -18.6600
vt -58.4971 15.6724
vt -57.8335 -17.0970
vt -57.8335 15.7276
vt -57.8130 -17.1534
vt -57.8130 15.7276
vt -57.8113 -17.0889
vt -57.8113 15.6724
vt -57.7908 -17.1453
vt -57.7908 15.6724
vt -55.7969 2.6750
vt -55.7969 3.1500
vt -55.7969 119.4030
vt -55.2412 2.6750
vt -55.2412 3.1500
vt -55.2412 122.5544
vt -55.1075 2.6750
vt -55.1075 3.1500
vt -55.1075 119.2815
vt -54.5519 2.6750
vt -54.5519 3.1500
vt -54.5519 122.4329
vt -54.1402 1.5051
vt -54.1402 70.1724
vt -54.1342 1.5949
vt -54.1342 70.1714
vt -54.1246 1.5051
vt -54.1246 70.2611
vt -54.1186 1.5949
vt -54.1186 70.2600
vt -54.1022 1.5000
vt -54.1022 1.5750
vt -54.1022 159.3151
vt -54.0628 1.5000
vt -54.0628 1.5750
vt -54.0628 159.3081
vt -53.8364 1.5051
vt -53.8364 71.8958
vt -53.8304 1.5949
vt -53.8304 71.8948
vt -53.8207 1.5051
vt -53.8207 71.9845
vt -53.8147 1.5949
vt -53.8147 71.9834
vt -53.4891 1.5051
vt -53.4891 73.8655
vt -53.4831 1.5949
vt -53.4831 73.8644
vt -53.4734 1.5051
vt -53.4734 73.9541
vt -53.4674 1.5949
vt -53.4674 73.9530
vt -53.1852 1.5051
vt -53.1852 75.5889
vt -53.1792 1.5949
vt -53.1792 75.5878
vt -53.1696 1.5051
vt -53.1696 75.6775
vt -53.1635 1.5949
vt -53.1635 75.6764
vt -52.8711 1.5000
vt -52.8711 1.5750
vt -52.8711 159.0980
vt -52.8318 1.5000
vt -52.8318 1.5750
vt -52.8318 159.0911
vt -51.5294 2.6750
vt -51.5294 3.1500
vt -51.5294 118.6506
vt -50.9737 2.6750
vt -50.9737 3.1500
vt -50.9737 121.8019
vt -50.8400 2.6750
vt -50.8400 3.1500
vt -50.8400 118.5290
vt -50.5381 15.6724
vt -50.5381 36.2466
vt -50.5176 15.6724
vt -50.5176 36.1902
vt -50.5159 15.7276
vt -50.5159 36.2547
vt -50.4954 15.7276
vt -50.4954 36.1983
vt -50.2844 2.6750
vt -50.2844 3.1500
vt -50.2844 121.6804
vt -49.8318 15.6724
vt -49.8318 37.7613
vt -49.8237 15.7276
vt -49.8237 37.7391
vt -49.7754 15.6724
vt -49.7754 37.7819
vt -49.7673 15.7276
vt -49.7673 37.7596
vt -49.7391 36.6329
vt -49.6366 14.5000
vt -49.6366 15.2500
vt -49.6366 36.3854
vt -49.6366 36.8804
vt -49.5514 15.2224
vt -49.5514 36.6057
vt -49.5309 15.2224
vt -49.5309 36.5493
vt -49.5292 15.2776
vt -49.5292 36.6138
vt -49.5087 15.2776
vt -49.5087 36.5574
vt -49.4726 15.2224
vt -49.4726 36.7747
vt -49.4646 15.2776
vt -49.4646 36.7525
vt -49.4396 2.3100
vt -49.4396 2.3850
vt -49.4396 88.1755
vt -49.4326 2.3100
vt -49.4326 2.3850
vt -49.4326 88.2149
vt -49.4163 15.2224
vt -49.4163 36.7952
vt -49.4082 15.2776
vt -49.4082 36.7730
vt -49.3891 14.5000
vt -49.3891 15.2500
vt -49.3891 36.2829
vt -49.3891 36.9829
vt -49.3700 15.2776
vt -49.3700 36.4928
vt -49.3619 15.2224
vt -49.3619 36.4705
vt -49.3585 3.7500
vt -49.3585 3.9500
vt -49.3585 5.2500
vt -49.3585 5.4500
vt -49.3585 6.7500
vt -49.3585 6.9500
vt -49.3585 87.1957
vt -49.3136 15.2776
vt -49.3136 36.5133
vt -49.3056 15.2224
vt -49.3056 36.4911
vt -49.2695 15.2776
vt -49.2695 36.7083
vt -49.2599 2.2500
vt -49.2599 2.6500
vt -49.2490 15.2776
vt -49.2490 36.6519
vt -49.2473 15.2224
vt -49.2473 36.7164
vt -49.2368 2.2500
vt -49.2368 8.2500
vt -49.2368 87.0219
vt -49.2268 15.2224
vt -49.2268 36.6600
vt -49.2108 3.7500
vt -49.2108 3.9500
vt -49.2108 5.2500
vt -49.2108 5.4500
vt -49.2108 6.7500
vt -49.2108 6.9500
vt -49.2108 87.1697
vt -49.1630 2.2750
vt -49.1630 2.6750
vt -49.1630 118.5379
vt -49.1416 14.5000
vt -49.1416 15.2500
vt -49.1416 36.3854
vt -49.1416 36.8804
vt -49.1362 2.2500
vt -49.1362 2.6500
vt -49.0923 2.3100
vt -49.0923 2.3850
vt -49.0923 90.1451
vt -49.0853 2.3100
vt -49.0853 2.3850
vt -49.0853 90.1845
vt -49.0762 2.2750
vt -49.0762 2.6750
vt -49.0762 119.0303
vt -49.0453 2.3100
vt -49.0453 2.3850
vt -49.0453 90.4118
vt -49.0391 36.6329
vt -49.0383 2.3100
vt -49.0383 2.3850
vt -49.0383 90.4512
vt -49.0125 2.2500
vt -49.0125 2.6500
vt -49.0109 15.7276
vt -49.0109 35.5061
vt -49.0028 15.6724
vt -49.0028 35.4839
vt -48.9545 15.7276
vt -48.9545 35.5266
vt -48.9464 15.6724
vt -48.9464 35.5044
vt -48.8429 2.2500
vt -48.8429 8.2500
vt -48.8429 86.9525
vt -48.7983 2.2750
vt -48.7983 2.6750
vt -48.7983 120.6060
vt -48.7115 2.2750
vt -48.7115 2.6750
vt -48.7115 121.0984
vt -48.6980 2.3100
vt -48.6980 2.3850
vt -48.6980 92.3815
vt -48.6910 2.3100
vt -48.6910 2.3850
vt -48.6910 92.4209
vt -48.2828 15.7276
vt -48.2828 37.0674
vt -48.2797 3.7500
vt -48.2797 3.9500
vt -48.2797 5.2500
vt -48.2797 5.4500
vt -48.2797 6.7500
vt -48.2797 6.9500
vt -48.2797 93.3138
vt -48.2623 15.7276
vt -48.2623 37.0111
vt -48.2606 15.6724
vt -48.2606 37.0755
vt -48.2401 15.6724
vt -48.2401 37.0191
vt -48.1320 3.7500
vt -48.1320 3.9500
vt -48.1320 5.2500
vt -48.1320 5.4500
vt -48.1320 6.7500
vt -48.1320 6.9500
vt -48.1320 93.2878
vt -48.1059 2.2500
vt -48.1059 8.2500
vt -48.1059 93.4355
vt -47.9961 2.3100
vt -47.9961 2.3850
vt -47.9961 96.3617
vt -47.9892 2.3100
vt -47.9892 2.3850
vt -47.9892 96.4011
vt -47.7120 2.2500
vt -47.7120 8.2500
vt -47.7120 93.3660
vt -47.6488 2.3100
vt -47.6488 2.3850
vt -47.6488 98.3313
vt -47.6419 2.3100
vt -47.6419 2.3850
vt -47.6419 98.3707
vt -47.6018 2.3100
vt -47.6018 2.3850
vt -47.6018 98.5981
vt -47.5949 2.3100
vt -47.5949 2.3850
vt -47.5949 98.6375
vt -47.5790 2.2500
vt -47.5790 8.2500
vt -47.5790 95.2719
vt -47.5096 2.2500
vt -47.5096 8.2500
vt -47.5096 95.6658
vt -47.2545 2.3100
vt -47.2545 2.3850
vt -47.2545 100.5677
vt -47.2476 2.3100
vt -47.2476 2.3850
vt -47.2476 100.6071
vt -47.1698 1.6000
vt -47.1698 2.2750
vt -47.1698 115.4448
vt -46.8146 1.5000
vt -46.8146 1.5750
vt -46.8146 158.0301
vt -46.7752 1.5000
vt -46.7752 1.5750
vt -46.7752 158.0232
vt -46.5527 2.3100
vt -46.5527 2.3850
vt -46.5527 104.5479
vt -46.5523 2.2500
vt -46.5523 8.2500
vt -46.5523 101.0946
vt -46.5457 2.3100
vt -46.5457 2.3850
vt -46.5457 104.5873
vt -46.4829 2.2500
vt -46.4829 8.2500
vt -46.4829 101.4885
vt -46.4716 3.7500
vt -46.4716 3.9500
vt -46.4716 5.2500
vt -46.4716 5.4500
vt -46.4716 6.7500
vt -46.4716 6.9500
vt -46.4716 103.5681
vt -46.3499 2.2500
vt -46.3499 8.2500
vt -46.3499 103.3944
vt -46.3239 3.7500
vt -46.3239 3.9500
vt -46.3239 5.2500
vt -46.3239 5.4500
vt -46.3239 6.7500
vt -46.3239 6.9500
vt -46.3239 103.5421
vt -46.2054 2.3100
vt -46.2054 2.3850
vt -46.2054 106.5176
vt -46.1984 2.3100
vt -46.1984 2.3850
vt -46.1984 106.5569
vt -46.1584 2.3100
vt -46.1584 2.3850
vt -46.1584 106.7843
vt -46.1514 2.3100
vt -46.1514 2.3850
vt -46.1514 106.8237
vt -45.9560 2.2500
vt -45.9560 8.2500
vt -45.9560 103.3249
vt -45.8111 2.3100
vt -45.8111 2.3850
vt -45.8111 108.7539
vt -45.8041 2.3100
vt -45.8041 2.3850
vt -45.8041 108.7933
vt -45.7806 1.6000
vt -45.7806 2.2750
vt -45.7806 123.3233
vt -45.5836 1.5000
vt -45.5836 1.5750
vt -45.5836 157.8130
vt -45.5442 1.5000
vt -45.5442 1.5750
vt -45.5442 157.8061
vt -45.3928 3.7500
vt -45.3928 3.9500
vt -45.3928 5.2500
vt -45.3928 5.4500
vt -45.3928 6.7500
vt -45.3928 6.9500
vt -45.3928 109.6863
vt -45.2451 3.7500
vt -45.2451 3.9500
vt -45.2451 5.2500
vt -45.2451 5.4500
vt -45.2451 6.7500
vt -45.2451 6.9500
vt -45.2451 109.6602
vt -45.2190 2.2500
vt -45.2190 8.2500
vt -45.2190 109.8079
vt -45.1092 2.3100
vt -45.1092 2.3850
vt -45.1092 112.7342
vt -45.1023 2.3100
vt -45.1023 2.3850
vt -45.1023 112.7735
vt -45.0281 3.7500
vt -45.0281 3.9500
vt -45.0281 5.2500
vt -45.0281 5.4500
vt -45.0281 6.7500
vt -45.0281 6.9500
vt -45.0281 111.7544
vt -44.9065 2.2500
vt -44.9065 8.2500
vt -44.9065 111.5806
vt -44.8804 3.7500
vt -44.8804 3.9500
vt -44.8804 5.2500
vt -44.8804 5.4500
vt -44.8804 6.7500
vt -44.8804 6.9500
vt -44.8804 111.7283
vt -44.8251 2.2500
vt -44.8251 8.2500
vt -44.8251 109.7385
vt -44.7619 2.3100
vt -44.7619 2.3850
vt -44.7619 114.7038
vt -44.7550 2.3100
vt -44.7550 2.3850
vt -44.7550 114.7432
vt -44.7149 2.3100
vt -44.7149 2.3850
vt -44.7149 114.9705
vt -44.7080 2.3100
vt -44.7080 2.3850
vt -44.7080 115.0099
vt -44.5125 2.2500
vt -44.5125 8.2500
vt -44.5125 111.5111
vt -44.3676 2.3100
vt -44.3676 2.3850
vt -44.3676 116.9401
vt -44.3607 2.3100
vt -44.3607 2.3850
vt -44.3607 116.9795
vt -44.2245 2.2500
vt -44.2245 8.2500
vt -44.2245 94.6804
vt -44.1551 2.2500
vt -44.1551 8.2500
vt -44.1551 95.0743
vt -43.9493 3.7500
vt -43.9493 3.9500
vt -43.9493 5.2500
vt -43.9493 5.4500
vt -43.9493 6.7500
vt -43.9493 6.9500
vt -43.9493 117.8725
vt -43.8016 3.7500
vt -43.8016 3.9500
vt -43.8016 5.2500
vt -43.8016 5.4500
vt -43.8016 6.7500
vt -43.8016 6.9500
vt -43.8016 117.8464
vt -43.7756 2.2500
vt -43.7756 8.2500
vt -43.7756 117.9941
vt -43.6658 2.3100
vt -43.6658 2.3850
vt -43.6658 120.9204
vt -43.6588 2.3100
vt -43.6588 2.3850
vt -43.6588 120.9598
vt -43.3817 2.2500
vt -43.3817 8.2500
vt -43.3817 117.9247
vt -43.3185 2.3100
vt -43.3185 2.3850
vt -43.3185 122.8900
vt -43.3115 2.3100
vt -43.3115 2.3850
vt -43.3115 122.9294
vt -43.2715 2.3100
vt -43.2715 2.3850
vt -43.2715 123.1567
vt -43.2645 2.3100
vt -43.2645 2.3850
vt -43.2645 123.1961
vt -43.2487 2.2500
vt -43.2487 8.2500
vt -43.2487 119.8306
vt -43.1978 2.2500
vt -43.1978 8.2500
vt -43.1978 100.5031
vt -43.1792 2.2500
vt -43.1792 8.2500
vt -43.1792 120.2245
vt -43.1284 2.2500
vt -43.1284 8.2500
vt -43.1284 100.8970
vt -42.9242 2.3100
vt -42.9242 2.3850
vt -42.9242 125.1263
vt -42.9236 2.3500
vt -42.9236 2.7500
vt -42.9236 96.3359
vt -42.9172 2.3100
vt -42.9172 2.3850
vt -42.9172 125.1657
vt -42.8367 2.3500
vt -42.8367 2.7500
vt -42.8367 96.8283
vt -42.5589 2.3500
vt -42.5589 2.7500
vt -42.5589 98.4040
vt -42.4721 2.3500
vt -42.4721 2.7500
vt -42.4721 98.8964
vt -42.2223 2.3100
vt -42.2223 2.3850
vt -42.2223 129.1066
vt -42.2220 2.2500
vt -42.2220 8.2500
vt -42.2220 125.6532
vt -42.2154 2.3100
vt -42.2154 2.3850
vt -42.2154 129.1460
vt -42.1525 2.2500
vt -42.1525 8.2500
vt -42.1525 126.0472
vt -42.1412 3.7500
vt -42.1412 3.9500
vt -42.1412 5.2500
vt -42.1412 5.4500
vt -42.1412 6.7500
vt -42.1412 6.9500
vt -42.1412 128.1268
vt -42.0196 2.2500
vt -42.0196 8.2500
vt -42.0196 127.9530
vt -41.9935 3.7500
vt -41.9935 3.9500
vt -41.9935 5.2500
vt -41.9935 5.4500
vt -41.9935 6.7500
vt -41.9935 6.9500
vt -41.9935 128.1007
vt -41.8750 2.3100
vt -41.8750 2.3850
vt -41.8750 131.0762
vt -41.8681 2.3100
vt -41.8681 2.3850
vt -41.8681 131.1156
vt -41.8280 2.3100
vt -41.8280 2.3850
vt -41.8280 131.3429
vt -41.8211 2.3100
vt -41.8211 2.3850
vt -41.8211 131.3823
vt -41.6256 2.2500
vt -41.6256 8.2500
vt -41.6256 127.8836
vt -41.4807 2.3100
vt -41.4807 2.3850
vt -41.4807 133.3125
vt -41.4738 2.3100
vt -41.4738 2.3850
vt -41.4738 133.3519
vt -41.3507 2.7500
vt -41.3507 3.2000
vt -41.3507 95.7539
vt -41.0624 3.7500
vt -41.0624 3.9500
vt -41.0624 5.2500
vt -41.0624 5.4500
vt -41.0624 6.7500
vt -41.0624 6.9500
vt -41.0624 134.2449
vt -40.9147 3.7500
vt -40.9147 3.9500
vt -40.9147 5.2500
vt -40.9147 5.4500
vt -40.9147 6.7500
vt -40.9147 6.9500
vt -40.9147 134.2189
vt -40.8887 2.2500
vt -40.8887 8.2500
vt -40.8887 134.3666
vt -40.7950 2.7500
vt -40.7950 3.2000
vt -40.7950 98.9053
vt -40.7789 2.3100
vt -40.7789 2.3850
vt -40.7789 137.2928
vt -40.7719 2.3100
vt -40.7719 2.3850
vt -40.7719 137.3322
vt -40.6613 2.7500
vt -40.6613 3.2000
vt -40.6613 95.6324
vt -40.4948 2.2500
vt -40.4948 8.2500
vt -40.4948 134.2971
vt -40.4316 2.3100
vt -40.4316 2.3850
vt -40.4316 139.2624
vt -40.4246 2.3100
vt -40.4246 2.3850
vt -40.4246 139.3018
vt -40.3967 2.2500
vt -40.3967 2.6500
vt -40.3846 2.3100
vt -40.3846 2.3850
vt -40.3846 139.5291
vt -40.3776 2.3100
vt -40.3776 2.3850
vt -40.3776 139.5685
vt -40.3618 2.2500
vt -40.3618 8.2500
vt -40.3618 136.2030
vt -40.2923 2.2500
vt -40.2923 8.2500
vt -40.2923 136.5969
vt -40.2729 2.2500
vt -40.2729 2.6500
vt -40.1492 2.2500
vt -40.1492 2.6500
vt -40.1057 2.7500
vt -40.1057 3.2000
vt -40.1057 98.7838
vt -40.0373 2.3100
vt -40.0373 2.3850
vt -40.0373 141.4987
vt -40.0303 2.3100
vt -40.0303 2.3850
vt -40.0303 141.5381
vt -39.8942 2.2500
vt -39.8942 8.2500
vt -39.8942 119.2391
vt -39.8247 2.2500
vt -39.8247 8.2500
vt -39.8247 119.6330
vt -39.5685 14.9224
vt -39.5685 92.6994
vt -39.5480 14.9224
vt -39.5480 92.6430
vt -39.5463 14.9776
vt -39.5463 92.7075
vt -39.5258 14.9776
vt -39.5258 92.6511
vt -39.3354 2.3100
vt -39.3354 2.3850
vt -39.3354 145.4790
vt -39.3351 2.2500
vt -39.3351 8.2500
vt -39.3351 142.0257
vt -39.3285 2.3100
vt -39.3285 2.3850
vt -39.3285 145.5184
vt -39.2656 2.2500
vt -39.2656 8.2500
vt -39.2656 142.4196
vt -39.2543 3.7500
vt -39.2543 3.9500
vt -39.2543 5.2500
vt -39.2543 5.4500
vt -39.2543 6.7500
vt -39.2543 6.9500
vt -39.2543 144.4992
vt -39.1327 2.2500
vt -39.1327 8.2500
vt -39.1327 144.3254
vt -39.1066 3.7500
vt -39.1066 3.9500
vt -39.1066 5.2500
vt -39.1066 5.4500
vt -39.1066 6.7500
vt -39.1066 6.9500
vt -39.1066 144.4732
vt -38.9881 2.3100
vt -38.9881 2.3850
vt -38.9881 147.4486
vt -38.9812 2.3100
vt -38.9812 2.3850
vt -38.9812 147.4880
vt -38.9411 2.3100
vt -38.9411 2.3850
vt -38.9411 147.7153
vt -38.9342 2.3100
vt -38.9342 2.3850
vt -38.9342 147.7547
vt -38.8675 2.2500
vt -38.8675 8.2500
vt -38.8675 125.0617
vt -38.8622 14.9224
vt -38.8622 94.2141
vt -38.8541 14.9776
vt -38.8541 94.1919
vt -38.8058 14.9224
vt -38.8058 94.2347
vt -38.7980 2.2500
vt -38.7980 8.2500
vt -38.7980 125.4557
vt -38.7977 14.9776
vt -38.7977 94.2124
vt -38.7695 93.0857
vt -38.7387 2.2500
vt -38.7387 8.2500
vt -38.7387 144.2560
vt -38.6670 13.7500
vt -38.6670 14.5000
vt -38.6670 92.8382
vt -38.6670 93.3331
vt -38.5938 2.3100
vt -38.5938 2.3850
vt -38.5938 149.6850
vt -38.5932 2.3500
vt -38.5932 2.7500
vt -38.5932 120.8945
vt -38.5869 2.3100
vt -38.5869 2.3850
vt -38.5869 149.7244
vt -38.5818 14.4724
vt -38.5818 93.0585
vt -38.5613 14.4724
vt -38.5613 93.0021
vt -38.5596 14.5276
vt -38.5596 93.0666
vt -38.5391 14.5276
vt -38.5391 93.0102
vt -38.5064 2.3500
vt -38.5064 2.7500
vt -38.5064 121.3870
vt -38.5031 14.4724
vt -38.5031 93.2275
vt -38.4950 14.5276
vt -38.4950 93.2052
vt -38.4467 14.4724
vt -38.4467 93.2480
vt -38.4386 14.5276
vt -38.4386 93.2258
vt -38.4195 13.7500
vt -38.4195 14.5000
vt -38.4195 92.7357
vt -38.4195 93.4357
vt -38.4005 14.5276
vt -38.4005 92.9456
vt -38.3924 14.4724
vt -38.3924 92.9233
vt -38.3441 14.5276
vt -38.3441 92.9661
vt -38.3360 14.4724
vt -38.3360 92.9439
vt -38.2999 14.5276
vt -38.2999 93.1611
vt -38.2794 14.5276
vt -38.2794 93.1047
vt -38.2777 14.4724
vt -38.2777 93.1692
vt -38.2600 2.2500
vt -38.2600 2.3250
vt -38.2572 14.4724
vt -38.2572 93.1128
vt -38.2285 2.3500
vt -38.2285 2.7500
vt -38.2285 122.9626
vt -38.2206 2.2500
vt -38.2206 2.3250
vt -38.1755 3.7500
vt -38.1755 3.9500
vt -38.1755 5.2500
vt -38.1755 5.4500
vt -38.1755 6.7500
vt -38.1755 6.9500
vt -38.1755 150.6173
vt -38.1720 13.7500
vt -38.1720 14.5000
vt -38.1720 92.8382
vt -38.1720 93.3331
vt -38.1417 2.3500
vt -38.1417 2.7500
vt -38.1417 123.4550
vt -38.0695 93.0857
vt -38.0413 14.9776
vt -38.0413 91.9589
vt -38.0332 14.9224
vt -38.0332 91.9367
vt -38.0278 3.7500
vt -38.0278 3.9500
vt -38.0278 5.2500
vt -38.0278 5.4500
vt -38.0278 6.7500
vt -38.0278 6.9500
vt -38.0278 150.5913
vt -38.0018 2.2500
vt -38.0018 8.2500
vt -38.0018 150.7390
vt -37.9850 14.9776
vt -37.9850 91.9794
vt -37.9769 14.9224
vt -37.9769 91.9572
vt -37.7676 2.2500
vt -37.7676 2.3250
vt -37.7282 2.2500
vt -37.7282 2.3250
vt -37.6079 2.2500
vt -37.6079 8.2500
vt -37.6079 150.6695
vt -37.3133 14.9776
vt -37.3133 93.5202
vt -37.2927 14.9776
vt -37.2927 93.4639
vt -37.2910 14.9224
vt -37.2910 93.5283
vt -37.2705 14.9224
vt -37.2705 93.4719
vt -37.0832 2.7500
vt -37.0832 3.2000
vt -37.0832 95.0015
vt -37.0204 2.7500
vt -37.0204 3.2000
vt -37.0204 120.3126
vt -37.0073 2.2500
vt -37.0073 8.2500
vt -37.0073 135.6115
vt -36.9378 2.2500
vt -36.9378 8.2500
vt -36.9378 136.0054
vt -36.7084 19.3500
vt -36.7084 19.9500
vt -36.5275 2.7500
vt -36.5275 3.2000
vt -36.5275 98.1529
vt -36.4647 2.7500
vt -36.4647 3.2000
vt -36.4647 123.4640
vt -36.3938 2.7500
vt -36.3938 3.2000
vt -36.3938 94.8799
vt -36.3478 19.3500
vt -36.3478 19.9500
vt -36.3310 2.7500
vt -36.3310 3.2000
vt -36.3310 120.1910
vt -35.9806 2.2500
vt -35.9806 8.2500
vt -35.9806 141.4342
vt -35.9111 2.2500
vt -35.9111 8.2500
vt -35.9111 141.8281
vt -35.8382 2.7500
vt -35.8382 3.2000
vt -35.8382 98.0313
vt -35.7753 2.7500
vt -35.7753 3.2000
vt -35.7753 123.3424
vt -35.7063 2.3500
vt -35.7063 2.7500
vt -35.7063 137.2670
vt -35.6195 2.3500
vt -35.6195 2.7500
vt -35.6195 137.7594
vt -35.3416 2.3500
vt -35.3416 2.7500
vt -35.3416 139.3351
vt -35.2548 2.3500
vt -35.2548 2.7500
vt -35.2548 139.8275
vt -34.1335 2.7500
vt -34.1335 3.2000
vt -34.1335 136.6850
vt -33.5778 2.7500
vt -33.5778 3.2000
vt -33.5778 139.8364
vt -33.4441 2.7500
vt -33.4441 3.2000
vt -33.4441 136.5635
vt -32.8884 2.7500
vt -32.8884 3.2000
vt -32.8884 139.7148
vt -32.8157 2.7500
vt -32.8157 3.2000
vt -32.8157 94.2490
vt -32.7529 2.7500
vt -32.7529 3.2000
vt -32.7529 119.5601
vt -32.2600 2.7500
vt -32.2600 3.2000
vt -32.2600 97.4004
vt -32.1972 2.7500
vt -32.1972 3.2000
vt -32.1972 122.7115
vt -32.1843 2.2500
vt -32.1843 19.2500
vt -32.1518 3.2362
vt -32.1518 3.2638
vt -32.1518 4.7362
vt -32.1518 4.7638
vt -32.1518 6.2362
vt -32.1518 6.2638
vt -32.1518 7.7362
vt -32.1518 7.7638
vt -32.1518 9.2362
vt -32.1518 9.2638
vt -32.1518 10.7362
vt -32.1518 10.7638
vt -32.1518 12.2362
vt -32.1518 12.2638
vt -32.1518 13.7362
vt -32.1518 13.7638
vt -32.1518 15.2362
vt -32.1518 15.2638
vt -32.1518 16.7362
vt -32.1518 16.7638
vt -32.1518 18.2362
vt -32.1518 18.2638
vt -32.1518 19.7362
vt -32.1518 19.7638
vt -32.1484 3.2638
vt -32.1484 4.7362
vt -32.1484 4.7638
vt -32.1484 6.2362
vt -32.1484 6.2638
vt -32.1484 7.7362
vt -32.1484 7.7638
vt -32.1484 9.2362
vt -32.1484 9.2638
vt -32.1484 10.7362
vt -32.1484 10.7638
vt -32.1484 12.2362
vt -32.1484 12.2638
vt -32.1484 13.7362
vt -32.1484 13.7638
vt -32.1484 15.2362
vt -32.1484 15.2638
vt -32.1484 16.7362
vt -32.1484 16.7638
vt -32.1484 18.2362
vt -32.1484 18.2638
vt -32.1484 19.7362
vt -32.1263 2.7500
vt -32.1263 3.2000
vt -32.1263 94.1274
vt -32.0951 3.2362
vt -32.0951 4.7362
vt -32.0951 4.7638
vt -32.0951 6.2362
vt -32.0951 6.2638
vt -32.0951 7.7362
vt -32.0951 7.7638
vt -32.0951 9.2362
vt -32.0951 9.2638
vt -32.0951 10.7362
vt -32.0951 10.7638
vt -32.0951 12.2362
vt -32.0951 12.2638
vt -32.0951 13.7362
vt -32.0951 13.7638
vt -32.0951 15.2362
vt -32.0951 15.2638
vt -32.0951 16.7362
vt -32.0951 16.7638
vt -32.0951 18.2362
vt -32.0951 18.2638
vt -32.0951 19.7638
vt -32.0918 3.2362
vt -32.0918 3.2638
vt -32.0918 4.7362
vt -32.0918 4.7638
vt -32.0918 6.2362
vt -32.0918 6.2638
vt -32.0918 7.7362
vt -32.0918 7.7638
vt -32.0918 9.2362
vt -32.0918 9.2638
vt -32.0918 10.7362
vt -32.0918 10.7638
vt -32.0918 12.2362
vt -32.0918 12.2638
vt -32.0918 13.7362
vt -32.0918 13.7638
vt -32.0918 15.2362
vt -32.0918 15.2638
vt -32.0918 16.7362
vt -32.0918 16.7638
vt -32.0918 18.2362
vt -32.0918 18.2638
vt -32.0918 19.7362
vt -32.0918 19.7638
vt -32.0635 2.7500
vt -32.0635 3.2000
vt -32.0635 119.4386
vt -32.0593 2.2500
vt -32.0593 19.2500
vt -31.5707 2.7500
vt -31.5707 3.2000
vt -31.5707 97.2788
vt -31.5334 2.2500
vt -31.5334 2.6500
vt -31.5078 2.7500
vt -31.5078 3.2000
vt -31.5078 122.5899
vt -31.4097 2.2500
vt -31.4097 2.6500
vt -31.4065 2.2500
vt -31.4065 19.2500
vt -31.3740 3.2362
vt -31.3740 3.2638
vt -31.3740 4.7362
vt -31.3740 4.7638
vt -31.3740 6.2362
vt -31.3740 6.2638
vt -31.3740 7.7362
vt -31.3740 7.7638
vt -31.3740 9.2362
vt -31.3740 9.2638
vt -31.3740 10.7362
vt -31.3740 10.7638
vt -31.3740 12.2362
vt -31.3740 12.2638
vt -31.3740 13.7362
vt -31.3740 13.7638
vt -31.3740 15.2362
vt -31.3740 15.2638
vt -31.3740 16.7362
vt -31.3740 16.7638
vt -31.3740 18.2362
vt -31.3740 18.2638
vt -31.3740 19.7362
vt -31.3740 19.7638
vt -31.3706 3.2362
vt -31.3706 4.7362
vt -31.3706 4.7638
vt -31.3706 6.2362
vt -31.3706 6.2638
vt -31.3706 7.7362
vt -31.3706 7.7638
vt -31.3706 9.2362
vt -31.3706 9.2638
vt -31.3706 10.7362
vt -31.3706 10.7638
vt -31.3706 12.2362
vt -31.3706 12.2638
vt -31.3706 13.7362
vt -31.3706 13.7638
vt -31.3706 15.2362
vt -31.3706 15.2638
vt -31.3706 16.7362
vt -31.3706 16.7638
vt -31.3706 18.2362
vt -31.3706 18.2638
vt -31.3706 19.7638
vt -31.3173 3.2638
vt -31.3173 4.7362
vt -31.3173 4.7638
vt -31.3173 6.2362
vt -31.3173 6.2638
vt -31.3173 7.7362
vt -31.3173 7.7638
vt -31.3173 9.2362
vt -31.3173 9.2638
vt -31.3173 10.7362
vt -31.3173 10.7638
vt -31.3173 12.2362
vt -31.3173 12.2638
vt -31.3173 13.7362
vt -31.3173 13.7638
vt -31.3173 15.2362
vt -31.3173 15.2638
vt -31.3173 16.7362
vt -31.3173 16.7638
vt -31.3173 18.2362
vt -31.3173 18.2638
vt -31.3173 19.7362
vt -31.3140 3.2362
vt -31.3140 3.2638
vt -31.3140 4.7362
vt -31.3140 4.7638
vt -31.3140 6.2362
vt -31.3140 6.2638
vt -31.3140 7.7362
vt -31.3140 7.7638
vt -31.3140 9.2362
vt -31.3140 9.2638
vt -31.3140 10.7362
vt -31.3140 10.7638
vt -31.3140 12.2362
vt -31.3140 12.2638
vt -31.3140 13.7362
vt -31.3140 13.7638
vt -31.3140 15.2362
vt -31.3140 15.2638
vt -31.3140 16.7362
vt -31.3140 16.7638
vt -31.3140 18.2362
vt -31.3140 18.2638
vt -31.3140 19.7362
vt -31.3140 19.7638
vt -31.2859 2.2500
vt -31.2859 2.6500
vt -31.2815 2.2500
vt -31.2815 19.2500
vt -29.8660 2.7500
vt -29.8660 3.2000
vt -29.8660 135.9325
vt -29.3103 2.7500
vt -29.3103 3.2000
vt -29.3103 139.0839
vt -29.1766 2.7500
vt -29.1766 3.2000
vt -29.1766 135.8110
vt -28.6209 2.7500
vt -28.6209 3.2000
vt -28.6209 138.9624
vt -28.5482 2.7500
vt -28.5482 3.2000
vt -28.5482 93.4965
vt -28.4854 2.7500
vt -28.4854 3.2000
vt -28.4854 118.8076
vt -28.3508 0.2209
vt -28.3508 1.2709
vt -28.3508 66.6862
vt -27.9925 2.7500
vt -27.9925 3.2000
vt -27.9925 96.6479
vt -27.9297 2.7500
vt -27.9297 3.2000
vt -27.9297 121.9590
vt -27.8588 2.7500
vt -27.8588 3.2000
vt -27.8588 93.3750
vt -27.7960 2.7500
vt -27.7960 3.2000
vt -27.7960 118.6861
vt -27.7430 0.2209
vt -27.7430 1.2709
vt -27.7430 70.1330
vt -27.3032 2.7500
vt -27.3032 3.2000
vt -27.3032 96.5263
vt -27.2403 2.7500
vt -27.2403 3.2000
vt -27.2403 121.8375
vt -27.1031 2.2500
vt -27.1031 2.3250
vt -27.0637 2.2500
vt -27.0637 2.3250
vt -26.8855 2.2500
vt -26.8855 2.3250
vt -26.8461 2.2500
vt -26.8461 2.3250
vt -26.6107 2.2500
vt -26.6107 2.3250
vt -26.5713 2.2500
vt -26.5713 2.3250
vt -26.3931 2.2500
vt -26.3931 2.3250
vt -26.3537 2.2500
vt -26.3537 2.3250
vt -25.5985 2.7500
vt -25.5985 3.2000
vt -25.5985 135.1801
vt -25.0428 2.7500
vt -25.0428 3.2000
vt -25.0428 138.3314
vt -24.9091 2.7500
vt -24.9091 3.2000
vt -24.9091 135.0585
vt -24.3534 2.7500
vt -24.3534 3.2000
vt -24.3534 138.2099
vt -24.2807 2.7500
vt -24.2807 3.2000
vt -24.2807 92.7440
vt -24.2179 2.7500
vt -24.2179 3.2000
vt -24.2179 118.0552
vt -23.7250 2.7500
vt -23.7250 3.2000
vt -23.7250 95.8954
vt -23.6622 2.7500
vt -23.6622 3.2000
vt -23.6622 121.2065
vt -23.5913 2.7500
vt -23.5913 3.2000
vt -23.5913 92.6225
vt -23.5285 2.7500
vt -23.5285 3.2000
vt -23.5285 117.9336
vt -23.0357 2.7500
vt -23.0357 3.2000
vt -23.0357 95.7739
vt -22.9728 2.7500
vt -22.9728 3.2000
vt -22.9728 121.0850
vt -22.6701 2.2500
vt -22.6701 2.6500
vt -22.5464 2.2500
vt -22.5464 2.6500
vt -22.4226 2.2500
vt -22.4226 2.6500
vt -21.3310 2.7500
vt -21.3310 3.2000
vt -21.3310 134.4276
vt -20.7753 2.7500
vt -20.7753 3.2000
vt -20.7753 137.5790
vt -20.6416 2.7500
vt -20.6416 3.2000
vt -20.6416 134.3060
vt -20.0859 2.7500
vt -20.0859 3.2000
vt -20.0859 137.4574
vt -20.0132 2.7500
vt -20.0132 3.2000
vt -20.0132 91.9916
vt -19.9504 2.7500
vt -19.9504 3.2000
vt -19.9504 117.3027
vt -19.4575 2.7500
vt -19.4575 3.2000
vt -19.4575 95.1430
vt -19.3947 2.7500
vt -19.3947 3.2000
vt -19.3947 120.4541
vt -19.3238 2.7500
vt -19.3238 3.2000
vt -19.3238 91.8700
vt -19.2610 2.7500
vt -19.2610 3.2000
vt -19.2610 117.1811
vt -18.7682 2.7500
vt -18.7682 3.2000
vt -18.7682 95.0214
vt -18.7053 2.7500
vt -18.7053 3.2000
vt -18.7053 120.3325
vt -18.6806 15.6724
vt -18.6600 15.6724
vt -18.6584 15.7276
vt -18.6378 15.7276
vt -17.9742 15.6724
vt -17.9661 15.7276
vt -17.9178 15.6724
vt -17.9098 15.7276
vt -17.7791 14.5000
vt -17.7791 15.2500
vt -17.6939 15.2224
vt -17.6734 15.2224
vt -17.6717 15.2776
vt -17.6512 15.2776
vt -17.6151 15.2224
vt -17.6070 15.2776
vt -17.5587 15.2224
vt -17.5506 15.2776
vt -17.5316 14.5000
vt -17.5316 15.2500
vt -17.5125 15.2776
vt -17.5044 15.2224
vt -17.4561 15.2776
vt -17.4480 15.2224
vt -17.4120 15.2776
vt -17.3915 15.2776
vt -17.3898 15.2224
vt -17.3692 15.2224
vt -17.2841 14.5000
vt -17.2841 15.2500
vt -17.1534 15.7276
vt -17.1453 15.6724
vt -17.0970 15.7276
vt -17.0889 15.6724
vt -17.0635 2.7500
vt -17.0635 3.2000
vt -17.0635 133.6751
vt -16.5078 2.7500
vt -16.5078 3.2000
vt -16.5078 136.8265
vt -16.4253 15.7276
vt -16.4048 15.7276
vt -16.4031 15.6724
vt -16.3826 15.6724
vt -16.3741 2.7500
vt -16.3741 3.2000
vt -16.3741 133.5536
vt -15.9290 19.3500
vt -15.9290 19.9500
vt -15.9211 2.2184
vt -15.9211 15.6724
vt -15.9006 2.1621
vt -15.9006 15.6724
vt -15.8989 2.2265
vt -15.8989 15.7276
vt -15.8784 2.1701
vt -15.8784 15.7276
vt -15.8184 2.7500
vt -15.8184 3.2000
vt -15.8184 136.7049
vt -15.7457 2.7500
vt -15.7457 3.2000
vt -15.7457 91.2391
vt -15.7286 2.2500
vt -15.7286 2.3250
vt -15.6892 2.2500
vt -15.6892 2.3250
vt -15.6829 2.7500
vt -15.6829 3.2000
vt -15.6829 116.5502
vt -15.5683 19.3500
vt -15.5683 19.9500
vt -15.5110 2.2500
vt -15.5110 2.3250
vt -15.4716 2.2500
vt -15.4716 2.3250
vt -15.2362 2.2500
vt -15.2362 2.3250
vt -15.2148 3.7332
vt -15.2148 15.6724
vt -15.2067 3.7110
vt -15.2067 15.7276
vt -15.1968 2.2500
vt -15.1968 2.3250
vt -15.1900 2.7500
vt -15.1900 3.2000
vt -15.1900 94.3905
vt -15.1584 3.7537
vt -15.1584 15.6724
vt -15.1503 3.7315
vt -15.1503 15.7276
vt -15.1272 2.7500
vt -15.1272 3.2000
vt -15.1272 119.7016
vt -15.1221 2.6047
vt -15.0563 2.7500
vt -15.0563 3.2000
vt -15.0563 91.1175
vt -15.0196 2.3572
vt -15.0196 2.8522
vt -15.0196 14.5000
vt -15.0196 15.2500
vt -15.0186 2.2500
vt -15.0186 2.3250
vt -14.9935 2.7500
vt -14.9935 3.2000
vt -14.9935 116.4287
vt -14.9792 2.2500
vt -14.9792 2.3250
vt -14.9344 2.5776
vt -14.9344 15.2224
vt -14.9139 2.5212
vt -14.9139 15.2224
vt -14.9122 2.5857
vt -14.9122 15.2776
vt -14.8917 2.5293
vt -14.8917 15.2776
vt -14.8557 2.7465
vt -14.8557 15.2224
vt -14.8476 2.7243
vt -14.8476 15.2776
vt -14.7993 2.7670
vt -14.7993 15.2224
vt -14.7912 2.7448
vt -14.7912 15.2776
vt -14.7721 2.2547
vt -14.7721 2.9547
vt -14.7721 14.5000
vt -14.7721 15.2500
vt -14.7530 2.4646
vt -14.7530 15.2776
vt -14.7450 2.4424
vt -14.7450 15.2224
vt -14.6967 2.4851
vt -14.6967 15.2776
vt -14.6886 2.4629
vt -14.6886 15.2224
vt -14.6525 2.6802
vt -14.6525 15.2776
vt -14.6320 2.6238
vt -14.6320 15.2776
vt -14.6303 2.6883
vt -14.6303 15.2224
vt -14.6098 2.6319
vt -14.6098 15.2224
vt -14.5246 2.3572
vt -14.5246 2.8522
vt -14.5246 14.5000
vt -14.5246 15.2500
vt -14.5007 2.7500
vt -14.5007 3.2000
vt -14.5007 94.2689
vt -14.4378 2.7500
vt -14.4378 3.2000
vt -14.4378 119.5800
vt -14.4221 2.6047
vt -14.3939 1.4779
vt -14.3939 15.7276
vt -14.3858 1.4557
vt -14.3858 15.6724
vt -14.3375 1.4985
vt -14.3375 15.7276
vt -14.3295 1.4762
vt -14.3295 15.6724
vt -13.8069 2.2500
vt -13.8069 2.6500
vt -13.6831 2.2500
vt -13.6831 2.6500
vt -13.6659 3.0393
vt -13.6659 15.7276
vt -13.6453 2.9829
vt -13.6453 15.7276
vt -13.6436 3.0474
vt -13.6436 15.6724
vt -13.6231 2.9910
vt -13.6231 15.6724
vt -13.5594 2.2500
vt -13.5594 2.6500
vt -13.3793 2.3500
vt -13.3793 2.7500
vt -13.3793 91.1265
vt -13.2925 2.3500
vt -13.2925 2.7500
vt -13.2925 91.6189
vt -13.0147 2.3500
vt -13.0147 2.7500
vt -13.0147 93.1946
vt -12.9278 2.3500
vt -12.9278 2.7500
vt -12.9278 93.6870
vt -12.7960 2.7500
vt -12.7960 3.2000
vt -12.7960 132.9226
vt -12.2403 2.7500
vt -12.2403 3.2000
vt -12.2403 136.0740
vt -12.1066 2.7500
vt -12.1066 3.2000
vt -12.1066 132.8011
vt -11.5509 2.7500
vt -11.5509 3.2000
vt -11.5509 135.9525
vt -11.4154 2.7500
vt -11.4154 3.2000
vt -11.4154 115.7977
vt -10.8597 2.7500
vt -10.8597 3.2000
vt -10.8597 118.9491
vt -10.7260 2.7500
vt -10.7260 3.2000
vt -10.7260 115.6762
vt -10.1703 2.7500
vt -10.1703 3.2000
vt -10.1703 118.8276
vt -9.4483 -49.1362
vt -9.3970 -49.2599
vt -9.3970 -49.0125
vt -9.3970 2.2500
vt -9.3970 2.6500
vt -9.2733 -49.3112
vt -9.2733 -48.9612
vt -9.2733 2.2500
vt -9.2733 2.6500
vt -9.1495 -49.2599
vt -9.1495 -49.0125
vt -9.1495 2.2500
vt -9.1495 2.6500
vt -9.0983 -49.1362
vt -9.0490 2.3500
vt -9.0490 2.7500
vt -9.0490 115.6851
vt -8.9621 2.3500
vt -8.9621 2.7500
vt -8.9621 116.1775
vt -8.6843 2.3500
vt -8.6843 2.7500
vt -8.6843 117.7532
vt -8.5975 2.3500
vt -8.5975 2.7500
vt -8.5975 118.2456
vt -8.5285 2.7500
vt -8.5285 3.2000
vt -8.5285 132.1702
vt -7.9728 2.7500
vt -7.9728 3.2000
vt -7.9728 135.3215
vt -7.8855 -40.2729
vt -7.8391 2.7500
vt -7.8391 3.2000
vt -7.8391 132.0486
vt -7.8342 -40.3967
vt -7.8342 -40.1492
vt -7.8342 2.2500
vt -7.8342 2.6500
vt -7.7105 -40.4479
vt -7.7105 -40.0979
vt -7.7105 2.2500
vt -7.7105 2.6500
vt -7.5867 -40.3967
vt -7.5867 -40.1492
vt -7.5867 2.2500
vt -7.5867 2.6500
vt -7.5355 -40.2729
vt -7.5078 -38.2600
vt -7.5078 2.2500
vt -7.5078 2.3250
vt -7.5009 -38.2206
vt -7.5009 2.2500
vt -7.5009 2.3250
vt -7.4210 -37.7676
vt -7.4210 2.2500
vt -7.4210 2.3250
vt -7.4141 -37.7282
vt -7.4141 2.2500
vt -7.4141 2.3250
vt -7.2834 2.7500
vt -7.2834 3.2000
vt -7.2834 135.2000
vt -6.3226 -31.4097
vt -6.2714 -31.5334
vt -6.2714 -31.2859
vt -6.2714 2.2500
vt -6.2714 2.6500
vt -6.1621 2.3500
vt -6.1621 2.7500
vt -6.1621 132.0575
vt -6.1476 -31.5847
vt -6.1476 -31.2347
vt -6.1476 2.2500
vt -6.1476 2.6500
vt -6.0752 2.3500
vt -6.0752 2.7500
vt -6.0752 132.5499
vt -6.0239 -31.5334
vt -6.0239 -31.2859
vt -6.0239 2.2500
vt -6.0239 2.6500
vt -5.9726 -31.4097
vt -5.7974 2.3500
vt -5.7974 2.7500
vt -5.7974 134.1256
vt -5.7106 2.3500
vt -5.7106 2.7500
vt -5.7106 134.6180
vt -5.5022 -26.8855
vt -5.5022 2.2500
vt -5.5022 2.3250
vt -5.4953 -26.8461
vt -5.4953 2.2500
vt -5.4953 2.3250
vt -5.4154 -26.3931
vt -5.4154 2.2500
vt -5.4154 2.3250
vt -5.4084 -26.3537
vt -5.4084 2.2500
vt -5.4084 2.3250
vt -4.9436 2.2500
vt -4.9436 2.6500
vt -4.8198 2.2500
vt -4.8198 2.6500
vt -4.7598 -22.5464
vt -4.7085 -22.6701
vt -4.7085 -22.4226
vt -4.7085 2.2500
vt -4.7085 2.6500
vt -4.6961 2.2500
vt -4.6961 2.6500
vt -4.5848 -22.7214
vt -4.5848 -22.3714
vt -4.5848 2.2500
vt -4.5848 2.6500
vt -4.4610 -22.6701
vt -4.4610 -22.4226
vt -4.4610 2.2500
vt -4.4610 2.6500
vt -4.4098 -22.5464
vt -4.3541 2.2500
vt -4.3541 2.3250
vt -4.3147 2.2500
vt -4.3147 2.3250
vt -4.1364 2.2500
vt -4.1364 2.3250
vt -4.0971 2.2500
vt -4.0971 2.3250
vt -3.8617 2.2500
vt -3.8617 2.3250
vt -3.8223 2.2500
vt -3.8223 2.3250
vt -3.6440 2.2500
vt -3.6440 2.3250
vt -3.6046 2.2500
vt -3.6046 2.3250
vt -3.4966 -15.5110
vt -3.4966 2.2500
vt -3.4966 2.3250
vt -3.4896 -15.4716
vt -3.4896 2.2500
vt -3.4896 2.3250
vt -3.4097 -15.0186
vt -3.4097 2.2500
vt -3.4097 2.3250
vt -3.4028 -14.9792
vt -3.4028 2.2500
vt -3.4028 2.3250
vt -3.1970 -13.6831
vt -3.1457 -13.8069
vt -3.1457 -13.5594
vt -3.1457 2.2500
vt -3.1457 2.6500
vt -3.0220 -13.8581
vt -3.0220 -13.5081
vt -3.0220 2.2500
vt -3.0220 2.6500
vt -2.8982 -13.8069
vt -2.8982 -13.5594
vt -2.8982 2.2500
vt -2.8982 2.6500
vt -2.8470 -13.6831
vt -1.6341 -4.8198
vt -1.5829 -4.9436
vt -1.5829 -4.6961
vt -1.5829 2.2500
vt -1.5829 2.6500
vt -1.4909 -4.1364
vt -1.4909 2.2500
vt -1.4909 2.3250
vt -1.4840 -4.0971
vt -1.4840 2.2500
vt -1.4840 2.3250
vt -1.4591 -4.9948
vt -1.4591 -4.6448
vt -1.4591 2.2500
vt -1.4591 2.6500
vt -1.4041 -3.6440
vt -1.4041 2.2500
vt -1.4041 2.3250
vt -1.3972 -3.6046
vt -1.3972 2.2500
vt -1.3972 2.3250
vt -1.3354 -4.9436
vt -1.3354 -4.6961
vt -1.3354 2.2500
vt -1.3354 2.6500
vt -1.2841 -4.8198
vt -0.0713 4.0434
vt -0.0200 2.2500
vt -0.0200 2.6500
vt -0.0200 3.9197
vt -0.0200 4.1672
vt 0.1037 2.2500
vt 0.1037 2.6500
vt 0.1037 3.8684
vt 0.1037 4.2184
vt 0.2275 2.2500
vt 0.2275 2.6500
vt 0.2275 3.9197
vt 0.2275 4.1672
vt 0.2787 4.0434
vt 0.5147 2.2500
vt 0.5147 2.3250
vt 0.5147 7.2381
vt 0.5216 2.2500
vt 0.5216 2.3250
vt 0.5216 7.2775
vt 0.6015 2.2500
vt 0.6015 2.3250
vt 0.6015 7.7305
vt 0.6085 2.2500
vt 0.6085 2.3250
vt 0.6085 7.7699
vt 1.4557 15.6724
vt 1.4762 15.6724
vt 1.4779 15.7276
vt 1.4915 12.9067
vt 1.4985 15.7276
vt 1.5428 2.2500
vt 1.5428 2.6500
vt 1.5428 12.7829
vt 1.5428 13.0304
vt 1.6665 2.2500
vt 1.6665 2.6500
vt 1.6665 12.7317
vt 1.6665 13.0817
vt 1.7903 2.2500
vt 1.7903 2.6500
vt 1.7903 12.7829
vt 1.7903 13.0304
vt 1.8415 12.9067
vt 2.1621 15.6724
vt 2.1701 15.7276
vt 2.2184 15.6724
vt 2.2265 15.7276
vt 2.3572 14.5000
vt 2.3572 15.2500
vt 2.4424 15.2224
vt 2.4629 15.2224
vt 2.4646 15.2776
vt 2.4851 15.2776
vt 2.5203 2.2500
vt 2.5203 2.3250
vt 2.5203 18.6126
vt 2.5212 15.2224
vt 2.5273 2.2500
vt 2.5273 2.3250
vt 2.5273 18.6520
vt 2.5293 15.2776
vt 2.5776 15.2224
vt 2.5857 15.2776
vt 2.6047 14.5000
vt 2.6047 15.2500
vt 2.6072 2.2500
vt 2.6072 2.3250
vt 2.6072 19.1050
vt 2.6141 2.2500
vt 2.6141 2.3250
vt 2.6141 19.1444
vt 2.6238 15.2776
vt 2.6319 15.2224
vt 2.6802 15.2776
vt 2.6883 15.2224
vt 2.7243 15.2776
vt 2.7448 15.2776
vt 2.7465 15.2224
vt 2.7670 15.2224
vt 2.8522 14.5000
vt 2.8522 15.2500
vt 2.9829 15.7276
vt 2.9910 15.6724
vt 3.0393 15.7276
vt 3.0474 15.6724
vt 3.0544 21.7700
vt 3.1056 2.2500
vt 3.1056 2.6500
vt 3.1056 21.6462
vt 3.1056 21.8937
vt 3.2294 2.2500
vt 3.2294 2.6500
vt 3.2294 21.5950
vt 3.2294 21.9450
vt 3.3531 2.2500
vt 3.3531 2.6500
vt 3.3531 21.6462
vt 3.3531 21.8937
vt 3.4044 21.7700
vt 3.6671 -4.7500
vt 3.6671 2.4000
vt 3.6671 19.3573
vt 3.7110 15.7276
vt 3.7315 15.7276
vt 3.7332 15.6724
vt 3.7537 15.6724
vt 3.9197 2.2500
vt 3.9197 2.6500
vt 4.0434 2.2500
vt 4.0434 2.6500
vt 4.1672 2.2500
vt 4.1672 2.6500
vt 4.5260 2.2500
vt 4.5260 2.3250
vt 4.5260 29.9871
vt 4.5329 2.2500
vt 4.5329 2.3250
vt 4.5329 30.0265
vt 4.6128 2.2500
vt 4.6128 2.3250
vt 4.6128 30.4795
vt 4.6172 30.6332
vt 4.6197 2.2500
vt 4.6197 2.3250
vt 4.6197 30.5189
vt 4.6519 -4.7500
vt 4.6519 2.4000
vt 4.6519 19.1837
vt 4.6685 2.2500
vt 4.6685 2.6500
vt 4.6685 30.5095
vt 4.6685 30.7570
vt 4.7922 2.2500
vt 4.7922 2.6500
vt 4.7922 30.4582
vt 4.7922 30.8082
vt 4.8479 -4.7500
vt 4.8479 2.4000
vt 4.8479 26.0540
vt 4.9160 2.2500
vt 4.9160 2.6500
vt 4.9160 30.5095
vt 4.9160 30.7570
vt 4.9672 30.6332
vt 5.6727 -4.7500
vt 5.6727 2.4000
vt 5.6727 30.7318
vt 5.8327 -4.7500
vt 5.8327 2.4000
vt 5.8327 25.8803
vt 6.1800 39.4965
vt 6.2313 2.2500
vt 6.2313 2.6500
vt 6.2313 39.3728
vt 6.2313 39.6202
vt 6.3550 2.2500
vt 6.3550 2.6500
vt 6.3550 39.3215
vt 6.3550 39.6715
vt 6.4788 2.2500
vt 6.4788 2.6500
vt 6.4788 39.3728
vt 6.4788 39.6202
vt 6.5300 39.4965
vt 6.6575 -4.7500
vt 6.6575 2.4000
vt 6.6575 30.5582
vt 6.8535 -4.7500
vt 6.8535 2.4000
vt 6.8535 37.4285
vt 7.0205 2.2500
vt 7.0205 2.3250
vt 7.0598 2.2500
vt 7.0598 2.3250
vt 7.2381 2.2500
vt 7.2381 2.3250
vt 7.2775 2.2500
vt 7.2775 2.3250
vt 7.5129 2.2500
vt 7.5129 2.3250
vt 7.5522 2.2500
vt 7.5522 2.3250
vt 7.7305 2.2500
vt 7.7305 2.3250
vt 7.7429 48.3598
vt 7.7699 2.2500
vt 7.7699 2.3250
vt 7.7941 2.2500
vt 7.7941 2.6500
vt 7.7941 48.2360
vt 7.7941 48.4835
vt 7.8383 -4.7500
vt 7.8383 2.4000
vt 7.8383 37.2549
vt 7.9179 2.2500
vt 7.9179 2.6500
vt 7.9179 48.1848
vt 7.9179 48.5348
vt 8.0416 2.2500
vt 8.0416 2.6500
vt 8.0416 48.2360
vt 8.0416 48.4835
vt 8.0929 48.3598
vt 11.6185 2.3100
vt 11.6185 2.3850
vt 11.6185 77.4093
vt 11.6254 2.3100
vt 11.6254 2.3850
vt 11.6254 77.4487
vt 11.9658 2.3100
vt 11.9658 2.3850
vt 11.9658 79.3789
vt 11.9727 2.3100
vt 11.9727 2.3850
vt 11.9727 79.4183
vt 12.0128 2.3100
vt 12.0128 2.3850
vt 12.0128 79.6457
vt 12.0198 2.3100
vt 12.0198 2.3850
vt 12.0198 79.6851
vt 12.2718 14.9224
vt 12.2718 133.3144
vt 12.2923 14.9224
vt 12.2923 133.2581
vt 12.2940 14.9776
vt 12.2940 133.3225
vt 12.3145 14.9776
vt 12.3145 133.2661
vt 12.3601 2.3100
vt 12.3601 2.3850
vt 12.3601 81.6153
vt 12.3671 2.3100
vt 12.3671 2.3850
vt 12.3671 81.6547
vt 12.4314 74.9496
vt 12.4826 2.2500
vt 12.4826 2.6500
vt 12.4826 74.8258
vt 12.4826 75.0733
vt 12.6064 2.2500
vt 12.6064 2.6500
vt 12.6064 74.7746
vt 12.6064 75.1246
vt 12.7301 2.2500
vt 12.7301 2.6500
vt 12.7301 74.8258
vt 12.7301 75.0733
vt 12.7814 74.9496
vt 12.7829 2.2500
vt 12.7829 2.6500
vt 12.9067 2.2500
vt 12.9067 2.6500
vt 12.9781 14.9224
vt 12.9781 134.8292
vt 12.9862 14.9776
vt 12.9862 134.8070
vt 13.0304 2.2500
vt 13.0304 2.6500
vt 13.0345 14.9224
vt 13.0345 134.8497
vt 13.0426 14.9776
vt 13.0426 134.8275
vt 13.0619 2.3100
vt 13.0619 2.3850
vt 13.0619 85.5955
vt 13.0689 2.3100
vt 13.0689 2.3850
vt 13.0689 85.6349
vt 13.0708 133.7007
vt 13.1733 13.7500
vt 13.1733 14.5000
vt 13.1733 133.4532
vt 13.1733 133.9482
vt 13.2585 14.4724
vt 13.2585 133.6736
vt 13.2790 14.4724
vt 13.2790 133.6172
vt 13.2807 14.5276
vt 13.2807 133.6817
vt 13.3012 14.5276
vt 13.3012 133.6253
vt 13.3372 14.4724
vt 13.3372 133.8425
vt 13.3453 14.5276
vt 13.3453 133.8203
vt 13.3936 14.4724
vt 13.3936 133.8630
vt 13.4017 14.5276
vt 13.4017 133.8408
vt 13.4092 2.3100
vt 13.4092 2.3850
vt 13.4092 87.5652
vt 13.4162 2.3100
vt 13.4162 2.3850
vt 13.4162 87.6045
vt 13.4208 13.7500
vt 13.4208 14.5000
vt 13.4208 133.3507
vt 13.4208 134.0507
vt 13.4398 14.5276
vt 13.4398 133.5606
vt 13.4479 14.4724
vt 13.4479 133.5384
vt 13.4563 2.3100
vt 13.4563 2.3850
vt 13.4563 87.8319
vt 13.4632 2.3100
vt 13.4632 2.3850
vt 13.4632 87.8713
vt 13.4962 14.5276
vt 13.4962 133.5811
vt 13.5043 14.4724
vt 13.5043 133.5589
vt 13.5404 14.5276
vt 13.5404 133.7762
vt 13.5609 14.5276
vt 13.5609 133.7198
vt 13.5626 14.4724
vt 13.5626 133.7843
vt 13.5831 14.4724
vt 13.5831 133.7279
vt 13.6683 13.7500
vt 13.6683 14.5000
vt 13.6683 133.4532
vt 13.6683 133.9482
vt 13.7708 133.7007
vt 13.7990 14.9776
vt 13.7990 132.5739
vt 13.8036 2.3100
vt 13.8036 2.3850
vt 13.8036 89.8015
vt 13.8071 14.9224
vt 13.8071 132.5517
vt 13.8105 2.3100
vt 13.8105 2.3850
vt 13.8105 89.8409
vt 13.8554 14.9776
vt 13.8554 132.5945
vt 13.8634 14.9224
vt 13.8634 132.5722
vt 13.9942 83.8128
vt 14.0455 2.2500
vt 14.0455 2.6500
vt 14.0455 83.6891
vt 14.0455 83.9366
vt 14.1692 2.2500
vt 14.1692 2.6500
vt 14.1692 83.6378
vt 14.1692 83.9878
vt 14.2930 2.2500
vt 14.2930 2.6500
vt 14.2930 83.6891
vt 14.2930 83.9366
vt 14.3442 83.8128
vt 14.5054 2.3100
vt 14.5054 2.3850
vt 14.5054 93.7818
vt 14.5123 2.3100
vt 14.5123 2.3850
vt 14.5123 93.8211
vt 14.5270 14.9776
vt 14.5270 134.1353
vt 14.5476 14.9776
vt 14.5476 134.0789
vt 14.5493 14.9224
vt 14.5493 134.1434
vt 14.5698 14.9224
vt 14.5698 134.0870
vt 14.8527 2.3100
vt 14.8527 2.3850
vt 14.8527 95.7514
vt 14.8596 2.3100
vt 14.8596 2.3850
vt 14.8596 95.7908
vt 14.8997 2.3100
vt 14.8997 2.3850
vt 14.8997 96.0181
vt 14.9067 2.3100
vt 14.9067 2.3850
vt 14.9067 96.0575
vt 15.2470 2.3100
vt 15.2470 2.3850
vt 15.2470 97.9877
vt 15.2540 2.3100
vt 15.2540 2.3850
vt 15.2540 98.0271
vt 15.5570 92.6761
vt 15.6083 2.2500
vt 15.6083 2.6500
vt 15.6083 92.5524
vt 15.6083 92.7999
vt 15.7320 2.2500
vt 15.7320 2.6500
vt 15.7320 92.5011
vt 15.7320 92.8511
vt 15.8558 2.2500
vt 15.8558 2.6500
vt 15.8558 92.5524
vt 15.8558 92.7999
vt 15.9070 92.6761
vt 15.9489 2.3100
vt 15.9489 2.3850
vt 15.9489 101.9680
vt 15.9558 2.3100
vt 15.9558 2.3850
vt 15.9558 102.0074
vt 16.2961 2.3100
vt 16.2961 2.3850
vt 16.2961 103.9376
vt 16.3031 2.3100
vt 16.3031 2.3850
vt 16.3031 103.9770
vt 16.3432 2.3100
vt 16.3432 2.3850
vt 16.3432 104.2043
vt 16.3501 2.3100
vt 16.3501 2.3850
vt 16.3501 104.2437
vt 16.6905 2.3100
vt 16.6905 2.3850
vt 16.6905 106.1739
vt 16.6974 2.3100
vt 16.6974 2.3850
vt 16.6974 106.2133
vt 17.1199 101.5394
vt 17.1711 2.2500
vt 17.1711 2.6500
vt 17.1711 101.4156
vt 17.1711 101.6631
vt 17.2949 2.2500
vt 17.2949 2.6500
vt 17.2949 101.3644
vt 17.2949 101.7144
vt 17.3923 2.3100
vt 17.3923 2.3850
vt 17.3923 110.1542
vt 17.3992 2.3100
vt 17.3992 2.3850
vt 17.3992 110.1936
vt 17.4186 2.2500
vt 17.4186 2.6500
vt 17.4186 101.4156
vt 17.4186 101.6631
vt 17.4699 101.5394
vt 17.7396 2.3100
vt 17.7396 2.3850
vt 17.7396 112.1238
vt 17.7465 2.3100
vt 17.7465 2.3850
vt 17.7465 112.1632
vt 17.7866 2.3100
vt 17.7866 2.3850
vt 17.7866 112.3905
vt 17.7936 2.3100
vt 17.7936 2.3850
vt 17.7936 112.4299
vt 18.1339 2.3100
vt 18.1339 2.3850
vt 18.1339 114.3601
vt 18.1409 2.3100
vt 18.1409 2.3850
vt 18.1409 114.3995
vt 18.3950 2.2500
vt 18.3950 2.3250
vt 18.4344 2.2500
vt 18.4344 2.3250
vt 18.6126 2.2500
vt 18.6126 2.3250
vt 18.6520 2.2500
vt 18.6520 2.3250
vt 18.6827 110.4027
vt 18.7340 2.2500
vt 18.7340 2.6500
vt 18.7340 110.2789
vt 18.7340 110.5264
vt 18.8358 2.3100
vt 18.8358 2.3850
vt 18.8358 118.3404
vt 18.8427 2.3100
vt 18.8427 2.3850
vt 18.8427 118.3798
vt 18.8577 2.2500
vt 18.8577 2.6500
vt 18.8577 110.2277
vt 18.8577 110.5777
vt 18.8874 2.2500
vt 18.8874 2.3250
vt 18.9268 2.2500
vt 18.9268 2.3250
vt 18.9815 2.2500
vt 18.9815 2.6500
vt 18.9815 110.2789
vt 18.9815 110.5264
vt 19.0327 110.4027
vt 19.1050 2.2500
vt 19.1050 2.3250
vt 19.1444 2.2500
vt 19.1444 2.3250
vt 19.1830 2.3100
vt 19.1830 2.3850
vt 19.1830 120.3100
vt 19.1837 -4.7500
vt 19.1837 2.4000
vt 19.1900 2.3100
vt 19.1900 2.3850
vt 19.1900 120.3494
vt 19.2301 2.3100
vt 19.2301 2.3850
vt 19.2301 120.5767
vt 19.2370 2.3100
vt 19.2370 2.3850
vt 19.2370 120.6161
vt 19.3573 -4.7500
vt 19.3573 2.4000
vt 19.5774 2.3100
vt 19.5774 2.3850
vt 19.5774 122.5463
vt 19.5843 2.3100
vt 19.5843 2.3850
vt 19.5843 122.5857
vt 19.6637 11.2500
vt 19.6637 13.7500
vt 19.6637 163.9311
vt 19.6637 164.1811
vt 19.8470 9.2500
vt 19.8470 11.2500
vt 19.8470 161.5073
vt 19.9137 11.2500
vt 19.9137 13.7500
vt 19.9137 163.9311
vt 19.9137 164.1811
vt 20.2455 119.2659
vt 20.2762 2.2500
vt 20.2762 9.2500
vt 20.2762 161.7628
vt 20.2762 162.0628
vt 20.2792 2.3100
vt 20.2792 2.3850
vt 20.2792 126.5266
vt 20.2861 2.3100
vt 20.2861 2.3850
vt 20.2861 126.5660
vt 20.2968 2.2500
vt 20.2968 2.6500
vt 20.2968 119.1422
vt 20.2968 119.3897
vt 20.3958 9.0750
vt 20.3958 9.4250
vt 20.3958 161.7405
vt 20.4205 2.2500
vt 20.4205 2.6500
vt 20.4205 119.0909
vt 20.4205 119.4409
vt 20.4566 9.0750
vt 20.4566 9.4250
vt 20.4566 162.0852
vt 20.5443 2.2500
vt 20.5443 2.6500
vt 20.5443 119.1422
vt 20.5443 119.3897
vt 20.5762 2.2500
vt 20.5762 9.2500
vt 20.5762 161.7628
vt 20.5762 162.0628
vt 20.5955 119.2659
vt 20.6265 2.3100
vt 20.6265 2.3850
vt 20.6265 128.4962
vt 20.6334 2.3100
vt 20.6334 2.3850
vt 20.6334 128.5356
vt 20.6735 2.3100
vt 20.6735 2.3850
vt 20.6735 128.7629
vt 20.6805 2.3100
vt 20.6805 2.3850
vt 20.6805 128.8023
vt 20.7152 9.2500
vt 20.7152 11.2500
vt 20.7152 166.4313
vt 20.9708 2.2500
vt 20.9708 9.2500
vt 20.9708 165.7021
vt 20.9708 166.0021
vt 21.0208 2.3100
vt 21.0208 2.3850
vt 21.0208 130.7326
vt 21.0278 2.3100
vt 21.0278 2.3850
vt 21.0278 130.7720
vt 21.0904 9.0750
vt 21.0904 9.4250
vt 21.0904 165.6797
vt 21.1512 9.0750
vt 21.1512 9.4250
vt 21.1512 166.0244
vt 21.2708 2.2500
vt 21.2708 9.2500
vt 21.2708 165.7021
vt 21.2708 166.0021
vt 21.6462 2.2500
vt 21.6462 2.6500
vt 21.7227 2.3100
vt 21.7227 2.3850
vt 21.7227 134.7128
vt 21.7296 2.3100
vt 21.7296 2.3850
vt 21.7296 134.7522
vt 21.7700 2.2500
vt 21.7700 2.6500
vt 21.8084 128.1292
vt 21.8596 2.2500
vt 21.8596 2.6500
vt 21.8596 128.0055
vt 21.8596 128.2529
vt 21.8937 2.2500
vt 21.8937 2.6500
vt 21.9834 2.2500
vt 21.9834 2.6500
vt 21.9834 127.9542
vt 21.9834 128.3042
vt 22.0699 2.3100
vt 22.0699 2.3850
vt 22.0699 136.6824
vt 22.0769 2.3100
vt 22.0769 2.3850
vt 22.0769 136.7218
vt 22.1071 2.2500
vt 22.1071 2.6500
vt 22.1071 128.0055
vt 22.1071 128.2529
vt 22.1170 2.3100
vt 22.1170 2.3850
vt 22.1170 136.9492
vt 22.1239 2.3100
vt 22.1239 2.3850
vt 22.1239 136.9886
vt 22.1584 128.1292
vt 22.4643 2.3100
vt 22.4643 2.3850
vt 22.4643 138.9188
vt 22.4712 2.3100
vt 22.4712 2.3850
vt 22.4712 138.9582
vt 22.6641 11.4449
vt 22.6641 163.3460
vt 22.7335 11.4449
vt 22.7335 163.7399
vt 22.7527 11.0551
vt 22.7527 163.3304
vt 22.8221 11.0551
vt 22.8221 163.7243
vt 23.3712 136.9925
vt 23.4225 2.2500
vt 23.4225 2.6500
vt 23.4225 136.8687
vt 23.4225 137.1162
vt 23.5462 2.2500
vt 23.5462 2.6500
vt 23.5462 136.8175
vt 23.5462 137.1675
vt 23.6700 2.2500
vt 23.6700 2.6500
vt 23.6700 136.8687
vt 23.6700 137.1162
vt 23.7212 136.9925
vt 24.2154 2.2500
vt 24.2154 9.2500
vt 24.2154 161.0683
vt 24.2154 161.3683
vt 24.3350 9.0750
vt 24.3350 9.4250
vt 24.3350 161.0459
vt 24.3958 9.0750
vt 24.3958 9.4250
vt 24.3958 161.3906
vt 24.5154 2.2500
vt 24.5154 9.2500
vt 24.5154 161.0683
vt 24.5154 161.3683
vt 24.7710 9.2500
vt 24.7710 11.2500
vt 24.7710 160.6390
vt 24.8731 11.2500
vt 24.8731 13.7500
vt 24.8731 193.4753
vt 24.8731 193.7253
vt 24.9100 2.2500
vt 24.9100 9.2500
vt 24.9100 165.0075
vt 24.9100 165.3075
vt 24.9340 145.8557
vt 24.9853 2.2500
vt 24.9853 2.6500
vt 24.9853 145.7320
vt 24.9853 145.9795
vt 25.0296 9.0750
vt 25.0296 9.4250
vt 25.0296 164.9851
vt 25.0564 9.2500
vt 25.0564 11.2500
vt 25.0564 191.0515
vt 25.0904 9.0750
vt 25.0904 9.4250
vt 25.0904 165.3298
vt 25.1090 2.2500
vt 25.1090 2.6500
vt 25.1090 145.6807
vt 25.1090 146.0307
vt 25.1231 11.2500
vt 25.1231 13.7500
vt 25.1231 193.4753
vt 25.1231 193.7253
vt 25.2100 2.2500
vt 25.2100 9.2500
vt 25.2100 165.0075
vt 25.2100 165.3075
vt 25.2328 2.2500
vt 25.2328 2.6500
vt 25.2328 145.7320
vt 25.2328 145.9795
vt 25.2840 145.8557
vt 25.4856 2.2500
vt 25.4856 9.2500
vt 25.4856 191.3071
vt 25.4856 191.6071
vt 25.6052 9.0750
vt 25.6052 9.4250
vt 25.6052 191.2847
vt 25.6392 9.2500
vt 25.6392 11.2500
vt 25.6392 165.5631
vt 25.6660 9.0750
vt 25.6660 9.4250
vt 25.6660 191.6294
vt 25.7856 2.2500
vt 25.7856 9.2500
vt 25.7856 191.3071
vt 25.7856 191.6071
vt 25.8803 -4.7500
vt 25.8803 2.4000
vt 25.9246 9.2500
vt 25.9246 11.2500
vt 25.9246 195.9755
vt 26.0540 -4.7500
vt 26.0540 2.4000
vt 26.1802 2.2500
vt 26.1802 9.2500
vt 26.1802 195.2463
vt 26.1802 195.5463
vt 26.2998 9.0750
vt 26.2998 9.4250
vt 26.2998 195.2240
vt 26.3606 9.0750
vt 26.3606 9.4250
vt 26.3606 195.5687
vt 26.4802 2.2500
vt 26.4802 9.2500
vt 26.4802 195.2463
vt 26.4802 195.5463
vt 26.4969 154.7190
vt 26.5481 2.2500
vt 26.5481 2.6500
vt 26.5481 154.5953
vt 26.5481 154.8427
vt 26.6719 2.2500
vt 26.6719 2.6500
vt 26.6719 154.5440
vt 26.6719 154.8940
vt 26.7956 2.2500
vt 26.7956 2.6500
vt 26.7956 154.5953
vt 26.7956 154.8427
vt 26.8059 19.3500
vt 26.8059 19.9500
vt 26.8469 154.7190
vt 26.9473 19.3500
vt 26.9473 19.9500
vt 27.8735 11.4449
vt 27.8735 192.8902
vt 27.9430 11.4449
vt 27.9430 193.2842
vt 27.9621 11.0551
vt 27.9621 192.8746
vt 28.0316 11.0551
vt 28.0316 193.2686
vt 28.0597 163.5823
vt 28.1110 2.2500
vt 28.1110 2.6500
vt 28.1110 163.4585
vt 28.1110 163.7060
vt 28.2347 2.2500
vt 28.2347 2.6500
vt 28.2347 163.4073
vt 28.2347 163.7573
vt 28.3585 2.2500
vt 28.3585 2.6500
vt 28.3585 163.4585
vt 28.3585 163.7060
vt 28.4097 163.5823
vt 29.4249 2.2500
vt 29.4249 9.2500
vt 29.4249 190.6125
vt 29.4249 190.9125
vt 29.5445 9.0750
vt 29.5445 9.4250
vt 29.5445 190.5901
vt 29.6053 9.0750
vt 29.6053 9.4250
vt 29.6053 190.9348
vt 29.6225 172.4455
vt 29.6738 2.2500
vt 29.6738 2.6500
vt 29.6738 172.3218
vt 29.6738 172.5693
vt 29.7249 2.2500
vt 29.7249 9.2500
vt 29.7249 190.6125
vt 29.7249 190.9125
vt 29.7695 2.2500
vt 29.7695 2.3250
vt 29.7975 2.2500
vt 29.7975 2.6500
vt 29.7975 172.2705
vt 29.7975 172.6205
vt 29.8089 2.2500
vt 29.8089 2.3250
vt 29.9213 2.2500
vt 29.9213 2.6500
vt 29.9213 172.3218
vt 29.9213 172.5693
vt 29.9725 172.4455
vt 29.9804 9.2500
vt 29.9804 11.2500
vt 29.9804 190.1833
vt 29.9871 2.2500
vt 29.9871 2.3250
vt 30.0265 2.2500
vt 30.0265 2.3250
vt 30.1195 2.2500
vt 30.1195 9.2500
vt 30.1195 194.5517
vt 30.1195 194.8517
vt 30.2391 9.0750
vt 30.2391 9.4250
vt 30.2391 194.5294
vt 30.2619 2.2500
vt 30.2619 2.3250
vt 30.2998 9.0750
vt 30.2998 9.4250
vt 30.2998 194.8741
vt 30.3013 2.2500
vt 30.3013 2.3250
vt 30.4195 2.2500
vt 30.4195 9.2500
vt 30.4195 194.5517
vt 30.4195 194.8517
vt 30.4795 2.2500
vt 30.4795 2.3250
vt 30.5095 2.2500
vt 30.5095 2.6500
vt 30.5189 2.2500
vt 30.5189 2.3250
vt 30.5582 -4.7500
vt 30.5582 2.4000
vt 30.6332 2.2500
vt 30.6332 2.6500
vt 30.7318 -4.7500
vt 30.7318 2.4000
vt 30.7570 2.2500
vt 30.7570 2.6500
vt 30.8487 9.2500
vt 30.8487 11.2500
vt 30.8487 195.1073
vt 31.1854 181.3088
vt 31.2366 2.2500
vt 31.2366 2.6500
vt 31.2366 181.1851
vt 31.2366 181.4326
vt 31.3604 2.2500
vt 31.3604 2.6500
vt 31.3604 181.1338
vt 31.3604 181.4838
vt 31.4841 2.2500
vt 31.4841 2.6500
vt 31.4841 181.1851
vt 31.4841 181.4326
vt 31.5354 181.3088
vt 32.2563 2.2500
vt 32.2563 19.2500
vt 32.2888 3.2362
vt 32.2888 3.2638
vt 32.2888 4.7362
vt 32.2888 4.7638
vt 32.2888 6.2362
vt 32.2888 6.2638
vt 32.2888 7.7362
vt 32.2888 7.7638
vt 32.2888 9.2362
vt 32.2888 9.2638
vt 32.2888 10.7362
vt 32.2888 10.7638
vt 32.2888 12.2362
vt 32.2888 12.2638
vt 32.2888 13.7362
vt 32.2888 13.7638
vt 32.2888 15.2362
vt 32.2888 15.2638
vt 32.2888 16.7362
vt 32.2888 16.7638
vt 32.2888 18.2362
vt 32.2888 18.2638
vt 32.2888 19.7362
vt 32.2888 19.7638
vt 32.2922 3.2638
vt 32.2922 4.7362
vt 32.2922 4.7638
vt 32.2922 6.2362
vt 32.2922 6.2638
vt 32.2922 7.7362
vt 32.2922 7.7638
vt 32.2922 9.2362
vt 32.2922 9.2638
vt 32.2922 10.7362
vt 32.2922 10.7638
vt 32.2922 12.2362
vt 32.2922 12.2638
vt 32.2922 13.7362
vt 32.2922 13.7638
vt 32.2922 15.2362
vt 32.2922 15.2638
vt 32.2922 16.7362
vt 32.2922 16.7638
vt 32.2922 18.2362
vt 32.2922 18.2638
vt 32.2922 19.7362
vt 32.3455 3.2362
vt 32.3455 4.7362
vt 32.3455 4.7638
vt 32.3455 6.2362
vt 32.3455 6.2638
vt 32.3455 7.7362
vt 32.3455 7.7638
vt 32.3455 9.2362
vt 32.3455 9.2638
vt 32.3455 10.7362
vt 32.3455 10.7638
vt 32.3455 12.2362
vt 32.3455 12.2638
vt 32.3455 13.7362
vt 32.3455 13.7638
vt 32.3455 15.2362
vt 32.3455 15.2638
vt 32.3455 16.7362
vt 32.3455 16.7638
vt 32.3455 18.2362
vt 32.3455 18.2638
vt 32.3455 19.7638
vt 32.3488 3.2362
vt 32.3488 3.2638
vt 32.3488 4.7362
vt 32.3488 4.7638
vt 32.3488 6.2362
vt 32.3488 6.2638
vt 32.3488 7.7362
vt 32.3488 7.7638
vt 32.3488 9.2362
vt 32.3488 9.2638
vt 32.3488 10.7362
vt 32.3488 10.7638
vt 32.3488 12.2362
vt 32.3488 12.2638
vt 32.3488 13.7362
vt 32.3488 13.7638
vt 32.3488 15.2362
vt 32.3488 15.2638
vt 32.3488 16.7362
vt 32.3488 16.7638
vt 32.3488 18.2362
vt 32.3488 18.2638
vt 32.3488 19.7362
vt 32.3488 19.7638
vt 32.3813 2.2500
vt 32.3813 19.2500
vt 32.7482 190.1721
vt 32.7995 2.2500
vt 32.7995 2.6500
vt 32.7995 190.0483
vt 32.7995 190.2958
vt 32.9232 2.2500
vt 32.9232 2.6500
vt 32.9232 189.9971
vt 32.9232 190.3471
vt 33.0342 2.2500
vt 33.0342 19.2500
vt 33.0470 2.2500
vt 33.0470 2.6500
vt 33.0470 190.0483
vt 33.0470 190.2958
vt 33.0667 3.2362
vt 33.0667 3.2638
vt 33.0667 4.7362
vt 33.0667 4.7638
vt 33.0667 6.2362
vt 33.0667 6.2638
vt 33.0667 7.7362
vt 33.0667 7.7638
vt 33.0667 9.2362
vt 33.0667 9.2638
vt 33.0667 10.7362
vt 33.0667 10.7638
vt 33.0667 12.2362
vt 33.0667 12.2638
vt 33.0667 13.7362
vt 33.0667 13.7638
vt 33.0667 15.2362
vt 33.0667 15.2638
vt 33.0667 16.7362
vt 33.0667 16.7638
vt 33.0667 18.2362
vt 33.0667 18.2638
vt 33.0667 19.7362
vt 33.0667 19.7638
vt 33.0700 3.2362
vt 33.0700 4.7362
vt 33.0700 4.7638
vt 33.0700 6.2362
vt 33.0700 6.2638
vt 33.0700 7.7362
vt 33.0700 7.7638
vt 33.0700 9.2362
vt 33.0700 9.2638
vt 33.0700 10.7362
vt 33.0700 10.7638
vt 33.0700 12.2362
vt 33.0700 12.2638
vt 33.0700 13.7362
vt 33.0700 13.7638
vt 33.0700 15.2362
vt 33.0700 15.2638
vt 33.0700 16.7362
vt 33.0700 16.7638
vt 33.0700 18.2362
vt 33.0700 18.2638
vt 33.0700 19.7638
vt 33.0982 190.1721
vt 33.1233 3.2638
vt 33.1233 4.7362
vt 33.1233 4.7638
vt 33.1233 6.2362
vt 33.1233 6.2638
vt 33.1233 7.7362
vt 33.1233 7.7638
vt 33.1233 9.2362
vt 33.1233 9.2638
vt 33.1233 10.7362
vt 33.1233 10.7638
vt 33.1233 12.2362
vt 33.1233 12.2638
vt 33.1233 13.7362
vt 33.1233 13.7638
vt 33.1233 15.2362
vt 33.1233 15.2638
vt 33.1233 16.7362
vt 33.1233 16.7638
vt 33.1233 18.2362
vt 33.1233 18.2638
vt 33.1233 19.7362
vt 33.1267 3.2362
vt 33.1267 3.2638
vt 33.1267 4.7362
vt 33.1267 4.7638
vt 33.1267 6.2362
vt 33.1267 6.2638
vt 33.1267 7.7362
vt 33.1267 7.7638
vt 33.1267 9.2362
vt 33.1267 9.2638
vt 33.1267 10.7362
vt 33.1267 10.7638
vt 33.1267 12.2362
vt 33.1267 12.2638
vt 33.1267 13.7362
vt 33.1267 13.7638
vt 33.1267 15.2362
vt 33.1267 15.2638
vt 33.1267 16.7362
vt 33.1267 16.7638
vt 33.1267 18.2362
vt 33.1267 18.2638
vt 33.1267 19.7362
vt 33.1267 19.7638
vt 33.1592 2.2500
vt 33.1592 19.2500
vt 34.3110 199.0354
vt 34.3623 2.2500
vt 34.3623 2.6500
vt 34.3623 198.9116
vt 34.3623 199.1591
vt 34.4860 2.2500
vt 34.4860 2.6500
vt 34.4860 198.8604
vt 34.4860 199.2104
vt 34.6098 2.2500
vt 34.6098 2.6500
vt 34.6098 198.9116
vt 34.6098 199.1591
vt 34.6610 199.0354
vt 35.4666 14.4449
vt 35.4666 161.0886
vt 35.4839 15.6724
vt 35.5044 15.6724
vt 35.5061 15.7276
vt 35.5266 15.7276
vt 35.5360 14.4449
vt 35.5360 161.4825
vt 35.5552 14.0551
vt 35.5552 161.0730
vt 35.6246 14.0551
vt 35.6246 161.4669
vt 35.8739 207.8986
vt 35.9251 2.2500
vt 35.9251 2.6500
vt 35.9251 207.7749
vt 35.9251 208.0224
vt 36.0489 2.2500
vt 36.0489 2.6500
vt 36.0489 207.7236
vt 36.0489 208.0736
vt 36.1726 2.2500
vt 36.1726 2.6500
vt 36.1726 207.7749
vt 36.1726 208.0224
vt 36.1902 15.6724
vt 36.1983 15.7276
vt 36.2239 207.8986
vt 36.2466 15.6724
vt 36.2547 15.7276
vt 36.3854 14.5000
vt 36.3854 15.2500
vt 36.4705 15.2224
vt 36.4911 15.2224
vt 36.4928 15.2776
vt 36.5133 15.2776
vt 36.5493 15.2224
vt 36.5574 15.2776
vt 36.6057 15.2224
vt 36.6138 15.2776
vt 36.6329 14.5000
vt 36.6329 15.2500
vt 36.6519 15.2776
vt 36.6600 15.2224
vt 36.7083 15.2776
vt 36.7164 15.2224
vt 36.7525 15.2776
vt 36.7730 15.2776
vt 36.7747 15.2224
vt 36.7952 15.2224
vt 36.8804 14.5000
vt 36.8804 15.2500
vt 37.0111 15.7276
vt 37.0191 15.6724
vt 37.0674 15.7276
vt 37.0755 15.6724
vt 37.2549 -4.7500
vt 37.2549 2.4000
vt 37.4285 -4.7500
vt 37.4285 2.4000
vt 37.7391 15.7276
vt 37.7596 15.7276
vt 37.7613 15.6724
vt 37.7819 15.6724
vt 39.3728 2.2500
vt 39.3728 2.6500
vt 39.4965 2.2500
vt 39.4965 2.6500
vt 39.6202 2.2500
vt 39.6202 2.6500
vt 40.6760 14.4449
vt 40.6760 190.6328
vt 40.7455 14.4449
vt 40.7455 191.0267
vt 40.7646 14.0551
vt 40.7646 190.6172
vt 40.8341 14.0551
vt 40.8341 191.0111
vt 41.1440 2.2500
vt 41.1440 2.3250
vt 41.1834 2.2500
vt 41.1834 2.3250
vt 41.6364 2.2500
vt 41.6364 2.3250
vt 41.6758 2.2500
vt 41.6758 2.3250
vt 44.8329 -5.3199
vt 44.8329 52.7208
vt 44.8389 -5.2301
vt 44.8389 52.7197
vt 44.8486 -5.3199
vt 44.8486 52.8094
vt 44.8546 -5.2301
vt 44.8546 52.8084
vt 45.1368 -5.3199
vt 45.1368 54.4442
vt 45.1428 -5.2301
vt 45.1428 54.4431
vt 45.1524 -5.3199
vt 45.1524 54.5328
vt 45.1585 -5.2301
vt 45.1585 54.5318
vt 45.4841 -5.3199
vt 45.4841 56.4138
vt 45.4901 -5.2301
vt 45.4901 56.4128
vt 45.4997 -5.3199
vt 45.4997 56.5025
vt 45.5057 -5.2301
vt 45.5057 56.5014
vt 45.7880 -5.3199
vt 45.7880 58.1372
vt 45.7940 -5.2301
vt 45.7940 58.1362
vt 45.8036 -5.3199
vt 45.8036 58.2259
vt 45.8096 -5.2301
vt 45.8096 58.2248
vt 48.2360 2.2500
vt 48.2360 2.6500
vt 48.3598 2.2500
vt 48.3598 2.6500
vt 48.4835 2.2500
vt 48.4835 2.6500
vt 49.9394 287.6681
vt 49.9906 2.2500
vt 49.9906 2.6500
vt 49.9906 287.5443
vt 49.9906 287.7918
vt 50.1144 2.2500
vt 50.1144 2.6500
vt 50.1144 287.4931
vt 50.1144 287.8431
vt 50.2381 2.2500
vt 50.2381 2.6500
vt 50.2381 287.5443
vt 50.2381 287.7918
vt 50.2894 287.6681
vt 51.5022 296.5313
vt 51.5535 2.2500
vt 51.5535 2.6500
vt 51.5535 296.4076
vt 51.5535 296.6551
vt 51.6772 2.2500
vt 51.6772 2.6500
vt 51.6772 296.3563
vt 51.6772 296.7063
vt 51.8010 2.2500
vt 51.8010 2.6500
vt 51.8010 296.4076
vt 51.8010 296.6551
vt 51.8522 296.5313
vt 52.0743 19.3500
vt 52.0743 19.9500
vt 52.2156 19.3500
vt 52.2156 19.9500
vt 52.7197 -5.2301
vt 52.7208 -5.3199
vt 52.8084 -5.2301
vt 52.8094 -5.3199
vt 53.0651 305.3946
vt 53.1163 2.2500
vt 53.1163 2.6500
vt 53.1163 305.2708
vt 53.1163 305.5183
vt 53.2401 2.2500
vt 53.2401 2.6500
vt 53.2401 305.2196
vt 53.2401 305.5696
vt 53.3638 2.2500
vt 53.3638 2.6500
vt 53.3638 305.2708
vt 53.3638 305.5183
vt 53.4151 305.3946
vt 54.4431 -5.2301
vt 54.4442 -5.3199
vt 54.5318 -5.2301
vt 54.5328 -5.3199
vt 54.6279 314.2579
vt 54.6791 2.2500
vt 54.6791 2.6500
vt 54.6791 314.1341
vt 54.6791 314.3816
vt 54.8029 2.2500
vt 54.8029 2.6500
vt 54.8029 314.0829
vt 54.8029 314.4329
vt 54.9266 2.2500
vt 54.9266 2.6500
vt 54.9266 314.1341
vt 54.9266 314.3816
vt 54.9779 314.2579
vt 56.1907 323.1211
vt 56.2420 2.2500
vt 56.2420 2.6500
vt 56.2420 322.9974
vt 56.2420 323.2449
vt 56.3657 2.2500
vt 56.3657 2.6500
vt 56.3657 322.9461
vt 56.3657 323.2961
vt 56.4128 -5.2301
vt 56.4138 -5.3199
vt 56.4895 2.2500
vt 56.4895 2.6500
vt 56.4895 322.9974
vt 56.4895 323.2449
vt 56.5014 -5.2301
vt 56.5025 -5.3199
vt 56.5407 323.1211
vt 57.7536 331.9844
vt 57.8048 2.2500
vt 57.8048 2.6500
vt 57.8048 331.8607
vt 57.8048 332.1081
vt 57.9286 2.2500
vt 57.9286 2.6500
vt 57.9286 331.8094
vt 57.9286 332.1594
vt 58.0523 2.2500
vt 58.0523 2.6500
vt 58.0523 331.8607
vt 58.0523 332.1081
vt 58.1036 331.9844
vt 58.1362 -5.2301
vt 58.1372 -5.3199
vt 58.2248 -5.2301
vt 58.2259 -5.3199
vt 64.2494 1.5000
vt 64.2494 1.5750
vt 64.2563 1.5000
vt 64.2563 1.5750
vt 64.4664 1.5000
vt 64.4664 1.5750
vt 64.4734 1.5000
vt 64.4734 1.5750
vt 65.5344 1.5000
vt 65.5344 1.5750
vt 65.5413 1.5000
vt 65.5413 1.5750
vt 65.7514 1.5000
vt 65.7514 1.5750
vt 65.7584 1.5000
vt 65.7584 1.5750
vt 66.6862 0.2209
vt 66.6862 1.2709
vt 66.8193 1.5000
vt 66.8193 1.5750
vt 66.8263 1.5000
vt 66.8263 1.5750
vt 67.0364 1.5000
vt 67.0364 1.5750
vt 67.0434 1.5000
vt 67.0434 1.5750
vt 68.1043 1.5000
vt 68.1043 1.5750
vt 68.1113 1.5000
vt 68.1113 1.5750
vt 68.3214 1.5000
vt 68.3214 1.5750
vt 68.3284 1.5000
vt 68.3284 1.5750
vt 70.1330 0.2209
vt 70.1330 1.2709
vt 70.1714 1.5949
vt 70.1724 1.5051
vt 70.2600 1.5949
vt 70.2611 1.5051
vt 71.8948 1.5949
vt 71.8958 1.5051
vt 71.9834 1.5949
vt 71.9845 1.5051
vt 72.2429 0.2209
vt 72.2429 1.2709
vt 73.8644 1.5949
vt 73.8655 1.5051
vt 73.9530 1.5949
vt 73.9541 1.5051
vt 74.8258 2.2500
vt 74.8258 2.6500
vt 74.9496 2.2500
vt 74.9496 2.6500
vt 75.0733 2.2500
vt 75.0733 2.6500
vt 75.5878 1.5949
vt 75.5889 1.5051
vt 75.6764 1.5949
vt 75.6775 1.5051
vt 75.6897 0.2209
vt 75.6897 1.2709
vt 77.4093 2.3100
vt 77.4093 2.3850
vt 77.4487 2.3100
vt 77.4487 2.3850
vt 79.3789 2.3100
vt 79.3789 2.3850
vt 79.4183 2.3100
vt 79.4183 2.3850
vt 79.6457 2.3100
vt 79.6457 2.3850
vt 79.6851 2.3100
vt 79.6851 2.3850
vt 81.6153 2.3100
vt 81.6153 2.3850
vt 81.6547 2.3100
vt 81.6547 2.3850
vt 83.6891 2.2500
vt 83.6891 2.6500
vt 83.8128 2.2500
vt 83.8128 2.6500
vt 83.9366 2.2500
vt 83.9366 2.6500
vt 85.5955 2.3100
vt 85.5955 2.3850
vt 85.6349 2.3100
vt 85.6349 2.3850
vt 86.9525 2.2500
vt 86.9525 8.2500
vt 87.0219 2.2500
vt 87.0219 8.2500
vt 87.1697 3.7500
vt 87.1697 3.9500
vt 87.1697 5.2500
vt 87.1697 5.4500
vt 87.1697 6.7500
vt 87.1697 6.9500
vt 87.1957 3.7500
vt 87.1957 3.9500
vt 87.1957 5.2500
vt 87.1957 5.4500
vt 87.1957 6.7500
vt 87.1957 6.9500
vt 87.5652 2.3100
vt 87.5652 2.3850
vt 87.6045 2.3100
vt 87.6045 2.3850
vt 87.8319 2.3100
vt 87.8319 2.3850
vt 87.8713 2.3100
vt 87.8713 2.3850
vt 88.1755 2.3100
vt 88.1755 2.3850
vt 88.2149 2.3100
vt 88.2149 2.3850
vt 89.8015 2.3100
vt 89.8015 2.3850
vt 89.8409 2.3100
vt 89.8409 2.3850
vt 90.1451 2.3100
vt 90.1451 2.3850
vt 90.1845 2.3100
vt 90.1845 2.3850
vt 90.4118 2.3100
vt 90.4118 2.3850
vt 90.4512 2.3100
vt 90.4512 2.3850
vt 91.1175 2.7500
vt 91.1175 3.2000
vt 91.1265 2.3500
vt 91.1265 2.7500
vt 91.2391 2.7500
vt 91.2391 3.2000
vt 91.6189 2.3500
vt 91.6189 2.7500
vt 91.8700 2.7500
vt 91.8700 3.2000
vt 91.9367 14.9224
vt 91.9572 14.9224
vt 91.9589 14.9776
vt 91.9794 14.9776
vt 91.9916 2.7500
vt 91.9916 3.2000
vt 92.3815 2.3100
vt 92.3815 2.3850
vt 92.4209 2.3100
vt 92.4209 2.3850
vt 92.5524 2.2500
vt 92.5524 2.6500
vt 92.6225 2.7500
vt 92.6225 3.2000
vt 92.6430 14.9224
vt 92.6511 14.9776
vt 92.6761 2.2500
vt 92.6761 2.6500
vt 92.6994 14.9224
vt 92.7075 14.9776
vt 92.7440 2.7500
vt 92.7440 3.2000
vt 92.7999 2.2500
vt 92.7999 2.6500
vt 92.8382 13.7500
vt 92.8382 14.5000
vt 92.9233 14.4724
vt 92.9439 14.4724
vt 92.9456 14.5276
vt 92.9661 14.5276
vt 93.0021 14.4724
vt 93.0102 14.5276
vt 93.0585 14.4724
vt 93.0666 14.5276
vt 93.0857 13.7500
vt 93.0857 14.5000
vt 93.1047 14.5276
vt 93.1128 14.4724
vt 93.1611 14.5276
vt 93.1692 14.4724
vt 93.1946 2.3500
vt 93.1946 2.7500
vt 93.2052 14.5276
vt 93.2258 14.5276
vt 93.2275 14.4724
vt 93.2480 14.4724
vt 93.2878 3.7500
vt 93.2878 3.9500
vt 93.2878 5.2500
vt 93.2878 5.4500
vt 93.2878 6.7500
vt 93.2878 6.9500
vt 93.3138 3.7500
vt 93.3138 3.9500
vt 93.3138 5.2500
vt 93.3138 5.4500
vt 93.3138 6.7500
vt 93.3138 6.9500
vt 93.3331 13.7500
vt 93.3331 14.5000
vt 93.3660 2.2500
vt 93.3660 8.2500
vt 93.3750 2.7500
vt 93.3750 3.2000
vt 93.4355 2.2500
vt 93.4355 8.2500
vt 93.4639 14.9776
vt 93.4719 14.9224
vt 93.4965 2.7500
vt 93.4965 3.2000
vt 93.5202 14.9776
vt 93.5283 14.9224
vt 93.6870 2.3500
vt 93.6870 2.7500
vt 93.7818 2.3100
vt 93.7818 2.3850
vt 93.8211 2.3100
vt 93.8211 2.3850
vt 94.1274 2.7500
vt 94.1274 3.2000
vt 94.1919 14.9776
vt 94.2124 14.9776
vt 94.2141 14.9224
vt 94.2347 14.9224
vt 94.2490 2.7500
vt 94.2490 3.2000
vt 94.2689 2.7500
vt 94.2689 3.2000
vt 94.3905 2.7500
vt 94.3905 3.2000
vt 94.6804 2.2500
vt 94.6804 8.2500
vt 94.8799 2.7500
vt 94.8799 3.2000
vt 95.0015 2.7500
vt 95.0015 3.2000
vt 95.0214 2.7500
vt 95.0214 3.2000
vt 95.0743 2.2500
vt 95.0743 8.2500
vt 95.1430 2.7500
vt 95.1430 3.2000
vt 95.2719 2.2500
vt 95.2719 8.2500
vt 95.6324 2.7500
vt 95.6324 3.2000
vt 95.6658 2.2500
vt 95.6658 8.2500
vt 95.7514 2.3100
vt 95.7514 2.3850
vt 95.7539 2.7500
vt 95.7539 3.2000
vt 95.7739 2.7500
vt 95.7739 3.2000
vt 95.7908 2.3100
vt 95.7908 2.3850
vt 95.8954 2.7500
vt 95.8954 3.2000
vt 96.0181 2.3100
vt 96.0181 2.3850
vt 96.0575 2.3100
vt 96.0575 2.3850
vt 96.3359 2.3500
vt 96.3359 2.7500
vt 96.3617 2.3100
vt 96.3617 2.3850
vt 96.4011 2.3100
vt 96.4011 2.3850
vt 96.5263 2.7500
vt 96.5263 3.2000
vt 96.6479 2.7500
vt 96.6479 3.2000
vt 96.8283 2.3500
vt 96.8283 2.7500
vt 97.2788 2.7500
vt 97.2788 3.2000
vt 97.4004 2.7500
vt 97.4004 3.2000
vt 97.9877 2.3100
vt 97.9877 2.3850
vt 98.0271 2.3100
vt 98.0271 2.3850
vt 98.0313 2.7500
vt 98.0313 3.2000
vt 98.1529 2.7500
vt 98.1529 3.2000
vt 98.3313 2.3100
vt 98.3313 2.3850
vt 98.3707 2.3100
vt 98.3707 2.3850
vt 98.4040 2.3500
vt 98.4040 2.7500
vt 98.5981 2.3100
vt 98.5981 2.3850
vt 98.6375 2.3100
vt 98.6375 2.3850
vt 98.7838 2.7500
vt 98.7838 3.2000
vt 98.8964 2.3500
vt 98.8964 2.7500
vt 98.9053 2.7500
vt 98.9053 3.2000
vt 100.5031 2.2500
vt 100.5031 8.2500
vt 100.5677 2.3100
vt 100.5677 2.3850
vt 100.6071 2.3100
vt 100.6071 2.3850
vt 100.8970 2.2500
vt 100.8970 8.2500
vt 101.0946 2.2500
vt 101.0946 8.2500
vt 101.4156 2.2500
vt 101.4156 2.6500
vt 101.4885 2.2500
vt 101.4885 8.2500
vt 101.5394 2.2500
vt 101.5394 2.6500
vt 101.6631 2.2500
vt 101.6631 2.6500
vt 101.9680 2.3100
vt 101.9680 2.3850
vt 102.0074 2.3100
vt 102.0074 2.3850
vt 103.3249 2.2500
vt 103.3249 8.2500
vt 103.3944 2.2500
vt 103.3944 8.2500
vt 103.5421 3.7500
vt 103.5421 3.9500
vt 103.5421 5.2500
vt 103.5421 5.4500
vt 103.5421 6.7500
vt 103.5421 6.9500
vt 103.5681 3.7500
vt 103.5681 3.9500
vt 103.5681 5.2500
vt 103.5681 5.4500
vt 103.5681 6.7500
vt 103.5681 6.9500
vt 103.9376 2.3100
vt 103.9376 2.3850
vt 103.9770 2.3100
vt 103.9770 2.3850
vt 104.0881 2.2500
vt 104.0881 8.2500
vt 104.2043 2.3100
vt 104.2043 2.3850
vt 104.2437 2.3100
vt 104.2437 2.3850
vt 104.4820 2.2500
vt 104.4820 8.2500
vt 104.5479 2.3100
vt 104.5479 2.3850
vt 104.5873 2.3100
vt 104.5873 2.3850
vt 104.7863 2.2500
vt 104.7863 8.2500
vt 105.1802 2.2500
vt 105.1802 8.2500
vt 105.3730 2.3100
vt 105.3730 2.3850
vt 105.4124 2.3100
vt 105.4124 2.3850
vt 106.1739 2.3100
vt 106.1739 2.3850
vt 106.2133 2.3100
vt 106.2133 2.3850
vt 106.5176 2.3100
vt 106.5176 2.3850
vt 106.5569 2.3100
vt 106.5569 2.3850
vt 106.7843 2.3100
vt 106.7843 2.3850
vt 106.8237 2.3100
vt 106.8237 2.3850
vt 107.2765 2.7500
vt 107.2765 3.2000
vt 107.2854 2.3500
vt 107.2854 2.7500
vt 107.3426 2.3100
vt 107.3426 2.3850
vt 107.3820 2.3100
vt 107.3820 2.3850
vt 107.3981 2.7500
vt 107.3981 3.2000
vt 107.7778 2.3500
vt 107.7778 2.7500
vt 108.0128 2.3100
vt 108.0128 2.3850
vt 108.0290 2.7500
vt 108.0290 3.2000
vt 108.0522 2.3100
vt 108.0522 2.3850
vt 108.1505 2.7500
vt 108.1505 3.2000
vt 108.7539 2.3100
vt 108.7539 2.3850
vt 108.7815 2.7500
vt 108.7815 3.2000
vt 108.7933 2.3100
vt 108.7933 2.3850
vt 108.9030 2.7500
vt 108.9030 3.2000
vt 109.3535 2.3500
vt 109.3535 2.7500
vt 109.5339 2.7500
vt 109.5339 3.2000
vt 109.6555 2.7500
vt 109.6555 3.2000
vt 109.6602 3.7500
vt 109.6602 3.9500
vt 109.6602 5.2500
vt 109.6602 5.4500
vt 109.6602 6.7500
vt 109.6602 6.9500
vt 109.6863 3.7500
vt 109.6863 3.9500
vt 109.6863 5.2500
vt 109.6863 5.4500
vt 109.6863 6.7500
vt 109.6863 6.9500
vt 109.7385 2.2500
vt 109.7385 8.2500
vt 109.8079 2.2500
vt 109.8079 8.2500
vt 109.8459 2.3500
vt 109.8459 2.7500
vt 109.9825 2.3100
vt 109.9825 2.3850
vt 110.0219 2.3100
vt 110.0219 2.3850
vt 110.1542 2.3100
vt 110.1542 2.3850
vt 110.1936 2.3100
vt 110.1936 2.3850
vt 110.2789 2.2500
vt 110.2789 2.6500
vt 110.2864 2.7500
vt 110.2864 3.2000
vt 110.4027 2.2500
vt 110.4027 2.6500
vt 110.4080 2.7500
vt 110.4080 3.2000
vt 110.4279 2.7500
vt 110.4279 3.2000
vt 110.5264 2.2500
vt 110.5264 2.6500
vt 110.5494 2.7500
vt 110.5494 3.2000
vt 111.0389 2.7500
vt 111.0389 3.2000
vt 111.1212 2.2500
vt 111.1212 8.2500
vt 111.1604 2.7500
vt 111.1604 3.2000
vt 111.1804 2.7500
vt 111.1804 3.2000
vt 111.3019 2.7500
vt 111.3019 3.2000
vt 111.5111 2.2500
vt 111.5111 8.2500
vt 111.5152 2.2500
vt 111.5152 8.2500
vt 111.5806 2.2500
vt 111.5806 8.2500
vt 111.7283 3.7500
vt 111.7283 3.9500
vt 111.7283 5.2500
vt 111.7283 5.4500
vt 111.7283 6.7500
vt 111.7283 6.9500
vt 111.7544 3.7500
vt 111.7544 3.9500
vt 111.7544 5.2500
vt 111.7544 5.4500
vt 111.7544 6.7500
vt 111.7544 6.9500
vt 111.7914 2.7500
vt 111.7914 3.2000
vt 111.8195 2.2500
vt 111.8195 8.2500
vt 111.9129 2.7500
vt 111.9129 3.2000
vt 111.9328 2.7500
vt 111.9328 3.2000
vt 112.0544 2.7500
vt 112.0544 3.2000
vt 112.1238 2.3100
vt 112.1238 2.3850
vt 112.1632 2.3100
vt 112.1632 2.3850
vt 112.2134 2.2500
vt 112.2134 8.2500
vt 112.3905 2.3100
vt 112.3905 2.3850
vt 112.4058 2.3100
vt 112.4058 2.3850
vt 112.4299 2.3100
vt 112.4299 2.3850
vt 112.4452 2.3100
vt 112.4452 2.3850
vt 112.4949 2.3500
vt 112.4949 2.7500
vt 112.6853 2.7500
vt 112.6853 3.2000
vt 112.7342 2.3100
vt 112.7342 2.3850
vt 112.7735 2.3100
vt 112.7735 2.3850
vt 112.8069 2.7500
vt 112.8069 3.2000
vt 112.9873 2.3500
vt 112.9873 2.7500
vt 113.3516 2.2500
vt 113.3516 8.2500
vt 113.4210 2.2500
vt 113.4210 8.2500
vt 113.4378 2.7500
vt 113.4378 3.2000
vt 113.4732 3.7500
vt 113.4732 3.9500
vt 113.4732 5.2500
vt 113.4732 5.4500
vt 113.4732 6.7500
vt 113.4732 6.9500
vt 113.4993 3.7500
vt 113.4993 3.9500
vt 113.4993 5.2500
vt 113.4993 5.4500
vt 113.4993 6.7500
vt 113.4993 6.9500
vt 113.5593 2.7500
vt 113.5593 3.2000
vt 114.1903 2.7500
vt 114.1903 3.2000
vt 114.3118 2.7500
vt 114.3118 3.2000
vt 114.3601 2.3100
vt 114.3601 2.3850
vt 114.3754 2.3100
vt 114.3754 2.3850
vt 114.3995 2.3100
vt 114.3995 2.3850
vt 114.4148 2.3100
vt 114.4148 2.3850
vt 114.5630 2.3500
vt 114.5630 2.7500
vt 114.7038 2.3100
vt 114.7038 2.3850
vt 114.7432 2.3100
vt 114.7432 2.3850
vt 114.7697 2.3100
vt 114.7697 2.3850
vt 114.8091 2.3100
vt 114.8091 2.3850
vt 114.9427 2.7500
vt 114.9427 3.2000
vt 114.9705 2.3100
vt 114.9705 2.3850
vt 115.0099 2.3100
vt 115.0099 2.3850
vt 115.0456 2.3100
vt 115.0456 2.3850
vt 115.0554 2.3500
vt 115.0554 2.7500
vt 115.0643 2.7500
vt 115.0643 3.2000
vt 115.0850 2.3100
vt 115.0850 2.3850
vt 115.4448 1.6000
vt 115.4448 2.2750
vt 115.6762 2.7500
vt 115.6762 3.2000
vt 115.6851 2.3500
vt 115.6851 2.7500
vt 115.7977 2.7500
vt 115.7977 3.2000
vt 116.1107 14.9224
vt 116.1312 14.9224
vt 116.1329 14.9776
vt 116.1534 14.9776
vt 116.1775 2.3500
vt 116.1775 2.7500
vt 116.4287 2.7500
vt 116.4287 3.2000
vt 116.5502 2.7500
vt 116.5502 3.2000
vt 116.7393 2.3100
vt 116.7393 2.3850
vt 116.7787 2.3100
vt 116.7787 2.3850
vt 116.8171 14.9224
vt 116.8251 14.9776
vt 116.8734 14.9224
vt 116.8815 14.9776
vt 116.9401 2.3100
vt 116.9401 2.3850
vt 116.9795 2.3100
vt 116.9795 2.3850
vt 117.0122 13.7500
vt 117.0122 14.5000
vt 117.0152 2.3100
vt 117.0152 2.3850
vt 117.0546 2.3100
vt 117.0546 2.3850
vt 117.0974 14.4724
vt 117.1179 14.4724
vt 117.1196 14.5276
vt 117.1401 14.5276
vt 117.1762 14.4724
vt 117.1811 2.7500
vt 117.1811 3.2000
vt 117.1843 14.5276
vt 117.2326 14.4724
vt 117.2406 14.5276
vt 117.2597 13.7500
vt 117.2597 14.5000
vt 117.2788 14.5276
vt 117.2869 14.4724
vt 117.3027 2.7500
vt 117.3027 3.2000
vt 117.3352 14.5276
vt 117.3432 14.4724
vt 117.3793 14.5276
vt 117.3998 14.5276
vt 117.4015 14.4724
vt 117.4096 2.3100
vt 117.4096 2.3850
vt 117.4220 14.4724
vt 117.4489 2.3100
vt 117.4489 2.3850
vt 117.5072 13.7500
vt 117.5072 14.5000
vt 117.6379 14.9776
vt 117.6460 14.9224
vt 117.6943 14.9776
vt 117.7024 14.9224
vt 117.7532 2.3500
vt 117.7532 2.7500
vt 117.8464 3.7500
vt 117.8464 3.9500
vt 117.8464 5.2500
vt 117.8464 5.4500
vt 117.8464 6.7500
vt 117.8464 6.9500
vt 117.8725 3.7500
vt 117.8725 3.9500
vt 117.8725 5.2500
vt 117.8725 5.4500
vt 117.8725 6.7500
vt 117.8725 6.9500
vt 117.9247 2.2500
vt 117.9247 8.2500
vt 117.9336 2.7500
vt 117.9336 3.2000
vt 117.9941 2.2500
vt 117.9941 8.2500
vt 118.0552 2.7500
vt 118.0552 3.2000
vt 118.2456 2.3500
vt 118.2456 2.7500
vt 118.3404 2.3100
vt 118.3404 2.3850
vt 118.3660 14.9776
vt 118.3798 2.3100
vt 118.3798 2.3850
vt 118.3865 14.9776
vt 118.3882 14.9224
vt 118.4087 14.9224
vt 118.5290 2.6750
vt 118.5290 3.1500
vt 118.5379 2.2750
vt 118.5379 2.6750
vt 118.6506 2.6750
vt 118.6506 3.1500
vt 118.6861 2.7500
vt 118.6861 3.2000
vt 118.8076 2.7500
vt 118.8076 3.2000
vt 118.8276 2.7500
vt 118.8276 3.2000
vt 118.9491 2.7500
vt 118.9491 3.2000
vt 119.0303 2.2750
vt 119.0303 2.6750
vt 119.1422 2.2500
vt 119.1422 2.6500
vt 119.2391 2.2500
vt 119.2391 8.2500
vt 119.2659 2.2500
vt 119.2659 2.6500
vt 119.2815 2.6750
vt 119.2815 3.1500
vt 119.3792 2.3100
vt 119.3792 2.3850
vt 119.3897 2.2500
vt 119.3897 2.6500
vt 119.4030 2.6750
vt 119.4030 3.1500
vt 119.4186 2.3100
vt 119.4186 2.3850
vt 119.4386 2.7500
vt 119.4386 3.2000
vt 119.5601 2.7500
vt 119.5601 3.2000
vt 119.5800 2.7500
vt 119.5800 3.2000
vt 119.6330 2.2500
vt 119.6330 8.2500
vt 119.7016 2.7500
vt 119.7016 3.2000
vt 119.8306 2.2500
vt 119.8306 8.2500
vt 120.0340 2.6750
vt 120.0340 3.1500
vt 120.1555 2.6750
vt 120.1555 3.1500
vt 120.1910 2.7500
vt 120.1910 3.2000
vt 120.2245 2.2500
vt 120.2245 8.2500
vt 120.3100 2.3100
vt 120.3100 2.3850
vt 120.3126 2.7500
vt 120.3126 3.2000
vt 120.3325 2.7500
vt 120.3325 3.2000
vt 120.3494 2.3100
vt 120.3494 2.3850
vt 120.4541 2.7500
vt 120.4541 3.2000
vt 120.5767 2.3100
vt 120.5767 2.3850
vt 120.6060 2.2750
vt 120.6060 2.6750
vt 120.6161 2.3100
vt 120.6161 2.3850
vt 120.7864 2.6750
vt 120.7864 3.1500
vt 120.8019 3.7500
vt 120.8019 3.9500
vt 120.8019 5.2500
vt 120.8019 5.4500
vt 120.8019 6.7500
vt 120.8019 6.9500
vt 120.8279 3.7500
vt 120.8279 3.9500
vt 120.8279 5.2500
vt 120.8279 5.4500
vt 120.8279 6.7500
vt 120.8279 6.9500
vt 120.8945 2.3500
vt 120.8945 2.7500
vt 120.9080 2.6750
vt 120.9080 3.1500
vt 120.9204 2.3100
vt 120.9204 2.3850
vt 120.9598 2.3100
vt 120.9598 2.3850
vt 120.9756 2.2500
vt 120.9756 8.2500
vt 121.0451 2.2500
vt 121.0451 8.2500
vt 121.0850 2.7500
vt 121.0850 3.2000
vt 121.0984 2.2750
vt 121.0984 2.6750
vt 121.2065 2.7500
vt 121.2065 3.2000
vt 121.3870 2.3500
vt 121.3870 2.7500
vt 121.5225 1.6000
vt 121.5225 2.2750
vt 121.5389 2.6750
vt 121.5389 3.1500
vt 121.6605 2.6750
vt 121.6605 3.1500
vt 121.6804 2.6750
vt 121.6804 3.1500
vt 121.8019 2.6750
vt 121.8019 3.1500
vt 121.8025 2.3100
vt 121.8025 2.3850
vt 121.8375 2.7500
vt 121.8375 3.2000
vt 121.8419 2.3100
vt 121.8419 2.3850
vt 121.9590 2.7500
vt 121.9590 3.2000
vt 122.2914 2.6750
vt 122.2914 3.1500
vt 122.4129 2.6750
vt 122.4129 3.1500
vt 122.4329 2.6750
vt 122.4329 3.1500
vt 122.5463 2.3100
vt 122.5463 2.3850
vt 122.5544 2.6750
vt 122.5544 3.1500
vt 122.5857 2.3100
vt 122.5857 2.3850
vt 122.5899 2.7500
vt 122.5899 3.2000
vt 122.7115 2.7500
vt 122.7115 3.2000
vt 122.7483 2.2500
vt 122.7483 8.2500
vt 122.8177 2.2500
vt 122.8177 8.2500
vt 122.8700 3.7500
vt 122.8700 3.9500
vt 122.8700 5.2500
vt 122.8700 5.4500
vt 122.8700 6.7500
vt 122.8700 6.9500
vt 122.8900 2.3100
vt 122.8900 2.3850
vt 122.8960 3.7500
vt 122.8960 3.9500
vt 122.8960 5.2500
vt 122.8960 5.4500
vt 122.8960 6.7500
vt 122.8960 6.9500
vt 122.9294 2.3100
vt 122.9294 2.3850
vt 122.9626 2.3500
vt 122.9626 2.7500
vt 123.0439 2.6750
vt 123.0439 3.1500
vt 123.1567 2.3100
vt 123.1567 2.3850
vt 123.1654 2.6750
vt 123.1654 3.1500
vt 123.1853 2.6750
vt 123.1853 3.1500
vt 123.1961 2.3100
vt 123.1961 2.3850
vt 123.3069 2.6750
vt 123.3069 3.1500
vt 123.3233 1.6000
vt 123.3233 2.2750
vt 123.3424 2.7500
vt 123.3424 3.2000
vt 123.4550 2.3500
vt 123.4550 2.7500
vt 123.4640 2.7500
vt 123.4640 3.2000
vt 123.7474 2.2750
vt 123.7474 2.6750
vt 123.7721 2.3100
vt 123.7721 2.3850
vt 123.8115 2.3100
vt 123.8115 2.3850
vt 123.9378 2.6750
vt 123.9378 3.1500
vt 124.0594 2.6750
vt 124.0594 3.1500
vt 124.1664 2.3100
vt 124.1664 2.3850
vt 124.2058 2.3100
vt 124.2058 2.3850
vt 124.2398 2.2750
vt 124.2398 2.6750
vt 124.4423 2.3100
vt 124.4423 2.3850
vt 124.4817 2.3100
vt 124.4817 2.3850
vt 124.6903 2.6750
vt 124.6903 3.1500
vt 124.8118 2.6750
vt 124.8118 3.1500
vt 125.0617 2.2500
vt 125.0617 8.2500
vt 125.1263 2.3100
vt 125.1263 2.3850
vt 125.1657 2.3100
vt 125.1657 2.3850
vt 125.4428 2.6750
vt 125.4428 3.1500
vt 125.4557 2.2500
vt 125.4557 8.2500
vt 125.5643 2.6750
vt 125.5643 3.1500
vt 125.6532 2.2500
vt 125.6532 8.2500
vt 125.8155 2.2750
vt 125.8155 2.6750
vt 126.0472 2.2500
vt 126.0472 8.2500
vt 126.1360 2.3100
vt 126.1360 2.3850
vt 126.1754 2.3100
vt 126.1754 2.3850
vt 126.1952 2.6750
vt 126.1952 3.1500
vt 126.3079 2.2750
vt 126.3079 2.6750
vt 126.3168 2.6750
vt 126.3168 3.1500
vt 126.4119 2.3100
vt 126.4119 2.3850
vt 126.4513 2.3100
vt 126.4513 2.3850
vt 126.5266 2.3100
vt 126.5266 2.3850
vt 126.5660 2.3100
vt 126.5660 2.3850
vt 126.8063 2.3100
vt 126.8063 2.3850
vt 126.8457 2.3100
vt 126.8457 2.3850
vt 127.8836 2.2500
vt 127.8836 8.2500
vt 127.9530 2.2500
vt 127.9530 8.2500
vt 128.0055 2.2500
vt 128.0055 2.6500
vt 128.1007 3.7500
vt 128.1007 3.9500
vt 128.1007 5.2500
vt 128.1007 5.4500
vt 128.1007 6.7500
vt 128.1007 6.9500
vt 128.1268 3.7500
vt 128.1268 3.9500
vt 128.1268 5.2500
vt 128.1268 5.4500
vt 128.1268 6.7500
vt 128.1268 6.9500
vt 128.1292 2.2500
vt 128.1292 2.6500
vt 128.2529 2.2500
vt 128.2529 2.6500
vt 128.4962 2.3100
vt 128.4962 2.3850
vt 128.5356 2.3100
vt 128.5356 2.3850
vt 128.7629 2.3100
vt 128.7629 2.3850
vt 128.7759 2.3100
vt 128.7759 2.3850
vt 128.8023 2.3100
vt 128.8023 2.3850
vt 128.8153 2.3100
vt 128.8153 2.3850
vt 129.1066 2.3100
vt 129.1066 2.3850
vt 129.1460 2.3100
vt 129.1460 2.3850
vt 129.4010 1.6000
vt 129.4010 2.2750
vt 130.1986 3.7500
vt 130.1986 3.9500
vt 130.1986 5.2500
vt 130.1986 5.4500
vt 130.1986 6.7500
vt 130.1986 6.9500
vt 130.2246 3.7500
vt 130.2246 3.9500
vt 130.2246 5.2500
vt 130.2246 5.4500
vt 130.2246 6.7500
vt 130.2246 6.9500
vt 130.3723 2.2500
vt 130.3723 8.2500
vt 130.4418 2.2500
vt 130.4418 8.2500
vt 130.7326 2.3100
vt 130.7326 2.3850
vt 130.7720 2.3100
vt 130.7720 2.3850
vt 131.0762 2.3100
vt 131.0762 2.3850
vt 131.1156 2.3100
vt 131.1156 2.3850
vt 131.1992 2.3100
vt 131.1992 2.3850
vt 131.2386 2.3100
vt 131.2386 2.3850
vt 131.3429 2.3100
vt 131.3429 2.3850
vt 131.3823 2.3100
vt 131.3823 2.3850
vt 132.0486 2.7500
vt 132.0486 3.2000
vt 132.0575 2.3500
vt 132.0575 2.7500
vt 132.1702 2.7500
vt 132.1702 3.2000
vt 132.2782 2.2500
vt 132.2782 8.2500
vt 132.5499 2.3500
vt 132.5499 2.7500
vt 132.5517 14.9224
vt 132.5722 14.9224
vt 132.5739 14.9776
vt 132.5945 14.9776
vt 132.6721 2.2500
vt 132.6721 8.2500
vt 132.8011 2.7500
vt 132.8011 3.2000
vt 132.9226 2.7500
vt 132.9226 3.2000
vt 132.9764 2.2500
vt 132.9764 8.2500
vt 133.1688 2.3100
vt 133.1688 2.3850
vt 133.2082 2.3100
vt 133.2082 2.3850
vt 133.2581 14.9224
vt 133.2661 14.9776
vt 133.3125 2.3100
vt 133.3125 2.3850
vt 133.3144 14.9224
vt 133.3225 14.9776
vt 133.3519 2.3100
vt 133.3519 2.3850
vt 133.3703 2.2500
vt 133.3703 8.2500
vt 133.4532 13.7500
vt 133.4532 14.5000
vt 133.5384 14.4724
vt 133.5536 2.7500
vt 133.5536 3.2000
vt 133.5589 14.4724
vt 133.5606 14.5276
vt 133.5631 2.3100
vt 133.5631 2.3850
vt 133.5811 14.5276
vt 133.6025 2.3100
vt 133.6025 2.3850
vt 133.6172 14.4724
vt 133.6253 14.5276
vt 133.6736 14.4724
vt 133.6751 2.7500
vt 133.6751 3.2000
vt 133.6817 14.5276
vt 133.7007 13.7500
vt 133.7007 14.5000
vt 133.7198 14.5276
vt 133.7279 14.4724
vt 133.7762 14.5276
vt 133.7843 14.4724
vt 133.8203 14.5276
vt 133.8390 2.3100
vt 133.8390 2.3850
vt 133.8408 14.5276
vt 133.8425 14.4724
vt 133.8630 14.4724
vt 133.8784 2.3100
vt 133.8784 2.3850
vt 133.9482 13.7500
vt 133.9482 14.5000
vt 134.0789 14.9776
vt 134.0870 14.9224
vt 134.1256 2.3500
vt 134.1256 2.7500
vt 134.1353 14.9776
vt 134.1434 14.9224
vt 134.2189 3.7500
vt 134.2189 3.9500
vt 134.2189 5.2500
vt 134.2189 5.4500
vt 134.2189 6.7500
vt 134.2189 6.9500
vt 134.2449 3.7500
vt 134.2449 3.9500
vt 134.2449 5.2500
vt 134.2449 5.4500
vt 134.2449 6.7500
vt 134.2449 6.9500
vt 134.2971 2.2500
vt 134.2971 8.2500
vt 134.3060 2.7500
vt 134.3060 3.2000
vt 134.3666 2.2500
vt 134.3666 8.2500
vt 134.4276 2.7500
vt 134.4276 3.2000
vt 134.6180 2.3500
vt 134.6180 2.7500
vt 134.7128 2.3100
vt 134.7128 2.3850
vt 134.7522 2.3100
vt 134.7522 2.3850
vt 134.8070 14.9776
vt 134.8275 14.9776
vt 134.8292 14.9224
vt 134.8497 14.9224
vt 135.0585 2.7500
vt 135.0585 3.2000
vt 135.1801 2.7500
vt 135.1801 3.2000
vt 135.2000 2.7500
vt 135.2000 3.2000
vt 135.3215 2.7500
vt 135.3215 3.2000
vt 135.4666 2.7500
vt 135.4666 3.2000
vt 135.4755 2.3500
vt 135.4755 2.7500
vt 135.5328 2.3100
vt 135.5328 2.3850
vt 135.5721 2.3100
vt 135.5721 2.3850
vt 135.5882 2.7500
vt 135.5882 3.2000
vt 135.6115 2.2500
vt 135.6115 8.2500
vt 135.8086 2.3100
vt 135.8086 2.3850
vt 135.8110 2.7500
vt 135.8110 3.2000
vt 135.8480 2.3100
vt 135.8480 2.3850
vt 135.9325 2.7500
vt 135.9325 3.2000
vt 135.9525 2.7500
vt 135.9525 3.2000
vt 135.9679 2.3500
vt 135.9679 2.7500
vt 136.0054 2.2500
vt 136.0054 8.2500
vt 136.0740 2.7500
vt 136.0740 3.2000
vt 136.2030 2.2500
vt 136.2030 2.3100
vt 136.2030 2.3850
vt 136.2030 8.2500
vt 136.2191 2.7500
vt 136.2191 3.2000
vt 136.2424 2.3100
vt 136.2424 2.3850
vt 136.3407 2.7500
vt 136.3407 3.2000
vt 136.5635 2.7500
vt 136.5635 3.2000
vt 136.5969 2.2500
vt 136.5969 8.2500
vt 136.6824 2.3100
vt 136.6824 2.3850
vt 136.6850 2.7500
vt 136.6850 3.2000
vt 136.7049 2.7500
vt 136.7049 3.2000
vt 136.7218 2.3100
vt 136.7218 2.3850
vt 136.8265 2.7500
vt 136.8265 3.2000
vt 136.8687 2.2500
vt 136.8687 2.6500
vt 136.9492 2.3100
vt 136.9492 2.3850
vt 136.9716 2.7500
vt 136.9716 3.2000
vt 136.9886 2.3100
vt 136.9886 2.3850
vt 136.9925 2.2500
vt 136.9925 2.6500
vt 137.0931 2.7500
vt 137.0931 3.2000
vt 137.1162 2.2500
vt 137.1162 2.6500
vt 137.2670 2.3500
vt 137.2670 2.7500
vt 137.2928 2.3100
vt 137.2928 2.3850
vt 137.3322 2.3100
vt 137.3322 2.3850
vt 137.4574 2.7500
vt 137.4574 3.2000
vt 137.5436 2.3500
vt 137.5436 2.7500
vt 137.5790 2.7500
vt 137.5790 3.2000
vt 137.7240 2.7500
vt 137.7240 3.2000
vt 137.7594 2.3500
vt 137.7594 2.7500
vt 137.8456 2.7500
vt 137.8456 3.2000
vt 138.0360 2.3500
vt 138.0360 2.7500
vt 138.1726 2.3100
vt 138.1726 2.3850
vt 138.2099 2.7500
vt 138.2099 3.2000
vt 138.2120 2.3100
vt 138.2120 2.3850
vt 138.3314 2.7500
vt 138.3314 3.2000
vt 138.4765 2.7500
vt 138.4765 3.2000
vt 138.5981 2.7500
vt 138.5981 3.2000
vt 138.6180 2.7500
vt 138.6180 3.2000
vt 138.7396 2.7500
vt 138.7396 3.2000
vt 138.9188 2.3100
vt 138.9188 2.3850
vt 138.9582 2.3100
vt 138.9582 2.3850
vt 138.9624 2.7500
vt 138.9624 3.2000
vt 139.0839 2.7500
vt 139.0839 3.2000
vt 139.2290 2.7500
vt 139.2290 3.2000
vt 139.2624 2.3100
vt 139.2624 2.3850
vt 139.3018 2.3100
vt 139.3018 2.3850
vt 139.3114 2.2500
vt 139.3114 8.2500
vt 139.3351 2.3500
vt 139.3351 2.7500
vt 139.3506 2.7500
vt 139.3506 3.2000
vt 139.3705 2.7500
vt 139.3705 3.2000
vt 139.4920 2.7500
vt 139.4920 3.2000
vt 139.5291 2.3100
vt 139.5291 2.3850
vt 139.5685 2.3100
vt 139.5685 2.3850
vt 139.7053 2.2500
vt 139.7053 8.2500
vt 139.7148 2.7500
vt 139.7148 3.2000
vt 139.8275 2.3500
vt 139.8275 2.7500
vt 139.8364 2.7500
vt 139.8364 3.2000
vt 139.9815 2.7500
vt 139.9815 3.2000
vt 140.0096 2.2500
vt 140.0096 8.2500
vt 140.1030 2.7500
vt 140.1030 3.2000
vt 140.1230 2.7500
vt 140.1230 3.2000
vt 140.2445 2.7500
vt 140.2445 3.2000
vt 140.4035 2.2500
vt 140.4035 8.2500
vt 140.5959 2.3100
vt 140.5959 2.3850
vt 140.6353 2.3100
vt 140.6353 2.3850
vt 140.6850 2.3500
vt 140.6850 2.7500
vt 140.8754 2.7500
vt 140.8754 3.2000
vt 140.9970 2.7500
vt 140.9970 3.2000
vt 141.1774 2.3500
vt 141.1774 2.7500
vt 141.4342 2.2500
vt 141.4342 8.2500
vt 141.4987 2.3100
vt 141.4987 2.3850
vt 141.5381 2.3100
vt 141.5381 2.3850
vt 141.5417 2.2500
vt 141.5417 8.2500
vt 141.6112 2.2500
vt 141.6112 8.2500
vt 141.6279 2.7500
vt 141.6279 3.2000
vt 141.6634 3.7500
vt 141.6634 3.9500
vt 141.6634 5.2500
vt 141.6634 5.4500
vt 141.6634 6.7500
vt 141.6634 6.9500
vt 141.6894 3.7500
vt 141.6894 3.9500
vt 141.6894 5.2500
vt 141.6894 5.4500
vt 141.6894 6.7500
vt 141.6894 6.9500
vt 141.7495 2.7500
vt 141.7495 3.2000
vt 141.8281 2.2500
vt 141.8281 8.2500
vt 142.0257 2.2500
vt 142.0257 8.2500
vt 142.3804 2.7500
vt 142.3804 3.2000
vt 142.4196 2.2500
vt 142.4196 8.2500
vt 142.5019 2.7500
vt 142.5019 3.2000
vt 142.5655 2.3100
vt 142.5655 2.3850
vt 142.6049 2.3100
vt 142.6049 2.3850
vt 142.7531 2.3500
vt 142.7531 2.7500
vt 142.9598 2.3100
vt 142.9598 2.3850
vt 142.9992 2.3100
vt 142.9992 2.3850
vt 143.1329 2.7500
vt 143.1329 3.2000
vt 143.2357 2.3100
vt 143.2357 2.3850
vt 143.2455 2.3500
vt 143.2455 2.7500
vt 143.2544 2.7500
vt 143.2544 3.2000
vt 143.2751 2.3100
vt 143.2751 2.3850
vt 144.2560 2.2500
vt 144.2560 8.2500
vt 144.3254 2.2500
vt 144.3254 8.2500
vt 144.4732 3.7500
vt 144.4732 3.9500
vt 144.4732 5.2500
vt 144.4732 5.4500
vt 144.4732 6.7500
vt 144.4732 6.9500
vt 144.4992 3.7500
vt 144.4992 3.9500
vt 144.4992 5.2500
vt 144.4992 5.4500
vt 144.4992 6.7500
vt 144.4992 6.9500
vt 144.9295 2.3100
vt 144.9295 2.3850
vt 144.9689 2.3100
vt 144.9689 2.3850
vt 145.2053 2.3100
vt 145.2053 2.3850
vt 145.2447 2.3100
vt 145.2447 2.3850
vt 145.4790 2.3100
vt 145.4790 2.3850
vt 145.5184 2.3100
vt 145.5184 2.3850
vt 145.5997 2.3100
vt 145.5997 2.3850
vt 145.6391 2.3100
vt 145.6391 2.3850
vt 145.7320 2.2500
vt 145.7320 2.6500
vt 145.8557 2.2500
vt 145.8557 2.6500
vt 145.9795 2.2500
vt 145.9795 2.6500
vt 147.4486 2.3100
vt 147.4486 2.3850
vt 147.4880 2.3100
vt 147.4880 2.3850
vt 147.5693 2.3100
vt 147.5693 2.3850
vt 147.6087 2.3100
vt 147.6087 2.3850
vt 147.7153 2.3100
vt 147.7153 2.3850
vt 147.7547 2.3100
vt 147.7547 2.3850
vt 148.9920 3.7500
vt 148.9920 3.9500
vt 148.9920 5.2500
vt 148.9920 5.4500
vt 148.9920 6.7500
vt 148.9920 6.9500
vt 149.0180 3.7500
vt 149.0180 3.9500
vt 149.0180 5.2500
vt 149.0180 5.4500
vt 149.0180 6.7500
vt 149.0180 6.9500
vt 149.1657 2.2500
vt 149.1657 8.2500
vt 149.2352 2.2500
vt 149.2352 8.2500
vt 149.6850 2.3100
vt 149.6850 2.3850
vt 149.7244 2.3100
vt 149.7244 2.3850
vt 149.9926 2.3100
vt 149.9926 2.3850
vt 150.0320 2.3100
vt 150.0320 2.3850
vt 150.5913 3.7500
vt 150.5913 3.9500
vt 150.5913 5.2500
vt 150.5913 5.4500
vt 150.5913 6.7500
vt 150.5913 6.9500
vt 150.6173 3.7500
vt 150.6173 3.9500
vt 150.6173 5.2500
vt 150.6173 5.4500
vt 150.6173 6.7500
vt 150.6173 6.9500
vt 150.6695 2.2500
vt 150.6695 8.2500
vt 150.7390 2.2500
vt 150.7390 8.2500
vt 150.9384 2.2500
vt 150.9384 8.2500
vt 151.0079 2.2500
vt 151.0079 8.2500
vt 151.0601 3.7500
vt 151.0601 3.9500
vt 151.0601 5.2500
vt 151.0601 5.4500
vt 151.0601 6.7500
vt 151.0601 6.9500
vt 151.0861 3.7500
vt 151.0861 3.9500
vt 151.0861 5.2500
vt 151.0861 5.4500
vt 151.0861 6.7500
vt 151.0861 6.9500
vt 151.3497 14.9224
vt 151.3703 14.9224
vt 151.3720 14.9776
vt 151.3925 14.9776
vt 151.9622 2.3100
vt 151.9622 2.3850
vt 152.0016 2.3100
vt 152.0016 2.3850
vt 152.0561 14.9224
vt 152.0642 14.9776
vt 152.1125 14.9224
vt 152.1205 14.9776
vt 152.2512 13.7500
vt 152.2512 14.5000
vt 152.3364 14.4724
vt 152.3565 2.3100
vt 152.3565 2.3850
vt 152.3569 14.4724
vt 152.3586 14.5276
vt 152.3791 14.5276
vt 152.3959 2.3100
vt 152.3959 2.3850
vt 152.4152 14.4724
vt 152.4233 14.5276
vt 152.4716 14.4724
vt 152.4797 14.5276
vt 152.4987 13.7500
vt 152.4987 14.5000
vt 152.5178 14.5276
vt 152.5259 14.4724
vt 152.5742 14.5276
vt 152.5823 14.4724
vt 152.6183 14.5276
vt 152.6324 2.3100
vt 152.6324 2.3850
vt 152.6388 14.5276
vt 152.6405 14.4724
vt 152.6611 14.4724
vt 152.6718 2.3100
vt 152.6718 2.3850
vt 152.7462 13.7500
vt 152.7462 14.5000
vt 152.8769 14.9776
vt 152.8850 14.9224
vt 152.9333 14.9776
vt 152.9414 14.9224
vt 153.6050 14.9776
vt 153.6255 14.9776
vt 153.6272 14.9224
vt 153.6477 14.9224
vt 154.3262 2.3100
vt 154.3262 2.3850
vt 154.3656 2.3100
vt 154.3656 2.3850
vt 154.5953 2.2500
vt 154.5953 2.6500
vt 154.6020 2.3100
vt 154.6020 2.3850
vt 154.6414 2.3100
vt 154.6414 2.3850
vt 154.7190 2.2500
vt 154.7190 2.6500
vt 154.8427 2.2500
vt 154.8427 2.6500
vt 154.9964 2.3100
vt 154.9964 2.3850
vt 155.0358 2.3100
vt 155.0358 2.3850
vt 156.9660 2.3100
vt 156.9660 2.3850
vt 157.0054 2.3100
vt 157.0054 2.3850
vt 157.8061 1.5000
vt 157.8061 1.5750
vt 157.8130 1.5000
vt 157.8130 1.5750
vt 158.0232 1.5000
vt 158.0232 1.5750
vt 158.0301 1.5000
vt 158.0301 1.5750
vt 158.3887 3.7500
vt 158.3887 3.9500
vt 158.3887 5.2500
vt 158.3887 5.4500
vt 158.3887 6.7500
vt 158.3887 6.9500
vt 158.4147 3.7500
vt 158.4147 3.9500
vt 158.4147 5.2500
vt 158.4147 5.4500
vt 158.4147 6.7500
vt 158.4147 6.9500
vt 158.5625 2.2500
vt 158.5625 8.2500
vt 158.6319 2.2500
vt 158.6319 8.2500
vt 159.0911 1.5000
vt 159.0911 1.5750
vt 159.0980 1.5000
vt 159.0980 1.5750
vt 159.3081 1.5000
vt 159.3081 1.5750
vt 159.3151 1.5000
vt 159.3151 1.5750
vt 159.3893 2.3100
vt 159.3893 2.3850
vt 159.4287 2.3100
vt 159.4287 2.3850
vt 160.3761 1.5000
vt 160.3761 1.5750
vt 160.3830 1.5000
vt 160.3830 1.5750
vt 160.5931 1.5000
vt 160.5931 1.5750
vt 160.6001 1.5000
vt 160.6001 1.5750
vt 160.6390 9.2500
vt 160.6390 11.2500
vt 161.0459 9.0750
vt 161.0459 9.4250
vt 161.0683 2.2500
vt 161.0683 9.2500
vt 161.0730 14.0551
vt 161.0886 14.4449
vt 161.3589 2.3100
vt 161.3589 2.3850
vt 161.3683 2.2500
vt 161.3683 9.2500
vt 161.3906 9.0750
vt 161.3906 9.4250
vt 161.3983 2.3100
vt 161.3983 2.3850
vt 161.4669 14.0551
vt 161.4825 14.4449
vt 161.5073 9.2500
vt 161.5073 11.2500
vt 161.6611 1.5000
vt 161.6611 1.5750
vt 161.6680 1.5000
vt 161.6680 1.5750
vt 161.7405 9.0750
vt 161.7405 9.4250
vt 161.7628 2.2500
vt 161.7628 9.2500
vt 161.8781 1.5000
vt 161.8781 1.5750
vt 161.8851 1.5000
vt 161.8851 1.5750
vt 162.0291 2.3100
vt 162.0291 2.3850
vt 162.0628 2.2500
vt 162.0628 9.2500
vt 162.0685 2.3100
vt 162.0685 2.3850
vt 162.0852 9.0750
vt 162.0852 9.4250
vt 163.3304 11.0551
vt 163.3460 11.4449
vt 163.4585 2.2500
vt 163.4585 2.6500
vt 163.5823 2.2500
vt 163.5823 2.6500
vt 163.7060 2.2500
vt 163.7060 2.6500
vt 163.7243 11.0551
vt 163.7399 11.4449
vt 163.9311 11.2500
vt 163.9311 13.7500
vt 163.9987 2.3100
vt 163.9987 2.3850
vt 164.0381 2.3100
vt 164.0381 2.3850
vt 164.1811 11.2500
vt 164.1811 13.7500
vt 164.9851 9.0750
vt 164.9851 9.4250
vt 165.0075 2.2500
vt 165.0075 9.2500
vt 165.3075 2.2500
vt 165.3075 9.2500
vt 165.3298 9.0750
vt 165.3298 9.4250
vt 165.5631 9.2500
vt 165.5631 11.2500
vt 165.6797 9.0750
vt 165.6797 9.4250
vt 165.7021 2.2500
vt 165.7021 9.2500
vt 166.0021 2.2500
vt 166.0021 9.2500
vt 166.0244 9.0750
vt 166.0244 9.4250
vt 166.4313 9.2500
vt 166.4313 11.2500
vt 172.3218 2.2500
vt 172.3218 2.6500
vt 172.4455 2.2500
vt 172.4455 2.6500
vt 172.5693 2.2500
vt 172.5693 2.6500
vt 173.3954 2.3100
vt 173.3954 2.3850
vt 173.4348 2.3100
vt 173.4348 2.3850
vt 174.1020 2.3100
vt 174.1020 2.3850
vt 174.1414 2.3100
vt 174.1414 2.3850
vt 175.7458 2.1500
vt 175.7458 3.7500
vt 175.7502 4.5638
vt 175.7632 5.3745
vt 175.7847 6.1791
vt 175.8149 6.9746
vt 175.8534 7.7580
vt 175.9001 8.5263
vt 175.9550 9.2766
vt 176.0177 10.0062
vt 176.0413 2.1500
vt 176.0413 3.7500
vt 176.0456 4.5638
vt 176.0586 5.3745
vt 176.0802 6.1791
vt 176.0881 10.7123
vt 176.1103 6.9746
vt 176.1488 7.7580
vt 176.1659 11.3922
vt 176.1956 8.5263
vt 176.2504 9.2766
vt 176.2508 12.0434
vt 176.3132 10.0062
vt 176.3414 2.3100
vt 176.3414 2.3850
vt 176.3424 12.6635
vt 176.3808 2.3100
vt 176.3808 2.3850
vt 176.3836 10.7123
vt 176.4282 2.3100
vt 176.4282 2.3850
vt 176.4404 13.2500
vt 176.4613 11.3922
vt 176.4676 2.3100
vt 176.4676 2.3850
vt 176.5385 12.6635
vt 176.5462 12.0434
vt 176.6301 12.0434
vt 176.6378 12.6635
vt 176.7150 11.3922
vt 176.7359 13.2500
vt 176.7927 10.7123
vt 176.8339 12.6635
vt 176.8631 10.0062
vt 176.9256 12.0434
vt 176.9259 9.2766
vt 176.9807 8.5263
vt 177.0104 11.3922
vt 177.0275 7.7580
vt 177.0480 2.3100
vt 177.0480 2.3850
vt 177.0660 6.9746
vt 177.0874 2.3100
vt 177.0874 2.3850
vt 177.0882 10.7123
vt 177.0961 6.1791
vt 177.1177 5.3745
vt 177.1307 4.5638
vt 177.1348 2.3100
vt 177.1348 2.3850
vt 177.1350 2.1500
vt 177.1350 3.7500
vt 177.1586 10.0062
vt 177.1742 2.3100
vt 177.1742 2.3850
vt 177.2213 9.2766
vt 177.2762 8.5263
vt 177.3230 7.7580
vt 177.3615 6.9746
vt 177.3916 6.1791
vt 177.4132 5.3745
vt 177.4261 4.5638
vt 177.4305 2.1500
vt 177.4305 3.7500
vt 181.1851 2.2500
vt 181.1851 2.6500
vt 181.3088 2.2500
vt 181.3088 2.6500
vt 181.4326 2.2500
vt 181.4326 2.6500
vt 182.8267 1.6000
vt 182.8267 2.2600
vt 184.9148 1.6000
vt 184.9148 2.2600
vt 187.2562 1.6000
vt 187.2562 2.2600
vt 189.7932 1.6000
vt 189.7932 2.2600
vt 190.0483 2.2500
vt 190.0483 2.6500
vt 190.1721 2.2500
vt 190.1721 2.6500
vt 190.1833 9.2500
vt 190.1833 11.2500
vt 190.2958 2.2500
vt 190.2958 2.6500
vt 190.5901 9.0750
vt 190.5901 9.4250
vt 190.6125 2.2500
vt 190.6125 9.2500
vt 190.6172 14.0551
vt 190.6328 14.4449
vt 190.9125 2.2500
vt 190.9125 9.2500
vt 190.9348 9.0750
vt 190.9348 9.4250
vt 191.0111 14.0551
vt 191.0267 14.4449
vt 191.0515 9.2500
vt 191.0515 11.2500
vt 191.0780 2.2550
vt 191.0780 2.3450
vt 191.1666 2.2550
vt 191.1666 2.3450
vt 191.2847 9.0750
vt 191.2847 9.4250
vt 191.3071 2.2500
vt 191.3071 9.2500
vt 191.6071 2.2500
vt 191.6071 9.2500
vt 191.6294 9.0750
vt 191.6294 9.4250
vt 192.4634 1.6000
vt 192.4634 2.2600
vt 192.8746 11.0551
vt 192.8902 11.4449
vt 193.2446 2.2550
vt 193.2446 2.3450
vt 193.2686 11.0551
vt 193.2842 11.4449
vt 193.3332 2.2550
vt 193.3332 2.3450
vt 193.4753 11.2500
vt 193.4753 13.7500
vt 193.7253 11.2500
vt 193.7253 13.7500
vt 194.1185 2.2600
vt 194.1185 2.5500
vt 194.2332 2.3100
vt 194.2332 2.3850
vt 194.2726 2.3100
vt 194.2726 2.3850
vt 194.5294 9.0750
vt 194.5294 9.4250
vt 194.5517 2.2500
vt 194.5517 9.2500
vt 194.5760 2.2600
vt 194.5760 2.5500
vt 194.8517 2.2500
vt 194.8517 9.2500
vt 194.8741 9.0750
vt 194.8741 9.4250
vt 194.9398 2.3100
vt 194.9398 2.3850
vt 194.9792 2.3100
vt 194.9792 2.3850
vt 195.1073 9.2500
vt 195.1073 11.2500
vt 195.2010 1.6000
vt 195.2010 2.2600
vt 195.2010 2.5500
vt 195.2240 9.0750
vt 195.2240 9.4250
vt 195.2463 2.2500
vt 195.2463 9.2500
vt 195.5463 2.2500
vt 195.5463 9.2500
vt 195.5687 9.0750
vt 195.5687 9.4250
vt 195.8260 2.2600
vt 195.8260 2.5500
vt 195.9755 9.2500
vt 195.9755 11.2500
vt 196.2836 2.2600
vt 196.2836 2.5500
vt 197.0689 2.2550
vt 197.0689 2.3450
vt 197.1575 2.2550
vt 197.1575 2.3450
vt 197.8189 2.2500
vt 197.8189 3.1000
vt 197.9386 1.6000
vt 197.9386 2.2600
vt 197.9405 2.2500
vt 197.9405 3.1000
vt 198.6582 2.2500
vt 198.6582 3.1000
vt 198.7798 2.2500
vt 198.7798 3.1000
vt 198.9116 2.2500
vt 198.9116 2.6500
vt 199.0354 2.2500
vt 199.0354 2.6500
vt 199.1591 2.2500
vt 199.1591 2.6500
vt 199.2354 2.2550
vt 199.2354 2.3450
vt 199.3241 2.2550
vt 199.3241 2.3450
vt 199.4975 2.2500
vt 199.4975 3.1000
vt 199.6191 2.2500
vt 199.6191 3.1000
vt 200.3368 2.2500
vt 200.3368 3.1000
vt 200.4584 2.2500
vt 200.4584 3.1000
vt 200.6088 1.6000
vt 200.6088 2.2600
vt 200.9703 2.2500
vt 200.9703 3.1000
vt 201.0919 2.2500
vt 201.0919 3.1000
vt 201.1761 2.2500
vt 201.1761 3.1000
vt 201.2977 2.2500
vt 201.2977 3.1000
vt 201.8096 2.2500
vt 201.8096 3.1000
vt 201.9312 2.2500
vt 201.9312 3.1000
vt 202.0154 2.2500
vt 202.0154 3.1000
vt 202.1370 2.2500
vt 202.1370 3.1000
vt 202.6489 2.2500
vt 202.6489 3.1000
vt 202.7705 2.2500
vt 202.7705 3.1000
vt 202.8547 2.2500
vt 202.8547 3.1000
vt 202.9763 2.2500
vt 202.9763 3.1000
vt 203.1459 1.6000
vt 203.1459 2.2600
vt 203.4882 2.2500
vt 203.4882 3.1000
vt 203.6098 2.2500
vt 203.6098 3.1000
vt 204.3275 2.2500
vt 204.3275 3.1000
vt 204.4491 2.2500
vt 204.4491 3.1000
vt 205.1668 2.2500
vt 205.1668 3.1000
vt 205.2884 2.2500
vt 205.2884 3.1000
vt 205.4873 1.6000
vt 205.4873 2.2600
vt 206.0061 2.2500
vt 206.0061 3.1000
vt 206.1277 2.2500
vt 206.1277 3.1000
vt 207.5754 1.6000
vt 207.5754 2.2600
vt 207.7749 2.2500
vt 207.7749 2.6500
vt 207.8986 2.2500
vt 207.8986 2.6500
vt 208.0224 2.2500
vt 208.0224 2.6500
vt 287.5443 2.2500
vt 287.5443 2.6500
vt 287.6681 2.2500
vt 287.6681 2.6500
vt 287.7918 2.2500
vt 287.7918 2.6500
vt 296.4076 2.2500
vt 296.4076 2.6500
vt 296.5313 2.2500
vt 296.5313 2.6500
vt 296.6551 2.2500
vt 296.6551 2.6500
vt 305.2708 2.2500
vt 305.2708 2.6500
vt 305.3946 2.2500
vt 305.3946 2.6500
vt 305.5183 2.2500
vt 305.5183 2.6500
vt 314.1341 2.2500
vt 314.1341 2.6500
vt 314.2579 2.2500
vt 314.2579 2.6500
vt 314.3816 2.2500
vt 314.3816 2.6500
vt 322.9974 2.2500
vt 322.9974 2.6500
vt 323.1211 2.2500
vt 323.1211 2.6500
vt 323.2449 2.2500
vt 323.2449 2.6500
vt 331.8607 2.2500
vt 331.8607 2.6500
vt 331.9844 2.2500
vt 331.9844 2.6500
vt 332.1081 2.2500
vt 332.1081 2.6500
vt 350.6608 2.3100
vt 350.6608 2.3850
vt 350.7002 2.3100
vt 350.7002 2.3850
vt 351.3674 2.3100
vt 351.3674 2.3850
vt 351.4068 2.3100
vt 351.4068 2.3850
vt 371.4986 2.3100
vt 371.4986 2.3850
vt 371.5380 2.3100
vt 371.5380 2.3850
vt 372.2052 2.3100
vt 372.2052 2.3850
vt 372.2446 2.3100
vt 372.2446 2.3850
vn -1.000 0.000 -0.000
vn -0.997 0.000 -0.078
vn -0.997 0.000 0.078
vn -0.985 -0.000 -0.174
vn -0.972 0.000 -0.236
vn -0.972 -0.000 -0.233
vn -0.972 0.000 0.233
vn -0.966 0.000 -0.259
vn -0.966 0.000 0.259
vn -0.940 0.000 0.342
vn -0.924 -0.000 -0.383
vn -0.924 0.000 0.383
vn -0.888 -0.460 -0.000
vn -0.888 0.460 -0.000
vn -0.864 -0.394 0.314
vn -0.864 0.394 0.314
vn -0.853 -0.000 -0.522
vn -0.853 0.000 0.522
vn -0.799 0.000 0.601
vn -0.760 -0.000 -0.649
vn -0.760 0.000 0.649
vn -0.707 0.000 -0.707
vn -0.707 0.000 0.707
vn -0.649 -0.000 -0.760
vn -0.649 0.000 0.760
vn -0.601 0.000 -0.799
vn -0.522 0.000 -0.853
vn -0.522 0.000 0.853
vn -0.460 -0.888 -0.000
vn -0.460 0.888 -0.000
vn -0.383 -0.000 -0.924
vn -0.383 0.000 0.924
vn -0.370 -0.919 0.135
vn -0.370 0.919 0.135
vn -0.342 -0.000 -0.940
vn -0.314 -0.394 -0.864
vn -0.314 0.394 -0.864
vn -0.259 0.000 -0.966
vn -0.259 0.000 0.966
vn -0.236 0.000 0.972
vn -0.233 0.000 -0.972
vn -0.233 0.000 0.972
vn -0.174 0.000 0.985
vn -0.174 0.031 0.984
vn -0.173 0.068 0.983
vn -0.173 0.092 0.981
vn -0.172 0.153 0.973
vn -0.170 0.213 0.962
vn -0.169 -0.225 0.960
vn -0.167 0.272 0.948
vn -0.164 0.331 0.929
vn -0.160 0.388 0.908
vn -0.156 0.444 0.883
vn -0.151 0.498 0.854
vn -0.145 0.550 0.822
vn -0.139 0.600 0.788
vn -0.135 -0.919 -0.370
vn -0.135 0.919 -0.370
vn -0.132 0.648 0.750
vn -0.125 0.694 0.709
vn -0.078 0.000 -0.997
vn -0.078 0.000 0.997
vn -0.039 0.974 0.221
vn -0.012 -0.998 0.067
vn -0.000 -1.000 -0.000
vn -0.000 -0.888 -0.460
vn -0.000 -0.888 0.460
vn -0.000 -0.460 -0.888
vn -0.000 -0.460 0.888
vn -0.000 0.000 -1.000
vn -0.000 0.000 1.000
vn -0.000 0.460 -0.888
vn -0.000 0.460 0.888
vn -0.000 0.888 -0.460
vn -0.000 0.888 0.460
vn -0.000 1.000 -0.000
vn 0.012 0.998 -0.067
vn 0.039 -0.974 -0.221
vn 0.078 0.000 -0.997
vn 0.078 0.000 0.997
vn 0.125 0.694 -0.709
vn 0.132 0.648 -0.750
vn 0.135 -0.919 0.370
vn 0.135 0.919 0.370
vn 0.139 0.600 -0.788
vn 0.145 0.550 -0.822
vn 0.151 0.498 -0.854
vn 0.156 0.444 -0.883
vn 0.160 0.388 -0.908
vn 0.164 0.331 -0.929
vn 0.167 0.272 -0.948
vn 0.169 0.225 -0.960
vn 0.170 0.213 -0.962
vn 0.172 0.153 -0.973
vn 0.173 -0.068 -0.983
vn 0.173 0.092 -0.981
vn 0.174 0.000 -0.985
vn 0.174 0.031 -0.984
vn 0.233 0.000 -0.972
vn 0.233 0.000 0.972
vn 0.236 0.000 -0.972
vn 0.259 0.000 -0.966
vn 0.259 0.000 0.966
vn 0.314 -0.394 0.864
vn 0.314 0.394 0.864
vn 0.342 -0.000 0.940
vn 0.370 -0.919 -0.135
vn 0.370 0.919 -0.135
vn 0.383 0.000 -0.924
vn 0.383 0.000 0.924
vn 0.460 -0.888 -0.000
vn 0.460 0.888 -0.000
vn 0.522 0.000 -0.853
vn 0.522 0.000 0.853
vn 0.601 0.000 0.799
vn 0.649 0.000 -0.760
vn 0.649 0.000 0.760
vn 0.707 0.000 -0.707
vn 0.707 0.000 0.707
vn 0.760 0.000 -0.649
vn 0.760 0.000 0.649
vn 0.799 0.000 -0.601
vn 0.853 0.000 -0.522
vn 0.853 0.000 0.522
vn 0.864 -0.394 -0.314
vn 0.864 0.394 -0.314
vn 0.888 -0.460 0.000
vn 0.888 0.460 -0.000
vn 0.924 0.000 -0.383
vn 0.924 0.000 0.383
vn 0.940 -0.000 -0.342
vn 0.966 0.000 -0.259
vn 0.966 0.000 0.259
vn 0.972 0.000 -0.233
vn 0.972 0.000 0.233
vn 0.972 0.000 0.236
vn 0.985 0.000 0.174
vn 0.997 0.000 -0.078
vn 0.997 0.000 0.078
vn 1.000 0.000 -0.000
f 3133/1761/137 3545/3460/137 3546/3461/137
f 3133/1761/137 3546/3461/137 3134/1762/137
f 3545/2717/97 3543/2724/97 3544/2725/97
f 3545/2717/97 3544/2725/97 3546/2718/97
f 3543/3463/4 3131/1764/4 3132/1765/4
f 3543/3463/4 3132/1765/4 3544/3464/4
f 3131/3104/43 3133/3102/43 3134/3103/43
f 3131/3104/43 3134/3103/43 3132/3105/43
f 3544/3462/76 3132/1763/76 3134/1760/76
f 3544/3462/76 3134/1760/76 3546/3459/76
f 3125/1767/137 3541/3466/137 3542/3467/137
f 3125/1767/137 3542/3467/137 3126/1768/137
f 3541/2759/97 3539/2761/97 3540/2762/97
f 3541/2759/97 3540/2762/97 3542/2760/97
f 3539/3469/4 3123/1770/4 3124/1771/4
f 3539/3469/4 3124/1771/4 3540/3470/4
f 3123/3112/43 3125/3110/43 3126/3111/43
f 3123/3112/43 3126/3111/43 3124/3113/43
f 3540/3468/76 3124/1769/76 3126/1766/76
f 3540/3468/76 3126/1766/76 3542/3465/76
f 3051/1785/137 3129/3501/137 3130/3502/137
f 3051/1785/137 3130/3502/137 3052/1786/137
f 3129/3106/97 3127/3108/97 3128/3109/97
f 3129/3106/97 3128/3109/97 3130/3107/97
f 3127/3504/4 3049/1788/4 3050/1789/4
f 3127/3504/4 3050/1789/4 3128/3505/4
f 3049/3261/43 3051/3259/43 3052/3260/43
f 3049/3261/43 3052/3260/43 3050/3262/43
f 3128/3503/76 3050/1787/76 3052/1784/76
f 3128/3503/76 3052/1784/76 3130/3500/76
f 3041/1791/137 3121/3507/137 3122/3508/137
f 3041/1791/137 3122/3508/137 3042/1792/137
f 3121/3114/97 3119/3116/97 3120/3117/97
f 3121/3114/97 3120/3117/97 3122/3115/97
f 3119/3510/4 3039/1794/4 3040/1795/4
f 3119/3510/4 3040/1795/4 3120/3511/4
f 3039/3278/43 3041/3272/43 3042/3273/43
f 3039/3278/43 3042/3273/43 3040/3279/43
f 3120/3509/76 3040/1793/76 3042/1790/76
f 3120/3509/76 3042/1790/76 3122/3506/76
f 3001/1821/137 3045/3549/137 3046/3550/137
f 3001/1821/137 3046/3550/137 3002/1822/137
f 3045/3268/97 3043/3270/97 3044/3271/97
f 3045/3268/97 3044/3271/97 3046/3269/97
f 3043/3552/4 2999/1824/4 3000/1825/4
f 3043/3552/4 3000/1825/4 3044/3553/4
f 2999/3534/43 3001/3532/43 3002/3533/43
f 2999/3534/43 3002/3533/43 3000/3535/43
f 3044/3551/76 3000/1823/76 3002/1820/76
f 3044/3551/76 3002/1820/76 3046/3548/76
f 2993/1827/137 3037/3555/137 3038/3556/137
f 2993/1827/137 3038/3556/137 2994/1828/137
f 3037/3298/97 3035/3303/97 3036/3304/97
f 3037/3298/97 3036/3304/97 3038/3299/97
f 3035/3558/4 2991/1830/4 2992/1831/4
f 3035/3558/4 2992/1831/4 3036/3559/4
f 2991/3542/43 2993/3540/43 2994/3541/43
f 2991/3542/43 2994/3541/43 2992/3543/43
f 3036/3557/76 2992/1829/76 2994/1826/76
f 3036/3557/76 2994/1826/76 3038/3554/76
f 2921/1832/137 2997/3580/137 2998/3581/137
f 2921/1832/137 2998/3581/137 2922/1833/137
f 2997/3536/97 2995/3538/97 2996/3539/97
f 2997/3536/97 2996/3539/97 2998/3537/97
f 2995/3583/4 2919/1835/4 2920/1836/4
f 2995/3583/4 2920/1836/4 2996/3584/4
f 2919/3773/43 2921/3771/43 2922/3772/43
f 2919/3773/43 2922/3772/43 2920/3774/43
f 2996/3582/76 2920/1837/76 2922/1834/76
f 2996/3582/76 2922/1834/76 2998/3579/76
f 2913/1838/137 2989/3590/137 2990/3591/137
f 2913/1838/137 2990/3591/137 2914/1839/137
f 2989/3544/97 2987/3546/97 2988/3547/97
f 2989/3544/97 2988/3547/97 2990/3545/97
f 2987/3593/4 2911/1841/4 2912/1842/4
f 2987/3593/4 2912/1842/4 2988/3594/4
f 2911/3781/43 2913/3779/43 2914/3780/43
f 2911/3781/43 2914/3780/43 2912/3782/43
f 2988/3592/76 2912/1843/76 2914/1840/76
f 2988/3592/76 2914/1840/76 2990/3589/76
f 2889/1862/137 2917/3614/137 2918/3615/137
f 2889/1862/137 2918/3615/137 2890/1863/137
f 2917/3775/97 2915/3777/97 2916/3778/97
f 2917/3775/97 2916/3778/97 2918/3776/97
f 2915/3617/4 2887/1865/4 2888/1866/4
f 2915/3617/4 2888/1866/4 2916/3618/4
f 2887/4066/43 2889/4064/43 2890/4065/43
f 2887/4066/43 2890/4065/43 2888/4067/43
f 2916/3619/76 2888/1867/76 2890/1864/76
f 2916/3619/76 2890/1864/76 2918/3616/76
f 2881/1868/137 2909/3620/137 2910/3621/137
f 2881/1868/137 2910/3621/137 2882/1869/137
f 2909/3783/97 2907/3786/97 2908/3787/97
f 2909/3783/97 2908/3787/97 2910/3784/97
f 2907/3623/4 2879/1871/4 2880/1872/4
f 2907/3623/4 2880/1872/4 2908/3624/4
f 2879/4089/43 2881/4087/43 2882/4088/43
f 2879/4089/43 2882/4088/43 2880/4090/43
f 2908/3625/76 2880/1873/76 2882/1870/76
f 2908/3625/76 2882/1870/76 2910/3622/76
f 2845/1886/137 2885/3654/137 2886/3655/137
f 2845/1886/137 2886/3655/137 2846/1887/137
f 2885/4068/97 2883/4070/97 2884/4071/97
f 2885/4068/97 2884/4071/97 2886/4069/97
f 2883/3658/4 2843/1889/4 2844/1890/4
f 2883/3658/4 2844/1890/4 2884/3659/4
f 2843/4427/43 2845/4421/43 2846/4422/43
f 2843/4427/43 2846/4422/43 2844/4428/43
f 2884/3660/76 2844/1891/76 2846/1888/76
f 2884/3660/76 2846/1888/76 2886/3656/76
f 2837/1892/137 2877/3666/137 2878/3667/137
f 2837/1892/137 2878/3667/137 2838/1893/137
f 2877/4096/97 2875/4098/97 2876/4099/97
f 2877/4096/97 2876/4099/97 2878/4097/97
f 2875/3669/4 2835/1895/4 2836/1896/4
f 2875/3669/4 2836/1896/4 2876/3670/4
f 2835/4453/43 2837/4448/43 2838/4449/43
f 2835/4453/43 2838/4449/43 2836/4454/43
f 2876/3671/76 2836/1897/76 2838/1894/76
f 2876/3671/76 2838/1894/76 2878/3668/76
f 2871/3700/137 2873/3726/137 2874/3727/137
f 2871/3700/137 2874/3727/137 2872/3701/137
f 2873/4103/97 2853/4341/97 2854/4342/97
f 2873/4103/97 2854/4342/97 2874/4104/97
f 2853/3748/4 2851/3737/4 2852/3738/4
f 2853/3748/4 2852/3738/4 2854/3749/4
f 2851/4346/43 2871/4114/43 2872/4115/43
f 2851/4346/43 2872/4115/43 2852/4347/43
f 2854/3750/76 2852/3739/76 2872/3702/76
f 2854/3750/76 2872/3702/76 2874/3728/76
f 2357/1979/137 2841/3713/137 2842/3714/137
f 2357/1979/137 2842/3714/137 2358/1980/137
f 2841/4437/97 2839/4439/97 2840/4440/97
f 2841/4437/97 2840/4440/97 2842/4438/97
f 2839/3716/4 2355/1982/4 2356/1983/4
f 2839/3716/4 2356/1983/4 2840/3717/4
f 2355/4790/43 2357/4788/43 2358/4789/43
f 2355/4790/43 2358/4789/43 2356/4791/43
f 2840/3718/76 2356/1984/76 2358/1981/76
f 2840/3718/76 2358/1981/76 2842/3715/76
f 2353/1989/137 2831/3719/137 2832/3720/137
f 2353/1989/137 2832/3720/137 2354/1990/137
f 2831/4459/97 2825/4463/97 2826/4464/97
f 2831/4459/97 2826/4464/97 2832/4460/97
f 2825/3723/4 2351/1992/4 2352/1993/4
f 2825/3723/4 2352/1993/4 2826/3724/4
f 2351/4794/43 2353/4792/43 2354/4793/43
f 2351/4794/43 2354/4793/43 2352/4795/43
f 2826/3725/76 2352/1994/76 2354/1991/76
f 2826/3725/76 2354/1991/76 2832/3721/76
f 2817/3745/137 2823/3765/137 2824/3766/137
f 2817/3745/137 2824/3766/137 2818/3746/137
f 2823/4465/97 2381/4766/97 2382/4767/97
f 2823/4465/97 2382/4767/97 2824/4466/97
f 2381/3792/4 2379/3768/4 2380/3769/4
f 2381/3792/4 2380/3769/4 2382/3793/4
f 2379/4768/43 2817/4469/43 2818/4470/43
f 2379/4768/43 2818/4470/43 2380/4769/43
f 2382/3794/76 2380/3770/76 2818/3747/76
f 2382/3794/76 2818/3747/76 2824/3767/76
f 3077/3214/31 3065/3224/31 3067/3225/31
f 3077/3214/31 3067/3225/31 3079/3215/31
f 3065/1987/11 3063/1958/11 3064/1959/11
f 3065/1987/11 3064/1959/11 3067/1988/11
f 3063/1958/12 3066/1938/12 3068/1939/12
f 3063/1958/12 3068/1939/12 3064/1959/12
f 3066/3224/32 3078/3214/32 3080/3215/32
f 3066/3224/32 3080/3215/32 3068/3225/32
f 3078/3214/110 3090/3204/110 3092/3205/110
f 3078/3214/110 3092/3205/110 3080/3215/110
f 3090/1938/130 3093/1958/130 3094/1959/130
f 3090/1938/130 3094/1959/130 3092/1939/130
f 3093/1958/129 3089/1987/129 3091/1988/129
f 3093/1958/129 3091/1988/129 3094/1959/129
f 3089/3204/109 3077/3214/109 3079/3215/109
f 3089/3204/109 3079/3215/109 3091/3205/109
f 3094/1956/76 3091/1985/76 3079/1995/76
f 3094/1956/76 3079/1995/76 3067/1986/76
f 3094/1956/76 3067/1986/76 3064/1957/76
f 3094/1956/76 3064/1957/76 3068/1937/76
f 3094/1956/76 3068/1937/76 3080/1932/76
f 3094/1956/76 3080/1932/76 3092/1936/76
f 3073/1975/57 3059/2008/57 3061/2010/57
f 3073/1975/57 3061/2010/57 3075/1977/57
f 3075/1978/131 3061/2011/131 3062/2007/131
f 3075/1978/131 3062/2007/131 3076/1974/131
f 3076/1973/84 3062/2006/84 3060/2004/84
f 3076/1973/84 3060/2004/84 3074/1968/84
f 3074/1969/10 3060/2005/10 3059/2009/10
f 3074/1969/10 3059/2009/10 3073/1976/10
f 3073/3219/104 3075/3217/104 3076/3216/104
f 3073/3219/104 3076/3216/104 3074/3218/104
f 3060/3228/37 3062/3226/37 3061/3227/37
f 3060/3228/37 3061/3227/37 3059/3229/37
f 3070/1948/33 3056/1921/33 3055/1928/33
f 3070/1948/33 3055/1928/33 3069/1952/33
f 3069/3223/35 3055/3239/35 3057/3237/35
f 3069/3223/35 3057/3237/35 3071/3221/35
f 3071/1954/108 3057/1930/108 3058/1926/108
f 3071/1954/108 3058/1926/108 3072/1950/108
f 3072/3220/106 3058/3236/106 3056/3238/106
f 3072/3220/106 3056/3238/106 3070/3222/106
f 3070/1949/125 3069/1953/125 3071/1955/125
f 3070/1949/125 3071/1955/125 3072/1951/125
f 3058/1927/16 3057/1931/16 3055/1929/16
f 3058/1927/16 3055/1929/16 3056/1922/16
f 3084/1942/83 3098/1906/83 3096/1904/83
f 3084/1942/83 3096/1904/83 3082/1940/83
f 3082/1941/10 3096/1905/10 3095/1909/10
f 3082/1941/10 3095/1909/10 3081/1945/10
f 3081/1944/58 3095/1908/58 3097/1913/58
f 3081/1944/58 3097/1913/58 3083/1946/58
f 3083/1947/131 3097/1914/131 3098/1907/131
f 3083/1947/131 3098/1907/131 3084/1943/131
f 3084/3210/36 3082/3212/36 3081/3213/36
f 3084/3210/36 3081/3213/36 3083/3211/36
f 3097/3201/105 3095/3203/105 3096/3202/105
f 3097/3201/105 3096/3202/105 3098/3200/105
f 3087/1966/107 3101/2002/107 3102/1998/107
f 3087/1966/107 3102/1998/107 3088/1962/107
f 3088/3206/106 3102/3196/106 3100/3198/106
f 3088/3206/106 3100/3198/106 3086/3208/106
f 3086/1960/34 3100/1996/34 3099/2000/34
f 3086/1960/34 3099/2000/34 3085/1964/34
f 3085/3209/35 3099/3199/35 3101/3197/35
f 3085/3209/35 3101/3197/35 3087/3207/35
f 3087/1967/15 3088/1963/15 3086/1961/15
f 3087/1967/15 3086/1961/15 3085/1965/15
f 3099/2001/126 3100/1997/126 3102/1999/126
f 3099/2001/126 3102/1999/126 3101/2003/126
f 2401/4750/31 2389/4760/31 2391/4761/31
f 2401/4750/31 2391/4761/31 2403/4751/31
f 2389/2165/11 2387/2123/11 2388/2124/11
f 2389/2165/11 2388/2124/11 2391/2166/11
f 2387/2123/12 2390/2097/12 2392/2098/12
f 2387/2123/12 2392/2098/12 2388/2124/12
f 2390/4760/32 2402/4750/32 2404/4751/32
f 2390/4760/32 2404/4751/32 2392/4761/32
f 2402/4750/110 2414/4740/110 2416/4741/110
f 2402/4750/110 2416/4741/110 2404/4751/110
f 2414/2097/130 2417/2123/130 2418/2124/130
f 2414/2097/130 2418/2124/130 2416/2098/130
f 2417/2123/129 2413/2165/129 2415/2166/129
f 2417/2123/129 2415/2166/129 2418/2124/129
f 2413/4740/109 2401/4750/109 2403/4751/109
f 2413/4740/109 2403/4751/109 2415/4741/109
f 2418/2125/76 2415/2167/76 2403/2183/76
f 2418/2125/76 2403/2183/76 2391/2168/76
f 2418/2125/76 2391/2168/76 2388/2126/76
f 2418/2125/76 2388/2126/76 2392/2100/76
f 2418/2125/76 2392/2100/76 2404/2096/76
f 2418/2125/76 2404/2096/76 2416/2099/76
f 2397/2149/57 2383/2224/57 2385/2226/57
f 2397/2149/57 2385/2226/57 2399/2154/57
f 2399/2153/131 2385/2225/131 2386/2221/131
f 2399/2153/131 2386/2221/131 2400/2146/131
f 2400/2147/84 2386/2222/84 2384/2213/84
f 2400/2147/84 2384/2213/84 2398/2143/84
f 2398/2142/10 2384/2212/10 2383/2223/10
f 2398/2142/10 2383/2223/10 2397/2148/10
f 2397/4755/104 2399/4753/104 2400/4752/104
f 2397/4755/104 2400/4752/104 2398/4754/104
f 2384/4764/37 2386/4762/37 2385/4763/37
f 2384/4764/37 2385/4763/37 2383/4765/37
f 2394/2110/33 2376/2089/33 2375/2093/33
f 2394/2110/33 2375/2093/33 2393/2120/33
f 2393/4759/35 2375/4773/35 2377/4771/35
f 2393/4759/35 2377/4771/35 2395/4757/35
f 2395/2122/108 2377/2095/108 2378/2091/108
f 2395/2122/108 2378/2091/108 2396/2112/108
f 2396/4756/106 2378/4770/106 2376/4772/106
f 2396/4756/106 2376/4772/106 2394/4758/106
f 2394/2109/125 2393/2119/125 2395/2121/125
f 2394/2109/125 2395/2121/125 2396/2111/125
f 2378/2090/16 2377/2094/16 2375/2092/16
f 2378/2090/16 2375/2092/16 2376/2088/16
f 2408/2104/83 2422/2080/83 2420/2078/83
f 2408/2104/83 2420/2078/83 2406/2102/83
f 2406/2101/10 2420/2077/10 2419/2081/10
f 2406/2101/10 2419/2081/10 2405/2105/10
f 2405/2106/58 2419/2082/58 2421/2084/58
f 2405/2106/58 2421/2084/58 2407/2108/58
f 2407/2107/131 2421/2083/131 2422/2079/131
f 2407/2107/131 2422/2079/131 2408/2103/131
f 2408/4746/36 2406/4748/36 2405/4749/36
f 2408/4746/36 2405/4749/36 2407/4747/36
f 2421/4736/105 2419/4739/105 2420/4738/105
f 2421/4736/105 2420/4738/105 2422/4735/105
f 2411/2141/107 2425/2196/107 2426/2192/107
f 2411/2141/107 2426/2192/107 2412/2130/107
f 2412/4742/106 2426/4712/106 2424/4714/106
f 2412/4742/106 2424/4714/106 2410/4744/106
f 2410/2128/34 2424/2190/34 2423/2194/34
f 2410/2128/34 2423/2194/34 2409/2139/34
f 2409/4745/35 2423/4715/35 2425/4713/35
f 2409/4745/35 2425/4713/35 2411/4743/35
f 2411/2140/15 2412/2129/15 2410/2127/15
f 2411/2140/15 2410/2127/15 2409/2138/15
f 2423/2193/126 2424/2189/126 2426/2191/126
f 2423/2193/126 2426/2191/126 2425/2195/126
f 2961/3664/31 2949/3680/31 2951/3681/31
f 2961/3664/31 2951/3681/31 2963/3665/31
f 2949/3343/11 2947/3323/11 2948/3324/11
f 2949/3343/11 2948/3324/11 2951/3344/11
f 2947/3323/12 2950/3296/12 2952/3297/12
f 2947/3323/12 2952/3297/12 2948/3324/12
f 2950/3680/32 2962/3664/32 2964/3665/32
f 2950/3680/32 2964/3665/32 2952/3681/32
f 2962/3664/110 2974/3648/110 2976/3649/110
f 2962/3664/110 2976/3649/110 2964/3665/110
f 2974/3296/130 2977/3323/130 2978/3324/130
f 2974/3296/130 2978/3324/130 2976/3297/130
f 2977/3323/129 2973/3343/129 2975/3344/129
f 2977/3323/129 2975/3344/129 2978/3324/129
f 2973/3648/109 2961/3664/109 2963/3665/109
f 2973/3648/109 2963/3665/109 2975/3649/109
f 2978/3321/76 2975/3341/76 2963/3351/76
f 2978/3321/76 2963/3351/76 2951/3342/76
f 2978/3321/76 2951/3342/76 2948/3322/76
f 2978/3321/76 2948/3322/76 2952/3295/76
f 2978/3321/76 2952/3295/76 2964/3290/76
f 2978/3321/76 2964/3290/76 2976/3294/76
f 2957/3337/57 2943/3368/57 2945/3370/57
f 2957/3337/57 2945/3370/57 2959/3339/57
f 2959/3340/131 2945/3371/131 2946/3367/131
f 2959/3340/131 2946/3367/131 2960/3336/131
f 2960/3335/84 2946/3366/84 2944/3364/84
f 2960/3335/84 2944/3364/84 2958/3333/84
f 2958/3334/10 2944/3365/10 2943/3369/10
f 2958/3334/10 2943/3369/10 2957/3338/10
f 2957/3675/104 2959/3673/104 2960/3672/104
f 2957/3675/104 2960/3672/104 2958/3674/104
f 2944/3684/37 2946/3682/37 2945/3683/37
f 2944/3684/37 2945/3683/37 2943/3685/37
f 2954/3313/33 2940/3274/33 2939/3283/33
f 2954/3313/33 2939/3283/33 2953/3317/33
f 2953/3679/35 2939/3706/35 2941/3704/35
f 2953/3679/35 2941/3704/35 2955/3677/35
f 2955/3319/108 2941/3285/108 2942/3276/108
f 2955/3319/108 2942/3276/108 2956/3315/108
f 2956/3676/106 2942/3703/106 2940/3705/106
f 2956/3676/106 2940/3705/106 2954/3678/106
f 2954/3314/125 2953/3318/125 2955/3320/125
f 2954/3314/125 2955/3320/125 2956/3316/125
f 2942/3277/16 2941/3286/16 2939/3284/16
f 2942/3277/16 2939/3284/16 2940/3275/16
f 2968/3307/83 2982/3247/83 2980/3245/83
f 2968/3307/83 2980/3245/83 2966/3305/83
f 2966/3306/10 2980/3246/10 2979/3250/10
f 2966/3306/10 2979/3250/10 2965/3310/10
f 2965/3309/58 2979/3249/58 2981/3251/58
f 2965/3309/58 2981/3251/58 2967/3311/58
f 2967/3312/131 2981/3252/131 2982/3248/131
f 2967/3312/131 2982/3248/131 2968/3308/131
f 2968/3657/36 2966/3662/36 2965/3663/36
f 2968/3657/36 2965/3663/36 2967/3661/36
f 2981/3645/105 2979/3647/105 2980/3646/105
f 2981/3645/105 2980/3646/105 2982/3644/105
f 2971/3331/107 2985/3358/107 2986/3354/107
f 2971/3331/107 2986/3354/107 2972/3327/107
f 2972/3650/106 2986/3626/106 2984/3628/106
f 2972/3650/106 2984/3628/106 2970/3652/106
f 2970/3325/34 2984/3352/34 2983/3356/34
f 2970/3325/34 2983/3356/34 2969/3329/34
f 2969/3653/35 2983/3630/35 2985/3627/35
f 2969/3653/35 2985/3627/35 2971/3651/35
f 2971/3332/15 2972/3328/15 2970/3326/15
f 2971/3332/15 2970/3326/15 2969/3330/15
f 2983/3357/126 2984/3353/126 2986/3355/126
f 2983/3357/126 2986/3355/126 2985/3359/126
f 2181/2113/137 2241/3804/137 2242/3805/137
f 2181/2113/137 2242/3805/137 2182/2114/137
f 2241/5000/97 2239/5002/97 2240/5003/97
f 2241/5000/97 2240/5003/97 2242/5001/97
f 2239/3807/4 2179/2116/4 2180/2117/4
f 2239/3807/4 2180/2117/4 2240/3808/4
f 2179/5052/43 2181/5050/43 2182/5051/43
f 2179/5052/43 2182/5051/43 2180/5053/43
f 2240/3809/76 2180/2118/76 2182/2115/76
f 2240/3809/76 2182/2115/76 2242/3806/76
f 2173/2171/137 2237/3810/137 2238/3811/137
f 2173/2171/137 2238/3811/137 2174/2172/137
f 2237/5004/97 2235/5006/97 2236/5007/97
f 2237/5004/97 2236/5007/97 2238/5005/97
f 2235/3813/4 2171/2174/4 2172/2175/4
f 2235/3813/4 2172/2175/4 2236/3814/4
f 2171/5060/43 2173/5058/43 2174/5059/43
f 2171/5060/43 2174/5059/43 2172/5061/43
f 2236/3815/76 2172/2176/76 2174/2173/76
f 2236/3815/76 2174/2173/76 2238/3812/76
f 2169/2180/137 2233/3816/137 2234/3817/137
f 2169/2180/137 2234/3817/137 2170/2181/137
f 2233/5008/97 2231/5010/97 2232/5011/97
f 2233/5008/97 2232/5011/97 2234/5009/97
f 2231/3819/4 2167/2184/4 2168/2185/4
f 2231/3819/4 2168/2185/4 2232/3820/4
f 2167/5064/43 2169/5062/43 2170/5063/43
f 2167/5064/43 2170/5063/43 2168/5065/43
f 2232/3821/76 2168/2186/76 2170/2182/76
f 2232/3821/76 2170/2182/76 2234/3818/76
f 2149/2206/137 2229/3830/137 2230/3831/137
f 2149/2206/137 2230/3831/137 2150/2207/137
f 2229/5012/97 2227/5014/97 2228/5015/97
f 2229/5012/97 2228/5015/97 2230/5013/97
f 2227/3833/4 2147/2209/4 2148/2210/4
f 2227/3833/4 2148/2210/4 2228/3834/4
f 2147/5084/43 2149/5082/43 2150/5083/43
f 2147/5084/43 2150/5083/43 2148/5085/43
f 2228/3835/76 2148/2211/76 2150/2208/76
f 2228/3835/76 2150/2208/76 2230/3832/76
f 2203/2150/137 2205/2197/137 2206/2198/137
f 2203/2150/137 2206/2198/137 2204/2151/137
f 2205/5026/97 2077/5136/97 2078/5137/97
f 2205/5026/97 2078/5137/97 2206/5027/97
f 2077/2243/4 2071/2234/4 2072/2235/4
f 2077/2243/4 2072/2235/4 2078/2244/4
f 2071/5140/43 2203/5028/43 2204/5029/43
f 2071/5140/43 2204/5029/43 2072/5141/43
f 2078/2245/76 2072/2236/76 2204/2152/76
f 2078/2245/76 2204/2152/76 2206/2199/76
f 2191/2131/137 2197/2155/137 2198/2156/137
f 2191/2131/137 2198/2156/137 2192/2132/137
f 2197/5030/97 2089/5122/97 2090/5123/97
f 2197/5030/97 2090/5123/97 2198/5031/97
f 2089/2227/4 2083/2214/4 2084/2215/4
f 2089/2227/4 2084/2215/4 2090/2228/4
f 2083/5128/43 2191/5036/43 2192/5037/43
f 2083/5128/43 2192/5037/43 2084/5129/43
f 2090/2233/76 2084/2220/76 2192/2137/76
f 2090/2233/76 2192/2137/76 2198/2161/76
f 2193/2133/137 2199/2157/137 2200/2158/137
f 2193/2133/137 2200/2158/137 2194/2134/137
f 2199/5032/97 2091/5124/97 2092/5125/97
f 2199/5032/97 2092/5125/97 2200/5033/97
f 2091/2229/4 2085/2216/4 2086/2217/4
f 2091/2229/4 2086/2217/4 2092/2230/4
f 2085/5130/43 2193/5038/43 2194/5039/43
f 2085/5130/43 2194/5039/43 2086/5131/43
f 2092/2233/76 2086/2220/76 2194/2137/76
f 2092/2233/76 2194/2137/76 2200/2161/76
f 2195/2135/137 2201/2159/137 2202/2160/137
f 2195/2135/137 2202/2160/137 2196/2136/137
f 2201/5034/97 2093/5126/97 2094/5127/97
f 2201/5034/97 2094/5127/97 2202/5035/97
f 2093/2231/4 2087/2218/4 2088/2219/4
f 2093/2231/4 2088/2219/4 2094/2232/4
f 2087/5132/43 2195/5040/43 2196/5041/43
f 2087/5132/43 2196/5041/43 2088/5133/43
f 2094/2233/76 2088/2220/76 2196/2137/76
f 2094/2233/76 2196/2137/76 2202/2161/76
f 2011/2237/137 2209/3864/137 2210/3865/137
f 2011/2237/137 2210/3865/137 2012/2238/137
f 2209/5022/97 2207/5024/97 2208/5025/97
f 2209/5022/97 2208/5025/97 2210/5023/97
f 2207/3867/4 2009/2240/4 2010/2241/4
f 2207/3867/4 2010/2241/4 2208/3868/4
f 2009/5202/43 2011/5200/43 2012/5201/43
f 2009/5202/43 2012/5201/43 2010/5203/43
f 2208/3869/76 2010/2242/76 2012/2239/76
f 2208/3869/76 2012/2239/76 2210/3866/76
f 1989/2246/137 2189/3891/137 2190/3892/137
f 1989/2246/137 2190/3892/137 1990/2247/137
f 2189/5042/97 2187/5044/97 2188/5045/97
f 2189/5042/97 2188/5045/97 2190/5043/97
f 2187/3894/4 1987/2249/4 1988/2250/4
f 2187/3894/4 1988/2250/4 2188/3895/4
f 1987/5224/43 1989/5222/43 1990/5223/43
f 1987/5224/43 1990/5223/43 1988/5225/43
f 2188/3896/76 1988/2251/76 1990/2248/76
f 2188/3896/76 1990/2248/76 2190/3893/76
f 1983/2252/137 2185/3905/137 2186/3906/137
f 1983/2252/137 2186/3906/137 1984/2253/137
f 2185/5046/97 2183/5048/97 2184/5049/97
f 2185/5046/97 2184/5049/97 2186/5047/97
f 2183/3908/4 1981/2255/4 1982/2256/4
f 2183/3908/4 1982/2256/4 2184/3909/4
f 1981/5230/43 1983/5228/43 1984/5229/43
f 1981/5230/43 1984/5229/43 1982/5231/43
f 2184/3910/76 1982/2257/76 1984/2254/76
f 2184/3910/76 1984/2254/76 2186/3907/76
f 1971/2264/137 2177/3930/137 2178/3931/137
f 1971/2264/137 2178/3931/137 1972/2265/137
f 2177/5054/97 2175/5056/97 2176/5057/97
f 2177/5054/97 2176/5057/97 2178/5055/97
f 2175/3935/4 1969/2267/4 1970/2268/4
f 2175/3935/4 1970/2268/4 2176/3936/4
f 1969/5242/43 1971/5240/43 1972/5241/43
f 1969/5242/43 1972/5241/43 1970/5243/43
f 2176/3937/76 1970/2269/76 1972/2266/76
f 2176/3937/76 1972/2266/76 2178/3932/76
f 2033/2258/137 2045/2402/137 2046/2403/137
f 2033/2258/137 2046/2403/137 2034/2259/137
f 2045/5166/97 2037/5174/97 2038/5175/97
f 2045/5166/97 2038/5175/97 2046/5167/97
f 2037/2405/4 2029/2261/4 2030/2262/4
f 2037/2405/4 2030/2262/4 2038/2406/4
f 2029/5182/43 2033/5178/43 2034/5179/43
f 2029/5182/43 2034/5179/43 2030/5183/43
f 2038/2407/76 2030/2263/76 2034/2260/76
f 2038/2407/76 2034/2260/76 2046/2404/76
f 1965/2282/137 1973/2449/137 1974/2450/137
f 1965/2282/137 1974/2450/137 1966/2283/137
f 1973/5238/97 1967/5244/97 1968/5245/97
f 1973/5238/97 1968/5245/97 1974/5239/97
f 1967/2455/4 1957/2288/4 1958/2289/4
f 1967/2455/4 1958/2289/4 1968/2456/4
f 1957/5250/43 1965/5246/43 1966/5247/43
f 1957/5250/43 1966/5247/43 1958/5251/43
f 1968/2457/76 1958/2290/76 1966/2284/76
f 1968/2457/76 1966/2284/76 1974/2451/76
f 2013/2461/137 2163/3374/137 2164/3375/137
f 2013/2461/137 2164/3375/137 2014/2462/137
f 2163/5068/97 2159/5072/97 2160/5073/97
f 2163/5068/97 2160/5073/97 2164/5069/97
f 2159/3377/4 2003/2467/4 2004/2468/4
f 2159/3377/4 2004/2468/4 2160/3378/4
f 2003/5208/43 2013/5198/43 2014/5199/43
f 2003/5208/43 2014/5199/43 2004/5209/43
f 2160/3379/76 2004/2469/76 2014/2463/76
f 2160/3379/76 2014/2463/76 2164/3376/76
f 1985/2470/137 2099/3380/137 2100/3381/137
f 1985/2470/137 2100/3381/137 1986/2471/137
f 2099/5116/97 2063/5148/97 2064/5149/97
f 2099/5116/97 2064/5149/97 2100/5117/97
f 2063/3383/4 1977/2473/4 1978/2474/4
f 2063/3383/4 1978/2474/4 2064/3384/4
f 1977/5234/43 1985/5226/43 1986/5227/43
f 1977/5234/43 1986/5227/43 1978/5235/43
f 2064/3385/76 1978/2475/76 1986/2472/76
f 2064/3385/76 1986/2472/76 2100/3382/76
f 2025/2526/137 2031/2555/137 2032/2556/137
f 2025/2526/137 2032/2556/137 2026/2527/137
f 2031/5180/97 1979/5232/97 1980/5233/97
f 2031/5180/97 1980/5233/97 2032/5181/97
f 1979/2585/4 1975/2546/4 1976/2547/4
f 1979/2585/4 1976/2547/4 1980/2586/4
f 1975/5236/43 2025/5186/43 2026/5187/43
f 1975/5236/43 2026/5187/43 1976/5237/43
f 1980/2587/76 1976/2548/76 2026/2528/76
f 1980/2587/76 2026/2528/76 2032/2557/76
f 2041/2774/137 2043/2794/137 2044/2795/137
f 2041/2774/137 2044/2795/137 2042/2775/137
f 2043/5168/97 1993/5218/97 1994/5219/97
f 2043/5168/97 1994/5219/97 2044/5169/97
f 1993/2808/4 1991/2788/4 1992/2789/4
f 1993/2808/4 1992/2789/4 1994/2809/4
f 1991/5220/43 2041/5170/43 2042/5171/43
f 1991/5220/43 2042/5171/43 1992/5221/43
f 1994/2810/76 1992/2790/76 2042/2776/76
f 1994/2810/76 2042/2776/76 2044/2796/76
f 2051/2838/137 2057/2898/137 2058/2899/137
f 2051/2838/137 2058/2899/137 2052/2839/137
f 2057/5154/97 2001/5210/97 2002/5211/97
f 2057/5154/97 2002/5211/97 2058/5155/97
f 2001/2952/4 1999/2844/4 2000/2845/4
f 2001/2952/4 2000/2845/4 2002/2953/4
f 1999/5212/43 2051/5160/43 2052/5161/43
f 1999/5212/43 2052/5161/43 2000/5213/43
f 2002/2954/76 2000/2846/76 2052/2840/76
f 2002/2954/76 2052/2840/76 2058/2900/76
f 2067/3072/137 2075/3087/137 2076/3088/137
f 2067/3072/137 2076/3088/137 2068/3073/137
f 2075/5138/97 2007/5204/97 2008/5205/97
f 2075/5138/97 2008/5205/97 2076/5139/97
f 2007/3096/4 2005/3081/4 2006/3082/4
f 2007/3096/4 2006/3082/4 2008/3097/4
f 2005/5206/43 2067/5144/43 2068/5145/43
f 2005/5206/43 2068/5145/43 2006/5207/43
f 2008/3098/76 2006/3083/76 2068/3074/76
f 2008/3098/76 2068/3074/76 2076/3089/76
f 2127/3130/137 2139/3142/137 2140/3143/137
f 2127/3130/137 2140/3143/137 2128/3131/137
f 2139/5088/97 2023/5188/97 2024/5189/97
f 2139/5088/97 2024/5189/97 2140/5089/97
f 2023/3148/4 2019/3136/4 2020/3137/4
f 2023/3148/4 2020/3137/4 2024/3149/4
f 2019/5192/43 2127/5096/43 2128/5097/43
f 2019/5192/43 2128/5097/43 2020/5193/43
f 2024/3150/76 2020/3138/76 2128/3132/76
f 2024/3150/76 2128/3132/76 2140/3144/76
f 2151/3172/137 2157/3184/137 2158/3185/137
f 2151/3172/137 2158/3185/137 2152/3173/137
f 2157/5074/97 2039/5172/97 2040/5173/97
f 2157/5074/97 2040/5173/97 2158/5075/97
f 2039/3190/4 2035/3178/4 2036/3179/4
f 2039/3190/4 2036/3179/4 2040/3191/4
f 2035/5176/43 2151/5080/43 2152/5081/43
f 2035/5176/43 2152/5081/43 2036/5177/43
f 2040/3192/76 2036/3180/76 2152/3174/76
f 2040/3192/76 2152/3174/76 2158/3186/76
f 2161/3256/137 2165/3291/137 2166/3292/137
f 2161/3256/137 2166/3292/137 2162/3257/137
f 2165/5066/97 2049/5162/97 2050/5163/97
f 2165/5066/97 2050/5163/97 2166/5067/97
f 2049/3345/4 2047/3280/4 2048/3281/4
f 2049/3345/4 2048/3281/4 2050/3346/4
f 2047/5164/43 2161/5070/43 2162/5071/43
f 2047/5164/43 2162/5071/43 2048/5165/43
f 2050/3347/76 2048/3282/76 2162/3258/76
f 2050/3347/76 2162/3258/76 2166/3293/76
f 1913/2279/137 2061/3956/137 2062/3957/137
f 1913/2279/137 2062/3957/137 1914/2280/137
f 2061/5150/97 2059/5152/97 2060/5153/97
f 2061/5150/97 2060/5153/97 2062/5151/97
f 2059/3959/4 1911/2285/4 1912/2286/4
f 2059/3959/4 1912/2286/4 2060/3960/4
f 1911/5290/43 1913/5288/43 1914/5289/43
f 1911/5290/43 1914/5289/43 1912/5291/43
f 2060/3961/76 1912/2287/76 1914/2281/76
f 2060/3961/76 1914/2281/76 2062/3958/76
f 1897/2308/137 2027/3970/137 2028/3971/137
f 1897/2308/137 2028/3971/137 1898/2309/137
f 2027/5184/97 2021/5190/97 2022/5191/97
f 2027/5184/97 2022/5191/97 2028/5185/97
f 2021/3973/4 1895/2311/4 1896/2312/4
f 2021/3973/4 1896/2312/4 2022/3974/4
f 1895/5306/43 1897/5304/43 1898/5305/43
f 1895/5306/43 1898/5305/43 1896/5307/43
f 2022/3975/76 1896/2313/76 1898/2310/76
f 2022/3975/76 1898/2310/76 2028/3972/76
f 1893/2314/137 2017/3976/137 2018/3977/137
f 1893/2314/137 2018/3977/137 1894/2315/137
f 2017/5194/97 2015/5196/97 2016/5197/97
f 2017/5194/97 2016/5197/97 2018/5195/97
f 2015/3979/4 1891/2317/4 1892/2318/4
f 2015/3979/4 1892/2318/4 2016/3980/4
f 1891/5310/43 1893/5308/43 1894/5309/43
f 1891/5310/43 1894/5309/43 1892/5311/43
f 2016/3981/76 1892/2319/76 1894/2316/76
f 2016/3981/76 1894/2316/76 2018/3978/76
f 1869/2323/137 1997/3982/137 1998/3983/137
f 1869/2323/137 1998/3983/137 1870/2324/137
f 1997/5214/97 1995/5216/97 1996/5217/97
f 1997/5214/97 1996/5217/97 1998/5215/97
f 1995/3985/4 1865/2326/4 1866/2327/4
f 1995/3985/4 1866/2327/4 1996/3986/4
f 1865/5336/43 1869/5332/43 1870/5333/43
f 1865/5336/43 1870/5333/43 1866/5337/43
f 1996/3987/76 1866/2328/76 1870/2325/76
f 1996/3987/76 1870/2325/76 1998/3984/76
f 1939/2298/137 1941/2320/137 1942/2321/137
f 1939/2298/137 1942/2321/137 1940/2299/137
f 1941/5260/97 1843/5358/97 1844/5359/97
f 1941/5260/97 1844/5359/97 1942/5261/97
f 1843/2378/4 1841/2352/4 1842/2353/4
f 1843/2378/4 1842/2353/4 1844/2379/4
f 1841/5360/43 1939/5262/43 1940/5263/43
f 1841/5360/43 1940/5263/43 1842/5361/43
f 1844/2380/76 1842/2354/76 1940/2300/76
f 1844/2380/76 1940/2300/76 1942/2322/76
f 1927/2291/137 1933/2301/137 1934/2302/137
f 1927/2291/137 1934/2302/137 1928/2292/137
f 1933/5264/97 1851/5346/97 1852/5347/97
f 1933/5264/97 1852/5347/97 1934/5265/97
f 1851/2345/4 1845/2338/4 1846/2339/4
f 1851/2345/4 1846/2339/4 1852/2346/4
f 1845/5352/43 1927/5270/43 1928/5271/43
f 1845/5352/43 1928/5271/43 1846/5353/43
f 1852/2351/76 1846/2344/76 1928/2297/76
f 1852/2351/76 1928/2297/76 1934/2307/76
f 1929/2293/137 1935/2303/137 1936/2304/137
f 1929/2293/137 1936/2304/137 1930/2294/137
f 1935/5266/97 1853/5348/97 1854/5349/97
f 1935/5266/97 1854/5349/97 1936/5267/97
f 1853/2347/4 1847/2340/4 1848/2341/4
f 1853/2347/4 1848/2341/4 1854/2348/4
f 1847/5354/43 1929/5272/43 1930/5273/43
f 1847/5354/43 1930/5273/43 1848/5355/43
f 1854/2351/76 1848/2344/76 1930/2297/76
f 1854/2351/76 1930/2297/76 1936/2307/76
f 1931/2295/137 1937/2305/137 1938/2306/137
f 1931/2295/137 1938/2306/137 1932/2296/137
f 1937/5268/97 1855/5350/97 1856/5351/97
f 1937/5268/97 1856/5351/97 1938/5269/97
f 1855/2349/4 1849/2342/4 1850/2343/4
f 1855/2349/4 1850/2343/4 1856/2350/4
f 1849/5356/43 1931/5274/43 1932/5275/43
f 1849/5356/43 1932/5275/43 1850/5357/43
f 1856/2351/76 1850/2344/76 1932/2297/76
f 1856/2351/76 1932/2297/76 1938/2307/76
f 1749/2355/137 1945/4002/137 1946/4003/137
f 1749/2355/137 1946/4003/137 1750/2356/137
f 1945/5256/97 1943/5258/97 1944/5259/97
f 1945/5256/97 1944/5259/97 1946/5257/97
f 1943/4005/4 1747/2358/4 1748/2359/4
f 1943/4005/4 1748/2359/4 1944/4006/4
f 1747/5444/43 1749/5442/43 1750/5443/43
f 1747/5444/43 1750/5443/43 1748/5445/43
f 1944/4007/76 1748/2360/76 1750/2357/76
f 1944/4007/76 1750/2357/76 1946/4004/76
f 1707/2381/137 1925/4008/137 1926/4009/137
f 1707/2381/137 1926/4009/137 1708/2382/137
f 1925/5276/97 1923/5278/97 1924/5279/97
f 1925/5276/97 1924/5279/97 1926/5277/97
f 1923/4011/4 1705/2384/4 1706/2385/4
f 1923/4011/4 1706/2385/4 1924/4012/4
f 1705/5486/43 1707/5484/43 1708/5485/43
f 1705/5486/43 1708/5485/43 1706/5487/43
f 1924/4013/76 1706/2386/76 1708/2383/76
f 1924/4013/76 1708/2383/76 1926/4010/76
f 1697/2387/137 1919/4014/137 1920/4015/137
f 1697/2387/137 1920/4015/137 1698/2388/137
f 1919/5282/97 1917/5284/97 1918/5285/97
f 1919/5282/97 1918/5285/97 1920/5283/97
f 1917/4017/4 1695/2390/4 1696/2391/4
f 1917/4017/4 1696/2391/4 1918/4018/4
f 1695/5496/43 1697/5494/43 1698/5495/43
f 1695/5496/43 1698/5495/43 1696/5497/43
f 1918/4019/76 1696/2392/76 1698/2389/76
f 1918/4019/76 1698/2389/76 1920/4016/76
f 1657/2396/137 1901/4020/137 1902/4021/137
f 1657/2396/137 1902/4021/137 1658/2397/137
f 1901/5300/97 1899/5302/97 1900/5303/97
f 1901/5300/97 1900/5303/97 1902/5301/97
f 1899/4023/4 1655/2399/4 1656/2400/4
f 1899/4023/4 1656/2400/4 1900/4024/4
f 1655/5534/43 1657/5532/43 1658/5533/43
f 1655/5534/43 1658/5533/43 1656/5535/43
f 1900/4025/76 1656/2401/76 1658/2398/76
f 1900/4025/76 1658/2398/76 1902/4022/76
f 1791/2368/137 1795/2393/137 1796/2394/137
f 1791/2368/137 1796/2394/137 1792/2369/137
f 1795/5396/97 1593/5588/97 1594/5589/97
f 1795/5396/97 1594/5589/97 1796/5397/97
f 1593/2431/4 1589/2422/4 1590/2423/4
f 1593/2431/4 1590/2423/4 1594/2432/4
f 1589/5592/43 1791/5400/43 1792/5401/43
f 1589/5592/43 1792/5401/43 1590/5593/43
f 1594/2433/76 1590/2424/76 1792/2370/76
f 1594/2433/76 1792/2370/76 1796/2395/76
f 1779/2361/137 1785/2371/137 1786/2372/137
f 1779/2361/137 1786/2372/137 1780/2362/137
f 1785/5402/97 1601/5576/97 1602/5577/97
f 1785/5402/97 1602/5577/97 1786/5403/97
f 1601/2415/4 1595/2408/4 1596/2409/4
f 1601/2415/4 1596/2409/4 1602/2416/4
f 1595/5582/43 1779/5408/43 1780/5409/43
f 1595/5582/43 1780/5409/43 1596/5583/43
f 1602/2421/76 1596/2414/76 1780/2367/76
f 1602/2421/76 1780/2367/76 1786/2377/76
f 1781/2363/137 1787/2373/137 1788/2374/137
f 1781/2363/137 1788/2374/137 1782/2364/137
f 1787/5404/97 1603/5578/97 1604/5579/97
f 1787/5404/97 1604/5579/97 1788/5405/97
f 1603/2417/4 1597/2410/4 1598/2411/4
f 1603/2417/4 1598/2411/4 1604/2418/4
f 1597/5584/43 1781/5410/43 1782/5411/43
f 1597/5584/43 1782/5411/43 1598/5585/43
f 1604/2421/76 1598/2414/76 1782/2367/76
f 1604/2421/76 1782/2367/76 1788/2377/76
f 1783/2365/137 1789/2375/137 1790/2376/137
f 1783/2365/137 1790/2376/137 1784/2366/137
f 1789/5406/97 1605/5580/97 1606/5581/97
f 1789/5406/97 1606/5581/97 1790/5407/97
f 1605/2419/4 1599/2412/4 1600/2413/4
f 1605/2419/4 1600/2413/4 1606/2420/4
f 1599/5586/43 1783/5412/43 1784/5413/43
f 1599/5586/43 1784/5413/43 1600/5587/43
f 1606/2421/76 1600/2414/76 1784/2367/76
f 1606/2421/76 1784/2367/76 1790/2377/76
f 1479/2425/137 1833/4035/137 1834/4036/137
f 1479/2425/137 1834/4036/137 1480/2426/137
f 1833/5368/97 1831/5370/97 1832/5371/97
f 1833/5368/97 1832/5371/97 1834/5369/97
f 1831/4038/4 1477/2428/4 1478/2429/4
f 1831/4038/4 1478/2429/4 1832/4039/4
f 1477/5694/43 1479/5692/43 1480/5693/43
f 1477/5694/43 1480/5693/43 1478/5695/43
f 1832/4040/76 1478/2430/76 1480/2427/76
f 1832/4040/76 1480/2427/76 1834/4037/76
f 1419/2434/137 1767/4046/137 1768/4047/137
f 1419/2434/137 1768/4047/137 1420/2435/137
f 1767/5424/97 1765/5426/97 1766/5427/97
f 1767/5424/97 1766/5427/97 1768/5425/97
f 1765/4049/4 1411/2437/4 1412/2438/4
f 1765/4049/4 1412/2438/4 1766/4050/4
f 1411/5760/43 1419/5752/43 1420/5753/43
f 1411/5760/43 1420/5753/43 1412/5761/43
f 1766/4051/76 1412/2439/76 1420/2436/76
f 1766/4051/76 1420/2436/76 1768/4048/76
f 1405/2440/137 1761/4052/137 1762/4053/137
f 1405/2440/137 1762/4053/137 1406/2441/137
f 1761/5430/97 1757/5434/97 1758/5435/97
f 1761/5430/97 1758/5435/97 1762/5431/97
f 1757/4055/4 1399/2443/4 1400/2444/4
f 1757/4055/4 1400/2444/4 1758/4056/4
f 1399/5772/43 1405/5766/43 1406/5767/43
f 1399/5772/43 1406/5767/43 1400/5773/43
f 1758/4057/76 1400/2445/76 1406/2442/76
f 1758/4057/76 1406/2442/76 1762/4054/76
f 1361/2458/137 1717/4058/137 1718/4059/137
f 1361/2458/137 1718/4059/137 1362/2459/137
f 1717/5474/97 1713/5478/97 1714/5479/97
f 1717/5474/97 1714/5479/97 1718/5475/97
f 1713/4061/4 1359/2464/4 1360/2465/4
f 1713/4061/4 1360/2465/4 1714/4062/4
f 1359/5812/43 1361/5810/43 1362/5811/43
f 1359/5812/43 1362/5811/43 1360/5813/43
f 1714/4063/76 1360/2466/76 1362/2460/76
f 1714/4063/76 1362/2460/76 1718/4060/76
f 1523/2446/137 1553/2594/137 1554/2595/137
f 1523/2446/137 1554/2595/137 1524/2447/137
f 1553/5624/97 1527/5644/97 1528/5645/97
f 1553/5624/97 1528/5645/97 1554/5625/97
f 1527/2597/4 1515/2452/4 1516/2453/4
f 1527/2597/4 1516/2453/4 1528/2598/4
f 1515/5656/43 1523/5648/43 1524/5649/43
f 1515/5656/43 1524/5649/43 1516/5657/43
f 1528/2599/76 1516/2454/76 1524/2448/76
f 1528/2599/76 1524/2448/76 1554/2596/76
f 1351/2479/137 1363/2649/137 1364/2650/137
f 1351/2479/137 1364/2650/137 1352/2480/137
f 1363/5808/97 1355/5816/97 1356/5817/97
f 1363/5808/97 1356/5817/97 1364/5809/97
f 1355/2658/4 1347/2485/4 1348/2486/4
f 1355/2658/4 1348/2486/4 1356/2659/4
f 1347/5824/43 1351/5820/43 1352/5821/43
f 1347/5824/43 1352/5821/43 1348/5825/43
f 1356/2660/76 1348/2487/76 1352/2481/76
f 1356/2660/76 1352/2481/76 1364/2651/76
f 1483/2674/137 1681/3424/137 1682/3425/137
f 1483/2674/137 1682/3425/137 1484/2675/137
f 1681/5510/97 1673/5518/97 1674/5519/97
f 1681/5510/97 1674/5519/97 1682/5511/97
f 1673/3427/4 1465/2688/4 1466/2689/4
f 1673/3427/4 1466/2689/4 1674/3428/4
f 1465/5706/43 1483/5688/43 1484/5689/43
f 1465/5706/43 1484/5689/43 1466/5707/43
f 1674/3429/76 1466/2690/76 1484/2676/76
f 1674/3429/76 1484/2676/76 1682/3426/76
f 1409/2721/137 1607/3430/137 1608/3431/137
f 1409/2721/137 1608/3431/137 1410/2722/137
f 1607/5574/97 1585/5596/97 1586/5597/97
f 1607/5574/97 1586/5597/97 1608/5575/97
f 1585/3433/4 1391/2737/4 1392/2738/4
f 1585/3433/4 1392/2738/4 1586/3434/4
f 1391/5780/43 1409/5762/43 1410/5763/43
f 1391/5780/43 1410/5763/43 1392/5781/43
f 1586/3435/76 1392/2739/76 1410/2723/76
f 1586/3435/76 1410/2723/76 1608/3432/76
f 1511/2777/137 1517/2799/137 1518/2800/137
f 1511/2777/137 1518/2800/137 1512/2778/137
f 1517/5654/97 1393/5778/97 1394/5779/97
f 1517/5654/97 1394/5779/97 1518/5655/97
f 1393/2811/4 1389/2791/4 1390/2792/4
f 1393/2811/4 1390/2792/4 1394/2812/4
f 1389/5782/43 1511/5660/43 1512/5661/43
f 1389/5782/43 1512/5661/43 1390/5783/43
f 1394/2813/76 1390/2793/76 1512/2779/76
f 1394/2813/76 1512/2779/76 1518/2801/76
f 1531/2841/137 1535/2947/137 1536/2948/137
f 1531/2841/137 1536/2948/137 1532/2842/137
f 1535/5638/97 1433/5738/97 1434/5739/97
f 1535/5638/97 1434/5739/97 1536/5639/97
f 1433/2957/4 1431/2847/4 1432/2848/4
f 1433/2957/4 1432/2848/4 1434/2958/4
f 1431/5740/43 1531/5640/43 1532/5641/43
f 1431/5740/43 1532/5641/43 1432/5741/43
f 1434/2959/76 1432/2849/76 1532/2843/76
f 1434/2959/76 1532/2843/76 1536/2949/76
f 1567/3075/137 1569/3090/137 1570/3091/137
f 1567/3075/137 1570/3091/137 1568/3076/137
f 1569/5612/97 1451/5720/97 1452/5721/97
f 1569/5612/97 1452/5721/97 1570/5613/97
f 1451/3099/4 1447/3084/4 1448/3085/4
f 1451/3099/4 1448/3085/4 1452/3100/4
f 1447/5724/43 1567/5614/43 1568/5615/43
f 1447/5724/43 1568/5615/43 1448/5725/43
f 1452/3101/76 1448/3086/76 1568/3077/76
f 1452/3101/76 1568/3077/76 1570/3092/76
f 1587/3133/137 1591/3145/137 1592/3146/137
f 1587/3133/137 1592/3146/137 1588/3134/137
f 1591/5590/97 1471/5700/97 1472/5701/97
f 1591/5590/97 1472/5701/97 1592/5591/97
f 1471/3151/4 1467/3139/4 1468/3140/4
f 1471/3151/4 1468/3140/4 1472/3152/4
f 1467/5704/43 1587/5594/43 1588/5595/43
f 1467/5704/43 1588/5595/43 1468/5705/43
f 1472/3153/76 1468/3141/76 1588/3135/76
f 1472/3153/76 1588/3135/76 1592/3147/76
f 1629/3175/137 1640/3187/137 1641/3188/137
f 1629/3175/137 1641/3188/137 1630/3176/137
f 1640/5547/97 1509/5662/97 1510/5663/97
f 1640/5547/97 1510/5663/97 1641/5548/97
f 1509/3193/4 1505/3181/4 1506/3182/4
f 1509/3193/4 1506/3182/4 1510/3194/4
f 1505/5666/43 1629/5556/43 1630/5557/43
f 1505/5666/43 1630/5557/43 1506/5667/43
f 1510/3195/76 1506/3183/76 1630/3177/76
f 1510/3195/76 1630/3177/76 1641/3189/76
f 1669/3263/137 1671/3300/137 1672/3301/137
f 1669/3263/137 1672/3301/137 1670/3264/137
f 1671/5520/97 1529/5642/97 1530/5643/97
f 1671/5520/97 1530/5643/97 1672/5521/97
f 1529/3348/4 1525/3287/4 1526/3288/4
f 1529/3348/4 1526/3288/4 1530/3349/4
f 1525/5646/43 1669/5522/43 1670/5523/43
f 1525/5646/43 1670/5523/43 1526/5647/43
f 1530/3350/76 1526/3289/76 1670/3265/76
f 1530/3350/76 1670/3265/76 1672/3302/76
f 1679/3398/137 1683/3404/137 1684/3405/137
f 1679/3398/137 1684/3405/137 1680/3399/137
f 1683/5508/97 1565/5616/97 1566/5617/97
f 1683/5508/97 1566/5617/97 1684/5509/97
f 1565/3407/4 1563/3401/4 1564/3402/4
f 1565/3407/4 1564/3402/4 1566/3408/4
f 1563/5618/43 1679/5512/43 1680/5513/43
f 1563/5618/43 1680/5513/43 1564/5619/43
f 1566/3409/76 1564/3403/76 1680/3400/76
f 1566/3409/76 1680/3400/76 1684/3406/76
f 1279/2476/137 1583/4077/137 1584/4078/137
f 1279/2476/137 1584/4078/137 1280/2477/137
f 1583/5598/97 1580/5601/97 1581/5602/97
f 1583/5598/97 1581/5602/97 1584/5599/97
f 1580/4080/4 1277/2482/4 1278/2483/4
f 1580/4080/4 1278/2483/4 1581/4081/4
f 1277/5884/43 1279/5882/43 1280/5883/43
f 1277/5884/43 1280/5883/43 1278/5885/43
f 1581/4082/76 1278/2484/76 1280/2478/76
f 1581/4082/76 1280/2478/76 1584/4079/76
f 1253/2505/137 1513/4100/137 1514/4101/137
f 1253/2505/137 1514/4101/137 1254/2506/137
f 1513/5658/97 1507/5664/97 1508/5665/97
f 1513/5658/97 1508/5665/97 1514/5659/97
f 1507/4105/4 1251/2508/4 1252/2509/4
f 1507/4105/4 1252/2509/4 1508/4106/4
f 1251/5910/43 1253/5908/43 1254/5909/43
f 1251/5910/43 1254/5909/43 1252/5911/43
f 1508/4107/76 1252/2510/76 1254/2507/76
f 1508/4107/76 1254/2507/76 1514/4102/76
f 1245/2511/137 1503/4108/137 1504/4109/137
f 1245/2511/137 1504/4109/137 1246/2512/137
f 1503/5668/97 1499/5672/97 1500/5673/97
f 1503/5668/97 1500/5673/97 1504/5669/97
f 1499/4111/4 1243/2514/4 1244/2515/4
f 1499/4111/4 1244/2515/4 1500/4112/4
f 1243/5918/43 1245/5916/43 1246/5917/43
f 1243/5918/43 1246/5917/43 1244/5919/43
f 1500/4113/76 1244/2516/76 1246/2513/76
f 1500/4113/76 1246/2513/76 1504/4110/76
f 1213/2520/137 1439/4116/137 1440/4117/137
f 1213/2520/137 1440/4117/137 1214/2521/137
f 1439/5732/97 1435/5736/97 1436/5737/97
f 1439/5732/97 1436/5737/97 1440/5733/97
f 1435/4119/4 1207/2523/4 1208/2524/4
f 1435/4119/4 1208/2524/4 1436/4120/4
f 1207/5952/43 1213/5948/43 1214/5949/43
f 1207/5952/43 1214/5949/43 1208/5953/43
f 1436/4121/76 1208/2525/76 1214/2522/76
f 1436/4121/76 1214/2522/76 1440/4118/76
f 1321/2495/137 1323/2517/137 1324/2518/137
f 1321/2495/137 1324/2518/137 1322/2496/137
f 1323/5848/97 1143/6008/97 1144/6009/97
f 1323/5848/97 1144/6009/97 1324/5849/97
f 1143/2558/4 1139/2543/4 1140/2544/4
f 1143/2558/4 1140/2544/4 1144/2559/4
f 1139/6012/43 1321/5850/43 1322/5851/43
f 1139/6012/43 1322/5851/43 1140/6013/43
f 1144/2560/76 1140/2545/76 1322/2497/76
f 1144/2560/76 1322/2497/76 1324/2519/76
f 1303/2488/137 1309/2498/137 1310/2499/137
f 1303/2488/137 1310/2499/137 1304/2489/137
f 1309/5854/97 1151/5996/97 1152/5997/97
f 1309/5854/97 1152/5997/97 1310/5855/97
f 1151/2536/4 1145/2529/4 1146/2530/4
f 1151/2536/4 1146/2530/4 1152/2537/4
f 1145/6002/43 1303/5860/43 1304/5861/43
f 1145/6002/43 1304/5861/43 1146/6003/43
f 1152/2542/76 1146/2535/76 1304/2494/76
f 1152/2542/76 1304/2494/76 1310/2504/76
f 1305/2490/137 1311/2500/137 1312/2501/137
f 1305/2490/137 1312/2501/137 1306/2491/137
f 1311/5856/97 1153/5998/97 1154/5999/97
f 1311/5856/97 1154/5999/97 1312/5857/97
f 1153/2538/4 1147/2531/4 1148/2532/4
f 1153/2538/4 1148/2532/4 1154/2539/4
f 1147/6004/43 1305/5862/43 1306/5863/43
f 1147/6004/43 1306/5863/43 1148/6005/43
f 1154/2542/76 1148/2535/76 1306/2494/76
f 1154/2542/76 1306/2494/76 1312/2504/76
f 1307/2492/137 1313/2502/137 1314/2503/137
f 1307/2492/137 1314/2503/137 1308/2493/137
f 1313/5858/97 1155/6000/97 1156/6001/97
f 1313/5858/97 1156/6001/97 1314/5859/97
f 1155/2540/4 1149/2533/4 1150/2534/4
f 1155/2540/4 1150/2534/4 1156/2541/4
f 1149/6006/43 1307/5864/43 1308/5865/43
f 1149/6006/43 1308/5865/43 1150/6007/43
f 1156/2542/76 1150/2535/76 1308/2494/76
f 1156/2542/76 1308/2494/76 1314/2504/76
f 1039/2549/137 1331/4138/137 1332/4139/137
f 1039/2549/137 1332/4139/137 1040/2550/137
f 1331/5840/97 1329/5842/97 1330/5843/97
f 1331/5840/97 1330/5843/97 1332/5841/97
f 1329/4141/4 1037/2552/4 1038/2553/4
f 1329/4141/4 1038/2553/4 1330/4142/4
f 1037/6104/43 1039/6102/43 1040/6103/43
f 1037/6104/43 1040/6103/43 1038/6105/43
f 1330/4143/76 1038/2554/76 1040/2551/76
f 1330/4143/76 1040/2551/76 1332/4140/76
f 995/2561/137 1291/4167/137 1292/4168/137
f 995/2561/137 1292/4168/137 996/2562/137
f 1291/5870/97 1289/5872/97 1290/5873/97
f 1291/5870/97 1290/5873/97 1292/5871/97
f 1289/4170/4 993/2564/4 994/2565/4
f 1289/4170/4 994/2565/4 1290/4171/4
f 993/6148/43 995/6146/43 996/6147/43
f 993/6148/43 996/6147/43 994/6149/43
f 1290/4172/76 994/2566/76 996/2563/76
f 1290/4172/76 996/2563/76 1292/4169/76
f 981/2569/137 1287/4173/137 1288/4174/137
f 981/2569/137 1288/4174/137 982/2570/137
f 1287/5874/97 1283/5878/97 1284/5879/97
f 1287/5874/97 1284/5879/97 1288/5875/97
f 1283/4176/4 979/2572/4 980/2573/4
f 1283/4176/4 980/2573/4 1284/4177/4
f 979/6162/43 981/6160/43 982/6161/43
f 979/6162/43 982/6161/43 980/6163/43
f 1284/4178/76 980/2574/76 982/2571/76
f 1284/4178/76 982/2571/76 1288/4175/76
f 943/2588/137 1257/4186/137 1258/4187/137
f 943/2588/137 1258/4187/137 944/2589/137
f 1257/5904/97 1255/5906/97 1256/5907/97
f 1257/5904/97 1256/5907/97 1258/5905/97
f 1255/4189/4 941/2591/4 942/2592/4
f 1255/4189/4 942/2592/4 1256/4190/4
f 941/6200/43 943/6198/43 944/6199/43
f 941/6200/43 944/6199/43 942/6201/43
f 1256/4191/76 942/2593/76 944/2590/76
f 1256/4191/76 944/2590/76 1258/4188/76
f 1087/2575/137 1107/2780/137 1108/2781/137
f 1087/2575/137 1108/2781/137 1090/2576/137
f 1107/6044/97 1093/6058/97 1094/6059/97
f 1107/6044/97 1094/6059/97 1108/6045/97
f 1093/2783/4 1077/2578/4 1078/2579/4
f 1093/2783/4 1078/2579/4 1094/2784/4
f 1077/6074/43 1087/6062/43 1090/6065/43
f 1077/6074/43 1090/6065/43 1078/6075/43
f 1094/2785/76 1078/2580/76 1090/2577/76
f 1094/2785/76 1090/2577/76 1108/2782/76
f 917/2611/137 945/2802/137 946/2803/137
f 917/2611/137 946/2803/137 918/2612/137
f 945/6196/97 919/6222/97 920/6223/97
f 945/6196/97 920/6223/97 946/6197/97
f 919/2805/4 913/2617/4 914/2618/4
f 919/2805/4 914/2618/4 920/2806/4
f 913/6228/43 917/6224/43 918/6225/43
f 913/6228/43 918/6225/43 914/6229/43
f 920/2807/76 914/2619/76 918/2613/76
f 920/2807/76 918/2613/76 946/2804/76
f 1041/2814/137 1239/3479/137 1240/3480/137
f 1041/2814/137 1240/3480/137 1042/2815/137
f 1239/5922/97 1233/5928/97 1234/5929/97
f 1239/5922/97 1234/5929/97 1240/5923/97
f 1233/3486/4 1027/2817/4 1028/2818/4
f 1233/3486/4 1028/2818/4 1234/3487/4
f 1027/6114/43 1041/6100/43 1042/6101/43
f 1027/6114/43 1042/6101/43 1028/6115/43
f 1234/3488/76 1028/2819/76 1042/2816/76
f 1234/3488/76 1042/2816/76 1240/3481/76
f 989/2820/137 1159/3494/137 1160/3495/137
f 989/2820/137 1160/3495/137 990/2821/137
f 1159/5992/97 1135/6016/97 1136/6017/97
f 1159/5992/97 1136/6017/97 1160/5993/97
f 1135/3497/4 973/2823/4 974/2824/4
f 1135/3497/4 974/2824/4 1136/3498/4
f 973/6168/43 989/6152/43 990/6153/43
f 973/6168/43 990/6153/43 974/6169/43
f 1136/3499/76 974/2825/76 990/2822/76
f 1136/3499/76 990/2822/76 1160/3496/76
f 1073/2826/137 1079/2832/137 1080/2833/137
f 1073/2826/137 1080/2833/137 1074/2827/137
f 1079/6072/97 975/6166/97 976/6167/97
f 1079/6072/97 976/6167/97 1080/6073/97
f 975/2835/4 971/2829/4 972/2830/4
f 975/2835/4 972/2830/4 976/2836/4
f 971/6170/43 1073/6078/43 1074/6079/43
f 971/6170/43 1074/6079/43 972/6171/43
f 976/2837/76 972/2831/76 1074/2828/76
f 976/2837/76 1074/2828/76 1080/2834/76
f 1099/3060/137 1103/3066/137 1104/3067/137
f 1099/3060/137 1104/3067/137 1100/3061/137
f 1103/6048/97 1001/6140/97 1002/6141/97
f 1103/6048/97 1002/6141/97 1104/6049/97
f 1001/3069/4 999/3063/4 1000/3064/4
f 1001/3069/4 1000/3064/4 1002/3070/4
f 999/6142/43 1099/6052/43 1100/6053/43
f 999/6142/43 1100/6053/43 1000/6143/43
f 1002/3071/76 1000/3065/76 1100/3062/76
f 1002/3071/76 1100/3062/76 1104/3068/76
f 1123/3118/137 1125/3124/137 1126/3125/137
f 1123/3118/137 1126/3125/137 1124/3119/137
f 1125/6026/97 1019/6122/97 1020/6123/97
f 1125/6026/97 1020/6123/97 1126/6027/97
f 1019/3127/4 1015/3121/4 1016/3122/4
f 1019/3127/4 1016/3122/4 1020/3128/4
f 1015/6126/43 1123/6028/43 1124/6029/43
f 1015/6126/43 1124/6029/43 1016/6127/43
f 1020/3129/76 1016/3123/76 1124/3120/76
f 1020/3129/76 1124/3120/76 1126/3126/76
f 1137/3160/137 1141/3166/137 1142/3167/137
f 1137/3160/137 1142/3167/137 1138/3161/137
f 1141/6010/97 1035/6106/97 1036/6107/97
f 1141/6010/97 1036/6107/97 1142/6011/97
f 1035/3169/4 1031/3163/4 1032/3164/4
f 1035/3169/4 1032/3164/4 1036/3170/4
f 1031/6110/43 1137/6014/43 1138/6015/43
f 1031/6110/43 1138/6015/43 1032/6111/43
f 1036/3171/76 1032/3165/76 1138/3162/76
f 1036/3171/76 1138/3162/76 1142/3168/76
f 1186/3230/137 1198/3240/137 1199/3241/137
f 1186/3230/137 1199/3241/137 1187/3231/137
f 1198/5959/97 1071/6080/97 1072/6081/97
f 1198/5959/97 1072/6081/97 1199/5960/97
f 1071/3253/4 1065/3233/4 1066/3234/4
f 1071/3253/4 1066/3234/4 1072/3254/4
f 1065/6084/43 1186/5971/43 1187/5972/43
f 1065/6084/43 1187/5972/43 1066/6085/43
f 1072/3255/76 1066/3235/76 1187/3232/76
f 1072/3255/76 1187/3232/76 1199/3242/76
f 1223/3386/137 1225/3392/137 1226/3393/137
f 1223/3386/137 1226/3393/137 1224/3387/137
f 1225/5936/97 1097/6054/97 1098/6055/97
f 1225/5936/97 1098/6055/97 1226/5937/97
f 1097/3395/4 1091/3389/4 1092/3390/4
f 1097/3395/4 1092/3390/4 1098/3396/4
f 1091/6060/43 1223/5938/43 1224/5939/43
f 1091/6060/43 1224/5939/43 1092/6061/43
f 1098/3397/76 1092/3391/76 1224/3388/76
f 1098/3397/76 1224/3388/76 1226/3394/76
f 1237/3436/137 1241/3443/137 1242/3444/137
f 1237/3436/137 1242/3444/137 1238/3437/137
f 1241/5920/97 1121/6030/97 1122/6031/97
f 1241/5920/97 1122/6031/97 1242/5921/97
f 1121/3471/4 1119/3439/4 1120/3440/4
f 1121/3471/4 1120/3440/4 1122/3472/4
f 1119/6032/43 1237/5924/43 1238/5925/43
f 1119/6032/43 1238/5925/43 1120/6033/43
f 1122/3473/76 1120/3441/76 1238/3438/76
f 1122/3473/76 1238/3438/76 1242/3445/76
f 865/2608/137 1133/4204/137 1134/4205/137
f 865/2608/137 1134/4205/137 866/2609/137
f 1133/6018/97 1131/6020/97 1132/6021/97
f 1133/6018/97 1132/6021/97 1134/6019/97
f 1131/4207/4 863/2614/4 864/2615/4
f 1131/4207/4 864/2615/4 1132/4208/4
f 863/6278/43 865/6276/43 866/6277/43
f 863/6278/43 866/6277/43 864/6279/43
f 1132/4209/76 864/2616/76 866/2610/76
f 1132/4209/76 866/2610/76 1134/4206/76
f 841/2637/137 1075/4223/137 1076/4224/137
f 841/2637/137 1076/4224/137 842/2638/137
f 1075/6076/97 1069/6082/97 1070/6083/97
f 1075/6076/97 1070/6083/97 1076/6077/97
f 1069/4226/4 839/2640/4 840/2641/4
f 1069/4226/4 840/2641/4 1070/4227/4
f 839/6292/43 841/6290/43 842/6291/43
f 839/6292/43 842/6291/43 840/6293/43
f 1070/4228/76 840/2642/76 842/2639/76
f 1070/4228/76 842/2639/76 1076/4225/76
f 833/2643/137 1059/4233/137 1060/4234/137
f 833/2643/137 1060/4234/137 834/2644/137
f 1059/6088/97 1055/6092/97 1056/6093/97
f 1059/6088/97 1056/6093/97 1060/6089/97
f 1055/4236/4 831/2646/4 832/2647/4
f 1055/4236/4 832/2647/4 1056/4237/4
f 831/6300/43 833/6298/43 834/6299/43
f 831/6300/43 834/6299/43 832/6301/43
f 1056/4238/76 832/2648/76 834/2645/76
f 1056/4238/76 834/2645/76 1060/4235/76
f 813/2671/137 1005/4240/137 1006/4241/137
f 813/2671/137 1006/4241/137 814/2672/137
f 1005/6136/97 1003/6138/97 1004/6139/97
f 1005/6136/97 1004/6139/97 1006/6137/97
f 1003/4243/4 811/2677/4 812/2678/4
f 1003/4243/4 812/2678/4 1004/4244/4
f 811/6320/43 813/6318/43 814/6319/43
f 811/6320/43 814/6319/43 812/6321/43
f 1004/4245/76 812/2679/76 814/2673/76
f 1004/4245/76 814/2673/76 1006/4242/76
f 887/2627/137 889/2664/137 890/2665/137
f 887/2627/137 890/2665/137 888/2628/137
f 889/6252/97 793/6338/97 794/6339/97
f 889/6252/97 794/6339/97 890/6253/97
f 793/2763/4 791/2752/4 792/2753/4
f 793/2763/4 792/2753/4 794/2764/4
f 791/6340/43 887/6254/43 888/6255/43
f 791/6340/43 888/6255/43 792/6341/43
f 794/2765/76 792/2754/76 888/2629/76
f 794/2765/76 888/2629/76 890/2666/76
f 875/2620/137 881/2630/137 882/2631/137
f 875/2620/137 882/2631/137 876/2621/137
f 881/6256/97 801/6326/97 802/6327/97
f 881/6256/97 802/6327/97 882/6257/97
f 801/2745/4 795/2726/4 796/2727/4
f 801/2745/4 796/2727/4 802/2746/4
f 795/6332/43 875/6262/43 876/6263/43
f 795/6332/43 876/6263/43 796/6333/43
f 802/2751/76 796/2732/76 876/2626/76
f 802/2751/76 876/2626/76 882/2636/76
f 877/2622/137 883/2632/137 884/2633/137
f 877/2622/137 884/2633/137 878/2623/137
f 883/6258/97 803/6328/97 804/6329/97
f 883/6258/97 804/6329/97 884/6259/97
f 803/2747/4 797/2728/4 798/2729/4
f 803/2747/4 798/2729/4 804/2748/4
f 797/6334/43 877/6264/43 878/6265/43
f 797/6334/43 878/6265/43 798/6335/43
f 804/2751/76 798/2732/76 878/2626/76
f 804/2751/76 878/2626/76 884/2636/76
f 879/2624/137 885/2634/137 886/2635/137
f 879/2624/137 886/2635/137 880/2625/137
f 885/6260/97 805/6330/97 806/6331/97
f 885/6260/97 806/6331/97 886/6261/97
f 805/2749/4 799/2730/4 800/2731/4
f 805/2749/4 800/2731/4 806/2750/4
f 799/6336/43 879/6266/43 880/6267/43
f 799/6336/43 880/6267/43 800/6337/43
f 806/2751/76 800/2732/76 880/2626/76
f 806/2751/76 880/2626/76 886/2636/76
f 2105/5110/31 2079/5134/31 2081/5135/31
f 2105/5110/31 2081/5135/31 2107/5111/31
f 2079/2733/11 2073/2699/11 2074/2700/11
f 2079/2733/11 2074/2700/11 2081/2734/11
f 2073/2699/12 2080/2667/12 2082/2668/12
f 2073/2699/12 2082/2668/12 2074/2700/12
f 2080/5134/32 2106/5110/32 2108/5111/32
f 2080/5134/32 2108/5111/32 2082/5135/32
f 2106/5110/110 2120/5100/110 2122/5101/110
f 2106/5110/110 2122/5101/110 2108/5111/110
f 2120/2667/130 2129/2699/130 2130/2700/130
f 2120/2667/130 2130/2700/130 2122/2668/130
f 2129/2699/129 2119/2733/129 2121/2734/129
f 2129/2699/129 2121/2734/129 2130/2700/129
f 2119/5100/109 2105/5110/109 2107/5111/109
f 2119/5100/109 2107/5111/109 2121/5101/109
f 2130/2701/76 2121/2735/76 2107/2740/76
f 2130/2701/76 2107/2740/76 2081/2736/76
f 2130/2701/76 2081/2736/76 2074/2702/76
f 2130/2701/76 2074/2702/76 2082/2670/76
f 2130/2701/76 2082/2670/76 2108/2663/76
f 2130/2701/76 2108/2663/76 2122/2669/76
f 2101/2716/57 2065/2771/57 2069/2773/57
f 2101/2716/57 2069/2773/57 2103/2720/57
f 2103/2719/131 2069/2772/131 2070/2768/131
f 2103/2719/131 2070/2768/131 2104/2713/131
f 2104/2714/84 2070/2769/84 2066/2767/84
f 2104/2714/84 2066/2767/84 2102/2712/84
f 2102/2711/10 2066/2766/10 2065/2770/10
f 2102/2711/10 2065/2770/10 2101/2715/10
f 2101/5115/104 2103/5113/104 2104/5112/104
f 2101/5115/104 2104/5112/104 2102/5114/104
f 2066/5146/37 2070/5142/37 2069/5143/37
f 2066/5146/37 2069/5143/37 2065/5147/37
f 2096/2692/33 2054/2653/33 2053/2657/33
f 2096/2692/33 2053/2657/33 2095/2696/33
f 2095/5121/35 2053/5159/35 2055/5157/35
f 2095/5121/35 2055/5157/35 2097/5119/35
f 2097/2698/108 2055/2662/108 2056/2655/108
f 2097/2698/108 2056/2655/108 2098/2694/108
f 2098/5118/106 2056/5156/106 2054/5158/106
f 2098/5118/106 2054/5158/106 2096/5120/106
f 2096/2691/125 2095/2695/125 2097/2697/125
f 2096/2691/125 2097/2697/125 2098/2693/125
f 2056/2654/16 2055/2661/16 2053/2656/16
f 2056/2654/16 2053/2656/16 2054/2652/16
f 2112/2683/83 2138/2603/83 2132/2601/83
f 2112/2683/83 2132/2601/83 2110/2681/83
f 2110/2680/10 2132/2600/10 2131/2604/10
f 2110/2680/10 2131/2604/10 2109/2684/10
f 2109/2685/58 2131/2605/58 2137/2607/58
f 2109/2685/58 2137/2607/58 2111/2687/58
f 2111/2686/131 2137/2606/131 2138/2602/131
f 2111/2686/131 2138/2602/131 2112/2682/131
f 2112/5106/36 2110/5108/36 2109/5109/36
f 2112/5106/36 2109/5109/36 2111/5107/36
f 2137/5091/105 2131/5095/105 2132/5094/105
f 2137/5091/105 2132/5094/105 2138/5090/105
f 2115/2710/107 2155/2758/107 2156/2744/107
f 2115/2710/107 2156/2744/107 2116/2706/107
f 2116/5102/106 2156/5076/106 2154/5078/106
f 2116/5102/106 2154/5078/106 2114/5104/106
f 2114/2704/34 2154/2742/34 2153/2756/34
f 2114/2704/34 2153/2756/34 2113/2708/34
f 2113/5105/35 2153/5079/35 2155/5077/35
f 2113/5105/35 2155/5077/35 2115/5103/35
f 2115/2709/15 2116/2705/15 2114/2703/15
f 2115/2709/15 2114/2703/15 2113/2707/15
f 2153/2755/126 2154/2741/126 2156/2743/126
f 2153/2755/126 2156/2743/126 2155/2757/126
f 1181/5974/31 1165/5988/31 1167/5989/31
f 1181/5974/31 1167/5989/31 1183/5975/31
f 1165/3923/11 1163/3897/11 1164/3898/11
f 1165/3923/11 1164/3898/11 1167/3924/11
f 1163/3897/12 1166/3871/12 1168/3872/12
f 1163/3897/12 1168/3872/12 1164/3898/12
f 1166/5988/32 1182/5974/32 1184/5975/32
f 1166/5988/32 1184/5975/32 1168/5989/32
f 1182/5974/110 1202/5956/110 1204/5957/110
f 1182/5974/110 1204/5957/110 1184/5975/110
f 1202/3871/130 1209/3897/130 1210/3898/130
f 1202/3871/130 1210/3898/130 1204/3872/130
f 1209/3897/129 1201/3923/129 1203/3924/129
f 1209/3897/129 1203/3924/129 1210/3898/129
f 1201/5956/109 1181/5974/109 1183/5975/109
f 1201/5956/109 1183/5975/109 1203/5957/109
f 1210/3899/76 1203/3925/76 1183/3927/76
f 1210/3899/76 1183/3927/76 1167/3926/76
f 1210/3899/76 1167/3926/76 1164/3900/76
f 1210/3899/76 1164/3900/76 1168/3874/76
f 1210/3899/76 1168/3874/76 1184/3870/76
f 1210/3899/76 1184/3870/76 1204/3873/76
f 1177/3920/57 1157/3967/57 1161/3969/57
f 1177/3920/57 1161/3969/57 1179/3922/57
f 1179/3921/131 1161/3968/131 1162/3964/131
f 1179/3921/131 1162/3964/131 1180/3917/131
f 1180/3918/84 1162/3965/84 1158/3963/84
f 1180/3918/84 1158/3963/84 1178/3916/84
f 1178/3915/10 1158/3962/10 1157/3966/10
f 1178/3915/10 1157/3966/10 1177/3919/10
f 1177/5979/104 1179/5977/104 1180/5976/104
f 1177/5979/104 1180/5976/104 1178/5978/104
f 1158/5994/37 1162/5990/37 1161/5991/37
f 1158/5994/37 1161/5991/37 1157/5995/37
f 1172/3884/33 1128/3855/33 1127/3861/33
f 1172/3884/33 1127/3861/33 1171/3888/33
f 1171/5985/35 1127/6025/35 1129/6023/35
f 1171/5985/35 1129/6023/35 1173/5983/35
f 1173/3890/108 1129/3863/108 1130/3857/108
f 1173/3890/108 1130/3857/108 1176/3886/108
f 1176/5980/106 1130/6022/106 1128/6024/106
f 1176/5980/106 1128/6024/106 1172/5984/106
f 1172/3883/125 1171/3887/125 1173/3889/125
f 1172/3883/125 1173/3889/125 1176/3885/125
f 1130/3856/16 1129/3862/16 1127/3860/16
f 1130/3856/16 1127/3860/16 1128/3854/16
f 1190/3878/83 1216/3825/83 1212/3823/83
f 1190/3878/83 1212/3823/83 1188/3876/83
f 1188/3875/10 1212/3822/10 1211/3826/10
f 1188/3875/10 1211/3826/10 1185/3879/10
f 1185/3880/58 1211/3827/58 1215/3829/58
f 1185/3880/58 1215/3829/58 1189/3882/58
f 1189/3881/131 1215/3828/131 1216/3824/131
f 1189/3881/131 1216/3824/131 1190/3877/131
f 1190/5968/36 1188/5970/36 1185/5973/36
f 1190/5968/36 1185/5973/36 1189/5969/36
f 1215/5947/105 1211/5951/105 1212/5950/105
f 1215/5947/105 1212/5950/105 1216/5946/105
f 1197/3914/107 1231/3941/107 1232/3934/107
f 1197/3914/107 1232/3934/107 1200/3904/107
f 1200/5958/106 1232/5930/106 1230/5932/106
f 1200/5958/106 1230/5932/106 1196/5962/106
f 1196/3902/34 1230/3929/34 1229/3939/34
f 1196/3902/34 1229/3939/34 1193/3912/34
f 1193/5965/35 1229/5933/35 1231/5931/35
f 1193/5965/35 1231/5931/35 1197/5961/35
f 1197/3913/15 1200/3903/15 1196/3901/15
f 1197/3913/15 1196/3901/15 1193/3911/15
f 1229/3938/126 1230/3928/126 1232/3933/126
f 1229/3938/126 1232/3933/126 1231/3940/126
f 1759/514/137 1905/1348/137 1906/1349/137
f 1759/514/137 1906/1349/137 1760/515/137
f 1905/5296/97 1903/5298/97 1904/5299/97
f 1905/5296/97 1904/5299/97 1906/5297/97
f 1903/1351/4 1755/517/4 1756/518/4
f 1903/1351/4 1756/518/4 1904/1352/4
f 1755/5436/43 1759/5432/43 1760/5433/43
f 1755/5436/43 1760/5433/43 1756/5437/43
f 1904/1353/76 1756/519/76 1760/516/76
f 1904/1353/76 1760/516/76 1906/1350/76
f 1715/521/137 1885/1366/137 1886/1367/137
f 1715/521/137 1886/1367/137 1716/522/137
f 1885/5316/97 1883/5318/97 1884/5319/97
f 1885/5316/97 1884/5319/97 1886/5317/97
f 1883/1369/4 1711/524/4 1712/525/4
f 1883/1369/4 1712/525/4 1884/1370/4
f 1711/5480/43 1715/5476/43 1716/5477/43
f 1711/5480/43 1716/5477/43 1712/5481/43
f 1884/1371/76 1712/526/76 1716/523/76
f 1884/1371/76 1716/523/76 1886/1368/76
f 1693/527/137 1877/1375/137 1878/1376/137
f 1693/527/137 1878/1376/137 1694/528/137
f 1877/5324/97 1873/5328/97 1874/5329/97
f 1877/5324/97 1874/5329/97 1878/5325/97
f 1873/1378/4 1687/530/4 1688/531/4
f 1873/1378/4 1688/531/4 1874/1379/4
f 1687/5504/43 1693/5498/43 1694/5499/43
f 1687/5504/43 1694/5499/43 1688/5505/43
f 1874/1380/76 1688/532/76 1694/529/76
f 1874/1380/76 1694/529/76 1878/1377/76
f 1649/533/137 1837/1393/137 1838/1394/137
f 1649/533/137 1838/1394/137 1650/534/137
f 1837/5364/97 1835/5366/97 1836/5367/97
f 1837/5364/97 1836/5367/97 1838/5365/97
f 1835/1396/4 1647/536/4 1648/537/4
f 1835/1396/4 1648/537/4 1836/1397/4
f 1647/5540/43 1649/5538/43 1650/5539/43
f 1647/5540/43 1650/5539/43 1648/5541/43
f 1836/1398/76 1648/538/76 1650/535/76
f 1836/1398/76 1650/535/76 1838/1395/76
f 1909/1216/137 1921/1334/137 1922/1335/137
f 1909/1216/137 1922/1335/137 1910/1217/137
f 1921/5280/97 1915/5286/97 1916/5287/97
f 1921/5280/97 1916/5287/97 1922/5281/97
f 1915/1337/4 1907/1222/4 1908/1223/4
f 1915/1337/4 1908/1223/4 1916/1338/4
f 1907/5294/43 1909/5292/43 1910/5293/43
f 1907/5294/43 1910/5293/43 1908/5295/43
f 1916/1339/76 1908/1224/76 1910/1218/76
f 1916/1339/76 1910/1218/76 1922/1336/76
f 1775/1234/137 1803/1372/137 1804/1373/137
f 1775/1234/137 1804/1373/137 1776/1235/137
f 1803/5388/97 1793/5398/97 1794/5399/97
f 1803/5388/97 1794/5399/97 1804/5389/97
f 1793/1381/4 1763/1237/4 1764/1238/4
f 1793/1381/4 1764/1238/4 1794/1382/4
f 1763/5428/43 1775/5416/43 1776/5417/43
f 1763/5428/43 1776/5417/43 1764/5429/43
f 1794/1383/76 1764/1239/76 1776/1236/76
f 1794/1383/76 1776/1236/76 1804/1374/76
f 1753/865/137 1887/1219/137 1888/1220/137
f 1753/865/137 1888/1220/137 1754/866/137
f 1887/5314/97 1879/5322/97 1880/5323/97
f 1887/5314/97 1880/5323/97 1888/5315/97
f 1879/1225/4 1743/868/4 1744/869/4
f 1879/1225/4 1744/869/4 1880/1226/4
f 1743/5448/43 1753/5438/43 1754/5439/43
f 1743/5448/43 1754/5439/43 1744/5449/43
f 1880/1227/76 1744/870/76 1754/867/76
f 1880/1227/76 1754/867/76 1888/1221/76
f 1709/877/137 1861/1228/137 1862/1229/137
f 1709/877/137 1862/1229/137 1710/878/137
f 1861/5340/97 1839/5362/97 1840/5363/97
f 1861/5340/97 1840/5363/97 1862/5341/97
f 1839/1231/4 1691/880/4 1692/881/4
f 1839/1231/4 1692/881/4 1840/1232/4
f 1691/5500/43 1709/5482/43 1710/5483/43
f 1691/5500/43 1710/5483/43 1692/5501/43
f 1840/1233/76 1692/882/76 1710/879/76
f 1840/1233/76 1710/879/76 1862/1230/76
f 1773/905/137 1777/923/137 1778/924/137
f 1773/905/137 1778/924/137 1774/906/137
f 1777/5414/97 1699/5492/97 1700/5493/97
f 1777/5414/97 1700/5493/97 1778/5415/97
f 1699/940/4 1689/914/4 1690/915/4
f 1699/940/4 1690/915/4 1700/941/4
f 1689/5502/43 1773/5418/43 1774/5419/43
f 1689/5502/43 1774/5419/43 1690/5503/43
f 1700/942/76 1690/916/76 1774/907/76
f 1700/942/76 1774/907/76 1778/925/76
f 1801/1051/137 1805/1057/137 1806/1058/137
f 1801/1051/137 1806/1058/137 1802/1052/137
f 1805/5386/97 1721/5470/97 1722/5471/97
f 1805/5386/97 1722/5471/97 1806/5387/97
f 1721/1063/4 1719/1054/4 1720/1055/4
f 1721/1063/4 1720/1055/4 1722/1064/4
f 1719/5472/43 1801/5390/43 1802/5391/43
f 1719/5472/43 1802/5391/43 1720/5473/43
f 1722/1065/76 1720/1056/76 1802/1053/76
f 1722/1065/76 1802/1053/76 1806/1059/76
f 1817/1087/137 1823/1102/137 1824/1103/137
f 1817/1087/137 1824/1103/137 1818/1088/137
f 1823/5374/97 1737/5454/97 1738/5455/97
f 1823/5374/97 1738/5455/97 1824/5375/97
f 1737/1108/4 1723/1098/4 1724/1099/4
f 1737/1108/4 1724/1099/4 1738/1109/4
f 1723/5468/43 1817/5378/43 1818/5379/43
f 1723/5468/43 1818/5379/43 1724/5469/43
f 1738/1110/76 1724/1100/76 1818/1089/76
f 1738/1110/76 1818/1089/76 1824/1104/76
f 1857/1120/137 1859/1126/137 1860/1127/137
f 1857/1120/137 1860/1127/137 1858/1121/137
f 1859/5342/97 1751/5440/97 1752/5441/97
f 1859/5342/97 1752/5441/97 1860/5343/97
f 1751/1132/4 1745/1123/4 1746/1124/4
f 1751/1132/4 1746/1124/4 1752/1133/4
f 1745/5446/43 1857/5344/43 1858/5345/43
f 1745/5446/43 1858/5345/43 1746/5447/43
f 1752/1134/76 1746/1125/76 1858/1122/76
f 1752/1134/76 1858/1122/76 1860/1128/76
f 1863/1144/137 1867/1150/137 1868/1151/137
f 1863/1144/137 1868/1151/137 1864/1145/137
f 1867/5334/97 1771/5420/97 1772/5421/97
f 1867/5334/97 1772/5421/97 1868/5335/97
f 1771/1156/4 1769/1147/4 1770/1148/4
f 1771/1156/4 1770/1148/4 1772/1157/4
f 1769/5422/43 1863/5338/43 1864/5339/43
f 1769/5422/43 1864/5339/43 1770/5423/43
f 1772/1158/76 1770/1149/76 1864/1146/76
f 1772/1158/76 1864/1146/76 1868/1152/76
f 1871/1168/137 1875/1174/137 1876/1175/137
f 1871/1168/137 1876/1175/137 1872/1169/137
f 1875/5326/97 1799/5392/97 1800/5393/97
f 1875/5326/97 1800/5393/97 1876/5327/97
f 1799/1180/4 1797/1171/4 1798/1172/4
f 1799/1180/4 1798/1172/4 1800/1181/4
f 1797/5394/43 1871/5330/43 1872/5331/43
f 1797/5394/43 1872/5331/43 1798/5395/43
f 1800/1182/76 1798/1173/76 1872/1170/76
f 1800/1182/76 1872/1170/76 1876/1176/76
f 1881/1192/137 1889/1198/137 1890/1199/137
f 1881/1192/137 1890/1199/137 1882/1193/137
f 1889/5312/97 1815/5380/97 1816/5381/97
f 1889/5312/97 1816/5381/97 1890/5313/97
f 1815/1204/4 1809/1195/4 1810/1196/4
f 1815/1204/4 1810/1196/4 1816/1205/4
f 1809/5384/43 1881/5320/43 1882/5321/43
f 1809/5384/43 1882/5321/43 1810/5385/43
f 1816/1206/76 1810/1197/76 1882/1194/76
f 1816/1206/76 1882/1194/76 1890/1200/76
f 1453/543/137 1703/1422/137 1704/1423/137
f 1453/543/137 1704/1423/137 1454/544/137
f 1703/5488/97 1701/5490/97 1702/5491/97
f 1703/5488/97 1702/5491/97 1704/5489/97
f 1701/1425/4 1449/546/4 1450/547/4
f 1701/1425/4 1450/547/4 1702/1426/4
f 1449/5722/43 1453/5718/43 1454/5719/43
f 1449/5722/43 1454/5719/43 1450/5723/43
f 1702/1427/76 1450/548/76 1454/545/76
f 1702/1427/76 1454/545/76 1704/1424/76
f 1385/549/137 1667/1437/137 1668/1438/137
f 1385/549/137 1668/1438/137 1386/550/137
f 1667/5524/97 1665/5526/97 1666/5527/97
f 1667/5524/97 1666/5527/97 1668/5525/97
f 1665/1440/4 1383/552/4 1384/553/4
f 1665/1440/4 1384/553/4 1666/1441/4
f 1383/5788/43 1385/5786/43 1386/5787/43
f 1383/5788/43 1386/5787/43 1384/5789/43
f 1666/1442/76 1384/554/76 1386/551/76
f 1666/1442/76 1386/551/76 1668/1439/76
f 1371/555/137 1622/1443/137 1623/1444/137
f 1371/555/137 1623/1444/137 1372/556/137
f 1622/5563/97 1619/5566/97 1620/5567/97
f 1622/5563/97 1620/5567/97 1623/5564/97
f 1619/1446/4 1369/558/4 1370/559/4
f 1619/1446/4 1370/559/4 1620/1447/4
f 1369/5802/43 1371/5800/43 1372/5801/43
f 1369/5802/43 1372/5801/43 1370/5803/43
f 1620/1448/76 1370/560/76 1372/557/76
f 1620/1448/76 1372/557/76 1623/1445/76
f 1335/561/137 1545/1469/137 1546/1470/137
f 1335/561/137 1546/1470/137 1336/562/137
f 1545/5630/97 1537/5636/97 1538/5637/97
f 1545/5630/97 1538/5637/97 1546/5631/97
f 1537/1472/4 1333/564/4 1334/565/4
f 1537/1472/4 1334/565/4 1538/1473/4
f 1333/5838/43 1335/5836/43 1336/5837/43
f 1333/5838/43 1336/5837/43 1334/5839/43
f 1538/1474/76 1334/566/76 1336/563/76
f 1538/1474/76 1336/563/76 1546/1471/76
f 1739/1387/137 1741/1399/137 1742/1400/137
f 1739/1387/137 1742/1400/137 1740/1388/137
f 1741/5450/97 1475/5696/97 1476/5697/97
f 1741/5450/97 1476/5697/97 1742/5451/97
f 1475/1459/4 1473/1434/4 1474/1435/4
f 1475/1459/4 1474/1435/4 1476/1460/4
f 1473/5698/43 1739/5452/43 1740/5453/43
f 1473/5698/43 1740/5453/43 1474/5699/43
f 1476/1461/76 1474/1436/76 1740/1389/76
f 1476/1461/76 1740/1389/76 1742/1401/76
f 1725/1402/137 1731/1409/137 1732/1410/137
f 1725/1402/137 1732/1410/137 1726/1403/137
f 1731/5456/97 1491/5676/97 1492/5677/97
f 1731/5456/97 1492/5677/97 1732/5457/97
f 1491/1462/4 1485/1452/4 1486/1453/4
f 1491/1462/4 1486/1453/4 1492/1463/4
f 1485/5682/43 1725/5462/43 1726/5463/43
f 1485/5682/43 1726/5463/43 1486/5683/43
f 1492/1468/76 1486/1458/76 1726/1408/76
f 1492/1468/76 1726/1408/76 1732/1415/76
f 1727/1404/137 1733/1411/137 1734/1412/137
f 1727/1404/137 1734/1412/137 1728/1405/137
f 1733/5458/97 1493/5678/97 1494/5679/97
f 1733/5458/97 1494/5679/97 1734/5459/97
f 1493/1464/4 1487/1454/4 1488/1455/4
f 1493/1464/4 1488/1455/4 1494/1465/4
f 1487/5684/43 1727/5464/43 1728/5465/43
f 1487/5684/43 1728/5465/43 1488/5685/43
f 1494/1468/76 1488/1458/76 1728/1408/76
f 1494/1468/76 1728/1408/76 1734/1415/76
f 1729/1406/137 1735/1413/137 1736/1414/137
f 1729/1406/137 1736/1414/137 1730/1407/137
f 1735/5460/97 1495/5680/97 1496/5681/97
f 1735/5460/97 1496/5681/97 1736/5461/97
f 1495/1466/4 1489/1456/4 1490/1457/4
f 1495/1466/4 1490/1457/4 1496/1467/4
f 1489/5686/43 1729/5466/43 1730/5467/43
f 1489/5686/43 1730/5467/43 1490/5687/43
f 1496/1468/76 1490/1458/76 1730/1408/76
f 1496/1468/76 1730/1408/76 1736/1415/76
f 1249/567/137 1377/1498/137 1378/1499/137
f 1249/567/137 1378/1499/137 1250/568/137
f 1377/5794/97 1375/5796/97 1376/5797/97
f 1377/5794/97 1376/5797/97 1378/5795/97
f 1375/1501/4 1247/570/4 1248/571/4
f 1375/1501/4 1248/571/4 1376/1502/4
f 1247/5914/43 1249/5912/43 1250/5913/43
f 1247/5914/43 1250/5913/43 1248/5915/43
f 1376/1503/76 1248/572/76 1250/569/76
f 1376/1503/76 1250/569/76 1378/1500/76
f 1219/573/137 1345/1507/137 1346/1508/137
f 1219/573/137 1346/1508/137 1220/574/137
f 1345/5826/97 1343/5828/97 1344/5829/97
f 1345/5826/97 1344/5829/97 1346/5827/97
f 1343/1510/4 1217/576/4 1218/577/4
f 1343/1510/4 1218/577/4 1344/1511/4
f 1217/5944/43 1219/5942/43 1220/5943/43
f 1217/5944/43 1220/5943/43 1218/5945/43
f 1344/1512/76 1218/578/76 1220/575/76
f 1344/1512/76 1220/575/76 1346/1509/76
f 1174/579/137 1327/1513/137 1328/1514/137
f 1174/579/137 1328/1514/137 1175/580/137
f 1327/5844/97 1325/5846/97 1326/5847/97
f 1327/5844/97 1326/5847/97 1328/5845/97
f 1325/1516/4 1169/582/4 1170/583/4
f 1325/1516/4 1170/583/4 1326/1517/4
f 1169/5986/43 1174/5981/43 1175/5982/43
f 1169/5986/43 1175/5982/43 1170/5987/43
f 1326/1518/76 1170/584/76 1175/581/76
f 1326/1518/76 1175/581/76 1328/1515/76
f 1105/645/137 1285/1536/137 1286/1537/137
f 1105/645/137 1286/1537/137 1106/646/137
f 1285/5876/97 1281/5880/97 1282/5881/97
f 1285/5876/97 1282/5881/97 1286/5877/97
f 1281/1539/4 1101/648/4 1102/649/4
f 1281/1539/4 1102/649/4 1282/1540/4
f 1101/6050/43 1105/6046/43 1106/6047/43
f 1101/6050/43 1106/6047/43 1102/6051/43
f 1282/1541/76 1102/650/76 1106/647/76
f 1282/1541/76 1106/647/76 1286/1538/76
f 1427/1449/137 1429/1475/137 1430/1476/137
f 1427/1449/137 1430/1476/137 1428/1450/137
f 1429/5742/97 1261/5900/97 1262/5901/97
f 1429/5742/97 1262/5901/97 1430/5743/97
f 1261/1526/4 1259/1504/4 1260/1505/4
f 1261/1526/4 1260/1505/4 1262/1527/4
f 1259/5902/43 1427/5744/43 1428/5745/43
f 1259/5902/43 1428/5745/43 1260/5903/43
f 1262/1528/76 1260/1506/76 1428/1451/76
f 1262/1528/76 1428/1451/76 1430/1477/76
f 1413/1478/137 1421/1485/137 1422/1486/137
f 1413/1478/137 1422/1486/137 1414/1479/137
f 1421/5746/97 1269/5888/97 1270/5889/97
f 1421/5746/97 1270/5889/97 1422/5747/97
f 1269/1529/4 1263/1519/4 1264/1520/4
f 1269/1529/4 1264/1520/4 1270/1530/4
f 1263/5894/43 1413/5754/43 1414/5755/43
f 1263/5894/43 1414/5755/43 1264/5895/43
f 1270/1535/76 1264/1525/76 1414/1484/76
f 1270/1535/76 1414/1484/76 1422/1491/76
f 1415/1480/137 1423/1487/137 1424/1488/137
f 1415/1480/137 1424/1488/137 1416/1481/137
f 1423/5748/97 1271/5890/97 1272/5891/97
f 1423/5748/97 1272/5891/97 1424/5749/97
f 1271/1531/4 1265/1521/4 1266/1522/4
f 1271/1531/4 1266/1522/4 1272/1532/4
f 1265/5896/43 1415/5756/43 1416/5757/43
f 1265/5896/43 1416/5757/43 1266/5897/43
f 1272/1535/76 1266/1525/76 1416/1484/76
f 1272/1535/76 1416/1484/76 1424/1491/76
f 1417/1482/137 1425/1489/137 1426/1490/137
f 1417/1482/137 1426/1490/137 1418/1483/137
f 1425/5750/97 1273/5892/97 1274/5893/97
f 1425/5750/97 1274/5893/97 1426/5751/97
f 1273/1533/4 1267/1523/4 1268/1524/4
f 1273/1533/4 1268/1524/4 1274/1534/4
f 1267/5898/43 1417/5758/43 1418/5759/43
f 1267/5898/43 1418/5759/43 1268/5899/43
f 1274/1535/76 1268/1525/76 1418/1484/76
f 1274/1535/76 1418/1484/76 1426/1491/76
f 957/829/137 1194/1548/137 1195/1549/137
f 957/829/137 1195/1549/137 958/830/137
f 1194/5963/97 1191/5966/97 1192/5967/97
f 1194/5963/97 1192/5967/97 1195/5964/97
f 1191/1551/4 955/832/4 956/833/4
f 1191/1551/4 956/833/4 1192/1552/4
f 955/6186/43 957/6184/43 958/6185/43
f 955/6186/43 958/6185/43 956/6187/43
f 1192/1553/76 956/834/76 958/831/76
f 1192/1553/76 958/831/76 1195/1550/76
f 909/853/137 1113/1554/137 1114/1555/137
f 909/853/137 1114/1555/137 910/854/137
f 1113/6038/97 1111/6040/97 1112/6041/97
f 1113/6038/97 1112/6041/97 1114/6039/97
f 1111/1557/4 907/856/4 908/857/4
f 1111/1557/4 908/857/4 1112/1558/4
f 907/6234/43 909/6232/43 910/6233/43
f 907/6234/43 910/6233/43 908/6235/43
f 1112/1559/76 908/858/76 910/855/76
f 1112/1559/76 910/855/76 1114/1556/76
f 897/859/137 1088/1566/137 1089/1567/137
f 897/859/137 1089/1567/137 898/860/137
f 1088/6063/97 1083/6068/97 1084/6069/97
f 1088/6063/97 1084/6069/97 1089/6064/97
f 1083/1569/4 891/862/4 892/863/4
f 1083/1569/4 892/863/4 1084/1570/4
f 891/6250/43 897/6244/43 898/6245/43
f 891/6250/43 898/6245/43 892/6251/43
f 1084/1571/76 892/864/76 898/861/76
f 1084/1571/76 898/861/76 1089/1568/76
f 869/871/137 1021/1578/137 1022/1579/137
f 869/871/137 1022/1579/137 870/872/137
f 1021/6120/97 1017/6124/97 1018/6125/97
f 1021/6120/97 1018/6125/97 1022/6121/97
f 1017/1581/4 867/874/4 868/875/4
f 1017/1581/4 868/875/4 1018/1582/4
f 867/6274/43 869/6272/43 870/6273/43
f 867/6274/43 870/6273/43 868/6275/43
f 1018/1583/76 868/876/76 870/873/76
f 1018/1583/76 870/873/76 1022/1580/76
f 1221/1354/137 1235/1542/137 1236/1543/137
f 1221/1354/137 1236/1543/137 1222/1355/137
f 1235/5926/97 1227/5934/97 1228/5935/97
f 1235/5926/97 1228/5935/97 1236/5927/97
f 1227/1545/4 1205/1360/4 1206/1361/4
f 1227/1545/4 1206/1361/4 1228/1546/4
f 1205/5954/43 1221/5940/43 1222/5941/43
f 1205/5954/43 1222/5941/43 1206/5955/43
f 1228/1547/76 1206/1362/76 1222/1356/76
f 1228/1547/76 1222/1356/76 1236/1544/76
f 967/1416/137 991/1560/137 992/1561/137
f 967/1416/137 992/1561/137 968/1417/137
f 991/6150/97 977/6164/97 978/6165/97
f 991/6150/97 978/6165/97 992/6151/97
f 977/1572/4 959/1419/4 960/1420/4
f 977/1572/4 960/1420/4 978/1573/4
f 959/6182/43 967/6174/43 968/6175/43
f 959/6182/43 968/6175/43 960/6183/43
f 978/1574/76 960/1421/76 968/1418/76
f 978/1574/76 968/1418/76 992/1562/76
f 953/1035/137 1115/1357/137 1116/1358/137
f 953/1035/137 1116/1358/137 954/1036/137
f 1115/6036/97 1095/6056/97 1096/6057/97
f 1115/6036/97 1096/6057/97 1116/6037/97
f 1095/1363/4 947/1038/4 948/1039/4
f 1095/1363/4 948/1039/4 1096/1364/4
f 947/6194/43 953/6188/43 954/6189/43
f 947/6194/43 954/6189/43 948/6195/43
f 1096/1365/76 948/1040/76 954/1037/76
f 1096/1365/76 954/1037/76 1116/1359/76
f 905/1041/137 1033/1384/137 1034/1385/137
f 905/1041/137 1034/1385/137 906/1042/137
f 1033/6108/97 1023/6118/97 1024/6119/97
f 1033/6108/97 1024/6119/97 1034/6109/97
f 1023/1390/4 895/1044/4 896/1045/4
f 1023/1390/4 896/1045/4 1024/1391/4
f 895/6246/43 905/6236/43 906/6237/43
f 895/6246/43 906/6237/43 896/6247/43
f 1024/1392/76 896/1046/76 906/1043/76
f 1024/1392/76 906/1043/76 1034/1386/76
f 965/1060/137 969/1069/137 970/1070/137
f 965/1060/137 970/1070/137 966/1061/137
f 969/6172/97 899/6242/97 900/6243/97
f 969/6172/97 900/6243/97 970/6173/97
f 899/1074/4 893/1066/4 894/1067/4
f 899/1074/4 894/1067/4 900/1075/4
f 893/6248/43 965/6176/43 966/6177/43
f 893/6248/43 966/6177/43 894/6249/43
f 900/1076/76 894/1068/76 966/1062/76
f 900/1076/76 966/1062/76 970/1071/76
f 987/1105/137 997/1114/137 998/1115/137
f 987/1105/137 998/1115/137 988/1106/137
f 997/6144/97 915/6226/97 916/6227/97
f 997/6144/97 916/6227/97 998/6145/97
f 915/1117/4 911/1111/4 912/1112/4
f 915/1117/4 912/1112/4 916/1118/4
f 911/6230/43 987/6154/43 988/6155/43
f 911/6230/43 988/6155/43 912/6231/43
f 916/1119/76 912/1113/76 988/1107/76
f 916/1119/76 988/1107/76 998/1116/76
f 1011/1129/137 1013/1138/137 1014/1139/137
f 1011/1129/137 1014/1139/137 1012/1130/137
f 1013/6128/97 935/6206/97 936/6207/97
f 1013/6128/97 936/6207/97 1014/6129/97
f 935/1141/4 921/1135/4 922/1136/4
f 935/1141/4 922/1136/4 936/1142/4
f 921/6220/43 1011/6130/43 1012/6131/43
f 921/6220/43 1012/6131/43 922/6221/43
f 936/1143/76 922/1137/76 1012/1131/76
f 936/1143/76 1012/1131/76 1014/1140/76
f 1025/1153/137 1029/1162/137 1030/1163/137
f 1025/1153/137 1030/1163/137 1026/1154/137
f 1029/6112/97 951/6190/97 952/6191/97
f 1029/6112/97 952/6191/97 1030/6113/97
f 951/1165/4 949/1159/4 950/1160/4
f 951/1165/4 950/1160/4 952/1166/4
f 949/6192/43 1025/6116/43 1026/6117/43
f 949/6192/43 1026/6117/43 950/6193/43
f 952/1167/76 950/1161/76 1026/1155/76
f 952/1167/76 1026/1155/76 1030/1164/76
f 1049/1177/137 1057/1186/137 1058/1187/137
f 1049/1177/137 1058/1187/137 1050/1178/137
f 1057/6090/97 963/6178/97 964/6179/97
f 1057/6090/97 964/6179/97 1058/6091/97
f 963/1189/4 961/1183/4 962/1184/4
f 963/1189/4 962/1184/4 964/1190/4
f 961/6180/43 1049/6096/43 1050/6097/43
f 961/6180/43 1050/6097/43 962/6181/43
f 964/1191/76 962/1185/76 1050/1179/76
f 964/1191/76 1050/1179/76 1058/1188/76
f 1081/1201/137 1085/1210/137 1086/1211/137
f 1081/1201/137 1086/1211/137 1082/1202/137
f 1085/6066/97 985/6156/97 986/6157/97
f 1085/6066/97 986/6157/97 1086/6067/97
f 985/1213/4 983/1207/4 984/1208/4
f 985/1213/4 984/1208/4 986/1214/4
f 983/6158/43 1081/6070/43 1082/6071/43
f 983/6158/43 1082/6071/43 984/6159/43
f 986/1215/76 984/1209/76 1082/1203/76
f 986/1215/76 1082/1203/76 1086/1212/76
f 1109/1269/137 1117/1324/137 1118/1325/137
f 1109/1269/137 1118/1325/137 1110/1270/137
f 1117/6034/97 1009/6132/97 1010/6133/97
f 1117/6034/97 1010/6133/97 1118/6035/97
f 1009/1331/4 1007/1316/4 1008/1317/4
f 1009/1331/4 1008/1317/4 1010/1332/4
f 1007/6134/43 1109/6042/43 1110/6043/43
f 1007/6134/43 1110/6043/43 1008/6135/43
f 1010/1333/76 1008/1318/76 1110/1271/76
f 1010/1333/76 1110/1271/76 1118/1326/76
f 809/883/137 903/1601/137 904/1602/137
f 809/883/137 904/1602/137 810/884/137
f 903/6238/97 901/6240/97 902/6241/97
f 903/6238/97 902/6241/97 904/6239/97
f 901/1604/4 807/886/4 808/887/4
f 901/1604/4 808/887/4 902/1605/4
f 807/6324/43 809/6322/43 810/6323/43
f 807/6324/43 810/6323/43 808/6325/43
f 902/1606/76 808/888/76 810/885/76
f 902/1606/76 810/885/76 904/1603/76
f 769/893/137 873/1613/137 874/1614/137
f 769/893/137 874/1614/137 770/894/137
f 873/6268/97 871/6270/97 872/6271/97
f 873/6268/97 872/6271/97 874/6269/97
f 871/1616/4 767/896/4 768/897/4
f 871/1616/4 768/897/4 872/1617/4
f 767/6364/43 769/6362/43 770/6363/43
f 767/6364/43 770/6363/43 768/6365/43
f 872/1618/76 768/898/76 770/895/76
f 872/1618/76 770/895/76 874/1615/76
f 734/899/137 861/1619/137 862/1620/137
f 734/899/137 862/1620/137 735/900/137
f 861/6280/97 859/6282/97 860/6283/97
f 861/6280/97 860/6283/97 862/6281/97
f 859/1622/4 729/902/4 730/903/4
f 859/1622/4 730/903/4 860/1623/4
f 729/6396/43 734/6391/43 735/6392/43
f 729/6396/43 735/6392/43 730/6397/43
f 860/1624/76 730/904/76 735/901/76
f 860/1624/76 735/901/76 862/1621/76
f 703/908/137 837/1645/137 838/1646/137
f 703/908/137 838/1646/137 704/909/137
f 837/6294/97 835/6296/97 836/6297/97
f 837/6294/97 836/6297/97 838/6295/97
f 835/1648/4 701/911/4 702/912/4
f 835/1648/4 702/912/4 836/1649/4
f 701/6416/43 703/6414/43 704/6415/43
f 701/6416/43 704/6415/43 702/6417/43
f 836/1650/76 702/913/76 704/910/76
f 836/1650/76 704/910/76 838/1647/76
f 937/1575/137 939/1584/137 940/1585/137
f 937/1575/137 940/1585/137 938/1576/137
f 939/6202/97 817/6314/97 818/6315/97
f 939/6202/97 818/6315/97 940/6203/97
f 817/1635/4 815/1610/4 816/1611/4
f 817/1635/4 816/1611/4 818/1636/4
f 815/6316/43 937/6204/43 938/6205/43
f 815/6316/43 938/6205/43 816/6317/43
f 818/1637/76 816/1612/76 938/1577/76
f 818/1637/76 938/1577/76 940/1586/76
f 923/1587/137 929/1594/137 930/1595/137
f 923/1587/137 930/1595/137 924/1588/137
f 929/6208/97 825/6302/97 826/6303/97
f 929/6208/97 826/6303/97 930/6209/97
f 825/1638/4 819/1628/4 820/1629/4
f 825/1638/4 820/1629/4 826/1639/4
f 819/6308/43 923/6214/43 924/6215/43
f 819/6308/43 924/6215/43 820/6309/43
f 826/1644/76 820/1634/76 924/1593/76
f 826/1644/76 924/1593/76 930/1600/76
f 925/1589/137 931/1596/137 932/1597/137
f 925/1589/137 932/1597/137 926/1590/137
f 931/6210/97 827/6304/97 828/6305/97
f 931/6210/97 828/6305/97 932/6211/97
f 827/1640/4 821/1630/4 822/1631/4
f 827/1640/4 822/1631/4 828/1641/4
f 821/6310/43 925/6216/43 926/6217/43
f 821/6310/43 926/6217/43 822/6311/43
f 828/1644/76 822/1634/76 926/1593/76
f 828/1644/76 926/1593/76 932/1600/76
f 927/1591/137 933/1598/137 934/1599/137
f 927/1591/137 934/1599/137 928/1592/137
f 933/6212/97 829/6306/97 830/6307/97
f 933/6212/97 830/6307/97 934/6213/97
f 829/1642/4 823/1632/4 824/1633/4
f 829/1642/4 824/1633/4 830/1643/4
f 823/6312/43 927/6218/43 928/6219/43
f 823/6312/43 928/6219/43 824/6313/43
f 830/1644/76 824/1634/76 928/1593/76
f 830/1644/76 928/1593/76 934/1600/76
f 649/931/137 754/1668/137 755/1669/137
f 649/931/137 755/1669/137 650/932/137
f 754/6373/97 749/6378/97 750/6379/97
f 754/6373/97 750/6379/97 755/6374/97
f 749/1671/4 647/934/4 648/935/4
f 749/1671/4 648/935/4 750/1672/4
f 647/6464/43 649/6462/43 650/6463/43
f 647/6464/43 650/6463/43 648/6465/43
f 750/1673/76 648/936/76 650/933/76
f 750/1673/76 650/933/76 755/1670/76
f 627/952/137 713/1683/137 714/1684/137
f 627/952/137 714/1684/137 628/953/137
f 713/6408/97 711/6410/97 712/6411/97
f 713/6408/97 712/6411/97 714/6409/97
f 711/1686/4 619/955/4 620/956/4
f 711/1686/4 620/956/4 712/1687/4
f 619/6488/43 627/6482/43 628/6483/43
f 619/6488/43 628/6483/43 620/6489/43
f 712/1688/76 620/957/76 628/954/76
f 712/1688/76 628/954/76 714/1685/76
f 599/962/137 689/1692/137 690/1693/137
f 599/962/137 690/1693/137 600/963/137
f 689/6422/97 687/6424/97 688/6425/97
f 689/6422/97 688/6425/97 690/6423/97
f 687/1695/4 593/965/4 594/966/4
f 687/1695/4 594/966/4 688/1696/4
f 593/6510/43 599/6506/43 600/6507/43
f 593/6510/43 600/6507/43 594/6511/43
f 688/1697/76 594/967/76 600/964/76
f 688/1697/76 600/964/76 690/1694/76
f 565/996/137 685/1718/137 686/1719/137
f 565/996/137 686/1719/137 566/997/137
f 685/6426/97 683/6428/97 684/6429/97
f 685/6426/97 684/6429/97 686/6427/97
f 683/1721/4 563/1001/4 564/1002/4
f 683/1721/4 564/1002/4 684/1722/4
f 563/6528/43 565/6526/43 566/6527/43
f 563/6528/43 566/6527/43 564/6529/43
f 684/1723/76 564/1003/76 566/998/76
f 684/1723/76 566/998/76 686/1720/76
f 787/1625/137 789/1651/137 790/1652/137
f 787/1625/137 790/1652/137 788/1626/137
f 789/6342/97 661/6450/97 662/6451/97
f 789/6342/97 662/6451/97 790/6343/97
f 661/1708/4 659/1680/4 660/1681/4
f 661/1708/4 660/1681/4 662/1709/4
f 659/6452/43 787/6344/43 788/6345/43
f 659/6452/43 788/6345/43 660/6453/43
f 662/1710/76 660/1682/76 788/1627/76
f 662/1710/76 788/1627/76 790/1653/76
f 775/1654/137 781/1661/137 782/1662/137
f 775/1654/137 782/1662/137 776/1655/137
f 781/6346/97 669/6438/97 670/6439/97
f 781/6346/97 670/6439/97 782/6347/97
f 669/1711/4 663/1701/4 664/1702/4
f 669/1711/4 664/1702/4 670/1712/4
f 663/6444/43 775/6352/43 776/6353/43
f 663/6444/43 776/6353/43 664/6445/43
f 670/1717/76 664/1707/76 776/1660/76
f 670/1717/76 776/1660/76 782/1667/76
f 777/1656/137 783/1663/137 784/1664/137
f 777/1656/137 784/1664/137 778/1657/137
f 783/6348/97 671/6440/97 672/6441/97
f 783/6348/97 672/6441/97 784/6349/97
f 671/1713/4 665/1703/4 666/1704/4
f 671/1713/4 666/1704/4 672/1714/4
f 665/6446/43 777/6354/43 778/6355/43
f 665/6446/43 778/6355/43 666/6447/43
f 672/1717/76 666/1707/76 778/1660/76
f 672/1717/76 778/1660/76 784/1667/76
f 779/1658/137 785/1665/137 786/1666/137
f 779/1658/137 786/1666/137 780/1659/137
f 785/6350/97 673/6442/97 674/6443/97
f 785/6350/97 674/6443/97 786/6351/97
f 673/1715/4 667/1705/4 668/1706/4
f 673/1715/4 668/1706/4 674/1716/4
f 667/6448/43 779/6356/43 780/6357/43
f 667/6448/43 780/6357/43 668/6449/43
f 674/1717/76 668/1707/76 780/1660/76
f 674/1717/76 780/1660/76 786/1667/76
f 1633/5552/31 1615/5568/31 1617/5569/31
f 1633/5552/31 1617/5569/31 1635/5553/31
f 1615/1014/11 1613/984/11 1614/985/11
f 1615/1014/11 1614/985/11 1617/1015/11
f 1613/984/12 1616/958/12 1618/959/12
f 1613/984/12 1618/959/12 1614/985/12
f 1616/5568/32 1634/5552/32 1636/5553/32
f 1616/5568/32 1636/5553/32 1618/5569/32
f 1634/5552/110 1652/5536/110 1654/5537/110
f 1634/5552/110 1654/5537/110 1636/5553/110
f 1652/958/130 1659/984/130 1660/985/130
f 1652/958/130 1660/985/130 1654/959/130
f 1659/984/129 1651/1014/129 1653/1015/129
f 1659/984/129 1653/1015/129 1660/985/129
f 1651/5536/109 1633/5552/109 1635/5553/109
f 1651/5536/109 1635/5553/109 1653/5537/109
f 1660/986/76 1653/1016/76 1635/1018/76
f 1660/986/76 1635/1018/76 1617/1017/76
f 1660/986/76 1617/1017/76 1614/987/76
f 1660/986/76 1614/987/76 1618/961/76
f 1660/986/76 1618/961/76 1636/951/76
f 1660/986/76 1636/951/76 1654/960/76
f 1627/1007/57 1609/1032/57 1611/1034/57
f 1627/1007/57 1611/1034/57 1631/1009/57
f 1631/1008/131 1611/1033/131 1612/1029/131
f 1631/1008/131 1612/1029/131 1632/1004/131
f 1632/1005/84 1612/1030/84 1610/1028/84
f 1632/1005/84 1610/1028/84 1628/1000/84
f 1628/999/10 1610/1027/10 1609/1031/10
f 1628/999/10 1609/1031/10 1627/1006/10
f 1627/5559/104 1631/5555/104 1632/5554/104
f 1627/5559/104 1632/5554/104 1628/5558/104
f 1610/5572/37 1612/5570/37 1611/5571/37
f 1610/5572/37 1611/5571/37 1609/5573/37
f 1624/977/33 1578/944/33 1577/948/33
f 1624/977/33 1577/948/33 1621/981/33
f 1621/5565/35 1577/5605/35 1579/5603/35
f 1621/5565/35 1579/5603/35 1625/5561/35
f 1625/983/108 1579/950/108 1582/946/108
f 1625/983/108 1582/946/108 1626/979/108
f 1626/5560/106 1582/5600/106 1578/5604/106
f 1626/5560/106 1578/5604/106 1624/5562/106
f 1624/976/125 1621/980/125 1625/982/125
f 1624/976/125 1625/982/125 1626/978/125
f 1582/945/16 1579/949/16 1577/947/16
f 1582/945/16 1577/947/16 1578/943/16
f 1642/971/83 1664/920/83 1662/918/83
f 1642/971/83 1662/918/83 1638/969/83
f 1638/968/10 1662/917/10 1661/921/10
f 1638/968/10 1661/921/10 1637/972/10
f 1637/973/58 1661/922/58 1663/927/58
f 1637/973/58 1663/927/58 1639/975/58
f 1639/974/131 1663/926/131 1664/919/131
f 1639/974/131 1664/919/131 1642/970/131
f 1642/5546/36 1638/5550/36 1637/5551/36
f 1642/5546/36 1637/5551/36 1639/5549/36
f 1663/5529/105 1661/5531/105 1662/5530/105
f 1663/5529/105 1662/5530/105 1664/5528/105
f 1645/995/107 1677/1026/107 1678/1022/107
f 1645/995/107 1678/1022/107 1646/991/107
f 1646/5542/106 1678/5514/106 1676/5516/106
f 1646/5542/106 1676/5516/106 1644/5544/106
f 1644/989/34 1676/1020/34 1675/1024/34
f 1644/989/34 1675/1024/34 1643/993/34
f 1643/5545/35 1675/5517/35 1677/5515/35
f 1643/5545/35 1677/5515/35 1645/5543/35
f 1645/994/15 1646/990/15 1644/988/15
f 1645/994/15 1644/988/15 1643/992/15
f 1675/1023/126 1676/1019/126 1678/1021/126
f 1675/1023/126 1678/1021/126 1677/1025/126
f 741/6384/31 725/6398/31 727/6399/31
f 741/6384/31 727/6399/31 743/6385/31
f 725/1312/11 723/1292/11 724/1293/11
f 725/1312/11 724/1293/11 727/1313/11
f 723/1292/12 726/1272/12 728/1273/12
f 723/1292/12 728/1273/12 724/1293/12
f 726/6398/32 742/6384/32 744/6385/32
f 726/6398/32 744/6385/32 728/6399/32
f 742/6384/110 758/6370/110 760/6371/110
f 742/6384/110 760/6371/110 744/6385/110
f 758/1272/130 761/1292/130 762/1293/130
f 758/1272/130 762/1293/130 760/1273/130
f 761/1292/129 757/1312/129 759/1313/129
f 761/1292/129 759/1313/129 762/1293/129
f 757/6370/109 741/6384/109 743/6385/109
f 757/6370/109 743/6385/109 759/6371/109
f 762/1294/76 759/1314/76 743/1319/76
f 762/1294/76 743/1319/76 727/1315/76
f 762/1294/76 727/1315/76 724/1295/76
f 762/1294/76 724/1295/76 728/1275/76
f 762/1294/76 728/1275/76 744/1268/76
f 762/1294/76 744/1268/76 760/1274/76
f 737/1309/57 719/1345/57 721/1347/57
f 737/1309/57 721/1347/57 739/1311/57
f 739/1310/131 721/1346/131 722/1342/131
f 739/1310/131 722/1342/131 740/1306/131
f 740/1307/84 722/1343/84 720/1341/84
f 740/1307/84 720/1341/84 738/1305/84
f 738/1304/10 720/1340/10 719/1344/10
f 738/1304/10 719/1344/10 737/1308/10
f 737/6389/104 739/6387/104 740/6386/104
f 737/6389/104 740/6386/104 738/6388/104
f 720/6402/37 722/6400/37 721/6401/37
f 720/6402/37 721/6401/37 719/6403/37
f 732/1285/33 716/1261/33 715/1265/33
f 732/1285/33 715/1265/33 731/1289/33
f 731/6395/35 715/6407/35 717/6405/35
f 731/6395/35 717/6405/35 733/6393/35
f 733/1291/108 717/1267/108 718/1263/108
f 733/1291/108 718/1263/108 736/1287/108
f 736/6390/106 718/6404/106 716/6406/106
f 736/6390/106 716/6406/106 732/6394/106
f 732/1284/125 731/1288/125 733/1290/125
f 732/1284/125 733/1290/125 736/1286/125
f 718/1262/16 717/1266/16 715/1264/16
f 718/1262/16 715/1264/16 716/1260/16
f 748/1279/83 766/1255/83 764/1253/83
f 748/1279/83 764/1253/83 746/1277/83
f 746/1276/10 764/1252/10 763/1256/10
f 746/1276/10 763/1256/10 745/1280/10
f 745/1281/58 763/1257/58 765/1259/58
f 745/1281/58 765/1259/58 747/1283/58
f 747/1282/131 765/1258/131 766/1254/131
f 747/1282/131 766/1254/131 748/1278/131
f 748/6380/36 746/6382/36 745/6383/36
f 748/6380/36 745/6383/36 747/6381/36
f 765/6367/105 763/6369/105 764/6368/105
f 765/6367/105 764/6368/105 766/6366/105
f 753/1303/107 773/1330/107 774/1323/107
f 753/1303/107 774/1323/107 756/1299/107
f 756/6372/106 774/6358/106 772/6360/106
f 756/6372/106 772/6360/106 752/6376/106
f 752/1297/34 772/1321/34 771/1328/34
f 752/1297/34 771/1328/34 751/1301/34
f 751/6377/35 771/6361/35 773/6359/35
f 751/6377/35 773/6359/35 753/6375/35
f 753/1302/15 756/1298/15 752/1296/15
f 753/1302/15 752/1296/15 751/1300/15
f 771/1327/126 772/1320/126 774/1322/126
f 771/1327/126 774/1322/126 773/1329/126
f 2281/1428/137 2283/1431/137 2284/1432/137
f 2281/1428/137 2284/1432/137 2282/1429/137
f 2283/4968/97 603/6502/97 604/6503/97
f 2283/4968/97 604/6503/97 2284/4969/97
f 603/1799/4 601/1796/4 602/1797/4
f 603/1799/4 602/1797/4 604/1800/4
f 601/6504/43 2281/4970/43 2282/4971/43
f 601/6504/43 2282/4971/43 602/6505/43
f 604/1801/76 602/1798/76 2282/1430/76
f 604/1801/76 2282/1430/76 2284/1433/76
f 2285/1492/137 2287/1495/137 2288/1496/137
f 2285/1492/137 2288/1496/137 2286/1493/137
f 2287/4964/97 613/6494/97 614/6495/97
f 2287/4964/97 614/6495/97 2288/4965/97
f 613/1814/4 611/1811/4 612/1812/4
f 613/1814/4 612/1812/4 614/1815/4
f 611/6496/43 2285/4966/43 2286/4967/43
f 611/6496/43 2286/4967/43 612/6497/43
f 614/1816/76 612/1813/76 2286/1494/76
f 614/1816/76 2286/1494/76 2288/1497/76
f 2289/1724/137 2291/1727/137 2292/1728/137
f 2289/1724/137 2292/1728/137 2290/1725/137
f 2291/4960/97 641/6470/97 642/6471/97
f 2291/4960/97 642/6471/97 2292/4961/97
f 641/1883/4 639/1880/4 640/1881/4
f 641/1883/4 640/1881/4 642/1884/4
f 639/6472/43 2289/4962/43 2290/4963/43
f 639/6472/43 2290/4963/43 640/6473/43
f 642/1885/76 640/1882/76 2290/1726/76
f 642/1885/76 2290/1726/76 2292/1729/76
f 2293/1733/137 2295/1736/137 2296/1737/137
f 2293/1733/137 2296/1737/137 2294/1734/137
f 2295/4956/97 645/6466/97 646/6467/97
f 2295/4956/97 646/6467/97 2296/4957/97
f 645/1901/4 643/1898/4 644/1899/4
f 645/1901/4 644/1899/4 646/1902/4
f 643/6468/43 2293/4958/43 2294/4959/43
f 643/6468/43 2294/4959/43 644/6469/43
f 646/1903/76 644/1900/76 2294/1735/76
f 646/1903/76 2294/1735/76 2296/1738/76
f 2299/1772/137 2301/1775/137 2302/1776/137
f 2299/1772/137 2302/1776/137 2300/1773/137
f 2301/4950/97 653/6458/97 654/6459/97
f 2301/4950/97 654/6459/97 2302/4951/97
f 653/2035/4 651/2032/4 652/2033/4
f 653/2035/4 652/2033/4 654/2036/4
f 651/6460/43 2299/4952/43 2300/4953/43
f 651/6460/43 2300/4953/43 652/6461/43
f 654/2037/76 652/2034/76 2300/1774/76
f 654/2037/76 2300/1774/76 2302/1777/76
f 2303/1778/137 2305/1781/137 2306/1782/137
f 2303/1778/137 2306/1782/137 2304/1779/137
f 2305/4946/97 657/6454/97 658/6455/97
f 2305/4946/97 658/6455/97 2306/4947/97
f 657/2065/4 655/2062/4 656/2063/4
f 657/2065/4 656/2063/4 658/2066/4
f 655/6456/43 2303/4948/43 2304/4949/43
f 655/6456/43 2304/4949/43 656/6457/43
f 658/2067/76 656/2064/76 2304/1780/76
f 658/2067/76 2304/1780/76 2306/1783/76
f 2307/1853/137 2309/1856/137 2310/1857/137
f 2307/1853/137 2310/1857/137 2308/1854/137
f 2309/4942/97 677/6434/97 678/6435/97
f 2309/4942/97 678/6435/97 2310/4943/97
f 677/2276/4 675/2273/4 676/2274/4
f 677/2276/4 676/2274/4 678/2277/4
f 675/6436/43 2307/4944/43 2308/4945/43
f 675/6436/43 2308/4945/43 676/6437/43
f 678/2278/76 676/2275/76 2308/1855/76
f 678/2278/76 2308/1855/76 2310/1858/76
f 2311/1874/137 2313/1877/137 2314/1878/137
f 2311/1874/137 2314/1878/137 2312/1875/137
f 2313/4938/97 681/6430/97 682/6431/97
f 2313/4938/97 682/6431/97 2314/4939/97
f 681/2335/4 679/2332/4 680/2333/4
f 681/2335/4 680/2333/4 682/2336/4
f 679/6432/43 2311/4940/43 2312/4941/43
f 679/6432/43 2312/4941/43 680/6433/43
f 682/2337/76 680/2334/76 2312/1876/76
f 682/2337/76 2312/1876/76 2314/1879/76
f 1463/1563/137 1685/2270/137 1686/2271/137
f 1463/1563/137 1686/2271/137 1464/1564/137
f 1685/5506/97 1395/5776/97 1396/5777/97
f 1685/5506/97 1396/5777/97 1686/5507/97
f 1395/2329/4 1275/1607/4 1276/1608/4
f 1395/2329/4 1276/1608/4 1396/2330/4
f 1275/5886/43 1463/5708/43 1464/5709/43
f 1275/5886/43 1464/5709/43 1276/5887/43
f 1396/2331/76 1276/1609/76 1464/1565/76
f 1396/2331/76 1464/1565/76 1686/2272/76
f 1387/1674/137 1573/2162/137 1574/2163/137
f 1387/1674/137 1574/2163/137 1388/1675/137
f 1573/5608/97 1561/5620/97 1562/5621/97
f 1573/5608/97 1562/5621/97 1574/5609/97
f 1561/2177/4 1373/1677/4 1374/1678/4
f 1561/2177/4 1374/1678/4 1562/2178/4
f 1373/5798/43 1387/5784/43 1388/5785/43
f 1373/5798/43 1388/5785/43 1374/5799/43
f 1562/2179/76 1374/1679/76 1388/1676/76
f 1562/2179/76 1388/1676/76 1574/2164/76
f 1349/1689/137 1501/2200/137 1502/2201/137
f 1349/1689/137 1502/2201/137 1350/1690/137
f 1501/5670/97 1469/5702/97 1470/5703/97
f 1501/5670/97 1470/5703/97 1502/5671/97
f 1469/2203/4 1339/1698/4 1340/1699/4
f 1469/2203/4 1340/1699/4 1470/2204/4
f 1339/5832/43 1349/5822/43 1350/5823/43
f 1339/5832/43 1350/5823/43 1340/5833/43
f 1470/2205/76 1340/1700/76 1350/1691/76
f 1470/2205/76 1350/1691/76 1502/2202/76
f 1403/1730/137 1407/1742/137 1408/1743/137
f 1403/1730/137 1408/1743/137 1404/1731/137
f 1407/5764/97 1341/5830/97 1342/5831/97
f 1407/5764/97 1342/5831/97 1408/5765/97
f 1341/1745/4 1337/1739/4 1338/1740/4
f 1341/1745/4 1338/1740/4 1342/1746/4
f 1337/5834/43 1403/5768/43 1404/5769/43
f 1337/5834/43 1404/5769/43 1338/5835/43
f 1342/1747/76 1338/1741/76 1404/1732/76
f 1342/1747/76 1404/1732/76 1408/1744/76
f 1443/1748/137 1445/1754/137 1446/1755/137
f 1443/1748/137 1446/1755/137 1444/1749/137
f 1445/5726/97 1357/5814/97 1358/5815/97
f 1445/5726/97 1358/5815/97 1446/5727/97
f 1357/1757/4 1353/1751/4 1354/1752/4
f 1357/1757/4 1354/1752/4 1358/1758/4
f 1353/5818/43 1443/5728/43 1444/5729/43
f 1353/5818/43 1444/5729/43 1354/5819/43
f 1358/1759/76 1354/1753/76 1444/1750/76
f 1358/1759/76 1444/1750/76 1446/1756/76
f 1459/1802/137 1461/1808/137 1462/1809/137
f 1459/1802/137 1462/1809/137 1460/1803/137
f 1461/5710/97 1367/5804/97 1368/5805/97
f 1461/5710/97 1368/5805/97 1462/5711/97
f 1367/1817/4 1365/1805/4 1366/1806/4
f 1367/1817/4 1366/1806/4 1368/1818/4
f 1365/5806/43 1459/5712/43 1460/5713/43
f 1365/5806/43 1460/5713/43 1366/5807/43
f 1368/1819/76 1366/1807/76 1460/1804/76
f 1368/1819/76 1460/1804/76 1462/1810/76
f 1481/1844/137 1497/1850/137 1498/1851/137
f 1481/1844/137 1498/1851/137 1482/1845/137
f 1497/5674/97 1381/5790/97 1382/5791/97
f 1497/5674/97 1382/5791/97 1498/5675/97
f 1381/1859/4 1379/1847/4 1380/1848/4
f 1381/1859/4 1380/1848/4 1382/1860/4
f 1379/5792/43 1481/5690/43 1482/5691/43
f 1379/5792/43 1482/5691/43 1380/5793/43
f 1382/1861/76 1380/1849/76 1482/1846/76
f 1382/1861/76 1482/1846/76 1498/1852/76
f 1519/1910/137 1521/1923/137 1522/1924/137
f 1519/1910/137 1522/1924/137 1520/1911/137
f 1521/5650/97 1401/5770/97 1402/5771/97
f 1521/5650/97 1402/5771/97 1522/5651/97
f 1401/1970/4 1397/1918/4 1398/1919/4
f 1401/1970/4 1398/1919/4 1402/1971/4
f 1397/5774/43 1519/5652/43 1520/5653/43
f 1397/5774/43 1520/5653/43 1398/5775/43
f 1402/1972/76 1398/1920/76 1520/1912/76
f 1402/1972/76 1520/1912/76 1522/1925/76
f 1539/2012/137 1547/2018/137 1548/2019/137
f 1539/2012/137 1548/2019/137 1540/2013/137
f 1547/5628/97 1441/5730/97 1442/5731/97
f 1547/5628/97 1442/5731/97 1548/5629/97
f 1441/2021/4 1437/2015/4 1438/2016/4
f 1441/2021/4 1438/2016/4 1442/2022/4
f 1437/5734/43 1539/5634/43 1540/5635/43
f 1437/5734/43 1540/5635/43 1438/5735/43
f 1442/2023/76 1438/2017/76 1540/2014/76
f 1442/2023/76 1540/2014/76 1548/2020/76
f 1571/2068/137 1575/2074/137 1576/2075/137
f 1571/2068/137 1576/2075/137 1572/2069/137
f 1575/5606/97 1457/5714/97 1458/5715/97
f 1575/5606/97 1458/5715/97 1576/5607/97
f 1457/2085/4 1455/2071/4 1456/2072/4
f 1457/2085/4 1456/2072/4 1458/2086/4
f 1455/5716/43 1571/5610/43 1572/5611/43
f 1455/5716/43 1572/5611/43 1456/5717/43
f 1458/2087/76 1456/2073/76 1572/2070/76
f 1458/2087/76 1572/2070/76 1576/2076/76
f 2275/2029/64 2327/4801/64 2329/4797/64
f 2275/2029/64 2329/4797/64 2277/2025/64
f 2277/2024/137 2329/4796/137 2330/4798/137
f 2277/2024/137 2330/4798/137 2278/2026/137
f 2278/2027/77 2330/4799/77 2328/4803/77
f 2278/2027/77 2328/4803/77 2276/2031/77
f 2276/2030/4 2328/4802/4 2327/4800/4
f 2276/2030/4 2327/4800/4 2275/2028/4
f 2275/4977/45 2277/4975/45 2278/4974/45
f 2275/4977/45 2278/4974/45 2276/4976/45
f 2328/4868/95 2330/4866/95 2329/4867/95
f 2328/4868/95 2329/4867/95 2327/4869/95
f 2271/2043/64 2323/4809/64 2325/4805/64
f 2271/2043/64 2325/4805/64 2273/2039/64
f 2273/2038/137 2325/4804/137 2326/4806/137
f 2273/2038/137 2326/4806/137 2274/2040/137
f 2274/2041/77 2326/4807/77 2324/4811/77
f 2274/2041/77 2324/4811/77 2272/2045/77
f 2272/2044/4 2324/4810/4 2323/4808/4
f 2272/2044/4 2323/4808/4 2271/2042/4
f 2271/4981/45 2273/4979/45 2274/4978/45
f 2271/4981/45 2274/4978/45 2272/4980/45
f 2324/4886/95 2326/4884/95 2325/4885/95
f 2324/4886/95 2325/4885/95 2323/4887/95
f 2265/2051/64 2319/4817/64 2321/4813/64
f 2265/2051/64 2321/4813/64 2267/2047/64
f 2267/2046/137 2321/4812/137 2322/4814/137
f 2267/2046/137 2322/4814/137 2268/2048/137
f 2268/2049/77 2322/4815/77 2320/4819/77
f 2268/2049/77 2320/4819/77 2266/2053/77
f 2266/2052/4 2320/4818/4 2319/4816/4
f 2266/2052/4 2319/4816/4 2265/2050/4
f 2265/4987/45 2267/4985/45 2268/4984/45
f 2265/4987/45 2268/4984/45 2266/4986/45
f 2320/4917/95 2322/4911/95 2321/4912/95
f 2320/4917/95 2321/4912/95 2319/4918/95
f 2245/2059/64 2315/4825/64 2317/4821/64
f 2245/2059/64 2317/4821/64 2247/2055/64
f 2247/2054/137 2317/4820/137 2318/4822/137
f 2247/2054/137 2318/4822/137 2248/2056/137
f 2248/2057/77 2318/4823/77 2316/4827/77
f 2248/2057/77 2316/4827/77 2246/2061/77
f 2246/2060/4 2316/4826/4 2315/4824/4
f 2246/2060/4 2315/4824/4 2245/2058/4
f 2245/4997/45 2247/4995/45 2248/4994/45
f 2245/4997/45 2248/4994/45 2246/4996/45
f 2316/4936/95 2318/4934/95 2317/4935/95
f 2316/4936/95 2317/4935/95 2315/4937/95
f 2269/1915/137 2297/3078/137 2298/3079/137
f 2269/1915/137 2298/3079/137 2270/1916/137
f 2297/4954/97 2279/4972/97 2280/4973/97
f 2297/4954/97 2280/4973/97 2298/4955/97
f 2279/3093/4 2243/1933/4 2244/1934/4
f 2279/3093/4 2244/1934/4 2280/3094/4
f 2243/4998/43 2269/4982/43 2270/4983/43
f 2243/4998/43 2270/4983/43 2244/4999/43
f 2280/3095/76 2244/1935/76 2270/1917/76
f 2280/3095/76 2270/1917/76 2298/3080/76
f 271/6724/61 237/6747/61 239/6748/61
f 271/6724/61 239/6748/61 273/6725/61
f 237/6747/41 199/6773/41 201/6774/41
f 237/6747/41 201/6774/41 239/6748/41
f 199/6773/31 171/6799/31 173/6800/31
f 199/6773/31 173/6800/31 201/6774/31
f 171/6799/27 155/6813/27 157/6814/27
f 171/6799/27 157/6814/27 173/6800/27
f 155/6813/24 147/6819/24 149/6820/24
f 155/6813/24 149/6820/24 157/6814/24
f 147/1047/20 127/1010/20 129/1011/20
f 147/1047/20 129/1011/20 149/1048/20
f 127/1010/17 123/889/17 125/890/17
f 127/1010/17 125/890/17 129/1011/17
f 123/889/11 119/711/11 121/712/11
f 123/889/11 121/712/11 125/890/11
f 119/711/6 115/539/6 117/540/6
f 119/711/6 117/540/6 121/712/6
f 115/539/2 113/485/2 114/486/2
f 115/539/2 114/486/2 117/540/2
f 113/485/3 116/461/3 118/462/3
f 113/485/3 118/462/3 114/486/3
f 116/461/7 120/446/7 122/447/7
f 116/461/7 122/447/7 118/462/7
f 120/446/12 124/414/12 126/415/12
f 120/446/12 126/415/12 122/447/12
f 124/414/18 128/410/18 130/411/18
f 124/414/18 130/411/18 126/415/18
f 128/410/21 148/406/21 150/407/21
f 128/410/21 150/407/21 130/411/21
f 148/6819/25 156/6813/25 158/6814/25
f 148/6819/25 158/6814/25 150/6820/25
f 156/6813/28 172/6799/28 174/6800/28
f 156/6813/28 174/6800/28 158/6814/28
f 172/6799/32 200/6773/32 202/6774/32
f 172/6799/32 202/6774/32 174/6800/32
f 200/6773/42 238/6747/42 240/6748/42
f 200/6773/42 240/6748/42 202/6774/42
f 238/6747/62 272/6724/62 276/6725/62
f 238/6747/62 276/6725/62 240/6748/62
f 272/6724/80 328/6688/80 330/6689/80
f 272/6724/80 330/6689/80 276/6725/80
f 328/6688/100 384/6652/100 386/6653/100
f 328/6688/100 386/6653/100 330/6689/100
f 384/6652/110 388/6650/110 390/6651/110
f 384/6652/110 390/6651/110 386/6653/110
f 388/6650/114 392/6648/114 394/6649/114
f 388/6650/114 394/6649/114 390/6651/114
f 392/6648/117 396/6646/117 398/6647/117
f 392/6648/117 398/6647/117 394/6649/117
f 396/406/121 416/410/121 418/411/121
f 396/406/121 418/411/121 398/407/121
f 416/410/124 420/414/124 422/415/124
f 416/410/124 422/415/124 418/411/124
f 420/414/130 424/446/130 426/447/130
f 420/414/130 426/447/130 422/415/130
f 424/446/135 428/461/135 430/462/135
f 424/446/135 430/462/135 426/447/135
f 428/461/139 431/485/139 432/486/139
f 428/461/139 432/486/139 430/462/139
f 431/485/138 427/539/138 429/540/138
f 431/485/138 429/540/138 432/486/138
f 427/539/134 423/711/134 425/712/134
f 427/539/134 425/712/134 429/540/134
f 423/711/129 419/889/129 421/890/129
f 423/711/129 421/890/129 425/712/129
f 419/889/123 415/1010/123 417/1011/123
f 419/889/123 417/1011/123 421/890/123
f 415/1010/120 395/1047/120 397/1048/120
f 415/1010/120 397/1048/120 417/1011/120
f 395/6646/116 391/6648/116 393/6649/116
f 395/6646/116 393/6649/116 397/6647/116
f 391/6648/113 387/6650/113 389/6651/113
f 391/6648/113 389/6651/113 393/6649/113
f 387/6650/109 383/6652/109 385/6653/109
f 387/6650/109 385/6653/109 389/6651/109
f 383/6652/99 327/6688/99 329/6689/99
f 383/6652/99 329/6689/99 385/6653/99
f 327/6688/79 271/6724/79 273/6725/79
f 327/6688/79 273/6725/79 329/6689/79
f 385/1079/76 329/1096/76 273/1101/76
f 385/1079/76 273/1101/76 239/1097/76
f 385/1079/76 239/1097/76 201/1080/76
f 385/1079/76 201/1080/76 173/1078/76
f 385/1079/76 173/1078/76 157/1073/76
f 385/1079/76 157/1073/76 149/1050/76
f 385/1079/76 149/1050/76 129/1013/76
f 385/1079/76 129/1013/76 125/892/76
f 385/1079/76 125/892/76 121/714/76
f 385/1079/76 121/714/76 117/542/76
f 385/1079/76 117/542/76 114/491/76
f 385/1079/76 114/491/76 118/464/76
f 385/1079/76 118/464/76 122/449/76
f 385/1079/76 122/449/76 126/417/76
f 385/1079/76 126/417/76 130/413/76
f 385/1079/76 130/413/76 150/409/76
f 385/1079/76 150/409/76 158/405/76
f 385/1079/76 158/405/76 174/403/76
f 385/1079/76 174/403/76 202/401/76
f 385/1079/76 202/401/76 240/387/76
f 385/1079/76 240/387/76 276/385/76
f 385/1079/76 276/385/76 330/386/76
f 385/1079/76 330/386/76 386/400/76
f 385/1079/76 386/400/76 390/402/76
f 385/1079/76 390/402/76 394/404/76
f 385/1079/76 394/404/76 398/408/76
f 385/1079/76 398/408/76 418/412/76
f 385/1079/76 418/412/76 422/416/76
f 385/1079/76 422/416/76 426/448/76
f 385/1079/76 426/448/76 430/463/76
f 385/1079/76 430/463/76 432/488/76
f 385/1079/76 432/488/76 429/541/76
f 385/1079/76 429/541/76 425/713/76
f 385/1079/76 425/713/76 421/891/76
f 385/1079/76 421/891/76 417/1012/76
f 385/1079/76 417/1012/76 397/1049/76
f 385/1079/76 397/1049/76 393/1072/76
f 385/1079/76 393/1072/76 389/1077/76
f 274/6725/38 255/6735/38 257/6736/38
f 274/6725/38 257/6736/38 277/6726/38
f 255/6735/22 249/6739/22 251/6740/22
f 255/6735/22 251/6740/22 257/6736/22
f 249/501/8 247/486/8 248/487/8
f 249/501/8 248/487/8 251/502/8
f 247/486/9 250/477/9 252/478/9
f 247/486/9 252/478/9 248/487/9
f 250/6739/23 256/6735/23 258/6736/23
f 250/6739/23 258/6736/23 252/6740/23
f 256/6735/39 275/6725/39 278/6726/39
f 256/6735/39 278/6726/39 258/6736/39
f 275/6725/103 292/6712/103 294/6713/103
f 275/6725/103 294/6713/103 278/6726/103
f 292/6712/119 306/6702/119 308/6703/119
f 292/6712/119 308/6703/119 294/6713/119
f 306/477/133 309/486/133 310/487/133
f 306/477/133 310/487/133 308/478/133
f 309/486/132 305/501/132 307/502/132
f 309/486/132 307/502/132 310/487/132
f 305/6702/118 291/6712/118 293/6713/118
f 305/6702/118 293/6713/118 307/6703/118
f 291/6712/102 274/6725/102 277/6726/102
f 291/6712/102 277/6726/102 293/6713/102
f 307/503/76 293/512/76 277/520/76
f 307/503/76 277/520/76 257/513/76
f 307/503/76 257/513/76 251/504/76
f 307/503/76 251/504/76 248/490/76
f 307/503/76 248/490/76 252/480/76
f 307/503/76 252/480/76 258/474/76
f 307/503/76 258/474/76 278/472/76
f 307/503/76 278/472/76 294/473/76
f 307/503/76 294/473/76 308/479/76
f 307/503/76 308/479/76 310/489/76
f 243/393/65 343/1086/65 345/1083/65
f 243/393/65 345/1083/65 245/390/65
f 245/388/137 345/1081/137 346/1082/137
f 245/388/137 346/1082/137 246/389/137
f 246/390/76 346/1083/76 344/1086/76
f 246/390/76 344/1086/76 244/393/76
f 244/392/4 344/1085/4 343/1084/4
f 244/392/4 343/1084/4 243/391/4
f 243/6743/43 245/6741/43 246/6742/43
f 243/6743/43 246/6742/43 244/6744/43
f 344/6679/97 346/6677/97 345/6676/97
f 344/6679/97 345/6676/97 343/6678/97
f 211/399/65 319/1095/65 323/1092/65
f 211/399/65 323/1092/65 213/396/65
f 213/394/137 323/1090/137 324/1091/137
f 213/394/137 324/1091/137 214/395/137
f 214/396/76 324/1092/76 320/1095/76
f 214/396/76 320/1095/76 212/399/76
f 212/398/4 320/1094/4 319/1093/4
f 212/398/4 319/1093/4 211/397/4
f 211/6763/43 213/6761/43 214/6762/43
f 211/6763/43 214/6762/43 212/6764/43
f 320/6697/97 324/6693/97 323/6692/97
f 320/6697/97 323/6692/97 319/6696/97
f 241/6745/97 197/6775/97 198/6776/97
f 241/6745/97 198/6776/97 242/6746/97
f 197/382/4 195/373/4 196/374/4
f 197/382/4 196/374/4 198/383/4
f 195/6777/43 235/6749/43 236/6750/43
f 195/6777/43 236/6750/43 196/6778/43
f 235/367/137 241/376/137 242/377/137
f 235/367/137 242/377/137 236/368/137
f 196/375/76 236/369/76 242/378/76
f 196/375/76 242/378/76 198/384/76
f 233/6751/97 189/6783/97 190/6784/97
f 233/6751/97 190/6784/97 234/6752/97
f 189/304/4 187/238/4 188/239/4
f 189/304/4 188/239/4 190/305/4
f 187/6785/43 231/6753/43 232/6754/43
f 187/6785/43 232/6754/43 188/6786/43
f 231/115/137 233/241/137 234/242/137
f 231/115/137 234/242/137 232/116/137
f 188/240/76 232/117/76 234/243/76
f 188/240/76 234/243/76 190/306/76
f 209/6765/97 181/6791/97 182/6792/97
f 209/6765/97 182/6792/97 210/6766/97
f 181/106/4 179/100/4 180/101/4
f 181/106/4 180/101/4 182/107/4
f 179/6793/43 207/6767/43 208/6768/43
f 179/6793/43 208/6768/43 180/6794/43
f 207/97/137 209/103/137 210/104/137
f 207/97/137 210/104/137 208/98/137
f 180/102/76 208/99/76 210/105/76
f 180/102/76 210/105/76 182/108/76
f 205/6769/97 169/6801/97 170/6802/97
f 205/6769/97 170/6802/97 206/6770/97
f 169/94/4 167/88/4 168/89/4
f 169/94/4 168/89/4 170/95/4
f 167/6803/43 203/6771/43 204/6772/43
f 167/6803/43 204/6772/43 168/6804/43
f 203/85/137 205/91/137 206/92/137
f 203/85/137 206/92/137 204/86/137
f 168/90/76 204/87/76 206/93/76
f 168/90/76 206/93/76 170/96/76
f 193/6779/97 165/6805/97 166/6806/97
f 193/6779/97 166/6806/97 194/6780/97
f 165/82/4 163/76/4 164/77/4
f 165/82/4 164/77/4 166/83/4
f 163/6807/43 191/6781/43 192/6782/43
f 163/6807/43 192/6782/43 164/6808/43
f 191/73/137 193/79/137 194/80/137
f 191/73/137 194/80/137 192/74/137
f 164/78/76 192/75/76 194/81/76
f 164/78/76 194/81/76 166/84/76
f 185/6787/97 161/6809/97 162/6810/97
f 185/6787/97 162/6810/97 186/6788/97
f 161/70/4 159/64/4 160/65/4
f 161/70/4 160/65/4 162/71/4
f 159/6811/43 183/6789/43 184/6790/43
f 159/6811/43 184/6790/43 160/6812/43
f 183/61/137 185/67/137 186/68/137
f 183/61/137 186/68/137 184/62/137
f 160/66/76 184/63/76 186/69/76
f 160/66/76 186/69/76 162/72/76
f 177/6795/97 153/6815/97 154/6816/97
f 177/6795/97 154/6816/97 178/6796/97
f 153/58/4 151/52/4 152/53/4
f 153/58/4 152/53/4 154/59/4
f 151/6817/43 175/6797/43 176/6798/43
f 151/6817/43 176/6798/43 152/6818/43
f 175/49/137 177/55/137 178/56/137
f 175/49/137 178/56/137 176/50/137
f 152/54/76 176/51/76 178/57/76
f 152/54/76 178/57/76 154/60/76
f 433/6638/43 445/6626/43 448/6627/43
f 433/6638/43 448/6627/43 434/6639/43
f 434/6639/44 448/6627/44 449/6623/44
f 434/6639/44 449/6623/44 435/6637/44
f 435/6637/46 449/6623/46 450/6622/46
f 435/6637/46 450/6622/46 436/6636/46
f 436/6636/47 450/6622/47 451/6621/47
f 436/6636/47 451/6621/47 437/6635/47
f 437/6635/48 451/6621/48 455/6617/48
f 437/6635/48 455/6617/48 438/6634/48
f 438/6634/50 455/6617/50 458/6614/50
f 438/6634/50 458/6614/50 439/6633/50
f 439/6633/51 458/6614/51 460/6612/51
f 439/6633/51 460/6612/51 440/6632/51
f 440/6632/52 460/6612/52 461/6611/52
f 440/6632/52 461/6611/52 441/6631/52
f 441/6631/53 461/6611/53 463/6609/53
f 441/6631/53 463/6609/53 444/6628/53
f 444/6628/54 463/6609/54 465/6607/54
f 444/6628/54 465/6607/54 452/6620/54
f 452/6620/55 465/6607/55 467/6605/55
f 452/6620/55 467/6605/55 459/6613/55
f 459/6613/56 467/6605/56 469/6603/56
f 459/6613/56 469/6603/56 462/6610/56
f 462/6610/59 469/6603/59 471/6601/59
f 462/6610/59 471/6601/59 464/6608/59
f 464/6608/60 471/6601/60 475/6597/60
f 464/6608/60 475/6597/60 466/6606/60
f 466/6606/81 475/6597/81 481/6591/81
f 466/6606/81 481/6591/81 468/6604/81
f 468/6604/82 481/6591/82 485/6587/82
f 468/6604/82 485/6587/82 470/6602/82
f 470/6602/85 485/6587/85 488/6584/85
f 470/6602/85 488/6584/85 474/6598/85
f 474/6598/86 488/6584/86 491/6581/86
f 474/6598/86 491/6581/86 478/6594/86
f 478/6594/87 491/6581/87 497/6575/87
f 478/6594/87 497/6575/87 484/6588/87
f 484/6588/88 497/6575/88 498/6574/88
f 484/6588/88 498/6574/88 486/6586/88
f 486/6586/89 498/6574/89 499/6573/89
f 486/6586/89 499/6573/89 487/6585/89
f 487/6585/90 499/6573/90 500/6572/90
f 487/6585/90 500/6572/90 489/6583/90
f 489/6583/91 500/6572/91 501/6571/91
f 489/6583/91 501/6571/91 490/6582/91
f 490/6582/93 501/6571/93 502/6570/93
f 490/6582/93 502/6570/93 492/6580/93
f 492/6580/94 502/6570/94 503/6569/94
f 492/6580/94 503/6569/94 493/6579/94
f 493/6579/96 503/6569/96 504/6568/96
f 493/6579/96 504/6568/96 494/6578/96
f 494/6578/98 504/6568/98 506/6567/98
f 494/6578/98 506/6567/98 496/6577/98
f 496/6577/97 506/6567/97 505/6566/97
f 496/6577/97 505/6566/97 495/6576/97
f 495/511/65 505/507/65 445/420/65
f 495/511/65 445/420/65 433/424/65
f 496/510/4 495/509/4 433/422/4
f 445/418/137 505/505/137 506/506/137
f 496/510/4 433/422/4 434/423/4
f 448/419/137 445/418/137 506/506/137
f 496/510/4 434/423/4 435/425/4
f 449/421/137 448/419/137 506/506/137
f 496/510/4 435/425/4 436/427/4
f 450/426/137 449/421/137 506/506/137
f 496/510/4 436/427/4 437/429/4
f 451/428/137 450/426/137 506/506/137
f 496/510/4 437/429/4 438/431/4
f 455/430/137 451/428/137 506/506/137
f 496/510/4 438/431/4 439/433/4
f 458/432/137 455/430/137 506/506/137
f 496/510/4 439/433/4 440/438/4
f 460/437/137 458/432/137 506/506/137
f 496/510/4 440/438/4 441/443/4
f 461/442/137 460/437/137 506/506/137
f 496/510/4 441/443/4 444/445/4
f 463/444/137 461/442/137 506/506/137
f 496/510/4 444/445/4 452/451/4
f 465/450/137 463/444/137 506/506/137
f 496/510/4 452/451/4 459/453/4
f 467/452/137 465/450/137 506/506/137
f 496/510/4 459/453/4 462/455/4
f 469/454/137 467/452/137 506/506/137
f 496/510/4 462/455/4 464/457/4
f 471/456/137 469/454/137 506/506/137
f 496/510/4 464/457/4 466/459/4
f 475/458/137 471/456/137 506/506/137
f 496/510/4 466/459/4 468/465/4
f 481/460/137 475/458/137 506/506/137
f 496/510/4 468/465/4 470/467/4
f 485/466/137 481/460/137 506/506/137
f 496/510/4 470/467/4 474/469/4
f 488/468/137 485/466/137 506/506/137
f 496/510/4 474/469/4 478/471/4
f 491/470/137 488/468/137 506/506/137
f 496/510/4 478/471/4 484/476/4
f 497/475/137 491/470/137 506/506/137
f 496/510/4 484/476/4 486/482/4
f 498/481/137 497/475/137 506/506/137
f 496/510/4 486/482/4 487/484/4
f 499/483/137 498/481/137 506/506/137
f 496/510/4 487/484/4 489/493/4
f 500/492/137 499/483/137 506/506/137
f 496/510/4 489/493/4 490/495/4
f 501/494/137 500/492/137 506/506/137
f 496/510/4 490/495/4 492/497/4
f 502/496/137 501/494/137 506/506/137
f 496/510/4 492/497/4 493/499/4
f 503/498/137 502/496/137 506/506/137
f 496/510/4 493/499/4 494/508/4
f 504/500/137 503/498/137 506/506/137
f 476/25/137 482/37/137 483/38/137
f 476/25/137 483/38/137 477/26/137
f 482/6589/97 479/6592/97 480/6593/97
f 482/6589/97 480/6593/97 483/6590/97
f 479/40/4 472/28/4 473/29/4
f 479/40/4 473/29/4 480/41/4
f 472/6599/43 476/6595/43 477/6596/43
f 472/6599/43 477/6596/43 473/6600/43
f 480/42/76 473/30/76 477/27/76
f 480/42/76 477/27/76 483/39/76
f 446/31/137 456/43/137 457/44/137
f 446/31/137 457/44/137 447/32/137
f 456/6615/97 453/6618/97 454/6619/97
f 456/6615/97 454/6619/97 457/6616/97
f 453/46/4 442/34/4 443/35/4
f 453/46/4 443/35/4 454/47/4
f 442/6629/43 446/6624/43 447/6625/43
f 442/6629/43 447/6625/43 443/6630/43
f 454/48/76 443/36/76 447/33/76
f 454/48/76 447/33/76 457/45/76
f 7/13/137 15/1240/137 16/1241/137
f 7/13/137 16/1241/137 8/14/137
f 15/6863/97 13/6865/97 14/6866/97
f 15/6863/97 14/6866/97 16/6864/97
f 13/1243/4 5/16/4 6/17/4
f 13/1243/4 6/17/4 14/1244/4
f 5/6873/43 7/6871/43 8/6872/43
f 5/6873/43 8/6872/43 6/6874/43
f 14/1245/76 6/18/76 8/15/76
f 14/1245/76 8/15/76 16/1242/76
f 3/19/137 11/1246/137 12/1247/137
f 3/19/137 12/1247/137 4/20/137
f 11/6867/97 9/6869/97 10/6870/97
f 11/6867/97 10/6870/97 12/6868/97
f 9/1249/4 1/22/4 2/23/4
f 9/1249/4 2/23/4 10/1250/4
f 1/6877/43 3/6875/43 4/6876/43
f 1/6877/43 4/6876/43 2/6878/43
f 10/1251/76 2/24/76 4/21/76
f 10/1251/76 4/21/76 12/1248/76
f 303/1/137 513/841/137 514/842/137
f 303/1/137 514/842/137 304/2/137
f 513/6558/97 511/6560/97 512/6561/97
f 513/6558/97 512/6561/97 514/6559/97
f 511/844/4 301/4/4 302/5/4
f 511/844/4 302/5/4 512/845/4
f 301/6706/43 303/6704/43 304/6705/43
f 301/6706/43 304/6705/43 302/6707/43
f 512/846/76 302/6/76 304/3/76
f 512/846/76 304/3/76 514/843/76
f 283/7/137 509/847/137 510/848/137
f 283/7/137 510/848/137 284/8/137
f 509/6562/97 507/6564/97 508/6565/97
f 509/6562/97 508/6565/97 510/6563/97
f 507/850/4 281/10/4 282/11/4
f 507/850/4 282/11/4 508/851/4
f 281/6720/43 283/6718/43 284/6719/43
f 281/6720/43 284/6719/43 282/6721/43
f 508/852/76 282/12/76 284/9/76
f 508/852/76 284/9/76 510/849/76
f 3569/2169/31 3565/2187/31 3567/2188/31
f 3569/2169/31 3567/2188/31 3571/2170/31
f 3565/3421/11 3563/3417/11 3564/3418/11
f 3565/3421/11 3564/3418/11 3567/3422/11
f 3563/3417/12 3566/3413/12 3568/3414/12
f 3563/3417/12 3568/3414/12 3564/3418/12
f 3566/2187/32 3570/2169/32 3572/2170/32
f 3566/2187/32 3572/2170/32 3568/2188/32
f 3570/2169/110 3574/2144/110 3576/2145/110
f 3570/2169/110 3576/2145/110 3572/2170/110
f 3574/3413/130 3577/3417/130 3578/3418/130
f 3574/3413/130 3578/3418/130 3576/3414/130
f 3577/3417/129 3573/3421/129 3575/3422/129
f 3577/3417/129 3575/3422/129 3578/3418/129
f 3573/2144/109 3569/2169/109 3571/2170/109
f 3573/2144/109 3571/2170/109 3575/2145/109
f 3578/3415/76 3575/3419/76 3571/3423/76
f 3578/3415/76 3571/3423/76 3567/3420/76
f 3578/3415/76 3567/3420/76 3564/3416/76
f 3578/3415/76 3564/3416/76 3568/3412/76
f 3578/3415/76 3568/3412/76 3572/3410/76
f 3578/3415/76 3572/3410/76 3576/3411/76
f 3553/2581/31 3549/2583/31 3551/2584/31
f 3553/2581/31 3551/2584/31 3555/2582/31
f 3549/3456/11 3547/3452/11 3548/3453/11
f 3549/3456/11 3548/3453/11 3551/3457/11
f 3547/3452/12 3550/3448/12 3552/3449/12
f 3547/3452/12 3552/3449/12 3548/3453/12
f 3550/2583/32 3554/2581/32 3556/2582/32
f 3550/2583/32 3556/2582/32 3552/2584/32
f 3554/2581/110 3558/2567/110 3560/2568/110
f 3554/2581/110 3560/2568/110 3556/2582/110
f 3558/3448/130 3561/3452/130 3562/3453/130
f 3558/3448/130 3562/3453/130 3560/3449/130
f 3561/3452/129 3557/3456/129 3559/3457/129
f 3561/3452/129 3559/3457/129 3562/3453/129
f 3557/2567/109 3553/2581/109 3555/2582/109
f 3557/2567/109 3555/2582/109 3559/2568/109
f 3562/3450/76 3559/3454/76 3555/3458/76
f 3562/3450/76 3555/3458/76 3551/3455/76
f 3562/3450/76 3551/3455/76 3548/3451/76
f 3562/3450/76 3548/3451/76 3552/3447/76
f 3562/3450/76 3552/3447/76 3556/3442/76
f 3562/3450/76 3556/3442/76 3560/3446/76
f 3333/2960/31 3145/3056/31 3147/3057/31
f 3333/2960/31 3147/3057/31 3335/2961/31
f 3145/3491/11 3135/3484/11 3136/3485/11
f 3145/3491/11 3136/3485/11 3147/3492/11
f 3135/3484/12 3146/3477/12 3148/3478/12
f 3135/3484/12 3148/3478/12 3136/3485/12
f 3146/3056/32 3334/2960/32 3336/2961/32
f 3146/3056/32 3336/2961/32 3148/3057/32
f 3334/2960/110 3338/2955/110 3340/2956/110
f 3334/2960/110 3340/2956/110 3336/2961/110
f 3338/3477/130 3341/3484/130 3342/3485/130
f 3338/3477/130 3342/3485/130 3340/3478/130
f 3341/3484/129 3337/3491/129 3339/3492/129
f 3341/3484/129 3339/3492/129 3342/3485/129
f 3337/2955/109 3333/2960/109 3335/2961/109
f 3337/2955/109 3335/2961/109 3339/2956/109
f 3342/3482/76 3339/3489/76 3335/3493/76
f 3342/3482/76 3335/3493/76 3147/3490/76
f 3342/3482/76 3147/3490/76 3136/3483/76
f 3342/3482/76 3136/3483/76 3148/3476/76
f 3342/3482/76 3148/3476/76 3336/3474/76
f 3342/3482/76 3336/3474/76 3340/3475/76
f 3109/3156/31 3105/3158/31 3107/3159/31
f 3109/3156/31 3107/3159/31 3111/3157/31
f 3105/3529/11 3103/3525/11 3104/3526/11
f 3105/3529/11 3104/3526/11 3107/3530/11
f 3103/3525/12 3106/3519/12 3108/3520/12
f 3103/3525/12 3108/3520/12 3104/3526/12
f 3106/3158/32 3110/3156/32 3112/3157/32
f 3106/3158/32 3112/3157/32 3108/3159/32
f 3110/3156/110 3114/3154/110 3116/3155/110
f 3110/3156/110 3116/3155/110 3112/3157/110
f 3114/3519/130 3117/3525/130 3118/3526/130
f 3114/3519/130 3118/3526/130 3116/3520/130
f 3117/3525/129 3113/3529/129 3115/3530/129
f 3117/3525/129 3115/3530/129 3118/3526/129
f 3113/3154/109 3109/3156/109 3111/3157/109
f 3113/3154/109 3111/3157/109 3115/3155/109
f 3118/3523/76 3115/3527/76 3111/3531/76
f 3118/3523/76 3111/3531/76 3107/3528/76
f 3118/3523/76 3107/3528/76 3104/3524/76
f 3118/3523/76 3104/3524/76 3108/3518/76
f 3118/3523/76 3108/3518/76 3112/3516/76
f 3118/3523/76 3112/3516/76 3116/3517/76
f 3025/3362/31 3021/3372/31 3023/3373/31
f 3025/3362/31 3023/3373/31 3027/3363/31
f 3021/3571/11 3019/3567/11 3020/3568/11
f 3021/3571/11 3020/3568/11 3023/3572/11
f 3019/3567/12 3022/3563/12 3024/3564/12
f 3019/3567/12 3024/3564/12 3020/3568/12
f 3022/3372/32 3026/3362/32 3028/3363/32
f 3022/3372/32 3028/3363/32 3024/3373/32
f 3026/3362/110 3030/3360/110 3032/3361/110
f 3026/3362/110 3032/3361/110 3028/3363/110
f 3030/3563/130 3033/3567/130 3034/3568/130
f 3030/3563/130 3034/3568/130 3032/3564/130
f 3033/3567/129 3029/3571/129 3031/3572/129
f 3033/3567/129 3031/3572/129 3034/3568/129
f 3029/3360/109 3025/3362/109 3027/3363/109
f 3029/3360/109 3027/3363/109 3031/3361/109
f 3034/3565/76 3031/3569/76 3027/3573/76
f 3034/3565/76 3027/3573/76 3023/3570/76
f 3034/3565/76 3023/3570/76 3020/3566/76
f 3034/3565/76 3020/3566/76 3024/3562/76
f 3034/3565/76 3024/3562/76 3028/3560/76
f 3034/3565/76 3028/3560/76 3032/3561/76
f 3009/3514/31 3005/3521/31 3007/3522/31
f 3009/3514/31 3007/3522/31 3011/3515/31
f 3005/3597/11 3003/3587/11 3004/3588/11
f 3005/3597/11 3004/3588/11 3007/3598/11
f 3003/3587/12 3006/3577/12 3008/3578/12
f 3003/3587/12 3008/3578/12 3004/3588/12
f 3006/3521/32 3010/3514/32 3012/3515/32
f 3006/3521/32 3012/3515/32 3008/3522/32
f 3010/3514/110 3014/3512/110 3016/3513/110
f 3010/3514/110 3016/3513/110 3012/3515/110
f 3014/3577/130 3017/3587/130 3018/3588/130
f 3014/3577/130 3018/3588/130 3016/3578/130
f 3017/3587/129 3013/3597/129 3015/3598/129
f 3017/3587/129 3015/3598/129 3018/3588/129
f 3013/3512/109 3009/3514/109 3011/3515/109
f 3013/3512/109 3011/3515/109 3015/3513/109
f 3018/3585/76 3015/3595/76 3011/3599/76
f 3018/3585/76 3011/3599/76 3007/3596/76
f 3018/3585/76 3007/3596/76 3004/3586/76
f 3018/3585/76 3004/3586/76 3008/3576/76
f 3018/3585/76 3008/3576/76 3012/3574/76
f 3018/3585/76 3012/3574/76 3016/3575/76
f 2929/3709/31 2925/3711/31 2927/3712/31
f 2929/3709/31 2927/3712/31 2931/3710/31
f 2925/3609/11 2923/3605/11 2924/3606/11
f 2925/3609/11 2924/3606/11 2927/3610/11
f 2923/3605/12 2926/3601/12 2928/3602/12
f 2923/3605/12 2928/3602/12 2924/3606/12
f 2926/3711/32 2930/3709/32 2932/3710/32
f 2926/3711/32 2932/3710/32 2928/3712/32
f 2930/3709/110 2934/3707/110 2936/3708/110
f 2930/3709/110 2936/3708/110 2932/3710/110
f 2934/3601/130 2937/3605/130 2938/3606/130
f 2934/3601/130 2938/3606/130 2936/3602/130
f 2937/3605/129 2933/3609/129 2935/3610/129
f 2937/3605/129 2935/3610/129 2938/3606/129
f 2933/3707/109 2929/3709/109 2931/3710/109
f 2933/3707/109 2931/3710/109 2935/3708/109
f 2938/3607/76 2935/3611/76 2931/3613/76
f 2938/3607/76 2931/3613/76 2927/3612/76
f 2938/3607/76 2927/3612/76 2924/3608/76
f 2938/3607/76 2924/3608/76 2928/3604/76
f 2938/3607/76 2928/3604/76 2932/3600/76
f 2938/3607/76 2932/3600/76 2936/3603/76
f 2897/3852/31 2893/3858/31 2895/3859/31
f 2897/3852/31 2895/3859/31 2899/3853/31
f 2893/3639/11 2891/3635/11 2892/3636/11
f 2893/3639/11 2892/3636/11 2895/3640/11
f 2891/3635/12 2894/3631/12 2896/3632/12
f 2891/3635/12 2896/3632/12 2892/3636/12
f 2894/3858/32 2898/3852/32 2900/3853/32
f 2894/3858/32 2900/3853/32 2896/3859/32
f 2898/3852/110 2902/3850/110 2904/3851/110
f 2898/3852/110 2904/3851/110 2900/3853/110
f 2902/3631/130 2905/3635/130 2906/3636/130
f 2902/3631/130 2906/3636/130 2904/3632/130
f 2905/3635/129 2901/3639/129 2903/3640/129
f 2905/3635/129 2903/3640/129 2906/3636/129
f 2901/3850/109 2897/3852/109 2899/3853/109
f 2901/3850/109 2899/3853/109 2903/3851/109
f 2906/3637/76 2903/3641/76 2899/3643/76
f 2906/3637/76 2899/3643/76 2895/3642/76
f 2906/3637/76 2895/3642/76 2892/3638/76
f 2906/3637/76 2892/3638/76 2896/3634/76
f 2906/3637/76 2896/3634/76 2900/3629/76
f 2906/3637/76 2900/3629/76 2904/3633/76
f 2861/4210/31 2857/4217/31 2859/4218/31
f 2861/4210/31 2859/4218/31 2863/4211/31
f 2857/3695/11 2855/3691/11 2856/3692/11
f 2857/3695/11 2856/3692/11 2859/3696/11
f 2855/3691/12 2858/3687/12 2860/3688/12
f 2855/3691/12 2860/3688/12 2856/3692/12
f 2858/4217/32 2862/4210/32 2864/4211/32
f 2858/4217/32 2864/4211/32 2860/4218/32
f 2862/4210/110 2866/4202/110 2868/4203/110
f 2862/4210/110 2868/4203/110 2864/4211/110
f 2866/3687/130 2869/3691/130 2870/3692/130
f 2866/3687/130 2870/3692/130 2868/3688/130
f 2869/3691/129 2865/3695/129 2867/3696/129
f 2869/3691/129 2867/3696/129 2870/3692/129
f 2865/4202/109 2861/4210/109 2863/4211/109
f 2865/4202/109 2863/4211/109 2867/4203/109
f 2870/3693/76 2867/3697/76 2863/3699/76
f 2870/3693/76 2863/3699/76 2859/3698/76
f 2870/3693/76 2859/3698/76 2856/3694/76
f 2870/3693/76 2856/3694/76 2860/3690/76
f 2870/3693/76 2860/3690/76 2864/3686/76
f 2870/3693/76 2864/3686/76 2868/3689/76
f 2819/4467/31 2813/4471/31 2815/4472/31
f 2819/4467/31 2815/4472/31 2821/4468/31
f 2813/3740/11 2811/3733/11 2812/3734/11
f 2813/3740/11 2812/3734/11 2815/3741/11
f 2811/3733/12 2814/3729/12 2816/3730/12
f 2811/3733/12 2816/3730/12 2812/3734/12
f 2814/4471/32 2820/4467/32 2822/4468/32
f 2814/4471/32 2822/4468/32 2816/4472/32
f 2820/4467/110 2828/4461/110 2830/4462/110
f 2820/4467/110 2830/4462/110 2822/4468/110
f 2828/3729/130 2833/3733/130 2834/3734/130
f 2828/3729/130 2834/3734/130 2830/3730/130
f 2833/3733/129 2827/3740/129 2829/3741/129
f 2833/3733/129 2829/3741/129 2834/3734/129
f 2827/4461/109 2819/4467/109 2821/4468/109
f 2827/4461/109 2821/4468/109 2829/4462/109
f 2834/3735/76 2829/3742/76 2821/3744/76
f 2834/3735/76 2821/3744/76 2815/3743/76
f 2834/3735/76 2815/3743/76 2812/3736/76
f 2834/3735/76 2812/3736/76 2816/3732/76
f 2834/3735/76 2816/3732/76 2822/3722/76
f 2834/3735/76 2822/3722/76 2830/3731/76
f 2365/4776/31 2361/4778/31 2363/4779/31
f 2365/4776/31 2363/4779/31 2367/4777/31
f 2361/3760/11 2359/3756/11 2360/3757/11
f 2361/3760/11 2360/3757/11 2363/3761/11
f 2359/3756/12 2362/3752/12 2364/3753/12
f 2359/3756/12 2364/3753/12 2360/3757/12
f 2362/4778/32 2366/4776/32 2368/4777/32
f 2362/4778/32 2368/4777/32 2364/4779/32
f 2366/4776/110 2370/4774/110 2372/4775/110
f 2366/4776/110 2372/4775/110 2368/4777/110
f 2370/3752/130 2373/3756/130 2374/3757/130
f 2370/3752/130 2374/3757/130 2372/3753/130
f 2373/3756/129 2369/3760/129 2371/3761/129
f 2373/3756/129 2371/3761/129 2374/3757/129
f 2369/4774/109 2365/4776/109 2367/4777/109
f 2369/4774/109 2367/4777/109 2371/4775/109
f 2374/3758/76 2371/3762/76 2367/3764/76
f 2374/3758/76 2367/3764/76 2363/3763/76
f 2374/3758/76 2363/3763/76 2360/3759/76
f 2374/3758/76 2360/3759/76 2364/3755/76
f 2374/3758/76 2364/3755/76 2368/3751/76
f 2374/3758/76 2368/3751/76 2372/3754/76
f 2341/4830/31 2337/4832/31 2339/4833/31
f 2341/4830/31 2339/4833/31 2343/4831/31
f 2337/3799/11 2335/3795/11 2336/3796/11
f 2337/3799/11 2336/3796/11 2339/3800/11
f 2335/3795/12 2338/3788/12 2340/3789/12
f 2335/3795/12 2340/3789/12 2336/3796/12
f 2338/4832/32 2342/4830/32 2344/4831/32
f 2338/4832/32 2344/4831/32 2340/4833/32
f 2342/4830/110 2346/4828/110 2348/4829/110
f 2342/4830/110 2348/4829/110 2344/4831/110
f 2346/3788/130 2349/3795/130 2350/3796/130
f 2346/3788/130 2350/3796/130 2348/3789/130
f 2349/3795/129 2345/3799/129 2347/3800/129
f 2349/3795/129 2347/3800/129 2350/3796/129
f 2345/4828/109 2341/4830/109 2343/4831/109
f 2345/4828/109 2343/4831/109 2347/4829/109
f 2350/3797/76 2347/3801/76 2343/3803/76
f 2350/3797/76 2343/3803/76 2339/3802/76
f 2350/3797/76 2339/3802/76 2336/3798/76
f 2350/3797/76 2336/3798/76 2340/3791/76
f 2350/3797/76 2340/3791/76 2344/3785/76
f 2350/3797/76 2344/3785/76 2348/3790/76
f 2255/4990/31 2251/4992/31 2253/4993/31
f 2255/4990/31 2253/4993/31 2257/4991/31
f 2251/3845/11 2249/3841/11 2250/3842/11
f 2251/3845/11 2250/3842/11 2253/3846/11
f 2249/3841/12 2252/3837/12 2254/3838/12
f 2249/3841/12 2254/3838/12 2250/3842/12
f 2252/4992/32 2256/4990/32 2258/4991/32
f 2252/4992/32 2258/4991/32 2254/4993/32
f 2256/4990/110 2260/4988/110 2262/4989/110
f 2256/4990/110 2262/4989/110 2258/4991/110
f 2260/3837/130 2263/3841/130 2264/3842/130
f 2260/3837/130 2264/3842/130 2262/3838/130
f 2263/3841/129 2259/3845/129 2261/3846/129
f 2263/3841/129 2261/3846/129 2264/3842/129
f 2259/4988/109 2255/4990/109 2257/4991/109
f 2259/4988/109 2257/4991/109 2261/4989/109
f 2264/3843/76 2261/3847/76 2257/3849/76
f 2264/3843/76 2257/3849/76 2253/3848/76
f 2264/3843/76 2253/3848/76 2250/3844/76
f 2264/3843/76 2250/3844/76 2254/3840/76
f 2264/3843/76 2254/3840/76 2258/3836/76
f 2264/3843/76 2258/3836/76 2262/3839/76
f 2217/5018/31 2213/5020/31 2215/5021/31
f 2217/5018/31 2215/5021/31 2219/5019/31
f 2213/3951/11 2211/3947/11 2212/3948/11
f 2213/3951/11 2212/3948/11 2215/3952/11
f 2211/3947/12 2214/3943/12 2216/3944/12
f 2211/3947/12 2216/3944/12 2212/3948/12
f 2214/5020/32 2218/5018/32 2220/5019/32
f 2214/5020/32 2220/5019/32 2216/5021/32
f 2218/5018/110 2222/5016/110 2224/5017/110
f 2218/5018/110 2224/5017/110 2220/5019/110
f 2222/3943/130 2225/3947/130 2226/3948/130
f 2222/3943/130 2226/3948/130 2224/3944/130
f 2225/3947/129 2221/3951/129 2223/3952/129
f 2225/3947/129 2223/3952/129 2226/3948/129
f 2221/5016/109 2217/5018/109 2219/5019/109
f 2221/5016/109 2219/5019/109 2223/5017/109
f 2226/3949/76 2223/3953/76 2219/3955/76
f 2226/3949/76 2219/3955/76 2215/3954/76
f 2226/3949/76 2215/3954/76 2212/3950/76
f 2226/3949/76 2212/3950/76 2216/3946/76
f 2226/3949/76 2216/3946/76 2220/3942/76
f 2226/3949/76 2220/3942/76 2224/3945/76
f 2133/5092/31 2123/5098/31 2125/5099/31
f 2133/5092/31 2125/5099/31 2135/5093/31
f 2123/3997/11 2117/3993/11 2118/3994/11
f 2123/3997/11 2118/3994/11 2125/3998/11
f 2117/3993/12 2124/3989/12 2126/3990/12
f 2117/3993/12 2126/3990/12 2118/3994/12
f 2124/5098/32 2134/5092/32 2136/5093/32
f 2124/5098/32 2136/5093/32 2126/5099/32
f 2134/5092/110 2142/5086/110 2144/5087/110
f 2134/5092/110 2144/5087/110 2136/5093/110
f 2142/3989/130 2145/3993/130 2146/3994/130
f 2142/3989/130 2146/3994/130 2144/3990/130
f 2145/3993/129 2141/3997/129 2143/3998/129
f 2145/3993/129 2143/3998/129 2146/3994/129
f 2141/5086/109 2133/5092/109 2135/5093/109
f 2141/5086/109 2135/5093/109 2143/5087/109
f 2146/3995/76 2143/3999/76 2135/4001/76
f 2146/3995/76 2135/4001/76 2125/4000/76
f 2146/3995/76 2125/4000/76 2118/3996/76
f 2146/3995/76 2118/3996/76 2126/3992/76
f 2146/3995/76 2126/3992/76 2136/3988/76
f 2146/3995/76 2136/3988/76 2144/3991/76
f 1953/5252/31 1949/5254/31 1951/5255/31
f 1953/5252/31 1951/5255/31 1955/5253/31
f 1949/4041/11 1947/4031/11 1948/4032/11
f 1949/4041/11 1948/4032/11 1951/4042/11
f 1947/4031/12 1950/4027/12 1952/4028/12
f 1947/4031/12 1952/4028/12 1948/4032/12
f 1950/5254/32 1954/5252/32 1956/5253/32
f 1950/5254/32 1956/5253/32 1952/5255/32
f 1954/5252/110 1960/5248/110 1962/5249/110
f 1954/5252/110 1962/5249/110 1956/5253/110
f 1960/4027/130 1963/4031/130 1964/4032/130
f 1960/4027/130 1964/4032/130 1962/4028/130
f 1963/4031/129 1959/4041/129 1961/4042/129
f 1963/4031/129 1961/4042/129 1964/4032/129
f 1959/5248/109 1953/5252/109 1955/5253/109
f 1959/5248/109 1955/5253/109 1961/5249/109
f 1964/4033/76 1961/4043/76 1955/4045/76
f 1964/4033/76 1955/4045/76 1951/4044/76
f 1964/4033/76 1951/4044/76 1948/4034/76
f 1964/4033/76 1948/4034/76 1952/4030/76
f 1964/4033/76 1952/4030/76 1956/4026/76
f 1964/4033/76 1956/4026/76 1962/4029/76
f 1819/5376/31 1811/5382/31 1813/5383/31
f 1819/5376/31 1813/5383/31 1821/5377/31
f 1811/4091/11 1807/4083/11 1808/4084/11
f 1811/4091/11 1808/4084/11 1813/4092/11
f 1807/4083/12 1812/4073/12 1814/4074/12
f 1807/4083/12 1814/4074/12 1808/4084/12
f 1812/5382/32 1820/5376/32 1822/5377/32
f 1812/5382/32 1822/5377/32 1814/5383/32
f 1820/5376/110 1826/5372/110 1828/5373/110
f 1820/5376/110 1828/5373/110 1822/5377/110
f 1826/4073/130 1829/4083/130 1830/4084/130
f 1826/4073/130 1830/4084/130 1828/4074/130
f 1829/4083/129 1825/4091/129 1827/4092/129
f 1829/4083/129 1827/4092/129 1830/4084/129
f 1825/5372/109 1819/5376/109 1821/5377/109
f 1825/5372/109 1821/5377/109 1827/5373/109
f 1830/4085/76 1827/4093/76 1821/4095/76
f 1830/4085/76 1821/4095/76 1813/4094/76
f 1830/4085/76 1813/4094/76 1808/4086/76
f 1830/4085/76 1808/4086/76 1814/4076/76
f 1830/4085/76 1814/4076/76 1822/4072/76
f 1830/4085/76 1822/4072/76 1828/4075/76
f 1549/5626/31 1541/5632/31 1543/5633/31
f 1549/5626/31 1543/5633/31 1551/5627/31
f 1541/4158/11 1533/4151/11 1534/4152/11
f 1541/4158/11 1534/4152/11 1543/4159/11
f 1533/4151/12 1542/4144/12 1544/4145/12
f 1533/4151/12 1544/4145/12 1534/4152/12
f 1542/5632/32 1550/5626/32 1552/5627/32
f 1542/5632/32 1552/5627/32 1544/5633/32
f 1550/5626/110 1556/5622/110 1558/5623/110
f 1550/5626/110 1558/5623/110 1552/5627/110
f 1556/4144/130 1559/4151/130 1560/4152/130
f 1556/4144/130 1560/4152/130 1558/4145/130
f 1559/4151/129 1555/4158/129 1557/4159/129
f 1559/4151/129 1557/4159/129 1560/4152/129
f 1555/5622/109 1549/5626/109 1551/5627/109
f 1555/5622/109 1551/5627/109 1557/5623/109
f 1560/4153/76 1557/4160/76 1551/4166/76
f 1560/4153/76 1551/4166/76 1543/4161/76
f 1560/4153/76 1543/4161/76 1534/4154/76
f 1560/4153/76 1534/4154/76 1544/4147/76
f 1560/4153/76 1544/4147/76 1552/4133/76
f 1560/4153/76 1552/4133/76 1558/4146/76
f 1299/5866/31 1295/5868/31 1297/5869/31
f 1299/5866/31 1297/5869/31 1301/5867/31
f 1295/4229/11 1293/4219/11 1294/4220/11
f 1295/4229/11 1294/4220/11 1297/4230/11
f 1293/4219/12 1296/4213/12 1298/4214/12
f 1293/4219/12 1298/4214/12 1294/4220/12
f 1296/5868/32 1300/5866/32 1302/5867/32
f 1296/5868/32 1302/5867/32 1298/5869/32
f 1300/5866/110 1316/5852/110 1318/5853/110
f 1300/5866/110 1318/5853/110 1302/5867/110
f 1316/4213/130 1319/4219/130 1320/4220/130
f 1316/4213/130 1320/4220/130 1318/4214/130
f 1319/4219/129 1315/4229/129 1317/4230/129
f 1319/4219/129 1317/4230/129 1320/4220/129
f 1315/5852/109 1299/5866/109 1301/5867/109
f 1315/5852/109 1301/5867/109 1317/5853/109
f 1320/4221/76 1317/4231/76 1301/4239/76
f 1320/4221/76 1301/4239/76 1297/4232/76
f 1320/4221/76 1297/4232/76 1294/4222/76
f 1320/4221/76 1294/4222/76 1298/4216/76
f 1320/4221/76 1298/4216/76 1302/4212/76
f 1320/4221/76 1302/4212/76 1318/4215/76
f 1051/6094/31 1045/6098/31 1047/6099/31
f 1051/6094/31 1047/6099/31 1053/6095/31
f 1045/4263/11 1043/4259/11 1044/4260/11
f 1045/4263/11 1044/4260/11 1047/4264/11
f 1043/4259/12 1046/4255/12 1048/4256/12
f 1043/4259/12 1048/4256/12 1044/4260/12
f 1046/6098/32 1052/6094/32 1054/6095/32
f 1046/6098/32 1054/6095/32 1048/6099/32
f 1052/6094/110 1062/6086/110 1064/6087/110
f 1052/6094/110 1064/6087/110 1054/6095/110
f 1062/4255/130 1067/4259/130 1068/4260/130
f 1062/4255/130 1068/4260/130 1064/4256/130
f 1067/4259/129 1061/4263/129 1063/4264/129
f 1067/4259/129 1063/4264/129 1068/4260/129
f 1061/6086/109 1051/6094/109 1053/6095/109
f 1061/6086/109 1053/6095/109 1063/6087/109
f 1068/4261/76 1063/4265/76 1053/4267/76
f 1068/4261/76 1053/4267/76 1047/4266/76
f 1068/4261/76 1047/4266/76 1044/4262/76
f 1068/4261/76 1044/4262/76 1048/4258/76
f 1068/4261/76 1048/4258/76 1054/4254/76
f 1068/4261/76 1054/4254/76 1064/4257/76
f 849/6286/31 845/6288/31 847/6289/31
f 849/6286/31 847/6289/31 851/6287/31
f 845/4319/11 843/4307/11 844/4308/11
f 845/4319/11 844/4308/11 847/4320/11
f 843/4307/12 846/4294/12 848/4295/12
f 843/4307/12 848/4295/12 844/4308/12
f 846/6288/32 850/6286/32 852/6287/32
f 846/6288/32 852/6287/32 848/6289/32
f 850/6286/110 854/6284/110 856/6285/110
f 850/6286/110 856/6285/110 852/6287/110
f 854/4294/130 857/4307/130 858/4308/130
f 854/4294/130 858/4308/130 856/4295/130
f 857/4307/129 853/4319/129 855/4320/129
f 857/4307/129 855/4320/129 858/4308/129
f 853/6284/109 849/6286/109 851/6287/109
f 853/6284/109 851/6287/109 855/6285/109
f 858/4309/76 855/4321/76 851/4323/76
f 858/4309/76 851/4323/76 847/4322/76
f 858/4309/76 847/4322/76 844/4310/76
f 858/4309/76 844/4310/76 848/4297/76
f 858/4309/76 848/4297/76 852/4293/76
f 858/4309/76 852/4293/76 856/4296/76
f 697/6418/31 693/6420/31 695/6421/31
f 697/6418/31 695/6421/31 699/6419/31
f 693/4371/11 691/4367/11 692/4368/11
f 693/4371/11 692/4368/11 695/4372/11
f 691/4367/12 694/4363/12 696/4364/12
f 691/4367/12 696/4364/12 692/4368/12
f 694/6420/32 698/6418/32 700/6419/32
f 694/6420/32 700/6419/32 696/6421/32
f 698/6418/110 706/6412/110 708/6413/110
f 698/6418/110 708/6413/110 700/6419/110
f 706/4363/130 709/4367/130 710/4368/130
f 706/4363/130 710/4368/130 708/4364/130
f 709/4367/129 705/4371/129 707/4372/129
f 709/4367/129 707/4372/129 710/4368/129
f 705/6412/109 697/6418/109 699/6419/109
f 705/6412/109 699/6419/109 707/6413/109
f 710/4369/76 707/4373/76 699/4377/76
f 710/4369/76 699/4377/76 695/4374/76
f 710/4369/76 695/4374/76 692/4370/76
f 710/4369/76 692/4370/76 696/4366/76
f 710/4369/76 696/4366/76 700/4362/76
f 710/4369/76 700/4362/76 708/4365/76
f 579/6518/31 575/6520/31 577/6521/31
f 579/6518/31 577/6521/31 581/6519/31
f 575/4397/11 571/4393/11 572/4394/11
f 575/4397/11 572/4394/11 577/4398/11
f 571/4393/12 576/4389/12 578/4390/12
f 571/4393/12 578/4390/12 572/4394/12
f 576/6520/32 580/6518/32 582/6519/32
f 576/6520/32 582/6519/32 578/6521/32
f 580/6518/110 584/6516/110 586/6517/110
f 580/6518/110 586/6517/110 582/6519/110
f 584/4389/130 587/4393/130 588/4394/130
f 584/4389/130 588/4394/130 586/4390/130
f 587/4393/129 583/4397/129 585/4398/129
f 587/4393/129 585/4398/129 588/4394/129
f 583/6516/109 579/6518/109 581/6519/109
f 583/6516/109 581/6519/109 585/6517/109
f 588/4395/76 585/4399/76 581/4401/76
f 588/4395/76 581/4401/76 577/4400/76
f 588/4395/76 577/4400/76 572/4396/76
f 588/4395/76 572/4396/76 578/4392/76
f 588/4395/76 578/4392/76 582/4388/76
f 588/4395/76 582/4388/76 586/4391/76
f 521/6554/31 517/6556/31 519/6557/31
f 521/6554/31 519/6557/31 523/6555/31
f 517/4429/11 515/4423/11 516/4424/11
f 517/4429/11 516/4424/11 519/4430/11
f 515/4423/12 518/4413/12 520/4414/12
f 515/4423/12 520/4414/12 516/4424/12
f 518/6556/32 522/6554/32 524/6555/32
f 518/6556/32 524/6555/32 520/6557/32
f 522/6554/110 526/6552/110 528/6553/110
f 522/6554/110 528/6553/110 524/6555/110
f 526/4413/130 529/4423/130 530/4424/130
f 526/4413/130 530/4424/130 528/4414/130
f 529/4423/129 525/4429/129 527/4430/129
f 529/4423/129 527/4430/129 530/4424/129
f 525/6552/109 521/6554/109 523/6555/109
f 525/6552/109 523/6555/109 527/6553/109
f 530/4425/76 527/4431/76 523/4433/76
f 530/4425/76 523/4433/76 519/4432/76
f 530/4425/76 519/4432/76 516/4426/76
f 530/4425/76 516/4426/76 520/4416/76
f 530/4425/76 520/4416/76 524/4412/76
f 530/4425/76 524/4412/76 528/4415/76
f 405/6642/31 401/6644/31 403/6645/31
f 405/6642/31 403/6645/31 407/6643/31
f 401/4485/11 399/4481/11 400/4482/11
f 401/4485/11 400/4482/11 403/4486/11
f 399/4481/12 402/4477/12 404/4478/12
f 399/4481/12 404/4478/12 400/4482/12
f 402/6644/32 406/6642/32 408/6643/32
f 402/6644/32 408/6643/32 404/6645/32
f 406/6642/110 410/6640/110 412/6641/110
f 406/6642/110 412/6641/110 408/6643/110
f 410/4477/130 413/4481/130 414/4482/130
f 410/4477/130 414/4482/130 412/4478/130
f 413/4481/129 409/4485/129 411/4486/129
f 413/4481/129 411/4486/129 414/4482/129
f 409/6640/109 405/6642/109 407/6643/109
f 409/6640/109 407/6643/109 411/6641/109
f 414/4483/76 411/4487/76 407/4489/76
f 414/4483/76 407/4489/76 403/4488/76
f 414/4483/76 403/4488/76 400/4484/76
f 414/4483/76 400/4484/76 404/4480/76
f 414/4483/76 404/4480/76 408/4476/76
f 414/4483/76 408/4476/76 412/4479/76
f 373/6656/31 367/6660/31 369/6661/31
f 373/6656/31 369/6661/31 375/6657/31
f 367/4597/11 365/4591/11 366/4592/11
f 367/4597/11 366/4592/11 369/4598/11
f 365/4591/12 368/4587/12 370/4588/12
f 365/4591/12 370/4588/12 366/4592/12
f 368/6660/32 374/6656/32 376/6657/32
f 368/6660/32 376/6657/32 370/6661/32
f 374/6656/110 378/6654/110 380/6655/110
f 374/6656/110 380/6655/110 376/6657/110
f 378/4587/130 381/4591/130 382/4592/130
f 378/4587/130 382/4592/130 380/4588/130
f 381/4591/129 377/4597/129 379/4598/129
f 381/4591/129 379/4598/129 382/4592/129
f 377/6654/109 373/6656/109 375/6657/109
f 377/6654/109 375/6657/109 379/6655/109
f 382/4593/76 379/4599/76 375/4647/76
f 382/4593/76 375/4647/76 369/4600/76
f 382/4593/76 369/4600/76 366/4594/76
f 382/4593/76 366/4594/76 370/4590/76
f 382/4593/76 370/4590/76 376/4586/76
f 382/4593/76 376/4586/76 380/4589/76
f 221/6757/31 217/6759/31 219/6760/31
f 221/6757/31 219/6760/31 223/6758/31
f 217/4705/11 215/4701/11 216/4702/11
f 217/4705/11 216/4702/11 219/4706/11
f 215/4701/12 218/4697/12 220/4698/12
f 215/4701/12 220/4698/12 216/4702/12
f 218/6759/32 222/6757/32 224/6758/32
f 218/6759/32 224/6758/32 220/6760/32
f 222/6757/110 226/6755/110 228/6756/110
f 222/6757/110 228/6756/110 224/6758/110
f 226/4697/130 229/4701/130 230/4702/130
f 226/4697/130 230/4702/130 228/4698/130
f 229/4701/129 225/4705/129 227/4706/129
f 229/4701/129 227/4706/129 230/4702/129
f 225/6755/109 221/6757/109 223/6758/109
f 225/6755/109 223/6758/109 227/6756/109
f 230/4703/76 227/4707/76 223/4709/76
f 230/4703/76 223/4709/76 219/4708/76
f 230/4703/76 219/4708/76 216/4704/76
f 230/4703/76 216/4704/76 220/4700/76
f 230/4703/76 220/4700/76 224/4696/76
f 230/4703/76 224/4696/76 228/4699/76
f 137/6823/31 133/6825/31 135/6826/31
f 137/6823/31 135/6826/31 139/6824/31
f 133/4731/11 131/4727/11 132/4728/11
f 133/4731/11 132/4728/11 135/4732/11
f 131/4727/12 134/4723/12 136/4724/12
f 131/4727/12 136/4724/12 132/4728/12
f 134/6825/32 138/6823/32 140/6824/32
f 134/6825/32 140/6824/32 136/6826/32
f 138/6823/110 142/6821/110 144/6822/110
f 138/6823/110 144/6822/110 140/6824/110
f 142/4723/130 145/4727/130 146/4728/130
f 142/4723/130 146/4728/130 144/4724/130
f 145/4727/129 141/4731/129 143/4732/129
f 145/4727/129 143/4732/129 146/4728/129
f 141/6821/109 137/6823/109 139/6824/109
f 141/6821/109 139/6824/109 143/6822/109
f 146/4729/76 143/4733/76 139/4737/76
f 146/4729/76 139/4737/76 135/4734/76
f 146/4729/76 135/4734/76 132/4730/76
f 146/4729/76 132/4730/76 136/4726/76
f 146/4729/76 136/4726/76 140/4722/76
f 146/4729/76 140/4722/76 144/4725/76
f 103/6829/31 99/6831/31 101/6832/31
f 103/6829/31 101/6832/31 105/6830/31
f 99/4843/11 97/4839/11 98/4840/11
f 99/4843/11 98/4840/11 101/4844/11
f 97/4839/12 100/4835/12 102/4836/12
f 97/4839/12 102/4836/12 98/4840/12
f 100/6831/32 104/6829/32 106/6830/32
f 100/6831/32 106/6830/32 102/6832/32
f 104/6829/110 108/6827/110 110/6828/110
f 104/6829/110 110/6828/110 106/6830/110
f 108/4835/130 111/4839/130 112/4840/130
f 108/4835/130 112/4840/130 110/4836/130
f 111/4839/129 107/4843/129 109/4844/129
f 111/4839/129 109/4844/129 112/4840/129
f 107/6827/109 103/6829/109 105/6830/109
f 107/6827/109 105/6830/109 109/6828/109
f 112/4841/76 109/4845/76 105/4847/76
f 112/4841/76 105/4847/76 101/4846/76
f 112/4841/76 101/4846/76 98/4842/76
f 112/4841/76 98/4842/76 102/4838/76
f 112/4841/76 102/4838/76 106/4834/76
f 112/4841/76 106/4834/76 110/4837/76
f 87/6835/31 83/6837/31 85/6838/31
f 87/6835/31 85/6838/31 89/6836/31
f 83/4857/11 81/4853/11 82/4854/11
f 83/4857/11 82/4854/11 85/4858/11
f 81/4853/12 84/4849/12 86/4850/12
f 81/4853/12 86/4850/12 82/4854/12
f 84/6837/32 88/6835/32 90/6836/32
f 84/6837/32 90/6836/32 86/6838/32
f 88/6835/110 92/6833/110 94/6834/110
f 88/6835/110 94/6834/110 90/6836/110
f 92/4849/130 95/4853/130 96/4854/130
f 92/4849/130 96/4854/130 94/4850/130
f 95/4853/129 91/4857/129 93/4858/129
f 95/4853/129 93/4858/129 96/4854/129
f 91/6833/109 87/6835/109 89/6836/109
f 91/6833/109 89/6836/109 93/6834/109
f 96/4855/76 93/4859/76 89/4861/76
f 96/4855/76 89/4861/76 85/4860/76
f 96/4855/76 85/4860/76 82/4856/76
f 96/4855/76 82/4856/76 86/4852/76
f 96/4855/76 86/4852/76 90/4848/76
f 96/4855/76 90/4848/76 94/4851/76
f 71/6841/31 67/6843/31 69/6844/31
f 71/6841/31 69/6844/31 73/6842/31
f 67/4879/11 65/4875/11 66/4876/11
f 67/4879/11 66/4876/11 69/4880/11
f 65/4875/12 68/4871/12 70/4872/12
f 65/4875/12 70/4872/12 66/4876/12
f 68/6843/32 72/6841/32 74/6842/32
f 68/6843/32 74/6842/32 70/6844/32
f 72/6841/110 76/6839/110 78/6840/110
f 72/6841/110 78/6840/110 74/6842/110
f 76/4871/130 79/4875/130 80/4876/130
f 76/4871/130 80/4876/130 78/4872/130
f 79/4875/129 75/4879/129 77/4880/129
f 79/4875/129 77/4880/129 80/4876/129
f 75/6839/109 71/6841/109 73/6842/109
f 75/6839/109 73/6842/109 77/6840/109
f 80/4877/76 77/4881/76 73/4883/76
f 80/4877/76 73/4883/76 69/4882/76
f 80/4877/76 69/4882/76 66/4878/76
f 80/4877/76 66/4878/76 70/4874/76
f 80/4877/76 70/4874/76 74/4870/76
f 80/4877/76 74/4870/76 78/4873/76
f 55/6847/31 51/6849/31 53/6850/31
f 55/6847/31 53/6850/31 57/6848/31
f 51/4897/11 49/4893/11 50/4894/11
f 51/4897/11 50/4894/11 53/4898/11
f 49/4893/12 52/4889/12 54/4890/12
f 49/4893/12 54/4890/12 50/4894/12
f 52/6849/32 56/6847/32 58/6848/32
f 52/6849/32 58/6848/32 54/6850/32
f 56/6847/110 60/6845/110 62/6846/110
f 56/6847/110 62/6846/110 58/6848/110
f 60/4889/130 63/4893/130 64/4894/130
f 60/4889/130 64/4894/130 62/4890/130
f 63/4893/129 59/4897/129 61/4898/129
f 63/4893/129 61/4898/129 64/4894/129
f 59/6845/109 55/6847/109 57/6848/109
f 59/6845/109 57/6848/109 61/6846/109
f 64/4895/76 61/4899/76 57/4901/76
f 64/4895/76 57/4901/76 53/4900/76
f 64/4895/76 53/4900/76 50/4896/76
f 64/4895/76 50/4896/76 54/4892/76
f 64/4895/76 54/4892/76 58/4888/76
f 64/4895/76 58/4888/76 62/4891/76
f 39/6853/31 35/6855/31 37/6856/31
f 39/6853/31 37/6856/31 41/6854/31
f 35/4913/11 33/4907/11 34/4908/11
f 35/4913/11 34/4908/11 37/4914/11
f 33/4907/12 36/4903/12 38/4904/12
f 33/4907/12 38/4904/12 34/4908/12
f 36/6855/32 40/6853/32 42/6854/32
f 36/6855/32 42/6854/32 38/6856/32
f 40/6853/110 44/6851/110 46/6852/110
f 40/6853/110 46/6852/110 42/6854/110
f 44/4903/130 47/4907/130 48/4908/130
f 44/4903/130 48/4908/130 46/4904/130
f 47/4907/129 43/4913/129 45/4914/129
f 47/4907/129 45/4914/129 48/4908/129
f 43/6851/109 39/6853/109 41/6854/109
f 43/6851/109 41/6854/109 45/6852/109
f 48/4909/76 45/4915/76 41/4919/76
f 48/4909/76 41/4919/76 37/4916/76
f 48/4909/76 37/4916/76 34/4910/76
f 48/4909/76 34/4910/76 38/4906/76
f 48/4909/76 38/4906/76 42/4902/76
f 48/4909/76 42/4902/76 46/4905/76
f 23/6859/31 19/6861/31 21/6862/31
f 23/6859/31 21/6862/31 25/6860/31
f 19/4929/11 17/4925/11 18/4926/11
f 19/4929/11 18/4926/11 21/4930/11
f 17/4925/12 20/4921/12 22/4922/12
f 17/4925/12 22/4922/12 18/4926/12
f 20/6861/32 24/6859/32 26/6860/32
f 20/6861/32 26/6860/32 22/6862/32
f 24/6859/110 28/6857/110 30/6858/110
f 24/6859/110 30/6858/110 26/6860/110
f 28/4921/130 31/4925/130 32/4926/130
f 28/4921/130 32/4926/130 30/4922/130
f 31/4925/129 27/4929/129 29/4930/129
f 31/4925/129 29/4930/129 32/4926/129
f 27/6857/109 23/6859/109 25/6860/109
f 27/6857/109 25/6860/109 29/6858/109
f 32/4927/76 29/4931/76 25/4933/76
f 32/4927/76 25/4933/76 21/4932/76
f 32/4927/76 21/4932/76 18/4928/76
f 32/4927/76 18/4928/76 22/4924/76
f 32/4927/76 22/4924/76 26/4920/76
f 32/4927/76 26/4920/76 30/4923/76
f 606/6500/71 608/6501/71 598/6509/71
f 606/6500/71 598/6509/71 596/6508/71
f 596/4134/1 598/4135/1 597/4163/1
f 596/4134/1 597/4163/1 595/4162/1
f 595/6508/70 597/6509/70 607/6501/70
f 595/6508/70 607/6501/70 605/6500/70
f 605/4162/140 607/4163/140 608/4135/140
f 605/4162/140 608/4135/140 606/4134/140
f 606/4136/65 596/4137/65 595/4165/65
f 606/4136/65 595/4165/65 605/4164/65
f 607/4164/76 597/4165/76 598/4137/76
f 607/4164/76 598/4137/76 608/4136/76
f 540/6544/71 542/6545/71 538/6547/71
f 540/6544/71 538/6547/71 536/6546/71
f 536/4182/1 538/4183/1 537/4199/1
f 536/4182/1 537/4199/1 535/4198/1
f 535/6546/70 537/6547/70 541/6545/70
f 535/6546/70 541/6545/70 539/6544/70
f 539/4198/140 541/4199/140 542/4183/140
f 539/4198/140 542/4183/140 540/4182/140
f 540/4184/65 536/4185/65 535/4201/65
f 540/4184/65 535/4201/65 539/4200/65
f 541/4200/76 537/4201/76 538/4185/76
f 541/4200/76 538/4185/76 542/4184/76
f 632/6478/71 634/6479/71 626/6485/71
f 632/6478/71 626/6485/71 624/6484/71
f 624/4268/1 626/4269/1 625/4279/1
f 624/4268/1 625/4279/1 623/4278/1
f 623/6484/70 625/6485/70 633/6479/70
f 623/6484/70 633/6479/70 631/6478/70
f 631/4278/140 633/4279/140 634/4269/140
f 631/4278/140 634/4269/140 632/4268/140
f 632/4270/65 624/4271/65 623/4281/65
f 632/4270/65 623/4281/65 631/4280/65
f 633/4280/76 625/4281/76 626/4271/76
f 633/4280/76 626/4271/76 634/4270/76
f 554/6534/71 556/6535/71 552/6537/71
f 554/6534/71 552/6537/71 550/6536/71
f 550/4289/1 552/4290/1 551/4316/1
f 550/4289/1 551/4316/1 549/4315/1
f 549/6536/70 551/6537/70 555/6535/70
f 549/6536/70 555/6535/70 553/6534/70
f 553/4315/140 555/4316/140 556/4290/140
f 553/4315/140 556/4290/140 554/4289/140
f 554/4291/65 550/4292/65 549/4318/65
f 554/4291/65 549/4318/65 553/4317/65
f 555/4317/76 551/4318/76 552/4292/76
f 555/4317/76 552/4292/76 556/4291/76
f 591/4157/65 621/4277/65 635/4274/65
f 591/4157/65 635/4274/65 609/4150/65
f 609/4148/137 635/4272/137 636/4273/137
f 609/4148/137 636/4273/137 610/4149/137
f 610/4150/76 636/4274/76 622/4277/76
f 610/4150/76 622/4277/76 592/4157/76
f 592/4156/4 622/4276/4 621/4275/4
f 592/4156/4 621/4275/4 591/4155/4
f 591/6512/43 609/6498/43 610/6499/43
f 591/6512/43 610/6499/43 592/6513/43
f 622/6487/97 636/6477/97 635/6476/97
f 622/6487/97 635/6476/97 621/6486/97
f 533/4197/65 547/4306/65 557/4300/65
f 533/4197/65 557/4300/65 543/4194/65
f 543/4192/137 557/4298/137 558/4299/137
f 543/4192/137 558/4299/137 544/4193/137
f 544/4194/76 558/4300/76 548/4306/76
f 544/4194/76 548/4306/76 534/4197/76
f 534/4196/4 548/4305/4 547/4304/4
f 534/4196/4 547/4304/4 533/4195/4
f 533/6548/43 543/6542/43 544/6543/43
f 533/6548/43 544/6543/43 534/6549/43
f 548/6539/97 558/6533/97 557/6532/97
f 548/6539/97 557/6532/97 547/6538/97
f 615/4126/137 637/4282/137 638/4283/137
f 615/4126/137 638/4283/137 616/4127/137
f 637/6474/97 545/6540/97 546/6541/97
f 637/6474/97 546/6541/97 638/6475/97
f 545/4331/4 531/4179/4 532/4180/4
f 545/4331/4 532/4180/4 546/4332/4
f 531/6550/43 615/6492/43 616/6493/43
f 531/6550/43 616/6493/43 532/6551/43
f 546/4333/76 532/4181/76 616/4128/76
f 546/4333/76 616/4128/76 638/4284/76
f 574/4253/78 618/4721/78 630/4719/78
f 574/4253/78 630/4719/78 590/4251/78
f 590/4250/137 630/4718/137 629/4710/137
f 590/4250/137 629/4710/137 589/4246/137
f 589/4247/63 629/4711/63 617/4717/63
f 589/4247/63 617/4717/63 573/4249/63
f 573/4248/4 617/4716/4 618/4720/4
f 573/4248/4 618/4720/4 574/4252/4
f 574/6522/49 590/6514/49 589/6515/49
f 574/6522/49 589/6515/49 573/6523/49
f 617/6491/92 629/6481/92 630/6480/92
f 617/6491/92 630/6480/92 618/6490/92
f 568/6524/71 570/6525/71 562/6531/71
f 568/6524/71 562/6531/71 560/6530/71
f 560/4122/1 562/4123/1 561/4130/1
f 560/4122/1 561/4130/1 559/4129/1
f 559/6530/70 561/6531/70 569/6525/70
f 559/6530/70 569/6525/70 567/6524/70
f 567/4129/140 569/4130/140 570/4123/140
f 567/4129/140 570/4123/140 568/4122/140
f 568/4124/65 560/4125/65 559/4132/65
f 568/4124/65 559/4132/65 567/4131/65
f 569/4131/76 561/4132/76 562/4125/76
f 569/4131/76 562/4125/76 570/4124/76
f 338/6682/71 340/6683/71 336/6685/71
f 338/6682/71 336/6685/71 334/6684/71
f 334/4324/1 336/4325/1 335/4338/1
f 334/4324/1 335/4338/1 333/4337/1
f 333/6684/70 335/6685/70 339/6683/70
f 333/6684/70 339/6683/70 337/6682/70
f 337/4337/140 339/4338/140 340/4325/140
f 337/4337/140 340/4325/140 338/4324/140
f 338/4326/65 334/4327/65 333/4340/65
f 338/4326/65 333/4340/65 337/4339/65
f 339/4339/76 335/4340/76 336/4327/76
f 339/4339/76 336/4327/76 340/4326/76
f 266/6729/71 268/6730/71 264/6732/71
f 266/6729/71 264/6732/71 262/6731/71
f 262/4348/1 264/4349/1 263/4359/1
f 262/4348/1 263/4359/1 261/4358/1
f 261/6731/70 263/6732/70 267/6730/70
f 261/6731/70 267/6730/70 265/6729/70
f 265/4358/140 267/4359/140 268/4349/140
f 265/4358/140 268/4349/140 266/4348/140
f 266/4350/65 262/4351/65 261/4361/65
f 266/4350/65 261/4361/65 265/4360/65
f 267/4360/76 263/4361/76 264/4351/76
f 267/4360/76 264/4351/76 268/4350/76
f 360/6664/71 362/6665/71 356/6669/71
f 360/6664/71 356/6669/71 354/6668/71
f 354/4402/1 356/4403/1 355/4418/1
f 354/4402/1 355/4418/1 353/4417/1
f 353/6668/70 355/6669/70 361/6665/70
f 353/6668/70 361/6665/70 359/6664/70
f 359/4417/140 361/4418/140 362/4403/140
f 359/4417/140 362/4403/140 360/4402/140
f 360/4404/65 354/4405/65 353/4420/65
f 360/4404/65 353/4420/65 359/4419/65
f 361/4419/76 355/4420/76 356/4405/76
f 361/4419/76 356/4405/76 362/4404/76
f 296/6710/71 298/6711/71 290/6715/71
f 296/6710/71 290/6715/71 288/6714/71
f 288/4441/1 290/4442/1 289/4456/1
f 288/4441/1 289/4456/1 287/4455/1
f 287/6714/70 289/6715/70 297/6711/70
f 287/6714/70 297/6711/70 295/6710/70
f 295/4455/140 297/4456/140 298/4442/140
f 295/4455/140 298/4442/140 296/4441/140
f 296/4443/65 288/4444/65 287/4458/65
f 296/4443/65 287/4458/65 295/4457/65
f 297/4457/76 289/4458/76 290/4444/76
f 297/4457/76 290/4444/76 298/4443/76
f 331/4336/65 351/4411/65 363/4408/65
f 331/4336/65 363/4408/65 341/4330/65
f 341/4328/137 363/4406/137 364/4407/137
f 341/4328/137 364/4407/137 342/4329/137
f 342/4330/76 364/4408/76 352/4411/76
f 342/4330/76 352/4411/76 332/4336/76
f 332/4335/4 352/4410/4 351/4409/4
f 332/4335/4 351/4409/4 331/4334/4
f 331/6686/43 341/6680/43 342/6681/43
f 331/6686/43 342/6681/43 332/6687/43
f 352/6671/97 364/6663/97 363/6662/97
f 352/6671/97 363/6662/97 351/6670/97
f 259/4357/65 285/4452/65 299/4447/65
f 259/4357/65 299/4447/65 269/4354/65
f 269/4352/137 299/4445/137 300/4446/137
f 269/4352/137 300/4446/137 270/4353/137
f 270/4354/76 300/4447/76 286/4452/76
f 270/4354/76 286/4452/76 260/4357/76
f 260/4356/4 286/4451/4 285/4450/4
f 260/4356/4 285/4450/4 259/4355/4
f 259/6733/43 269/6727/43 270/6728/43
f 259/6733/43 270/6728/43 260/6734/43
f 286/6717/97 300/6709/97 299/6708/97
f 286/6717/97 299/6708/97 285/6716/97
f 347/4301/137 371/4434/137 372/4435/137
f 347/4301/137 372/4435/137 348/4302/137
f 371/6658/97 279/6722/97 280/6723/97
f 371/6658/97 280/6723/97 372/6659/97
f 279/4473/4 253/4343/4 254/4344/4
f 279/4473/4 254/4344/4 280/4474/4
f 253/6737/43 347/6674/43 348/6675/43
f 253/6737/43 348/6675/43 254/6738/43
f 280/4475/76 254/4345/76 348/4303/76
f 280/4475/76 348/4303/76 372/4436/76
f 322/4387/78 350/4787/78 358/4785/78
f 322/4387/78 358/4785/78 326/4385/78
f 326/4384/137 358/4784/137 357/4780/137
f 326/4384/137 357/4780/137 325/4380/137
f 325/4381/63 357/4781/63 349/4783/63
f 325/4381/63 349/4783/63 321/4383/63
f 321/4382/4 349/4782/4 350/4786/4
f 321/4382/4 350/4786/4 322/4386/4
f 322/6694/49 326/6690/49 325/6691/49
f 322/6694/49 325/6691/49 321/6695/49
f 349/6673/92 357/6667/92 358/6666/92
f 349/6673/92 358/6666/92 350/6672/92
f 316/6698/71 318/6699/71 314/6701/71
f 316/6698/71 314/6701/71 312/6700/71
f 312/4285/1 314/4286/1 313/4312/1
f 312/4285/1 313/4312/1 311/4311/1
f 311/6700/70 313/6701/70 317/6699/70
f 311/6700/70 317/6699/70 315/6698/70
f 315/4311/140 317/4312/140 318/4286/140
f 315/4311/140 318/4286/140 316/4285/140
f 316/4287/65 312/4288/65 311/4314/65
f 316/4287/65 311/4314/65 315/4313/65
f 317/4313/76 313/4314/76 314/4288/76
f 317/4313/76 314/4288/76 318/4287/76
f 2612/4595/71 2616/4596/71 2432/4695/71
f 2612/4595/71 2432/4695/71 2428/4694/71
f 2428/244/1 2432/245/1 2431/362/1
f 2428/244/1 2431/362/1 2427/361/1
f 2427/4694/70 2431/4695/70 2615/4596/70
f 2427/4694/70 2615/4596/70 2611/4595/70
f 2611/361/140 2615/362/140 2616/245/140
f 2611/361/140 2616/245/140 2612/244/140
f 2612/248/65 2428/249/65 2427/366/65
f 2612/248/65 2427/366/65 2611/365/65
f 2615/365/76 2431/366/76 2432/249/76
f 2615/365/76 2432/249/76 2616/248/76
f 2614/4595/71 2618/4596/71 2434/4695/71
f 2614/4595/71 2434/4695/71 2430/4694/71
f 2430/118/1 2434/119/1 2433/233/1
f 2430/118/1 2433/233/1 2429/232/1
f 2429/4694/70 2433/4695/70 2617/4596/70
f 2429/4694/70 2617/4596/70 2613/4595/70
f 2613/232/140 2617/233/140 2618/119/140
f 2613/232/140 2618/119/140 2614/118/140
f 2614/122/65 2430/123/65 2429/237/65
f 2614/122/65 2429/237/65 2613/236/65
f 2617/236/76 2433/237/76 2434/123/76
f 2617/236/76 2434/123/76 2618/122/76
f 2806/4490/71 2810/4491/71 2626/4585/71
f 2806/4490/71 2626/4585/71 2622/4584/71
f 2622/118/1 2626/119/1 2625/233/1
f 2622/118/1 2625/233/1 2621/232/1
f 2621/4584/70 2625/4585/70 2809/4491/70
f 2621/4584/70 2809/4491/70 2805/4490/70
f 2805/232/140 2809/233/140 2810/119/140
f 2805/232/140 2810/119/140 2806/118/140
f 2806/120/65 2622/121/65 2621/235/65
f 2806/120/65 2621/235/65 2805/234/65
f 2809/234/76 2625/235/76 2626/121/76
f 2809/234/76 2626/121/76 2810/120/76
f 2804/4490/71 2808/4491/71 2624/4585/71
f 2804/4490/71 2624/4585/71 2620/4584/71
f 2620/244/1 2624/245/1 2623/362/1
f 2620/244/1 2623/362/1 2619/361/1
f 2619/4584/70 2623/4585/70 2807/4491/70
f 2619/4584/70 2807/4491/70 2803/4490/70
f 2803/361/140 2807/362/140 2808/245/140
f 2803/361/140 2808/245/140 2804/244/140
f 2804/246/65 2620/247/65 2619/364/65
f 2804/246/65 2619/364/65 2803/363/65
f 2807/363/76 2623/364/76 2624/247/76
f 2807/363/76 2624/247/76 2808/246/76
f 2567/4601/69 2570/4603/69 2438/4672/69
f 2567/4601/69 2438/4672/69 2435/4670/69
f 2435/278/1 2438/153/1 2440/180/1
f 2435/278/1 2440/180/1 2436/307/1
f 2436/4671/72 2440/4673/72 2572/4604/72
f 2436/4671/72 2572/4604/72 2568/4602/72
f 2568/307/140 2572/180/140 2570/153/140
f 2568/307/140 2570/153/140 2567/278/140
f 2567/302/66 2435/303/66 2436/332/66
f 2567/302/66 2436/332/66 2568/331/66
f 2572/202/75 2440/203/75 2438/177/75
f 2572/202/75 2438/177/75 2570/176/75
f 2523/204/127 2717/206/127 2718/126/127
f 2523/204/127 2718/126/127 2524/124/127
f 2524/4625/71 2718/4517/71 2676/4540/71
f 2524/4625/71 2676/4540/71 2480/4648/71
f 2480/125/14 2676/127/14 2675/207/14
f 2480/125/14 2675/207/14 2479/205/14
f 2479/4648/70 2675/4540/70 2717/4517/70
f 2479/4648/70 2717/4517/70 2523/4625/70
f 2523/230/29 2524/150/29 2480/151/29
f 2523/230/29 2480/151/29 2479/231/29
f 2675/229/112 2676/149/112 2718/148/112
f 2675/229/112 2718/148/112 2717/228/112
f 2627/4560/68 2629/4562/68 2761/4494/68
f 2627/4560/68 2761/4494/68 2759/4492/68
f 2759/178/140 2761/308/140 2763/280/140
f 2759/178/140 2763/280/140 2760/152/140
f 2760/4493/73 2763/4495/73 2631/4563/73
f 2760/4493/73 2631/4563/73 2628/4561/73
f 2628/152/1 2631/280/1 2629/308/1
f 2628/152/1 2629/308/1 2627/178/1
f 2627/201/67 2759/200/67 2760/174/67
f 2627/201/67 2760/174/67 2628/175/67
f 2631/301/74 2763/300/74 2761/329/74
f 2631/301/74 2761/329/74 2629/330/74
f 2672/250/13 2482/252/13 2481/335/13
f 2672/250/13 2481/335/13 2671/333/13
f 2671/4538/70 2481/4649/70 2527/4627/70
f 2671/4538/70 2527/4627/70 2715/4516/70
f 2715/334/128 2527/336/128 2528/253/128
f 2715/334/128 2528/253/128 2716/251/128
f 2716/4516/71 2528/4627/71 2482/4649/71
f 2716/4516/71 2482/4649/71 2672/4538/71
f 2672/275/111 2671/358/111 2715/357/111
f 2672/275/111 2715/357/111 2716/274/111
f 2528/276/30 2527/359/30 2481/360/30
f 2528/276/30 2481/360/30 2482/277/30
f 2569/4603/69 2574/4605/69 2442/4674/69
f 2569/4603/69 2442/4674/69 2437/4672/69
f 2437/279/1 2442/155/1 2444/182/1
f 2437/279/1 2444/182/1 2439/309/1
f 2439/4673/72 2444/4675/72 2576/4606/72
f 2439/4673/72 2576/4606/72 2571/4604/72
f 2571/309/140 2576/182/140 2574/155/140
f 2571/309/140 2574/155/140 2569/279/140
f 2569/302/66 2437/303/66 2439/332/66
f 2569/302/66 2439/332/66 2571/331/66
f 2576/202/75 2444/203/75 2442/177/75
f 2576/202/75 2442/177/75 2574/176/75
f 2525/206/127 2721/208/127 2722/128/127
f 2525/206/127 2722/128/127 2526/126/127
f 2526/4626/71 2722/4519/71 2680/4542/71
f 2526/4626/71 2680/4542/71 2484/4650/71
f 2484/127/14 2680/129/14 2679/209/14
f 2484/127/14 2679/209/14 2483/207/14
f 2483/4650/70 2679/4542/70 2721/4519/70
f 2483/4650/70 2721/4519/70 2525/4626/70
f 2525/230/29 2526/150/29 2484/151/29
f 2525/230/29 2484/151/29 2483/231/29
f 2679/229/112 2680/149/112 2722/148/112
f 2679/229/112 2722/148/112 2721/228/112
f 2630/4562/68 2633/4564/68 2765/4496/68
f 2630/4562/68 2765/4496/68 2762/4494/68
f 2762/179/140 2765/310/140 2767/282/140
f 2762/179/140 2767/282/140 2764/154/140
f 2764/4495/73 2767/4497/73 2635/4565/73
f 2764/4495/73 2635/4565/73 2632/4563/73
f 2632/154/1 2635/282/1 2633/310/1
f 2632/154/1 2633/310/1 2630/179/1
f 2630/201/67 2762/200/67 2764/174/67
f 2630/201/67 2764/174/67 2632/175/67
f 2635/301/74 2767/300/74 2765/329/74
f 2635/301/74 2765/329/74 2633/330/74
f 2674/252/13 2486/254/13 2485/337/13
f 2674/252/13 2485/337/13 2673/335/13
f 2673/4539/70 2485/4651/70 2531/4629/70
f 2673/4539/70 2531/4629/70 2719/4518/70
f 2719/336/128 2531/338/128 2532/255/128
f 2719/336/128 2532/255/128 2720/253/128
f 2720/4518/71 2532/4629/71 2486/4651/71
f 2720/4518/71 2486/4651/71 2674/4539/71
f 2674/275/111 2673/358/111 2719/357/111
f 2674/275/111 2719/357/111 2720/274/111
f 2532/276/30 2531/359/30 2485/360/30
f 2532/276/30 2485/360/30 2486/277/30
f 2573/4605/69 2578/4607/69 2446/4676/69
f 2573/4605/69 2446/4676/69 2441/4674/69
f 2441/281/1 2446/157/1 2448/184/1
f 2441/281/1 2448/184/1 2443/311/1
f 2443/4675/72 2448/4677/72 2580/4608/72
f 2443/4675/72 2580/4608/72 2575/4606/72
f 2575/311/140 2580/184/140 2578/157/140
f 2575/311/140 2578/157/140 2573/281/140
f 2573/302/66 2441/303/66 2443/332/66
f 2573/302/66 2443/332/66 2575/331/66
f 2580/202/75 2448/203/75 2446/177/75
f 2580/202/75 2446/177/75 2578/176/75
f 2529/208/127 2725/210/127 2726/130/127
f 2529/208/127 2726/130/127 2530/128/127
f 2530/4628/71 2726/4521/71 2684/4544/71
f 2530/4628/71 2684/4544/71 2488/4652/71
f 2488/129/14 2684/131/14 2683/211/14
f 2488/129/14 2683/211/14 2487/209/14
f 2487/4652/70 2683/4544/70 2725/4521/70
f 2487/4652/70 2725/4521/70 2529/4628/70
f 2529/230/29 2530/150/29 2488/151/29
f 2529/230/29 2488/151/29 2487/231/29
f 2683/229/112 2684/149/112 2726/148/112
f 2683/229/112 2726/148/112 2725/228/112
f 2634/4564/68 2637/4566/68 2769/4498/68
f 2634/4564/68 2769/4498/68 2766/4496/68
f 2766/181/140 2769/312/140 2771/284/140
f 2766/181/140 2771/284/140 2768/156/140
f 2768/4497/73 2771/4499/73 2639/4567/73
f 2768/4497/73 2639/4567/73 2636/4565/73
f 2636/156/1 2639/284/1 2637/312/1
f 2636/156/1 2637/312/1 2634/181/1
f 2634/201/67 2766/200/67 2768/174/67
f 2634/201/67 2768/174/67 2636/175/67
f 2639/301/74 2771/300/74 2769/329/74
f 2639/301/74 2769/329/74 2637/330/74
f 2678/254/13 2490/256/13 2489/339/13
f 2678/254/13 2489/339/13 2677/337/13
f 2677/4541/70 2489/4653/70 2535/4631/70
f 2677/4541/70 2535/4631/70 2723/4520/70
f 2723/338/128 2535/340/128 2536/257/128
f 2723/338/128 2536/257/128 2724/255/128
f 2724/4520/71 2536/4631/71 2490/4653/71
f 2724/4520/71 2490/4653/71 2678/4541/71
f 2678/275/111 2677/358/111 2723/357/111
f 2678/275/111 2723/357/111 2724/274/111
f 2536/276/30 2535/359/30 2489/360/30
f 2536/276/30 2489/360/30 2490/277/30
f 2577/4607/69 2582/4609/69 2450/4678/69
f 2577/4607/69 2450/4678/69 2445/4676/69
f 2445/283/1 2450/159/1 2452/186/1
f 2445/283/1 2452/186/1 2447/313/1
f 2447/4677/72 2452/4679/72 2584/4610/72
f 2447/4677/72 2584/4610/72 2579/4608/72
f 2579/313/140 2584/186/140 2582/159/140
f 2579/313/140 2582/159/140 2577/283/140
f 2577/302/66 2445/303/66 2447/332/66
f 2577/302/66 2447/332/66 2579/331/66
f 2584/202/75 2452/203/75 2450/177/75
f 2584/202/75 2450/177/75 2582/176/75
f 2533/210/127 2729/212/127 2730/132/127
f 2533/210/127 2730/132/127 2534/130/127
f 2534/4630/71 2730/4523/71 2688/4546/71
f 2534/4630/71 2688/4546/71 2492/4654/71
f 2492/131/14 2688/133/14 2687/213/14
f 2492/131/14 2687/213/14 2491/211/14
f 2491/4654/70 2687/4546/70 2729/4523/70
f 2491/4654/70 2729/4523/70 2533/4630/70
f 2533/230/29 2534/150/29 2492/151/29
f 2533/230/29 2492/151/29 2491/231/29
f 2687/229/112 2688/149/112 2730/148/112
f 2687/229/112 2730/148/112 2729/228/112
f 2638/4566/68 2641/4568/68 2773/4500/68
f 2638/4566/68 2773/4500/68 2770/4498/68
f 2770/183/140 2773/314/140 2775/286/140
f 2770/183/140 2775/286/140 2772/158/140
f 2772/4499/73 2775/4501/73 2643/4569/73
f 2772/4499/73 2643/4569/73 2640/4567/73
f 2640/158/1 2643/286/1 2641/314/1
f 2640/158/1 2641/314/1 2638/183/1
f 2638/201/67 2770/200/67 2772/174/67
f 2638/201/67 2772/174/67 2640/175/67
f 2643/301/74 2775/300/74 2773/329/74
f 2643/301/74 2773/329/74 2641/330/74
f 2682/256/13 2494/258/13 2493/341/13
f 2682/256/13 2493/341/13 2681/339/13
f 2681/4543/70 2493/4655/70 2539/4633/70
f 2681/4543/70 2539/4633/70 2727/4522/70
f 2727/340/128 2539/342/128 2540/259/128
f 2727/340/128 2540/259/128 2728/257/128
f 2728/4522/71 2540/4633/71 2494/4655/71
f 2728/4522/71 2494/4655/71 2682/4543/71
f 2682/275/111 2681/358/111 2727/357/111
f 2682/275/111 2727/357/111 2728/274/111
f 2540/276/30 2539/359/30 2493/360/30
f 2540/276/30 2493/360/30 2494/277/30
f 2581/4609/69 2586/4611/69 2454/4680/69
f 2581/4609/69 2454/4680/69 2449/4678/69
f 2449/285/1 2454/161/1 2456/188/1
f 2449/285/1 2456/188/1 2451/315/1
f 2451/4679/72 2456/4681/72 2588/4612/72
f 2451/4679/72 2588/4612/72 2583/4610/72
f 2583/315/140 2588/188/140 2586/161/140
f 2583/315/140 2586/161/140 2581/285/140
f 2581/302/66 2449/303/66 2451/332/66
f 2581/302/66 2451/332/66 2583/331/66
f 2588/202/75 2456/203/75 2454/177/75
f 2588/202/75 2454/177/75 2586/176/75
f 2537/212/127 2733/214/127 2734/134/127
f 2537/212/127 2734/134/127 2538/132/127
f 2538/4632/71 2734/4525/71 2692/4548/71
f 2538/4632/71 2692/4548/71 2496/4656/71
f 2496/133/14 2692/135/14 2691/215/14
f 2496/133/14 2691/215/14 2495/213/14
f 2495/4656/70 2691/4548/70 2733/4525/70
f 2495/4656/70 2733/4525/70 2537/4632/70
f 2537/230/29 2538/150/29 2496/151/29
f 2537/230/29 2496/151/29 2495/231/29
f 2691/229/112 2692/149/112 2734/148/112
f 2691/229/112 2734/148/112 2733/228/112
f 2642/4568/68 2645/4570/68 2777/4502/68
f 2642/4568/68 2777/4502/68 2774/4500/68
f 2774/185/140 2777/316/140 2779/288/140
f 2774/185/140 2779/288/140 2776/160/140
f 2776/4501/73 2779/4503/73 2647/4571/73
f 2776/4501/73 2647/4571/73 2644/4569/73
f 2644/160/1 2647/288/1 2645/316/1
f 2644/160/1 2645/316/1 2642/185/1
f 2642/201/67 2774/200/67 2776/174/67
f 2642/201/67 2776/174/67 2644/175/67
f 2647/301/74 2779/300/74 2777/329/74
f 2647/301/74 2777/329/74 2645/330/74
f 2686/258/13 2498/260/13 2497/343/13
f 2686/258/13 2497/343/13 2685/341/13
f 2685/4545/70 2497/4657/70 2543/4635/70
f 2685/4545/70 2543/4635/70 2731/4524/70
f 2731/342/128 2543/344/128 2544/261/128
f 2731/342/128 2544/261/128 2732/259/128
f 2732/4524/71 2544/4635/71 2498/4657/71
f 2732/4524/71 2498/4657/71 2686/4545/71
f 2686/275/111 2685/358/111 2731/357/111
f 2686/275/111 2731/357/111 2732/274/111
f 2544/276/30 2543/359/30 2497/360/30
f 2544/276/30 2497/360/30 2498/277/30
f 2585/4611/69 2590/4613/69 2458/4682/69
f 2585/4611/69 2458/4682/69 2453/4680/69
f 2453/287/1 2458/163/1 2460/190/1
f 2453/287/1 2460/190/1 2455/317/1
f 2455/4681/72 2460/4683/72 2592/4614/72
f 2455/4681/72 2592/4614/72 2587/4612/72
f 2587/317/140 2592/190/140 2590/163/140
f 2587/317/140 2590/163/140 2585/287/140
f 2585/302/66 2453/303/66 2455/332/66
f 2585/302/66 2455/332/66 2587/331/66
f 2592/202/75 2460/203/75 2458/177/75
f 2592/202/75 2458/177/75 2590/176/75
f 2541/214/127 2737/216/127 2738/136/127
f 2541/214/127 2738/136/127 2542/134/127
f 2542/4634/71 2738/4527/71 2696/4550/71
f 2542/4634/71 2696/4550/71 2500/4658/71
f 2500/135/14 2696/137/14 2695/217/14
f 2500/135/14 2695/217/14 2499/215/14
f 2499/4658/70 2695/4550/70 2737/4527/70
f 2499/4658/70 2737/4527/70 2541/4634/70
f 2541/230/29 2542/150/29 2500/151/29
f 2541/230/29 2500/151/29 2499/231/29
f 2695/229/112 2696/149/112 2738/148/112
f 2695/229/112 2738/148/112 2737/228/112
f 2646/4570/68 2649/4572/68 2781/4504/68
f 2646/4570/68 2781/4504/68 2778/4502/68
f 2778/187/140 2781/318/140 2783/290/140
f 2778/187/140 2783/290/140 2780/162/140
f 2780/4503/73 2783/4505/73 2651/4573/73
f 2780/4503/73 2651/4573/73 2648/4571/73
f 2648/162/1 2651/290/1 2649/318/1
f 2648/162/1 2649/318/1 2646/187/1
f 2646/201/67 2778/200/67 2780/174/67
f 2646/201/67 2780/174/67 2648/175/67
f 2651/301/74 2783/300/74 2781/329/74
f 2651/301/74 2781/329/74 2649/330/74
f 2690/260/13 2502/262/13 2501/345/13
f 2690/260/13 2501/345/13 2689/343/13
f 2689/4547/70 2501/4659/70 2547/4637/70
f 2689/4547/70 2547/4637/70 2735/4526/70
f 2735/344/128 2547/346/128 2548/263/128
f 2735/344/128 2548/263/128 2736/261/128
f 2736/4526/71 2548/4637/71 2502/4659/71
f 2736/4526/71 2502/4659/71 2690/4547/71
f 2690/275/111 2689/358/111 2735/357/111
f 2690/275/111 2735/357/111 2736/274/111
f 2548/276/30 2547/359/30 2501/360/30
f 2548/276/30 2501/360/30 2502/277/30
f 2589/4613/69 2594/4615/69 2462/4684/69
f 2589/4613/69 2462/4684/69 2457/4682/69
f 2457/289/1 2462/165/1 2464/192/1
f 2457/289/1 2464/192/1 2459/319/1
f 2459/4683/72 2464/4685/72 2596/4616/72
f 2459/4683/72 2596/4616/72 2591/4614/72
f 2591/319/140 2596/192/140 2594/165/140
f 2591/319/140 2594/165/140 2589/289/140
f 2589/302/66 2457/303/66 2459/332/66
f 2589/302/66 2459/332/66 2591/331/66
f 2596/202/75 2464/203/75 2462/177/75
f 2596/202/75 2462/177/75 2594/176/75
f 2545/216/127 2741/218/127 2742/138/127
f 2545/216/127 2742/138/127 2546/136/127
f 2546/4636/71 2742/4529/71 2700/4552/71
f 2546/4636/71 2700/4552/71 2504/4660/71
f 2504/137/14 2700/139/14 2699/219/14
f 2504/137/14 2699/219/14 2503/217/14
f 2503/4660/70 2699/4552/70 2741/4529/70
f 2503/4660/70 2741/4529/70 2545/4636/70
f 2545/230/29 2546/150/29 2504/151/29
f 2545/230/29 2504/151/29 2503/231/29
f 2699/229/112 2700/149/112 2742/148/112
f 2699/229/112 2742/148/112 2741/228/112
f 2650/4572/68 2653/4574/68 2785/4506/68
f 2650/4572/68 2785/4506/68 2782/4504/68
f 2782/189/140 2785/320/140 2787/292/140
f 2782/189/140 2787/292/140 2784/164/140
f 2784/4505/73 2787/4507/73 2655/4575/73
f 2784/4505/73 2655/4575/73 2652/4573/73
f 2652/164/1 2655/292/1 2653/320/1
f 2652/164/1 2653/320/1 2650/189/1
f 2650/201/67 2782/200/67 2784/174/67
f 2650/201/67 2784/174/67 2652/175/67
f 2655/301/74 2787/300/74 2785/329/74
f 2655/301/74 2785/329/74 2653/330/74
f 2694/262/13 2506/264/13 2505/347/13
f 2694/262/13 2505/347/13 2693/345/13
f 2693/4549/70 2505/4661/70 2551/4639/70
f 2693/4549/70 2551/4639/70 2739/4528/70
f 2739/346/128 2551/348/128 2552/265/128
f 2739/346/128 2552/265/128 2740/263/128
f 2740/4528/71 2552/4639/71 2506/4661/71
f 2740/4528/71 2506/4661/71 2694/4549/71
f 2694/275/111 2693/358/111 2739/357/111
f 2694/275/111 2739/357/111 2740/274/111
f 2552/276/30 2551/359/30 2505/360/30
f 2552/276/30 2505/360/30 2506/277/30
f 2593/4615/69 2598/4617/69 2466/4686/69
f 2593/4615/69 2466/4686/69 2461/4684/69
f 2461/291/1 2466/167/1 2468/194/1
f 2461/291/1 2468/194/1 2463/321/1
f 2463/4685/72 2468/4687/72 2600/4618/72
f 2463/4685/72 2600/4618/72 2595/4616/72
f 2595/321/140 2600/194/140 2598/167/140
f 2595/321/140 2598/167/140 2593/291/140
f 2593/302/66 2461/303/66 2463/332/66
f 2593/302/66 2463/332/66 2595/331/66
f 2600/202/75 2468/203/75 2466/177/75
f 2600/202/75 2466/177/75 2598/176/75
f 2549/218/127 2745/220/127 2746/140/127
f 2549/218/127 2746/140/127 2550/138/127
f 2550/4638/71 2746/4531/71 2704/4554/71
f 2550/4638/71 2704/4554/71 2508/4662/71
f 2508/139/14 2704/141/14 2703/221/14
f 2508/139/14 2703/221/14 2507/219/14
f 2507/4662/70 2703/4554/70 2745/4531/70
f 2507/4662/70 2745/4531/70 2549/4638/70
f 2549/230/29 2550/150/29 2508/151/29
f 2549/230/29 2508/151/29 2507/231/29
f 2703/229/112 2704/149/112 2746/148/112
f 2703/229/112 2746/148/112 2745/228/112
f 2654/4574/68 2657/4576/68 2789/4508/68
f 2654/4574/68 2789/4508/68 2786/4506/68
f 2786/191/140 2789/322/140 2791/294/140
f 2786/191/140 2791/294/140 2788/166/140
f 2788/4507/73 2791/4509/73 2659/4577/73
f 2788/4507/73 2659/4577/73 2656/4575/73
f 2656/166/1 2659/294/1 2657/322/1
f 2656/166/1 2657/322/1 2654/191/1
f 2654/201/67 2786/200/67 2788/174/67
f 2654/201/67 2788/174/67 2656/175/67
f 2659/301/74 2791/300/74 2789/329/74
f 2659/301/74 2789/329/74 2657/330/74
f 2698/264/13 2510/266/13 2509/349/13
f 2698/264/13 2509/349/13 2697/347/13
f 2697/4551/70 2509/4663/70 2555/4641/70
f 2697/4551/70 2555/4641/70 2743/4530/70
f 2743/348/128 2555/350/128 2556/267/128
f 2743/348/128 2556/267/128 2744/265/128
f 2744/4530/71 2556/4641/71 2510/4663/71
f 2744/4530/71 2510/4663/71 2698/4551/71
f 2698/275/111 2697/358/111 2743/357/111
f 2698/275/111 2743/357/111 2744/274/111
f 2556/276/30 2555/359/30 2509/360/30
f 2556/276/30 2509/360/30 2510/277/30
f 2597/4617/69 2602/4619/69 2470/4688/69
f 2597/4617/69 2470/4688/69 2465/4686/69
f 2465/293/1 2470/169/1 2472/196/1
f 2465/293/1 2472/196/1 2467/323/1
f 2467/4687/72 2472/4689/72 2604/4620/72
f 2467/4687/72 2604/4620/72 2599/4618/72
f 2599/323/140 2604/196/140 2602/169/140
f 2599/323/140 2602/169/140 2597/293/140
f 2597/302/66 2465/303/66 2467/332/66
f 2597/302/66 2467/332/66 2599/331/66
f 2604/202/75 2472/203/75 2470/177/75
f 2604/202/75 2470/177/75 2602/176/75
f 2553/220/127 2749/222/127 2750/142/127
f 2553/220/127 2750/142/127 2554/140/127
f 2554/4640/71 2750/4533/71 2708/4556/71
f 2554/4640/71 2708/4556/71 2512/4664/71
f 2512/141/14 2708/143/14 2707/223/14
f 2512/141/14 2707/223/14 2511/221/14
f 2511/4664/70 2707/4556/70 2749/4533/70
f 2511/4664/70 2749/4533/70 2553/4640/70
f 2553/230/29 2554/150/29 2512/151/29
f 2553/230/29 2512/151/29 2511/231/29
f 2707/229/112 2708/149/112 2750/148/112
f 2707/229/112 2750/148/112 2749/228/112
f 2658/4576/68 2661/4578/68 2793/4510/68
f 2658/4576/68 2793/4510/68 2790/4508/68
f 2790/193/140 2793/324/140 2795/296/140
f 2790/193/140 2795/296/140 2792/168/140
f 2792/4509/73 2795/4511/73 2663/4579/73
f 2792/4509/73 2663/4579/73 2660/4577/73
f 2660/168/1 2663/296/1 2661/324/1
f 2660/168/1 2661/324/1 2658/193/1
f 2658/201/67 2790/200/67 2792/174/67
f 2658/201/67 2792/174/67 2660/175/67
f 2663/301/74 2795/300/74 2793/329/74
f 2663/301/74 2793/329/74 2661/330/74
f 2702/266/13 2514/268/13 2513/351/13
f 2702/266/13 2513/351/13 2701/349/13
f 2701/4553/70 2513/4665/70 2559/4643/70
f 2701/4553/70 2559/4643/70 2747/4532/70
f 2747/350/128 2559/352/128 2560/269/128
f 2747/350/128 2560/269/128 2748/267/128
f 2748/4532/71 2560/4643/71 2514/4665/71
f 2748/4532/71 2514/4665/71 2702/4553/71
f 2702/275/111 2701/358/111 2747/357/111
f 2702/275/111 2747/357/111 2748/274/111
f 2560/276/30 2559/359/30 2513/360/30
f 2560/276/30 2513/360/30 2514/277/30
f 2601/4619/69 2606/4621/69 2474/4690/69
f 2601/4619/69 2474/4690/69 2469/4688/69
f 2469/295/1 2474/171/1 2476/198/1
f 2469/295/1 2476/198/1 2471/325/1
f 2471/4689/72 2476/4691/72 2608/4622/72
f 2471/4689/72 2608/4622/72 2603/4620/72
f 2603/325/140 2608/198/140 2606/171/140
f 2603/325/140 2606/171/140 2601/295/140
f 2601/302/66 2469/303/66 2471/332/66
f 2601/302/66 2471/332/66 2603/331/66
f 2608/202/75 2476/203/75 2474/177/75
f 2608/202/75 2474/177/75 2606/176/75
f 2557/222/127 2753/224/127 2754/144/127
f 2557/222/127 2754/144/127 2558/142/127
f 2558/4642/71 2754/4535/71 2712/4558/71
f 2558/4642/71 2712/4558/71 2516/4666/71
f 2516/143/14 2712/145/14 2711/225/14
f 2516/143/14 2711/225/14 2515/223/14
f 2515/4666/70 2711/4558/70 2753/4535/70
f 2515/4666/70 2753/4535/70 2557/4642/70
f 2557/230/29 2558/150/29 2516/151/29
f 2557/230/29 2516/151/29 2515/231/29
f 2711/229/112 2712/149/112 2754/148/112
f 2711/229/112 2754/148/112 2753/228/112
f 2662/4578/68 2665/4580/68 2797/4512/68
f 2662/4578/68 2797/4512/68 2794/4510/68
f 2794/195/140 2797/326/140 2799/298/140
f 2794/195/140 2799/298/140 2796/170/140
f 2796/4511/73 2799/4513/73 2667/4581/73
f 2796/4511/73 2667/4581/73 2664/4579/73
f 2664/170/1 2667/298/1 2665/326/1
f 2664/170/1 2665/326/1 2662/195/1
f 2662/201/67 2794/200/67 2796/174/67
f 2662/201/67 2796/174/67 2664/175/67
f 2667/301/74 2799/300/74 2797/329/74
f 2667/301/74 2797/329/74 2665/330/74
f 2706/268/13 2518/270/13 2517/353/13
f 2706/268/13 2517/353/13 2705/351/13
f 2705/4555/70 2517/4667/70 2563/4645/70
f 2705/4555/70 2563/4645/70 2751/4534/70
f 2751/352/128 2563/354/128 2564/271/128
f 2751/352/128 2564/271/128 2752/269/128
f 2752/4534/71 2564/4645/71 2518/4667/71
f 2752/4534/71 2518/4667/71 2706/4555/71
f 2706/275/111 2705/358/111 2751/357/111
f 2706/275/111 2751/357/111 2752/274/111
f 2564/276/30 2563/359/30 2517/360/30
f 2564/276/30 2517/360/30 2518/277/30
f 2605/4621/69 2609/4623/69 2477/4692/69
f 2605/4621/69 2477/4692/69 2473/4690/69
f 2473/297/1 2477/173/1 2478/199/1
f 2473/297/1 2478/199/1 2475/327/1
f 2475/4691/72 2478/4693/72 2610/4624/72
f 2475/4691/72 2610/4624/72 2607/4622/72
f 2607/327/140 2610/199/140 2609/173/140
f 2607/327/140 2609/173/140 2605/297/140
f 2605/302/66 2473/303/66 2475/332/66
f 2605/302/66 2475/332/66 2607/331/66
f 2610/202/75 2478/203/75 2477/177/75
f 2610/202/75 2477/177/75 2609/176/75
f 2561/224/127 2757/226/127 2758/146/127
f 2561/224/127 2758/146/127 2562/144/127
f 2562/4644/71 2758/4537/71 2714/4559/71
f 2562/4644/71 2714/4559/71 2520/4668/71
f 2520/145/14 2714/147/14 2713/227/14
f 2520/145/14 2713/227/14 2519/225/14
f 2519/4668/70 2713/4559/70 2757/4537/70
f 2519/4668/70 2757/4537/70 2561/4644/70
f 2561/230/29 2562/150/29 2520/151/29
f 2561/230/29 2520/151/29 2519/231/29
f 2713/229/112 2714/149/112 2758/148/112
f 2713/229/112 2758/148/112 2757/228/112
f 2666/4580/68 2669/4582/68 2801/4514/68
f 2666/4580/68 2801/4514/68 2798/4512/68
f 2798/197/140 2801/328/140 2802/299/140
f 2798/197/140 2802/299/140 2800/172/140
f 2800/4513/73 2802/4515/73 2670/4583/73
f 2800/4513/73 2670/4583/73 2668/4581/73
f 2668/172/1 2670/299/1 2669/328/1
f 2668/172/1 2669/328/1 2666/197/1
f 2666/201/67 2798/200/67 2800/174/67
f 2666/201/67 2800/174/67 2668/175/67
f 2670/301/74 2802/300/74 2801/329/74
f 2670/301/74 2801/329/74 2669/330/74
f 2710/270/13 2522/272/13 2521/355/13
f 2710/270/13 2521/355/13 2709/353/13
f 2709/4557/70 2521/4669/70 2565/4646/70
f 2709/4557/70 2565/4646/70 2755/4536/70
f 2755/354/128 2565/356/128 2566/273/128
f 2755/354/128 2566/273/128 2756/271/128
f 2756/4536/71 2566/4646/71 2522/4669/71
f 2756/4536/71 2522/4669/71 2710/4557/71
f 2710/275/111 2709/358/111 2755/357/111
f 2710/275/111 2755/357/111 2756/274/111
f 2566/276/30 2565/359/30 2521/360/30
f 2566/276/30 2521/360/30 2522/277/30
f 2847/111/65 2331/372/65 2333/381/65
f 2847/111/65 2333/381/65 2849/114/65
f 2849/4375/101 2333/4862/101 2334/4863/101
f 2849/4375/101 2334/4863/101 2850/4376/101
f 2850/114/76 2334/381/76 2332/372/76
f 2850/114/76 2332/372/76 2848/111/76
f 2848/4379/40 2332/4865/40 2331/4864/40
f 2848/4379/40 2331/4864/40 2847/4378/40
f 2847/109/136 2849/112/136 2850/113/136
f 2847/109/136 2850/113/136 2848/110/136
f 2332/371/5 2334/380/5 2333/379/5
f 2332/371/5 2333/379/5 2331/370/5
f 3326/2962/71 3330/2963/71 3142/3059/71
f 3326/2962/71 3142/3059/71 3138/3058/71
f 3138/719/1 3142/720/1 3141/840/1
f 3138/719/1 3141/840/1 3137/839/1
f 3137/3058/70 3141/3059/70 3329/2963/70
f 3137/3058/70 3329/2963/70 3325/2962/70
f 3325/839/140 3329/840/140 3330/720/140
f 3325/839/140 3330/720/140 3326/719/140
f 3326/717/65 3138/718/65 3137/838/65
f 3326/717/65 3137/838/65 3325/837/65
f 3329/837/76 3141/838/76 3142/718/76
f 3329/837/76 3142/718/76 3330/717/76
f 3328/2962/71 3332/2963/71 3144/3059/71
f 3328/2962/71 3144/3059/71 3140/3058/71
f 3140/589/1 3144/590/1 3143/710/1
f 3140/589/1 3143/710/1 3139/709/1
f 3139/3058/70 3143/3059/70 3331/2963/70
f 3139/3058/70 3331/2963/70 3327/2962/70
f 3327/709/140 3331/710/140 3332/590/140
f 3327/709/140 3332/590/140 3328/589/140
f 3328/587/65 3140/588/65 3139/708/65
f 3328/587/65 3139/708/65 3327/707/65
f 3331/707/76 3143/708/76 3144/588/76
f 3331/707/76 3144/588/76 3332/587/76
f 3530/2850/71 3534/2851/71 3350/2951/71
f 3530/2850/71 3350/2951/71 3346/2950/71
f 3346/589/1 3350/590/1 3349/710/1
f 3346/589/1 3349/710/1 3345/709/1
f 3345/2950/70 3349/2951/70 3533/2851/70
f 3345/2950/70 3533/2851/70 3529/2850/70
f 3529/709/140 3533/710/140 3534/590/140
f 3529/709/140 3534/590/140 3530/589/140
f 3530/585/65 3346/586/65 3345/706/65
f 3530/585/65 3345/706/65 3529/705/65
f 3533/705/76 3349/706/76 3350/586/76
f 3533/705/76 3350/586/76 3534/585/76
f 3528/2850/71 3532/2851/71 3348/2951/71
f 3528/2850/71 3348/2951/71 3344/2950/71
f 3344/719/1 3348/720/1 3347/840/1
f 3344/719/1 3347/840/1 3343/839/1
f 3343/2950/70 3347/2951/70 3531/2851/70
f 3343/2950/70 3531/2851/70 3527/2850/70
f 3527/839/140 3531/840/140 3532/720/140
f 3527/839/140 3532/720/140 3528/719/140
f 3528/715/65 3344/716/65 3343/836/65
f 3528/715/65 3343/836/65 3527/835/65
f 3531/835/76 3347/836/76 3348/716/76
f 3531/835/76 3348/716/76 3532/715/76
f 3281/2964/69 3284/2966/69 3152/3034/69
f 3281/2964/69 3152/3034/69 3149/3032/69
f 3149/753/1 3152/624/1 3154/657/1
f 3149/753/1 3154/657/1 3150/779/1
f 3150/3033/72 3154/3035/72 3286/2967/72
f 3150/3033/72 3286/2967/72 3282/2965/72
f 3282/779/140 3286/657/140 3284/624/140
f 3282/779/140 3284/624/140 3281/753/140
f 3281/751/66 3149/752/66 3150/778/66
f 3281/751/66 3150/778/66 3282/777/66
f 3286/653/75 3154/654/75 3152/622/75
f 3286/653/75 3152/622/75 3284/621/75
f 3237/681/127 3441/683/127 3442/597/127
f 3237/681/127 3442/597/127 3238/595/127
f 3238/2988/71 3442/2877/71 3400/2903/71
f 3238/2988/71 3400/2903/71 3194/3010/71
f 3194/596/14 3400/598/14 3399/684/14
f 3194/596/14 3399/684/14 3193/682/14
f 3193/3010/70 3399/2903/70 3441/2877/70
f 3193/3010/70 3441/2877/70 3237/2988/70
f 3237/679/29 3238/593/29 3194/594/29
f 3237/679/29 3194/594/29 3193/680/29
f 3399/678/112 3400/592/112 3442/591/112
f 3399/678/112 3442/591/112 3441/677/112
f 3351/2923/68 3353/2925/68 3485/2854/68
f 3351/2923/68 3485/2854/68 3483/2852/68
f 3483/655/140 3485/780/140 3487/755/140
f 3483/655/140 3487/755/140 3484/623/140
f 3484/2853/73 3487/2855/73 3355/2926/73
f 3484/2853/73 3355/2926/73 3352/2924/73
f 3352/623/1 3355/755/1 3353/780/1
f 3352/623/1 3353/780/1 3351/655/1
f 3351/652/67 3483/651/67 3484/619/67
f 3351/652/67 3484/619/67 3352/620/67
f 3355/750/74 3487/749/74 3485/775/74
f 3355/750/74 3485/775/74 3353/776/74
f 3396/725/13 3196/727/13 3195/807/13
f 3396/725/13 3195/807/13 3395/805/13
f 3395/2901/70 3195/3011/70 3241/2990/70
f 3395/2901/70 3241/2990/70 3439/2876/70
f 3439/806/128 3241/808/128 3242/728/128
f 3439/806/128 3242/728/128 3440/726/128
f 3440/2876/71 3242/2990/71 3196/3011/71
f 3440/2876/71 3196/3011/71 3396/2901/71
f 3396/722/111 3395/802/111 3439/801/111
f 3396/722/111 3439/801/111 3440/721/111
f 3242/723/30 3241/803/30 3195/804/30
f 3242/723/30 3195/804/30 3196/724/30
f 3283/2966/69 3288/2968/69 3156/3036/69
f 3283/2966/69 3156/3036/69 3151/3034/69
f 3151/754/1 3156/626/1 3158/659/1
f 3151/754/1 3158/659/1 3153/781/1
f 3153/3035/72 3158/3037/72 3290/2969/72
f 3153/3035/72 3290/2969/72 3285/2967/72
f 3285/781/140 3290/659/140 3288/626/140
f 3285/781/140 3288/626/140 3283/754/140
f 3283/751/66 3151/752/66 3153/778/66
f 3283/751/66 3153/778/66 3285/777/66
f 3290/653/75 3158/654/75 3156/622/75
f 3290/653/75 3156/622/75 3288/621/75
f 3239/683/127 3445/685/127 3446/599/127
f 3239/683/127 3446/599/127 3240/597/127
f 3240/2989/71 3446/2879/71 3404/2905/71
f 3240/2989/71 3404/2905/71 3198/3012/71
f 3198/598/14 3404/600/14 3403/686/14
f 3198/598/14 3403/686/14 3197/684/14
f 3197/3012/70 3403/2905/70 3445/2879/70
f 3197/3012/70 3445/2879/70 3239/2989/70
f 3239/679/29 3240/593/29 3198/594/29
f 3239/679/29 3198/594/29 3197/680/29
f 3403/678/112 3404/592/112 3446/591/112
f 3403/678/112 3446/591/112 3445/677/112
f 3354/2925/68 3357/2927/68 3489/2856/68
f 3354/2925/68 3489/2856/68 3486/2854/68
f 3486/656/140 3489/782/140 3491/757/140
f 3486/656/140 3491/757/140 3488/625/140
f 3488/2855/73 3491/2857/73 3359/2928/73
f 3488/2855/73 3359/2928/73 3356/2926/73
f 3356/625/1 3359/757/1 3357/782/1
f 3356/625/1 3357/782/1 3354/656/1
f 3354/652/67 3486/651/67 3488/619/67
f 3354/652/67 3488/619/67 3356/620/67
f 3359/750/74 3491/749/74 3489/775/74
f 3359/750/74 3489/775/74 3357/776/74
f 3398/727/13 3200/729/13 3199/809/13
f 3398/727/13 3199/809/13 3397/807/13
f 3397/2902/70 3199/3013/70 3245/2992/70
f 3397/2902/70 3245/2992/70 3443/2878/70
f 3443/808/128 3245/810/128 3246/730/128
f 3443/808/128 3246/730/128 3444/728/128
f 3444/2878/71 3246/2992/71 3200/3013/71
f 3444/2878/71 3200/3013/71 3398/2902/71
f 3398/722/111 3397/802/111 3443/801/111
f 3398/722/111 3443/801/111 3444/721/111
f 3246/723/30 3245/803/30 3199/804/30
f 3246/723/30 3199/804/30 3200/724/30
f 3287/2968/69 3292/2970/69 3160/3038/69
f 3287/2968/69 3160/3038/69 3155/3036/69
f 3155/756/1 3160/628/1 3162/661/1
f 3155/756/1 3162/661/1 3157/783/1
f 3157/3037/72 3162/3039/72 3294/2971/72
f 3157/3037/72 3294/2971/72 3289/2969/72
f 3289/783/140 3294/661/140 3292/628/140
f 3289/783/140 3292/628/140 3287/756/140
f 3287/751/66 3155/752/66 3157/778/66
f 3287/751/66 3157/778/66 3289/777/66
f 3294/653/75 3162/654/75 3160/622/75
f 3294/653/75 3160/622/75 3292/621/75
f 3243/685/127 3449/687/127 3450/601/127
f 3243/685/127 3450/601/127 3244/599/127
f 3244/2991/71 3450/2881/71 3408/2907/71
f 3244/2991/71 3408/2907/71 3202/3014/71
f 3202/600/14 3408/602/14 3407/688/14
f 3202/600/14 3407/688/14 3201/686/14
f 3201/3014/70 3407/2907/70 3449/2881/70
f 3201/3014/70 3449/2881/70 3243/2991/70
f 3243/679/29 3244/593/29 3202/594/29
f 3243/679/29 3202/594/29 3201/680/29
f 3407/678/112 3408/592/112 3450/591/112
f 3407/678/112 3450/591/112 3449/677/112
f 3358/2927/68 3361/2929/68 3493/2858/68
f 3358/2927/68 3493/2858/68 3490/2856/68
f 3490/658/140 3493/784/140 3495/759/140
f 3490/658/140 3495/759/140 3492/627/140
f 3492/2857/73 3495/2859/73 3363/2930/73
f 3492/2857/73 3363/2930/73 3360/2928/73
f 3360/627/1 3363/759/1 3361/784/1
f 3360/627/1 3361/784/1 3358/658/1
f 3358/652/67 3490/651/67 3492/619/67
f 3358/652/67 3492/619/67 3360/620/67
f 3363/750/74 3495/749/74 3493/775/74
f 3363/750/74 3493/775/74 3361/776/74
f 3402/729/13 3204/731/13 3203/811/13
f 3402/729/13 3203/811/13 3401/809/13
f 3401/2904/70 3203/3015/70 3249/2994/70
f 3401/2904/70 3249/2994/70 3447/2880/70
f 3447/810/128 3249/812/128 3250/732/128
f 3447/810/128 3250/732/128 3448/730/128
f 3448/2880/71 3250/2994/71 3204/3015/71
f 3448/2880/71 3204/3015/71 3402/2904/71
f 3402/722/111 3401/802/111 3447/801/111
f 3402/722/111 3447/801/111 3448/721/111
f 3250/723/30 3249/803/30 3203/804/30
f 3250/723/30 3203/804/30 3204/724/30
f 3291/2970/69 3296/2972/69 3164/3040/69
f 3291/2970/69 3164/3040/69 3159/3038/69
f 3159/758/1 3164/630/1 3166/663/1
f 3159/758/1 3166/663/1 3161/785/1
f 3161/3039/72 3166/3041/72 3298/2973/72
f 3161/3039/72 3298/2973/72 3293/2971/72
f 3293/785/140 3298/663/140 3296/630/140
f 3293/785/140 3296/630/140 3291/758/140
f 3291/751/66 3159/752/66 3161/778/66
f 3291/751/66 3161/778/66 3293/777/66
f 3298/653/75 3166/654/75 3164/622/75
f 3298/653/75 3164/622/75 3296/621/75
f 3247/687/127 3453/689/127 3454/603/127
f 3247/687/127 3454/603/127 3248/601/127
f 3248/2993/71 3454/2883/71 3412/2909/71
f 3248/2993/71 3412/2909/71 3206/3016/71
f 3206/602/14 3412/604/14 3411/690/14
f 3206/602/14 3411/690/14 3205/688/14
f 3205/3016/70 3411/2909/70 3453/2883/70
f 3205/3016/70 3453/2883/70 3247/2993/70
f 3247/679/29 3248/593/29 3206/594/29
f 3247/679/29 3206/594/29 3205/680/29
f 3411/678/112 3412/592/112 3454/591/112
f 3411/678/112 3454/591/112 3453/677/112
f 3362/2929/68 3365/2931/68 3497/2860/68
f 3362/2929/68 3497/2860/68 3494/2858/68
f 3494/660/140 3497/786/140 3499/761/140
f 3494/660/140 3499/761/140 3496/629/140
f 3496/2859/73 3499/2861/73 3367/2932/73
f 3496/2859/73 3367/2932/73 3364/2930/73
f 3364/629/1 3367/761/1 3365/786/1
f 3364/629/1 3365/786/1 3362/660/1
f 3362/652/67 3494/651/67 3496/619/67
f 3362/652/67 3496/619/67 3364/620/67
f 3367/750/74 3499/749/74 3497/775/74
f 3367/750/74 3497/775/74 3365/776/74
f 3406/731/13 3208/733/13 3207/813/13
f 3406/731/13 3207/813/13 3405/811/13
f 3405/2906/70 3207/3017/70 3253/2996/70
f 3405/2906/70 3253/2996/70 3451/2882/70
f 3451/812/128 3253/814/128 3254/734/128
f 3451/812/128 3254/734/128 3452/732/128
f 3452/2882/71 3254/2996/71 3208/3017/71
f 3452/2882/71 3208/3017/71 3406/2906/71
f 3406/722/111 3405/802/111 3451/801/111
f 3406/722/111 3451/801/111 3452/721/111
f 3254/723/30 3253/803/30 3207/804/30
f 3254/723/30 3207/804/30 3208/724/30
f 3295/2972/69 3300/2974/69 3168/3042/69
f 3295/2972/69 3168/3042/69 3163/3040/69
f 3163/760/1 3168/632/1 3170/665/1
f 3163/760/1 3170/665/1 3165/787/1
f 3165/3041/72 3170/3043/72 3302/2975/72
f 3165/3041/72 3302/2975/72 3297/2973/72
f 3297/787/140 3302/665/140 3300/632/140
f 3297/787/140 3300/632/140 3295/760/140
f 3295/751/66 3163/752/66 3165/778/66
f 3295/751/66 3165/778/66 3297/777/66
f 3302/653/75 3170/654/75 3168/622/75
f 3302/653/75 3168/622/75 3300/621/75
f 3251/689/127 3457/691/127 3458/605/127
f 3251/689/127 3458/605/127 3252/603/127
f 3252/2995/71 3458/2885/71 3416/2911/71
f 3252/2995/71 3416/2911/71 3210/3018/71
f 3210/604/14 3416/606/14 3415/692/14
f 3210/604/14 3415/692/14 3209/690/14
f 3209/3018/70 3415/2911/70 3457/2885/70
f 3209/3018/70 3457/2885/70 3251/2995/70
f 3251/679/29 3252/593/29 3210/594/29
f 3251/679/29 3210/594/29 3209/680/29
f 3415/678/112 3416/592/112 3458/591/112
f 3415/678/112 3458/591/112 3457/677/112
f 3366/2931/68 3369/2933/68 3501/2862/68
f 3366/2931/68 3501/2862/68 3498/2860/68
f 3498/662/140 3501/788/140 3503/763/140
f 3498/662/140 3503/763/140 3500/631/140
f 3500/2861/73 3503/2863/73 3371/2934/73
f 3500/2861/73 3371/2934/73 3368/2932/73
f 3368/631/1 3371/763/1 3369/788/1
f 3368/631/1 3369/788/1 3366/662/1
f 3366/652/67 3498/651/67 3500/619/67
f 3366/652/67 3500/619/67 3368/620/67
f 3371/750/74 3503/749/74 3501/775/74
f 3371/750/74 3501/775/74 3369/776/74
f 3410/733/13 3212/735/13 3211/815/13
f 3410/733/13 3211/815/13 3409/813/13
f 3409/2908/70 3211/3019/70 3257/2998/70
f 3409/2908/70 3257/2998/70 3455/2884/70
f 3455/814/128 3257/816/128 3258/736/128
f 3455/814/128 3258/736/128 3456/734/128
f 3456/2884/71 3258/2998/71 3212/3019/71
f 3456/2884/71 3212/3019/71 3410/2908/71
f 3410/722/111 3409/802/111 3455/801/111
f 3410/722/111 3455/801/111 3456/721/111
f 3258/723/30 3257/803/30 3211/804/30
f 3258/723/30 3211/804/30 3212/724/30
f 3299/2974/69 3304/2976/69 3172/3044/69
f 3299/2974/69 3172/3044/69 3167/3042/69
f 3167/762/1 3172/634/1 3174/667/1
f 3167/762/1 3174/667/1 3169/789/1
f 3169/3043/72 3174/3045/72 3306/2977/72
f 3169/3043/72 3306/2977/72 3301/2975/72
f 3301/789/140 3306/667/140 3304/634/140
f 3301/789/140 3304/634/140 3299/762/140
f 3299/751/66 3167/752/66 3169/778/66
f 3299/751/66 3169/778/66 3301/777/66
f 3306/653/75 3174/654/75 3172/622/75
f 3306/653/75 3172/622/75 3304/621/75
f 3255/691/127 3461/693/127 3462/607/127
f 3255/691/127 3462/607/127 3256/605/127
f 3256/2997/71 3462/2887/71 3420/2913/71
f 3256/2997/71 3420/2913/71 3214/3020/71
f 3214/606/14 3420/608/14 3419/694/14
f 3214/606/14 3419/694/14 3213/692/14
f 3213/3020/70 3419/2913/70 3461/2887/70
f 3213/3020/70 3461/2887/70 3255/2997/70
f 3255/679/29 3256/593/29 3214/594/29
f 3255/679/29 3214/594/29 3213/680/29
f 3419/678/112 3420/592/112 3462/591/112
f 3419/678/112 3462/591/112 3461/677/112
f 3370/2933/68 3373/2935/68 3505/2864/68
f 3370/2933/68 3505/2864/68 3502/2862/68
f 3502/664/140 3505/790/140 3507/765/140
f 3502/664/140 3507/765/140 3504/633/140
f 3504/2863/73 3507/2865/73 3375/2936/73
f 3504/2863/73 3375/2936/73 3372/2934/73
f 3372/633/1 3375/765/1 3373/790/1
f 3372/633/1 3373/790/1 3370/664/1
f 3370/652/67 3502/651/67 3504/619/67
f 3370/652/67 3504/619/67 3372/620/67
f 3375/750/74 3507/749/74 3505/775/74
f 3375/750/74 3505/775/74 3373/776/74
f 3414/735/13 3216/737/13 3215/817/13
f 3414/735/13 3215/817/13 3413/815/13
f 3413/2910/70 3215/3021/70 3261/3000/70
f 3413/2910/70 3261/3000/70 3459/2886/70
f 3459/816/128 3261/818/128 3262/738/128
f 3459/816/128 3262/738/128 3460/736/128
f 3460/2886/71 3262/3000/71 3216/3021/71
f 3460/2886/71 3216/3021/71 3414/2910/71
f 3414/722/111 3413/802/111 3459/801/111
f 3414/722/111 3459/801/111 3460/721/111
f 3262/723/30 3261/803/30 3215/804/30
f 3262/723/30 3215/804/30 3216/724/30
f 3303/2976/69 3308/2978/69 3176/3046/69
f 3303/2976/69 3176/3046/69 3171/3044/69
f 3171/764/1 3176/636/1 3178/669/1
f 3171/764/1 3178/669/1 3173/791/1
f 3173/3045/72 3178/3047/72 3310/2979/72
f 3173/3045/72 3310/2979/72 3305/2977/72
f 3305/791/140 3310/669/140 3308/636/140
f 3305/791/140 3308/636/140 3303/764/140
f 3303/751/66 3171/752/66 3173/778/66
f 3303/751/66 3173/778/66 3305/777/66
f 3310/653/75 3178/654/75 3176/622/75
f 3310/653/75 3176/622/75 3308/621/75
f 3259/693/127 3465/695/127 3466/609/127
f 3259/693/127 3466/609/127 3260/607/127
f 3260/2999/71 3466/2889/71 3424/2915/71
f 3260/2999/71 3424/2915/71 3218/3022/71
f 3218/608/14 3424/610/14 3423/696/14
f 3218/608/14 3423/696/14 3217/694/14
f 3217/3022/70 3423/2915/70 3465/2889/70
f 3217/3022/70 3465/2889/70 3259/2999/70
f 3259/679/29 3260/593/29 3218/594/29
f 3259/679/29 3218/594/29 3217/680/29
f 3423/678/112 3424/592/112 3466/591/112
f 3423/678/112 3466/591/112 3465/677/112
f 3374/2935/68 3377/2937/68 3509/2866/68
f 3374/2935/68 3509/2866/68 3506/2864/68
f 3506/666/140 3509/792/140 3511/767/140
f 3506/666/140 3511/767/140 3508/635/140
f 3508/2865/73 3511/2867/73 3379/2938/73
f 3508/2865/73 3379/2938/73 3376/2936/73
f 3376/635/1 3379/767/1 3377/792/1
f 3376/635/1 3377/792/1 3374/666/1
f 3374/652/67 3506/651/67 3508/619/67
f 3374/652/67 3508/619/67 3376/620/67
f 3379/750/74 3511/749/74 3509/775/74
f 3379/750/74 3509/775/74 3377/776/74
f 3418/737/13 3220/739/13 3219/819/13
f 3418/737/13 3219/819/13 3417/817/13
f 3417/2912/70 3219/3023/70 3265/3002/70
f 3417/2912/70 3265/3002/70 3463/2888/70
f 3463/818/128 3265/820/128 3266/740/128
f 3463/818/128 3266/740/128 3464/738/128
f 3464/2888/71 3266/3002/71 3220/3023/71
f 3464/2888/71 3220/3023/71 3418/2912/71
f 3418/722/111 3417/802/111 3463/801/111
f 3418/722/111 3463/801/111 3464/721/111
f 3266/723/30 3265/803/30 3219/804/30
f 3266/723/30 3219/804/30 3220/724/30
f 3307/2978/69 3312/2980/69 3180/3048/69
f 3307/2978/69 3180/3048/69 3175/3046/69
f 3175/766/1 3180/638/1 3182/671/1
f 3175/766/1 3182/671/1 3177/793/1
f 3177/3047/72 3182/3049/72 3314/2981/72
f 3177/3047/72 3314/2981/72 3309/2979/72
f 3309/793/140 3314/671/140 3312/638/140
f 3309/793/140 3312/638/140 3307/766/140
f 3307/751/66 3175/752/66 3177/778/66
f 3307/751/66 3177/778/66 3309/777/66
f 3314/653/75 3182/654/75 3180/622/75
f 3314/653/75 3180/622/75 3312/621/75
f 3263/695/127 3469/697/127 3470/611/127
f 3263/695/127 3470/611/127 3264/609/127
f 3264/3001/71 3470/2891/71 3428/2917/71
f 3264/3001/71 3428/2917/71 3222/3024/71
f 3222/610/14 3428/612/14 3427/698/14
f 3222/610/14 3427/698/14 3221/696/14
f 3221/3024/70 3427/2917/70 3469/2891/70
f 3221/3024/70 3469/2891/70 3263/3001/70
f 3263/679/29 3264/593/29 3222/594/29
f 3263/679/29 3222/594/29 3221/680/29
f 3427/678/112 3428/592/112 3470/591/112
f 3427/678/112 3470/591/112 3469/677/112
f 3378/2937/68 3381/2939/68 3513/2868/68
f 3378/2937/68 3513/2868/68 3510/2866/68
f 3510/668/140 3513/794/140 3515/769/140
f 3510/668/140 3515/769/140 3512/637/140
f 3512/2867/73 3515/2869/73 3383/2940/73
f 3512/2867/73 3383/2940/73 3380/2938/73
f 3380/637/1 3383/769/1 3381/794/1
f 3380/637/1 3381/794/1 3378/668/1
f 3378/652/67 3510/651/67 3512/619/67
f 3378/652/67 3512/619/67 3380/620/67
f 3383/750/74 3515/749/74 3513/775/74
f 3383/750/74 3513/775/74 3381/776/74
f 3422/739/13 3224/741/13 3223/821/13
f 3422/739/13 3223/821/13 3421/819/13
f 3421/2914/70 3223/3025/70 3269/3004/70
f 3421/2914/70 3269/3004/70 3467/2890/70
f 3467/820/128 3269/822/128 3270/742/128
f 3467/820/128 3270/742/128 3468/740/128
f 3468/2890/71 3270/3004/71 3224/3025/71
f 3468/2890/71 3224/3025/71 3422/2914/71
f 3422/722/111 3421/802/111 3467/801/111
f 3422/722/111 3467/801/111 3468/721/111
f 3270/723/30 3269/803/30 3223/804/30
f 3270/723/30 3223/804/30 3224/724/30
f 3311/2980/69 3316/2982/69 3184/3050/69
f 3311/2980/69 3184/3050/69 3179/3048/69
f 3179/768/1 3184/640/1 3186/673/1
f 3179/768/1 3186/673/1 3181/795/1
f 3181/3049/72 3186/3051/72 3318/2983/72
f 3181/3049/72 3318/2983/72 3313/2981/72
f 3313/795/140 3318/673/140 3316/640/140
f 3313/795/140 3316/640/140 3311/768/140
f 3311/751/66 3179/752/66 3181/778/66
f 3311/751/66 3181/778/66 3313/777/66
f 3318/653/75 3186/654/75 3184/622/75
f 3318/653/75 3184/622/75 3316/621/75
f 3267/697/127 3473/699/127 3474/613/127
f 3267/697/127 3474/613/127 3268/611/127
f 3268/3003/71 3474/2893/71 3432/2919/71
f 3268/3003/71 3432/2919/71 3226/3026/71
f 3226/612/14 3432/614/14 3431/700/14
f 3226/612/14 3431/700/14 3225/698/14
f 3225/3026/70 3431/2919/70 3473/2893/70
f 3225/3026/70 3473/2893/70 3267/3003/70
f 3267/679/29 3268/593/29 3226/594/29
f 3267/679/29 3226/594/29 3225/680/29
f 3431/678/112 3432/592/112 3474/591/112
f 3431/678/112 3474/591/112 3473/677/112
f 3382/2939/68 3385/2941/68 3517/2870/68
f 3382/2939/68 3517/2870/68 3514/2868/68
f 3514/670/140 3517/796/140 3519/771/140
f 3514/670/140 3519/771/140 3516/639/140
f 3516/2869/73 3519/2871/73 3387/2942/73
f 3516/2869/73 3387/2942/73 3384/2940/73
f 3384/639/1 3387/771/1 3385/796/1
f 3384/639/1 3385/796/1 3382/670/1
f 3382/652/67 3514/651/67 3516/619/67
f 3382/652/67 3516/619/67 3384/620/67
f 3387/750/74 3519/749/74 3517/775/74
f 3387/750/74 3517/775/74 3385/776/74
f 3426/741/13 3228/743/13 3227/823/13
f 3426/741/13 3227/823/13 3425/821/13
f 3425/2916/70 3227/3027/70 3273/3006/70
f 3425/2916/70 3273/3006/70 3471/2892/70
f 3471/822/128 3273/824/128 3274/744/128
f 3471/822/128 3274/744/128 3472/742/128
f 3472/2892/71 3274/3006/71 3228/3027/71
f 3472/2892/71 3228/3027/71 3426/2916/71
f 3426/722/111 3425/802/111 3471/801/111
f 3426/722/111 3471/801/111 3472/721/111
f 3274/723/30 3273/803/30 3227/804/30
f 3274/723/30 3227/804/30 3228/724/30
f 3315/2982/69 3320/2984/69 3188/3052/69
f 3315/2982/69 3188/3052/69 3183/3050/69
f 3183/770/1 3188/642/1 3190/675/1
f 3183/770/1 3190/675/1 3185/797/1
f 3185/3051/72 3190/3053/72 3322/2985/72
f 3185/3051/72 3322/2985/72 3317/2983/72
f 3317/797/140 3322/675/140 3320/642/140
f 3317/797/140 3320/642/140 3315/770/140
f 3315/751/66 3183/752/66 3185/778/66
f 3315/751/66 3185/778/66 3317/777/66
f 3322/653/75 3190/654/75 3188/622/75
f 3322/653/75 3188/622/75 3320/621/75
f 3271/699/127 3477/701/127 3478/615/127
f 3271/699/127 3478/615/127 3272/613/127
f 3272/3005/71 3478/2895/71 3436/2921/71
f 3272/3005/71 3436/2921/71 3230/3028/71
f 3230/614/14 3436/616/14 3435/702/14
f 3230/614/14 3435/702/14 3229/700/14
f 3229/3028/70 3435/2921/70 3477/2895/70
f 3229/3028/70 3477/2895/70 3271/3005/70
f 3271/679/29 3272/593/29 3230/594/29
f 3271/679/29 3230/594/29 3229/680/29
f 3435/678/112 3436/592/112 3478/591/112
f 3435/678/112 3478/591/112 3477/677/112
f 3386/2941/68 3389/2943/68 3521/2872/68
f 3386/2941/68 3521/2872/68 3518/2870/68
f 3518/672/140 3521/798/140 3523/773/140
f 3518/672/140 3523/773/140 3520/641/140
f 3520/2871/73 3523/2873/73 3391/2944/73
f 3520/2871/73 3391/2944/73 3388/2942/73
f 3388/641/1 3391/773/1 3389/798/1
f 3388/641/1 3389/798/1 3386/672/1
f 3386/652/67 3518/651/67 3520/619/67
f 3386/652/67 3520/619/67 3388/620/67
f 3391/750/74 3523/749/74 3521/775/74
f 3391/750/74 3521/775/74 3389/776/74
f 3430/743/13 3232/745/13 3231/825/13
f 3430/743/13 3231/825/13 3429/823/13
f 3429/2918/70 3231/3029/70 3277/3008/70
f 3429/2918/70 3277/3008/70 3475/2894/70
f 3475/824/128 3277/826/128 3278/746/128
f 3475/824/128 3278/746/128 3476/744/128
f 3476/2894/71 3278/3008/71 3232/3029/71
f 3476/2894/71 3232/3029/71 3430/2918/71
f 3430/722/111 3429/802/111 3475/801/111
f 3430/722/111 3475/801/111 3476/721/111
f 3278/723/30 3277/803/30 3231/804/30
f 3278/723/30 3231/804/30 3232/724/30
f 3319/2984/69 3323/2986/69 3191/3054/69
f 3319/2984/69 3191/3054/69 3187/3052/69
f 3187/772/1 3191/644/1 3192/676/1
f 3187/772/1 3192/676/1 3189/799/1
f 3189/3053/72 3192/3055/72 3324/2987/72
f 3189/3053/72 3324/2987/72 3321/2985/72
f 3321/799/140 3324/676/140 3323/644/140
f 3321/799/140 3323/644/140 3319/772/140
f 3319/751/66 3187/752/66 3189/778/66
f 3319/751/66 3189/778/66 3321/777/66
f 3324/653/75 3192/654/75 3191/622/75
f 3324/653/75 3191/622/75 3323/621/75
f 3275/701/127 3481/703/127 3482/617/127
f 3275/701/127 3482/617/127 3276/615/127
f 3276/3007/71 3482/2897/71 3438/2922/71
f 3276/3007/71 3438/2922/71 3234/3030/71
f 3234/616/14 3438/618/14 3437/704/14
f 3234/616/14 3437/704/14 3233/702/14
f 3233/3030/70 3437/2922/70 3481/2897/70
f 3233/3030/70 3481/2897/70 3275/3007/70
f 3275/679/29 3276/593/29 3234/594/29
f 3275/679/29 3234/594/29 3233/680/29
f 3437/678/112 3438/592/112 3482/591/112
f 3437/678/112 3482/591/112 3481/677/112
f 3390/2943/68 3393/2945/68 3525/2874/68
f 3390/2943/68 3525/2874/68 3522/2872/68
f 3522/674/140 3525/800/140 3526/774/140
f 3522/674/140 3526/774/140 3524/643/140
f 3524/2873/73 3526/2875/73 3394/2946/73
f 3524/2873/73 3394/2946/73 3392/2944/73
f 3392/643/1 3394/774/1 3393/800/1
f 3392/643/1 3393/800/1 3390/674/1
f 3390/652/67 3522/651/67 3524/619/67
f 3390/652/67 3524/619/67 3392/620/67
f 3394/750/74 3526/749/74 3525/775/74
f 3394/750/74 3525/775/74 3393/776/74
f 3434/745/13 3236/747/13 3235/827/13
f 3434/745/13 3235/827/13 3433/825/13
f 3433/2920/70 3235/3031/70 3279/3009/70
f 3433/2920/70 3279/3009/70 3479/2896/70
f 3479/826/128 3279/828/128 3280/748/128
f 3479/826/128 3280/748/128 3480/746/128
f 3480/2896/71 3280/3009/71 3236/3031/71
f 3480/2896/71 3236/3031/71 3434/2920/71
f 3434/722/111 3433/802/111 3479/801/111
f 3434/722/111 3479/801/111 3480/721/111
f 3280/723/30 3279/803/30 3235/804/30
f 3280/723/30 3235/804/30 3236/724/30
f 3537/928/65 3053/434/65 3047/439/65
f 3537/928/65 3047/439/65 3535/937/65
f 3535/2797/26 3047/3266/26 3048/3267/26
f 3535/2797/26 3048/3267/26 3536/2798/26
f 3536/937/76 3048/439/76 3054/434/76
f 3536/937/76 3054/434/76 3538/928/76
f 3538/2787/115 3054/3244/115 3053/3243/115
f 3538/2787/115 3053/3243/115 3537/2786/115
f 3537/929/122 3535/938/122 3536/939/122
f 3537/929/122 3536/939/122 3538/930/122
f 3054/436/19 3048/441/19 3047/440/19
f 3054/436/19 3047/440/19 3053/435/19
