# LorientGroix - Lorient / Keroman 1943, generated by Tools/generate-lorient.py
# metres; Y up; OBJ (x, y, z) = (-north, up, -east); import roll 90 yaw 90
o LorientGroix
v 6341.154 -6.000 10656.922
v 6393.116 -6.000 10686.922
v 6421.154 -6.000 10518.358
v 6445.077 -6.000 10716.922
v 6473.116 -6.000 10548.358
v 6497.039 -6.000 10746.922
v 6501.154 -6.000 10379.794
v 6525.077 -6.000 10578.358
v 6549.000 -6.000 10776.922
v 6553.116 -6.000 10409.794
v 6577.039 -6.000 10608.358
v 6581.154 -6.000 10241.230
v 6600.962 -6.000 10806.922
v 6605.077 -6.000 10439.794
v 6629.000 -6.000 10638.358
v 6633.116 -6.000 10271.230
v 6652.923 -6.000 10836.922
v 6657.039 -6.000 10469.794
v 6661.154 -6.000 10102.666
v 6680.962 -6.000 10668.358
v 6685.077 -6.000 10301.230
v 6704.885 -6.000 10866.922
v 6709.000 -6.000 10499.794
v 6713.116 -6.000 10132.666
v 6732.923 -6.000 10698.358
v 6737.039 -6.000 10331.230
v 6741.154 -6.000 9964.102
v 6756.846 -6.000 10896.922
v 6760.962 -6.000 10529.794
v 6765.077 -6.000 10162.666
v 6784.885 -6.000 10728.358
v 6789.000 -6.000 10361.230
v 6793.116 -6.000 9994.102
v 6808.808 -6.000 10926.922
v 6812.923 -6.000 10559.794
v 6817.039 -6.000 10192.666
v 6821.154 -6.000 9825.538
v 6836.846 -6.000 10758.358
v 6840.962 -6.000 10391.230
v 6845.077 -6.000 10024.102
v 6860.770 -6.000 10956.922
v 6864.885 -6.000 10589.794
v 6869.000 -6.000 10222.666
v 6873.116 -6.000 9855.538
v 6888.808 -6.000 10788.358
v 6892.923 -6.000 10421.230
v 6897.039 -6.000 10054.102
v 6901.154 -6.000 9686.973
v 6912.731 -6.000 10986.922
v 6916.846 -6.000 10619.794
v 6920.962 -6.000 10252.666
v 6925.077 -6.000 9885.538
v 6940.770 -6.000 10818.358
v 6944.885 -6.000 10451.230
v 6949.000 -6.000 10084.102
v 6953.116 -6.000 9716.973
v 6964.693 -6.000 11016.922
v 6968.808 -6.000 10649.794
v 6972.923 -6.000 10282.666
v 6977.039 -6.000 9915.538
v 6981.154 -6.000 9548.409
v 6992.731 -6.000 10848.358
v 6996.846 -6.000 10481.230
v 7000.962 -6.000 10114.102
v 7005.077 -6.000 9746.973
v 7016.654 -6.000 11046.922
v 7020.770 -6.000 10679.794
v 7024.885 -6.000 10312.666
v 7029.000 -6.000 9945.538
v 7033.116 -6.000 9578.409
v 7044.693 -6.000 10878.358
v 7048.808 -6.000 10511.230
v 7052.923 -6.000 10144.102
v 7057.039 -6.000 9776.973
v 7061.154 -6.000 9409.845
v 7068.616 -6.000 11076.922
v 7072.731 -6.000 10709.794
v 7076.846 -6.000 10342.666
v 7080.962 -6.000 9975.538
v 7085.077 -6.000 9608.409
v 7096.654 -6.000 10908.358
v 7100.770 -6.000 10541.230
v 7104.885 -6.000 10174.102
v 7109.000 -6.000 9806.973
v 7113.116 -6.000 9439.845
v 7120.577 -6.000 11106.922
v 7124.693 -6.000 10739.794
v 7128.808 -6.000 10372.666
v 7132.923 -6.000 10005.538
v 7137.039 -6.000 9638.409
v 7141.154 -6.000 9271.281
v 7148.616 -6.000 10938.358
v 7152.731 -6.000 10571.230
v 7156.846 -6.000 10204.102
v 7160.962 -6.000 9836.973
v 7165.077 -6.000 9469.845
v 7172.539 -6.000 11136.922
v 7176.654 -6.000 10769.794
v 7180.770 -6.000 10402.666
v 7184.885 -6.000 10035.538
v 7189.000 -6.000 9668.409
v 7193.116 -6.000 9301.281
v 7200.577 -6.000 10968.358
v 7204.693 -6.000 10601.230
v 7208.808 -6.000 10234.102
v 7212.923 -6.000 9866.973
v 7217.039 -6.000 9499.845
v 7221.154 -6.000 9132.717
v 7224.500 -6.000 11166.922
v 7228.616 -6.000 10799.794
v 7232.731 -6.000 10432.666
v 7236.846 -6.000 10065.538
v 7240.962 -6.000 9698.409
v 7245.077 -6.000 9331.281
v 7252.539 -6.000 10998.358
v 7256.654 -6.000 10631.230
v 7260.770 -6.000 10264.102
v 7264.885 -6.000 9896.973
v 7269.000 -6.000 9529.845
v 7273.116 -6.000 9162.717
v 7276.462 -6.000 11196.922
v 7280.577 -6.000 10829.794
v 7284.693 -6.000 10462.666
v 7288.808 -6.000 10095.538
v 7292.923 -6.000 9728.409
v 7297.039 -6.000 9361.281
v 7301.154 -6.000 8994.153
v 7304.500 -6.000 11028.358
v 7308.616 -6.000 10661.230
v 7312.731 -6.000 10294.102
v 7316.846 -6.000 9926.973
v 7320.962 -6.000 9559.845
v 7325.077 -6.000 9192.717
v 7328.423 -6.000 11226.922
v 7332.539 -6.000 10859.794
v 7336.654 -6.000 10492.666
v 7340.770 -6.000 10125.538
v 7344.885 -6.000 9758.409
v 7349.000 -6.000 9391.281
v 7353.116 -6.000 9024.153
v 7356.462 -6.000 11058.358
v 7360.577 -6.000 10691.230
v 7364.693 -6.000 10324.102
v 7368.808 -6.000 9956.973
v 7372.923 -6.000 9589.845
v 7377.039 -6.000 9222.717
v 7380.385 -6.000 11256.922
v 7381.154 -6.000 8855.589
v 7384.500 -6.000 10889.794
v 7388.616 -6.000 10522.666
v 7392.731 -6.000 10155.538
v 7396.846 -6.000 9788.409
v 7400.962 -6.000 9421.281
v 7405.077 -6.000 9054.153
v 7408.423 -6.000 11088.358
v 7412.539 -6.000 10721.230
v 7416.654 -6.000 10354.102
v 7420.770 -6.000 9986.973
v 7424.885 -6.000 9619.845
v 7429.000 -6.000 9252.717
v 7432.346 -6.000 11286.922
v 7433.116 -6.000 8885.589
v 7436.462 -6.000 10919.794
v 7440.577 -6.000 10552.666
v 7444.693 -6.000 10185.538
v 7448.808 -6.000 9818.409
v 7452.923 -6.000 9451.281
v 7457.039 -6.000 9084.153
v 7460.385 -6.000 11118.358
v 7461.154 -6.000 8717.025
v 7464.500 -6.000 10751.230
v 7468.616 -6.000 10384.102
v 7472.731 -6.000 10016.973
v 7476.846 -6.000 9649.845
v 7480.962 -6.000 9282.717
v 7484.308 -6.000 11316.922
v 7485.077 -6.000 8915.589
v 7488.423 -6.000 10949.794
v 7492.539 -6.000 10582.666
v 7496.654 -6.000 10215.538
v 7500.770 -6.000 9848.409
v 7504.885 -6.000 9481.281
v 7509.000 -6.000 9114.153
v 7512.346 -6.000 11148.358
v 7513.116 -6.000 8747.025
v 7516.462 -6.000 10781.230
v 7520.577 -6.000 10414.102
v 7524.693 -6.000 10046.973
v 7528.808 -6.000 9679.845
v 7532.923 -6.000 9312.717
v 7536.269 -6.000 11346.922
v 7537.039 -6.000 8945.589
v 7540.385 -6.000 10979.794
v 7541.154 -6.000 8578.461
v 7544.500 -6.000 10612.666
v 7548.616 -6.000 10245.538
v 7552.731 -6.000 9878.409
v 7556.846 -6.000 9511.281
v 7560.962 -6.000 9144.153
v 7564.308 -6.000 11178.358
v 7565.077 -6.000 8777.025
v 7568.423 -6.000 10811.230
v 7572.539 -6.000 10444.102
v 7576.654 -6.000 10076.973
v 7580.770 -6.000 9709.845
v 7584.885 -6.000 9342.717
v 7588.231 -6.000 11376.922
v 7589.000 -6.000 8975.589
v 7592.346 -6.000 11009.794
v 7593.116 -6.000 8608.461
v 7596.462 -6.000 10642.666
v 7600.577 -6.000 10275.538
v 7604.693 -6.000 9908.409
v 7608.808 -6.000 9541.281
v 7612.923 -6.000 9174.153
v 7616.269 -6.000 11208.358
v 7617.039 -6.000 8807.025
v 7620.385 -6.000 10841.230
v 7621.154 -6.000 8439.897
v 7624.500 -6.000 10474.102
v 7628.616 -6.000 10106.973
v 7632.731 -6.000 9739.845
v 7636.846 -6.000 9372.717
v 7640.192 -6.000 11406.922
v 7640.962 -6.000 9005.589
v 7644.308 -6.000 11039.794
v 7645.077 -6.000 8638.461
v 7648.423 -6.000 10672.666
v 7652.539 -6.000 10305.538
v 7656.654 -6.000 9938.409
v 7660.770 -6.000 9571.281
v 7664.885 -6.000 9204.153
v 7668.231 -6.000 11238.358
v 7669.000 -6.000 8837.025
v 7672.346 -6.000 10871.230
v 7673.116 -6.000 8469.897
v 7676.462 -6.000 10504.102
v 7680.577 -6.000 10136.973
v 7684.693 -6.000 9769.845
v 7688.808 -6.000 9402.717
v 7692.154 -6.000 11436.922
v 7692.923 -6.000 9035.589
v 7696.269 -6.000 11069.794
v 7697.039 -6.000 8668.461
v 7700.385 -6.000 10702.666
v 7701.154 -6.000 8301.333
v 7704.500 -6.000 10335.538
v 7708.616 -6.000 9968.409
v 7712.731 -6.000 9601.281
v 7716.846 -6.000 9234.153
v 7720.192 -6.000 11268.358
v 7720.962 -6.000 8867.025
v 7724.308 -6.000 10901.230
v 7725.077 -6.000 8499.897
v 7728.423 -6.000 10534.102
v 7732.539 -6.000 10166.973
v 7736.654 -6.000 9799.845
v 7740.770 -6.000 9432.717
v 7744.115 -6.000 11466.922
v 7744.885 -6.000 9065.589
v 7748.231 -6.000 11099.794
v 7749.000 -6.000 8698.461
v 7752.346 -6.000 10732.666
v 7753.116 -6.000 8331.333
v 7756.462 -6.000 10365.538
v 7760.577 -6.000 9998.409
v 7764.693 -6.000 9631.281
v 7768.808 -6.000 9264.153
v 7772.154 -6.000 11298.358
v 7772.923 -6.000 8897.025
v 7776.269 -6.000 10931.230
v 7777.039 -6.000 8529.897
v 7780.385 -6.000 10564.102
v 7781.154 -6.000 8162.769
v 7784.500 -6.000 10196.973
v 7788.616 -6.000 9829.845
v 7792.731 -6.000 9462.717
v 7796.077 -6.000 11496.922
v 7796.846 -6.000 9095.589
v 7800.192 -6.000 11129.794
v 7800.962 -6.000 8728.461
v 7804.308 -6.000 10762.666
v 7805.077 -6.000 8361.333
v 7808.423 -6.000 10395.538
v 7812.539 -6.000 10028.409
v 7816.654 -6.000 9661.281
v 7820.770 -6.000 9294.153
v 7824.115 -6.000 11328.358
v 7824.885 -6.000 8927.025
v 7828.231 -6.000 10961.230
v 7829.000 -6.000 8559.897
v 7832.346 -6.000 10594.102
v 7833.116 -6.000 8192.769
v 7836.462 -6.000 10226.973
v 7840.577 -6.000 9859.845
v 7844.693 -6.000 9492.717
v 7848.038 -6.000 11526.922
v 7848.808 -6.000 9125.589
v 7852.154 -6.000 11159.794
v 7852.923 -6.000 8758.461
v 7856.269 -6.000 10792.666
v 7857.039 -6.000 8391.333
v 7860.385 -6.000 10425.538
v 7861.154 -6.000 8024.205
v 7864.500 -6.000 10058.409
v 7868.616 -6.000 9691.281
v 7872.731 -6.000 9324.153
v 7876.077 -6.000 11358.358
v 7876.846 -6.000 8957.025
v 7880.192 -6.000 10991.230
v 7880.962 -6.000 8589.897
v 7884.308 -6.000 10624.102
v 7885.077 -6.000 8222.769
v 7888.423 -6.000 10256.973
v 7892.539 -6.000 9889.845
v 7896.654 -6.000 9522.717
v 7900.000 -6.000 11556.922
v 7900.770 -6.000 9155.589
v 7904.115 -6.000 11189.794
v 7904.885 -6.000 8788.461
v 7908.231 -6.000 10822.666
v 7909.000 -6.000 8421.333
v 7912.346 -6.000 10455.538
v 7913.116 -6.000 8054.205
v 7916.462 -6.000 10088.409
v 7920.577 -6.000 9721.281
v 7924.693 -6.000 9354.153
v 7928.038 -6.000 11388.358
v 7928.808 -6.000 8987.025
v 7932.154 -6.000 11021.230
v 7932.923 -6.000 8619.897
v 7936.269 -6.000 10654.102
v 7937.039 -6.000 8252.769
v 7940.385 -6.000 10286.973
v 7941.154 -6.000 7885.641
v 7944.500 -6.000 9919.845
v 7948.616 -6.000 9552.717
v 7951.962 -6.000 11586.922
v 7952.731 -6.000 9185.589
v 7956.077 -6.000 11219.794
v 7956.846 -6.000 8818.461
v 7960.192 -6.000 10852.666
v 7960.962 -6.000 8451.333
v 7964.308 -6.000 10485.538
v 7965.077 -6.000 8084.205
v 7968.423 -6.000 10118.409
v 7972.539 -6.000 9751.281
v 7976.654 -5.563 9384.153
v 7980.000 -6.000 11418.358
v 7980.770 -6.000 9017.025
v 7984.115 -6.000 11051.230
v 7984.885 -6.000 8649.897
v 7988.231 -6.000 10684.102
v 7989.000 -6.000 8282.769
v 7992.346 -6.000 10316.973
v 7993.116 -6.000 7915.641
v 7996.462 -6.000 9949.845
v 8000.577 -6.000 9582.717
v 8003.923 -6.000 11616.922
v 8004.693 1.653 9215.589
v 8008.038 -6.000 11249.794
v 8008.808 -6.000 8848.461
v 8012.154 -6.000 10882.666
v 8012.923 -6.000 8481.333
v 8016.269 -5.593 10515.538
v 8017.039 -6.000 8114.205
v 8020.385 -6.000 10148.409
v 8021.154 -6.000 7747.077
v 8024.500 -6.000 9781.281
v 8028.616 13.761 9414.153
v 8031.962 -6.000 11448.358
v 8032.731 -5.384 9047.025
v 8036.077 -6.000 11081.230
v 8036.846 -6.000 8679.897
v 8040.192 -6.000 10714.102
v 8040.962 -6.000 8312.769
v 8044.308 2.138 10346.973
v 8045.077 -6.000 7945.641
v 8048.423 -6.000 9979.845
v 8052.539 -4.151 9612.717
v 8055.885 -6.000 11646.922
v 8056.654 33.185 9245.589
v 8060.000 -6.000 11279.794
v 8060.770 -6.000 8878.461
v 8064.115 -6.000 10912.666
v 8064.885 -6.000 8511.333
v 8068.231 -3.106 10545.538
v 8069.000 -6.000 8144.205
v 8072.346 -1.190 10178.409
v 8073.116 -6.000 7777.077
v 8076.462 -6.000 9811.281
v 8080.577 33.340 9444.153
v 8083.923 -6.000 11478.358
v 8084.693 32.798 9077.025
v 8088.038 -6.000 11111.230
v 8088.808 -6.000 8709.897
v 8092.154 -6.000 10744.102
v 8092.923 -6.000 8342.769
v 8096.269 20.735 10376.973
v 8097.039 -6.000 7975.641
v 8100.385 -4.318 10009.845
v 8101.154 -6.000 7608.513
v 8104.500 13.568 9642.717
v 8107.846 -6.000 11676.922
v 8108.616 34.000 9275.589
v 8111.962 -6.000 11309.794
v 8112.731 15.024 8908.461
v 8116.077 -6.000 10942.666
v 8116.846 -6.000 8541.333
v 8120.192 -0.024 10575.538
v 8120.962 -6.000 8174.205
v 8124.308 25.451 10208.409
v 8125.077 -6.000 7807.077
v 8128.423 2.946 9841.281
v 8132.539 34.000 9474.153
v 8135.885 -6.000 11508.358
v 8136.654 34.000 9107.025
v 8140.000 -6.000 11141.230
v 8140.770 -5.771 8739.897
v 8144.115 -6.000 10774.102
v 8144.885 -6.000 8372.769
v 8148.231 33.198 10406.973
v 8149.000 -6.000 8005.641
v 8152.346 23.498 10039.845
v 8153.116 -6.000 7638.513
v 8156.462 32.709 9672.717
v 8159.808 -6.000 11706.922
v 8160.577 34.000 9305.589
v 8163.923 -6.000 11339.794
v 8164.693 34.000 8938.461
v 8168.038 -6.000 10972.666
v 8168.808 -6.000 8571.333
v 8172.154 2.717 10605.538
v 8172.923 -6.000 8204.205
v 8176.269 34.000 10238.409
v 8177.039 -6.000 7837.077
v 8180.385 30.161 9871.281
v 8181.154 -6.000 7469.948
v 8184.500 34.000 9504.153
v 8187.846 -6.000 11538.358
v 8188.616 34.000 9137.025
v 8191.962 -6.000 11171.230
v 8192.731 33.787 8769.897
v 8196.077 -6.000 10804.102
v 8196.846 -6.000 8402.769
v 8200.192 34.000 10436.973
v 8200.962 -6.000 8035.641
v 8204.308 34.000 10069.845
v 8205.077 -6.000 7668.513
v 8208.423 34.000 9702.717
v 8211.769 -6.000 11736.922
v 8212.539 34.000 9335.589
v 8215.885 -6.000 11369.794
v 8216.654 34.000 8968.461
v 8220.000 -6.000 11002.666
v 8220.770 18.646 8601.333
v 8224.115 4.814 10635.538
v 8224.885 -3.713 8234.205
v 8228.231 34.000 10268.409
v 8229.000 -6.000 7867.077
v 8232.346 34.000 9901.281
v 8233.116 -6.000 7499.948
v 8236.462 34.000 9534.153
v 8239.808 -6.000 11568.358
v 8240.577 34.000 9167.025
v 8243.923 -6.000 11201.230
v 8244.693 34.000 8799.897
v 8248.038 -6.000 10834.102
v 8248.808 13.975 8432.769
v 8252.154 34.000 10466.973
v 8252.923 8.342 8065.641
v 8256.269 34.000 10099.845
v 8257.039 -6.000 7698.513
v 8260.385 34.000 9732.717
v 8261.154 -6.000 7331.384
v 8263.731 -6.000 11766.922
v 8264.500 34.000 9365.589
v 8267.846 -6.000 11399.794
v 8268.616 34.000 8998.461
v 8271.962 -6.000 11032.666
v 8272.731 34.000 8631.333
v 8276.077 6.238 10665.538
v 8276.846 25.521 8264.205
v 8280.192 34.000 10298.409
v 8280.962 2.782 7897.077
v 8284.308 34.000 9931.281
v 8285.077 -6.000 7529.948
v 8288.423 34.000 9564.153
v 8291.769 -6.000 11598.358
v 8292.539 34.011 9197.025
v 8295.885 -6.000 11231.230
v 8296.654 34.000 8829.897
v 8300.000 -6.000 10864.102
v 8300.770 34.000 8462.769
v 8304.115 34.000 10496.973
v 8304.885 33.723 8095.641
v 8308.231 34.000 10129.845
v 8309.000 -6.000 7728.513
v 8312.346 34.000 9762.717
v 8313.116 -6.000 7361.384
v 8315.692 -6.000 11796.922
v 8316.462 34.000 9395.589
v 8319.808 -6.000 11429.794
v 8320.577 34.044 9028.461
v 8323.923 -6.000 11062.666
v 8324.693 34.000 8661.333
v 8328.038 7.051 10695.538
v 8328.808 34.000 8294.205
v 8332.154 34.000 10328.409
v 8332.923 33.313 7927.077
v 8336.269 34.000 9961.281
v 8337.039 -6.000 7559.948
v 8340.385 34.000 9594.153
v 8341.154 -6.000 7192.820
v 8343.731 -6.000 11628.358
v 8344.500 34.212 9227.025
v 8347.846 -6.000 11261.230
v 8348.616 34.000 8859.897
v 8351.962 -6.000 10894.102
v 8352.731 34.000 8492.769
v 8356.077 34.000 10526.973
v 8356.846 34.000 8125.641
v 8360.192 34.000 10159.845
v 8360.962 8.049 7758.513
v 8364.308 34.000 9792.717
v 8365.077 -6.000 7391.384
v 8367.654 -6.000 11826.922
v 8368.423 34.032 9425.589
v 8371.769 -6.000 11459.794
v 8372.539 34.411 9058.461
v 8375.885 -6.000 11092.666
v 8376.654 34.000 8691.333
v 8380.000 7.314 10725.538
v 8380.770 34.000 8324.205
v 8384.115 34.000 10358.409
v 8384.885 34.000 7957.077
v 8388.231 34.000 9991.281
v 8389.000 -6.000 7589.948
v 8392.346 34.000 9624.153
v 8393.116 -6.000 7222.820
v 8395.692 -6.000 11658.358
v 8396.462 34.496 9257.025
v 8399.808 -6.000 11291.230
v 8400.577 34.217 8889.897
v 8403.923 -6.000 10924.102
v 8404.693 34.000 8522.769
v 8408.038 34.000 10556.973
v 8408.808 34.000 8155.641
v 8412.154 34.000 10189.845
v 8412.923 34.000 7788.513
v 8416.269 34.000 9822.717
v 8417.039 -6.000 7421.384
v 8419.615 -6.000 11856.922
v 8420.385 34.122 9455.589
v 8421.154 -6.000 7054.256
v 8423.731 -6.000 11489.794
v 8424.500 34.914 9088.461
v 8427.846 -6.000 11122.666
v 8428.616 34.008 8721.333
v 8431.962 7.051 10755.538
v 8432.731 34.000 8354.205
v 8436.077 34.000 10388.409
v 8436.846 34.000 7987.077
v 8440.192 34.000 10021.281
v 8440.962 -4.642 7619.948
v 8444.308 34.005 9654.153
v 8445.077 -6.000 7252.820
v 8447.654 -6.000 11688.358
v 8448.423 34.709 9287.025
v 8451.769 -6.000 11321.230
v 8452.539 34.700 8919.897
v 8455.885 -6.000 10954.102
v 8456.654 34.000 8552.769
v 8460.000 34.000 10586.973
v 8460.770 34.000 8185.641
v 8464.115 34.011 10219.845
v 8464.885 34.000 7818.513
v 8468.231 34.006 9852.717
v 8469.000 -6.000 7451.384
v 8471.577 -6.000 11886.922
v 8472.346 34.220 9485.589
v 8473.116 -6.000 7084.256
v 8475.692 -6.000 11519.794
v 8476.462 35.358 9118.461
v 8479.808 -6.000 11152.666
v 8480.577 34.288 8751.333
v 8483.923 6.238 10785.538
v 8484.693 34.000 8384.205
v 8488.038 34.000 10418.409
v 8488.808 34.000 8017.077
v 8492.154 34.085 10051.281
v 8492.923 28.678 7649.948
v 8496.269 34.075 9684.153
v 8497.039 -6.000 7282.820
v 8499.615 -6.000 11718.358
v 8500.385 34.783 9317.025
v 8501.154 -6.000 6915.692
v 8503.731 -6.000 11351.230
v 8504.500 35.237 8949.897
v 8507.846 -6.000 10984.102
v 8508.616 34.007 8582.769
v 8511.962 34.000 10616.973
v 8512.731 34.000 8215.641
v 8516.077 34.083 10249.845
v 8516.846 34.000 7848.513
v 8520.192 34.119 9882.717
v 8520.962 -6.000 7481.384
v 8523.538 -6.000 11916.922
v 8524.308 34.313 9515.589
v 8525.077 -6.000 7114.256
v 8527.654 -6.000 11549.794
v 8528.423 35.660 9148.461
v 8531.769 -6.000 11182.666
v 8532.539 34.784 8781.333
v 8535.885 4.814 10815.538
v 8536.654 34.000 8414.205
v 8540.000 34.000 10448.409
v 8540.770 34.000 8047.077
v 8544.115 34.273 10081.281
v 8544.885 34.000 7679.948
v 8548.231 34.213 9714.153
v 8549.000 -6.000 7312.820
v 8551.577 -6.000 11748.358
v 8552.346 34.764 9347.025
v 8553.116 -6.000 6945.692
v 8555.692 -6.000 11381.230
v 8556.462 35.748 8979.897
v 8559.808 -6.000 11014.102
v 8560.577 34.283 8612.769
v 8563.923 34.000 10646.973
v 8564.693 34.000 8245.641
v 8568.038 34.153 10279.845
v 8568.808 34.000 7878.513
v 8572.154 34.319 9912.717
v 8572.923 1.121 7511.384
v 8575.500 -6.000 11946.922
v 8576.269 34.426 9545.589
v 8577.039 -6.000 7144.256
v 8579.615 -6.000 11579.794
v 8580.385 35.831 9178.461
v 8581.154 -6.000 6777.128
v 8583.731 -6.000 11212.666
v 8584.500 35.344 8811.333
v 8587.846 2.717 10845.538
v 8588.616 34.001 8444.205
v 8591.962 34.000 10478.409
v 8592.731 34.000 8077.077
v 8596.077 34.466 10111.281
v 8596.846 34.000 7709.948
v 8600.192 34.391 9744.153
v 8600.962 -6.000 7342.820
v 8603.538 -6.000 11778.358
v 8604.308 34.744 9377.025
v 8605.077 -6.000 6975.692
v 8607.654 -6.000 11411.230
v 8608.423 36.221 9009.897
v 8611.769 -6.000 11044.102
v 8612.539 34.817 8642.769
v 8615.885 34.000 10676.973
v 8616.654 34.000 8275.641
v 8620.000 34.176 10309.845
v 8620.770 34.000 7908.513
v 8624.115 34.523 9942.717
v 8624.885 33.796 7541.384
v 8627.461 -6.000 11976.922
v 8628.231 34.566 9575.589
v 8629.000 -6.000 7174.256
v 8631.577 -6.000 11609.794
v 8632.346 35.908 9208.461
v 8633.116 -6.000 6807.128
v 8635.692 -6.000 11242.666
v 8636.462 35.946 8841.333
v 8639.808 -0.024 10875.538
v 8640.577 34.170 8474.205
v 8643.923 34.000 10508.409
v 8644.693 34.000 8107.077
v 8648.038 34.600 10141.281
v 8648.808 34.000 7739.948
v 8652.154 34.565 9774.153
v 8652.923 -6.000 7372.820
v 8655.500 -6.000 11808.358
v 8656.269 34.829 9407.025
v 8657.039 -6.000 7005.692
v 8659.615 -6.000 11441.230
v 8660.385 36.644 9039.897
v 8661.154 -6.000 6638.564
v 8663.731 -6.000 11074.102
v 8664.500 35.452 8672.769
v 8667.846 34.000 10706.973
v 8668.616 34.001 8305.641
v 8671.962 34.146 10339.845
v 8672.731 34.000 7938.513
v 8676.077 34.678 9972.717
v 8676.846 34.000 7571.384
v 8679.423 -6.000 12006.922
v 8680.192 34.697 9605.589
v 8680.962 -6.000 7204.256
v 8683.538 -6.000 11639.794
v 8684.308 35.915 9238.461
v 8685.077 -6.000 6837.128
v 8687.654 -6.000 11272.666
v 8688.423 36.635 8871.333
v 8691.769 -3.106 10905.538
v 8692.539 34.641 8504.205
v 8695.885 34.000 10538.409
v 8696.654 34.000 8137.077
v 8700.000 34.642 10171.281
v 8700.770 34.000 7769.948
v 8704.115 34.690 9804.153
v 8704.885 13.169 7402.820
v 8707.461 -6.000 11838.358
v 8708.231 34.985 9437.025
v 8709.000 -6.000 7035.692
v 8711.577 -6.000 11471.230
v 8712.346 36.989 9069.897
v 8713.116 -6.000 6668.564
v 8715.692 -6.000 11104.102
v 8716.462 36.152 8702.769
v 8719.808 34.000 10736.973
v 8720.577 34.130 8335.641
v 8723.923 34.076 10369.845
v 8724.693 34.000 7968.513
v 8728.038 34.771 10002.717
v 8728.808 34.000 7601.384
v 8731.384 -6.000 12036.922
v 8732.154 34.779 9635.589
v 8732.923 -6.000 7234.256
v 8735.500 -6.000 11669.794
v 8736.269 35.918 9268.461
v 8737.039 -6.000 6867.128
v 8739.615 -6.000 11302.666
v 8740.385 37.378 8901.333
v 8741.154 -6.000 6500.000
v 8743.731 -5.593 10935.538
v 8744.500 35.399 8534.205
v 8747.846 34.000 10568.409
v 8748.616 34.035 8167.077
v 8751.962 34.599 10201.281
v 8752.731 34.000 7799.948
v 8756.077 34.758 9834.153
v 8756.846 34.000 7432.820
v 8759.423 -6.000 11868.358
v 8760.192 35.095 9467.025
v 8760.962 -6.000 7065.692
v 8763.538 -6.000 11501.230
v 8764.308 37.198 9099.897
v 8765.077 -6.000 6698.564
v 8767.654 -6.000 11134.102
v 8768.423 37.024 8732.769
v 8771.769 33.198 10766.973
v 8772.539 34.521 8365.641
v 8775.885 34.010 10399.845
v 8776.654 34.049 7998.513
v 8780.000 34.824 10032.717
v 8780.770 34.000 7631.384
v 8783.346 -6.000 12066.922
v 8784.115 34.823 9665.589
v 8784.885 -3.797 7264.256
v 8787.461 -6.000 11699.794
v 8788.231 35.922 9298.461
v 8789.000 -6.000 6897.128
v 8791.577 -6.000 11332.666
v 8792.346 38.075 8931.333
v 8793.116 -6.000 6530.000
v 8795.692 -6.000 10965.538
v 8796.462 36.346 8564.205
v 8799.808 34.000 10598.409
v 8800.577 34.232 8197.077
v 8803.923 34.477 10231.281
v 8804.693 34.047 7829.948
v 8808.038 34.793 9864.153
v 8808.808 34.000 7462.820
v 8811.384 -6.000 11898.358
v 8812.154 35.098 9497.025
v 8812.923 -6.000 7095.692
v 8815.500 -6.000 11531.230
v 8816.269 37.311 9129.897
v 8817.039 -6.000 6728.564
v 8819.615 -6.000 11164.102
v 8820.385 38.067 8762.769
v 8821.154 -6.000 6361.436
v 8823.731 20.735 10796.973
v 8824.500 35.233 8395.641
v 8827.846 34.000 10429.845
v 8828.616 34.266 8028.513
v 8831.962 34.852 10062.717
v 8832.731 34.001 7661.384
v 8835.307 -6.000 12096.922
v 8836.077 34.846 9695.589
v 8836.846 34.000 7294.256
v 8839.423 -6.000 11729.794
v 8840.192 35.880 9328.461
v 8840.962 -6.000 6927.128
v 8843.538 -6.000 11362.666
v 8844.308 38.569 8961.333
v 8845.077 -6.000 6560.000
v 8847.654 -6.000 10995.538
v 8848.423 37.326 8594.205
v 8851.769 34.000 10628.409
v 8852.539 34.679 8227.077
v 8855.885 34.290 10261.281
v 8856.654 34.305 7859.948
v 8860.000 34.823 9894.153
v 8860.770 34.000 7492.820
v 8863.346 -6.000 11928.358
v 8864.115 35.084 9527.025
v 8864.885 -5.583 7125.692
v 8867.461 -6.000 11561.230
v 8868.231 37.338 9159.897
v 8869.000 -6.000 6758.564
v 8871.577 -6.000 11194.102
v 8872.346 39.112 8792.769
v 8873.116 -6.000 6391.436
v 8875.692 2.138 10826.973
v 8876.462 36.218 8425.641
v 8879.808 34.000 10459.845
v 8880.577 34.694 8058.513
v 8883.923 34.817 10092.717
v 8884.693 34.170 7691.384
v 8887.269 -6.000 12126.922
v 8888.038 34.865 9725.589
v 8888.808 34.000 7324.256
v 8891.384 -6.000 11759.794
v 8892.154 35.776 9358.461
v 8892.923 -6.000 6957.128
v 8895.500 -6.000 11392.666
v 8896.269 38.882 8991.333
v 8897.039 -6.000 6590.000
v 8899.615 -6.000 11025.538
v 8900.385 38.232 8624.205
v 8901.154 -6.000 6222.872
v 8903.731 34.000 10658.409
v 8904.500 35.433 8257.077
v 8907.846 34.092 10291.281
v 8908.616 34.814 7889.948
v 8911.962 34.830 9924.153
v 8912.731 34.017 7522.820
v 8915.307 -6.000 11958.358
v 8916.077 35.076 9557.025
v 8916.846 33.995 7155.692
v 8919.423 -6.000 11591.230
v 8920.192 37.275 9189.897
v 8920.962 -6.000 6788.564
v 8923.538 -6.000 11224.102
v 8924.308 39.850 8822.769
v 8925.077 -6.000 6421.436
v 8927.654 -6.000 10856.973
v 8928.423 37.332 8455.641
v 8931.769 34.000 10489.845
v 8932.539 35.340 8088.513
v 8935.885 34.669 10122.717
v 8936.654 34.619 7721.384
v 8939.230 -6.000 12156.922
v 8940.000 34.884 9755.589
v 8940.770 34.000 7354.256
v 8943.346 -6.000 11789.794
v 8944.115 35.636 9388.461
v 8944.885 2.223 6987.128
v 8947.461 -6.000 11422.666
v 8948.231 39.040 9021.333
v 8949.000 -6.000 6620.000
v 8951.577 -6.000 11055.538
v 8952.346 38.993 8654.205
v 8953.116 -6.000 6252.872
v 8955.692 25.451 10688.409
v 8956.462 36.447 8287.077
v 8959.808 34.000 10321.281
v 8960.577 35.526 7919.948
v 8963.923 34.813 9954.153
v 8964.693 34.326 7552.820
v 8967.269 -6.000 11988.358
v 8968.038 35.079 9587.025
v 8968.808 34.000 7185.692
v 8971.384 -6.000 11621.230
v 8972.154 37.128 9219.897
v 8972.923 -5.999 6818.564
v 8975.500 -6.000 11254.102
v 8976.269 40.296 8852.769
v 8977.039 -6.000 6451.436
v 8979.615 -6.000 10886.973
v 8980.385 38.452 8485.641
v 8981.154 -6.000 6084.308
v 8983.731 34.000 10519.845
v 8984.500 36.158 8118.513
v 8987.846 34.422 10152.717
v 8988.616 35.299 7751.384
v 8991.192 -6.000 12186.922
v 8991.962 34.883 9785.589
v 8992.731 34.038 7384.256
v 8995.307 -6.000 11819.794
v 8996.077 35.510 9418.461
v 8996.846 34.000 7017.128
v 8999.423 -6.000 11452.666
v 9000.192 39.066 9051.333
v 9000.962 -6.000 6650.000
v 9003.538 -6.000 11085.538
v 9004.308 39.579 8684.205
v 9005.077 -6.000 6282.872
v 9007.654 -1.190 10718.409
v 9008.423 37.619 8317.077
v 9011.769 34.000 10351.281
v 9012.539 36.315 7949.948
v 9015.885 34.754 9984.153
v 9016.654 34.893 7582.820
v 9019.230 -6.000 12018.358
v 9020.000 35.084 9617.025
v 9020.770 34.000 7215.692
v 9023.346 -6.000 11651.230
v 9024.115 37.016 9249.897
v 9024.885 29.602 6848.564
v 9027.461 -6.000 11284.102
v 9028.231 40.575 8882.769
v 9029.000 -6.000 6481.436
v 9031.577 -6.000 10916.973
v 9032.346 39.426 8515.641
v 9033.116 -6.000 6114.308
v 9035.692 34.000 10549.845
v 9036.462 37.087 8148.513
v 9039.808 34.165 10182.717
v 9040.577 36.045 7781.384
v 9043.154 -6.000 12216.922
v 9043.923 34.874 9815.589
v 9044.693 34.417 7414.256
v 9047.269 -6.000 11849.794
v 9048.038 35.439 9448.461
v 9048.808 34.000 7047.128
v 9051.384 -6.000 11482.666
v 9052.154 38.969 9081.333
v 9052.923 26.348 6680.000
v 9055.500 -6.000 11115.538
v 9056.269 40.106 8714.205
v 9057.039 -6.000 6312.872
v 9059.615 -6.000 10748.409
v 9060.385 38.874 8347.077
v 9061.154 -6.000 5945.744
v 9063.731 34.000 10381.281
v 9064.500 37.059 7979.948
v 9067.846 34.648 10014.153
v 9068.616 35.562 7612.820
v 9071.192 -6.000 12048.358
v 9071.962 35.076 9647.025
v 9072.731 34.090 7245.692
v 9075.307 -6.000 11681.230
v 9076.077 36.938 9279.897
v 9076.846 34.000 6878.564
v 9079.423 -6.000 11314.102
v 9080.192 40.752 8912.769
v 9080.962 26.218 6511.436
v 9083.538 -6.000 10946.973
v 9084.308 40.113 8545.641
v 9085.077 -6.000 6144.308
v 9087.654 23.498 10579.845
v 9088.423 38.113 8178.513
v 9091.769 34.009 10212.717
v 9092.539 36.659 7811.384
v 9095.115 -6.000 12246.922
v 9095.885 34.863 9845.589
v 9096.654 34.967 7444.256
v 9099.230 -6.000 11879.794
v 9100.000 35.418 9478.461
v 9100.770 34.000 7077.128
v 9103.346 -6.000 11512.666
v 9104.115 38.904 9111.333
v 9104.885 34.000 6710.000
v 9107.461 -6.000 11145.538
v 9108.231 40.601 8744.205
v 9109.000 11.369 6342.872
v 9111.577 -6.000 10778.409
v 9112.346 39.981 8377.077
v 9113.116 -6.000 5975.744
v 9115.692 34.000 10411.281
v 9116.462 37.741 8009.948
v 9119.808 34.496 10044.153
v 9120.577 36.197 7642.820
v 9123.154 -6.000 12078.358
v 9123.923 35.076 9677.025
v 9124.693 34.726 7275.692
v 9127.269 -6.000 11711.230
v 9128.038 36.872 9309.897
v 9128.808 34.000 6908.564
v 9131.384 -6.000 11344.102
v 9132.154 40.819 8942.769
v 9132.923 34.000 6541.436
v 9135.500 -6.000 10976.973
v 9136.269 40.432 8575.641
v 9137.039 -6.000 6174.308
v 9139.615 -4.318 10609.845
v 9140.385 39.145 8208.513
v 9141.154 -6.000 5807.180
v 9143.731 34.000 10242.717
v 9144.500 37.111 7841.384
v 9147.077 -6.000 12276.922
v 9147.846 34.840 9875.589
v 9148.616 35.491 7474.256
v 9151.192 -6.000 11909.794
v 9151.962 35.387 9508.461
v 9152.731 34.168 7107.128
v 9155.307 -6.000 11542.666
v 9156.077 38.850 9141.333
v 9156.846 34.000 6740.000
v 9159.423 -6.000 11175.538
v 9160.192 40.964 8774.205
v 9160.962 34.000 6372.872
v 9163.538 -6.000 10808.409
v 9164.308 40.602 8407.077
v 9165.077 -6.000 6005.744
v 9167.654 34.000 10441.281
v 9168.423 38.357 8039.948
v 9171.769 34.304 10074.153
v 9172.539 36.715 7672.820
v 9175.115 -6.000 12108.358
v 9175.885 35.110 9707.025
v 9176.654 35.614 7305.692
v 9179.230 -6.000 11741.230
v 9180.000 36.804 9339.897
v 9180.770 34.000 6938.564
v 9183.346 -6.000 11374.102
v 9184.115 40.695 8972.769
v 9184.885 34.000 6571.436
v 9187.461 -6.000 11006.973
v 9188.231 40.426 8605.641
v 9189.000 17.670 6204.308
v 9191.577 -6.000 10639.845
v 9192.346 39.930 8238.513
v 9193.116 -6.000 5837.180
v 9195.692 34.000 10272.717
v 9196.462 37.534 7871.384
v 9199.038 -6.000 12306.922
v 9199.808 34.788 9905.589
v 9200.577 36.016 7504.256
v 9203.154 -6.000 11939.794
v 9203.923 35.376 9538.461
v 9204.693 35.039 7137.128
v 9207.269 -6.000 11572.666
v 9208.038 38.747 9171.333
v 9208.808 34.000 6770.000
v 9211.384 -6.000 11205.538
v 9212.154 41.036 8804.205
v 9212.923 34.000 6402.872
v 9215.500 -6.000 10838.409
v 9216.269 40.419 8437.077
v 9217.039 -6.000 6035.744
v 9219.615 30.161 10471.281
v 9220.385 38.747 8069.948
v 9221.154 -6.000 5668.616
v 9223.731 34.118 10104.153
v 9224.500 37.179 7702.820
v 9227.077 -6.000 12138.358
v 9227.846 35.140 9737.025
v 9228.616 36.418 7335.692
v 9231.192 -6.000 11771.230
v 9231.962 36.773 9369.897
v 9232.731 34.214 6968.564
v 9235.307 -6.000 11404.102
v 9236.077 40.458 9002.769
v 9236.846 34.000 6601.436
v 9239.423 -6.000 11036.973
v 9240.192 40.423 8635.641
v 9240.962 34.000 6234.308
v 9243.538 -6.000 10669.845
v 9244.308 40.109 8268.513
v 9245.077 -6.000 5867.180
v 9247.654 34.000 10302.717
v 9248.423 37.897 7901.384
v 9251.000 -6.000 12336.922
v 9251.769 34.706 9935.589
v 9252.539 36.737 7534.256
v 9255.115 -6.000 11969.794
v 9255.885 35.426 9568.461
v 9256.654 36.261 7167.128
v 9259.230 -6.000 11602.666
v 9260.000 38.583 9201.333
v 9260.770 34.000 6800.000
v 9263.346 -6.000 11235.538
v 9264.115 40.761 8834.205
v 9264.885 34.000 6432.872
v 9267.461 -6.000 10868.409
v 9268.231 39.865 8467.077
v 9269.000 0.220 6065.744
v 9271.577 2.946 10501.281
v 9272.346 38.814 8099.948
v 9273.116 -6.000 5698.616
v 9275.692 34.008 10134.153
v 9276.462 37.635 7732.820
v 9279.038 -6.000 12168.358
v 9279.808 35.117 9767.025
v 9280.577 37.015 7365.692
v 9283.154 -6.000 11801.230
v 9283.923 36.780 9399.897
v 9284.693 34.974 6998.564
v 9287.269 -6.000 11434.102
v 9288.038 40.214 9032.769
v 9288.808 34.000 6631.436
v 9291.384 -6.000 11066.973
v 9292.154 40.509 8665.641
v 9292.923 34.000 6264.308
v 9295.500 -6.000 10699.845
v 9296.269 39.836 8298.513
v 9297.039 -6.000 5897.180
v 9299.615 34.000 10332.717
v 9300.385 37.969 7931.384
v 9301.154 -6.000 5530.052
v 9302.961 -6.000 12366.922
v 9303.731 34.601 9965.589
v 9304.500 37.506 7564.256
v 9307.077 -6.000 11999.794
v 9307.846 35.587 9598.461
v 9308.616 37.392 7197.128
v 9311.192 -6.000 11632.666
v 9311.962 38.466 9231.333
v 9312.731 34.272 6830.000
v 9315.307 -6.000 11265.538
v 9316.077 40.341 8864.205
v 9316.846 34.000 6462.872
v 9319.423 -6.000 10898.409
v 9320.192 39.559 8497.077
v 9320.962 33.984 6095.744
v 9323.538 -6.000 10531.281
v 9324.308 38.537 8129.948
v 9325.077 -6.000 5728.616
v 9327.654 34.000 10164.153
v 9328.423 37.844 7762.820
v 9331.000 -6.000 12198.358
v 9331.769 35.070 9797.025
v 9332.539 37.571 7395.692
v 9335.115 -6.000 11831.230
v 9335.885 36.829 9429.897
v 9336.654 35.958 7028.564
v 9339.230 -6.000 11464.102
v 9340.000 40.016 9062.769
v 9340.770 34.021 6661.436
v 9343.346 -6.000 11096.973
v 9344.115 40.400 8695.641
v 9344.885 34.000 6294.308
v 9347.461 -6.000 10729.845
v 9348.231 39.719 8328.513
v 9349.000 -6.000 5927.180
v 9351.577 34.000 10362.717
v 9352.346 37.881 7961.384
v 9353.116 -6.000 5560.052
v 9354.923 -6.000 12396.922
v 9355.692 34.471 9995.589
v 9356.462 38.023 7594.256
v 9359.038 -6.000 12029.794
v 9359.808 35.833 9628.461
v 9360.577 38.059 7227.128
v 9363.154 -6.000 11662.666
v 9363.923 38.367 9261.333
v 9364.693 34.965 6860.000
v 9367.269 -6.000 11295.538
v 9368.038 40.022 8894.205
v 9368.808 34.000 6492.872
v 9371.384 -6.000 10928.409
v 9372.154 39.610 8527.077
v 9372.923 34.000 6125.744
v 9375.500 -6.000 10561.281
v 9376.269 38.493 8159.948
v 9377.039 -6.000 5758.616
v 9379.615 34.000 10194.153
v 9380.385 37.803 7792.820
v 9381.154 -6.000 5391.487
v 9382.961 -6.000 12228.358
v 9383.731 35.054 9827.025
v 9384.500 38.019 7425.692
v 9387.077 -6.000 11861.230
v 9387.846 36.877 9459.897
v 9388.616 36.868 7058.564
v 9391.192 -6.000 11494.102
v 9391.962 39.771 9092.769
v 9392.731 34.289 6691.436
v 9395.307 -6.000 11126.973
v 9396.077 40.180 8725.641
v 9396.846 34.000 6324.308
v 9399.423 -6.000 10759.845
v 9400.192 39.765 8358.513
v 9400.962 2.723 5957.180
v 9403.538 32.709 10392.717
v 9404.308 37.835 7991.384
v 9405.077 -6.000 5590.052
v 9406.884 -6.000 12426.922
v 9407.654 34.320 10025.589
v 9408.423 38.312 7624.256
v 9411.000 -6.000 12059.794
v 9411.769 36.069 9658.461
v 9412.539 38.291 7257.128
v 9415.115 -6.000 11692.666
v 9415.885 38.261 9291.333
v 9416.654 35.895 6890.000
v 9419.230 -6.000 11325.538
v 9420.000 39.987 8924.205
v 9420.770 34.040 6522.872
v 9423.346 -6.000 10958.409
v 9424.115 39.676 8557.077
v 9424.885 34.000 6155.744
v 9427.461 -6.000 10591.281
v 9428.231 38.741 8189.948
v 9429.000 -6.000 5788.616
v 9431.577 34.000 10224.153
v 9432.346 37.747 7822.820
v 9433.116 -6.000 5421.487
v 9434.923 -6.000 12258.358
v 9435.692 35.057 9857.025
v 9436.462 38.393 7455.692
v 9439.038 -6.000 11891.230
v 9439.808 36.881 9489.897
v 9440.577 37.476 7088.564
v 9443.154 -6.000 11524.102
v 9443.923 39.503 9122.769
v 9444.693 34.804 6721.436
v 9447.269 -6.000 11156.973
v 9448.038 40.000 8755.641
v 9448.808 34.000 6354.308
v 9451.384 -6.000 10789.845
v 9452.154 39.856 8388.513
v 9452.923 33.958 5987.180
v 9455.500 13.568 10422.717
v 9456.269 38.029 8021.384
v 9457.039 -6.000 5620.052
v 9458.846 -6.000 12456.922
v 9459.615 34.164 10055.589
v 9460.385 38.513 7654.256
v 9461.154 -6.000 5252.923
v 9462.961 -6.000 12089.794
v 9463.731 36.200 9688.461
v 9464.500 38.263 7287.128
v 9467.077 -6.000 11722.666
v 9467.846 38.027 9321.333
v 9468.616 36.890 6920.000
v 9471.192 -6.000 11355.538
v 9471.962 40.046 8954.205
v 9472.731 34.225 6552.872
v 9475.307 -6.000 10988.409
v 9476.077 39.691 8587.077
v 9476.846 34.000 6185.744
v 9479.423 -6.000 10621.281
v 9480.192 39.053 8219.948
v 9480.962 -6.000 5818.616
v 9483.538 34.000 10254.153
v 9484.308 37.858 7852.820
v 9485.077 -6.000 5451.487
v 9486.884 -6.000 12288.358
v 9487.654 35.029 9887.025
v 9488.423 38.677 7485.692
v 9491.000 -6.000 11921.230
v 9491.769 36.869 9519.897
v 9492.539 37.718 7118.564
v 9495.115 -6.000 11554.102
v 9495.885 39.225 9152.769
v 9496.654 35.496 6751.436
v 9499.230 -6.000 11186.973
v 9500.000 39.962 8785.641
v 9500.770 34.028 6384.308
v 9503.346 -6.000 10819.845
v 9504.115 39.694 8418.513
v 9504.885 34.000 6017.180
v 9507.461 -4.151 10452.717
v 9508.231 38.349 8051.384
v 9509.000 -6.000 5650.052
v 9511.577 34.039 10085.589
v 9512.346 38.691 7684.256
v 9513.116 -6.000 5282.923
v 9514.923 -6.000 12119.794
v 9515.692 36.215 9718.461
v 9516.462 38.346 7317.128
v 9519.038 -6.000 11752.666
v 9519.808 37.648 9351.333
v 9520.577 37.757 6950.000
v 9523.154 -6.000 11385.538
v 9523.923 40.094 8984.205
v 9524.693 34.547 6582.872
v 9527.269 -6.000 11018.409
v 9528.038 39.669 8617.077
v 9528.808 34.000 6215.744
v 9531.384 -6.000 10651.281
v 9532.154 39.188 8249.948
v 9532.923 -4.713 5848.616
v 9535.500 34.000 10284.153
v 9536.269 37.984 7882.820
v 9537.039 -6.000 5481.487
v 9538.846 -6.000 12318.358
v 9539.615 34.934 9917.025
v 9540.385 38.940 7515.692
v 9541.154 -6.000 5114.359
v 9542.961 -6.000 11951.230
v 9543.731 36.885 9549.897
v 9544.500 37.673 7148.564
v 9547.077 -6.000 11584.102
v 9547.846 38.820 9182.769
v 9548.616 36.308 6781.436
v 9551.192 -6.000 11216.973
v 9551.962 39.903 8815.641
v 9552.731 34.167 6414.308
v 9555.307 -6.000 10849.845
v 9556.077 39.406 8448.513
v 9556.846 34.000 6047.180
v 9559.423 -6.000 10482.717
v 9560.192 38.554 8081.384
v 9560.962 -6.000 5680.052
v 9563.538 34.000 10115.589
v 9564.308 38.888 7714.256
v 9565.077 -6.000 5312.923
v 9566.884 -6.000 12149.794
v 9567.654 36.150 9748.461
v 9568.423 38.581 7347.128
v 9571.000 -6.000 11782.666
v 9571.769 37.295 9381.333
v 9572.539 38.209 6980.000
v 9575.115 -6.000 11415.538
v 9575.885 39.978 9014.205
v 9576.654 35.006 6612.872
v 9579.230 -6.000 11048.409
v 9580.000 39.590 8647.077
v 9580.770 34.002 6245.744
v 9583.346 -6.000 10681.281
v 9584.115 39.119 8279.948
v 9584.885 30.342 5878.616
v 9587.461 34.000 10314.153
v 9588.231 37.943 7912.820
v 9589.000 -6.000 5511.487
v 9591.577 34.752 9947.025
v 9592.346 39.199 7545.692
v 9593.116 -6.000 5144.359
v 9594.923 -6.000 11981.230
v 9595.692 36.851 9579.897
v 9596.462 37.507 7178.564
v 9599.038 -6.000 11614.102
v 9599.808 38.283 9212.769
v 9600.577 37.148 6811.436
v 9603.154 -6.000 11246.973
v 9603.923 39.807 8845.641
v 9604.693 34.443 6444.308
v 9607.269 -6.000 10879.845
v 9608.038 39.199 8478.513
v 9608.808 34.000 6077.180
v 9611.384 -6.000 10512.717
v 9612.154 38.442 8111.384
v 9612.923 -6.000 5710.052
v 9615.500 34.000 10145.589
v 9616.269 38.960 7744.256
v 9617.039 -6.000 5342.923
v 9618.846 -6.000 12179.794
v 9619.615 36.020 9778.461
v 9620.385 38.855 7377.128
v 9621.154 -6.000 4975.795
v 9622.961 -6.000 11812.666
v 9623.731 37.114 9411.333
v 9624.500 38.179 7010.000
v 9627.077 -6.000 11445.538
v 9627.846 39.617 9044.205
v 9628.616 35.598 6642.872
v 9631.192 -6.000 11078.409
v 9631.962 39.334 8677.077
v 9632.731 34.096 6275.744
v 9635.307 -6.000 10711.281
v 9636.077 38.968 8309.948
v 9636.846 34.000 5908.616
v 9639.423 33.340 10344.153
v 9640.192 37.724 7942.820
v 9640.962 -6.000 5541.487
v 9643.538 34.516 9977.025
v 9644.308 39.446 7575.692
v 9645.077 -6.000 5174.359
v 9646.884 -6.000 12011.230
v 9647.654 36.741 9609.897
v 9648.423 37.468 7208.564
v 9651.000 -6.000 11644.102
v 9651.769 37.798 9242.769
v 9652.539 37.779 6841.436
v 9655.115 -6.000 11276.973
v 9655.885 39.607 8875.641
v 9656.654 34.899 6474.308
v 9659.230 -6.000 10909.845
v 9660.000 39.146 8508.513
v 9660.770 34.000 6107.180
v 9663.346 -6.000 10542.717
v 9664.115 38.198 8141.384
v 9664.885 -6.000 5740.052
v 9667.461 34.000 10175.589
v 9668.231 38.816 7774.256
v 9669.000 -6.000 5372.923
v 9671.577 35.827 9808.461
v 9672.346 39.157 7407.128
v 9673.116 -6.000 5005.795
v 9674.923 -6.000 11842.666
v 9675.692 36.943 9441.333
v 9676.462 37.806 7040.000
v 9679.038 -6.000 11475.538
v 9679.808 39.195 9074.205
v 9680.577 36.325 6672.872
v 9683.154 -6.000 11108.409
v 9683.923 38.994 8707.077
v 9684.693 34.364 6305.744
v 9687.269 -6.000 10741.281
v 9688.038 38.856 8339.948
v 9688.808 34.000 5938.616
v 9691.384 13.761 10374.153
v 9692.154 37.369 7972.820
v 9692.923 -6.000 5571.487
v 9695.500 34.226 10007.025
v 9696.269 39.584 7605.692
v 9697.039 -6.000 5204.359
v 9698.846 -6.000 12041.230
v 9699.615 36.580 9639.897
v 9700.385 37.531 7238.564
v 9701.154 -6.000 4837.231
v 9702.961 -6.000 11674.102
v 9703.731 37.474 9272.769
v 9704.500 38.040 6871.436
v 9707.077 -6.000 11306.973
v 9707.846 39.288 8905.641
v 9708.616 35.550 6504.308
v 9711.192 -6.000 10939.845
v 9711.962 38.951 8538.513
v 9712.731 34.037 6137.180
v 9715.307 -6.000 10572.717
v 9716.077 37.925 8171.384
v 9716.846 30.153 5770.052
v 9719.423 34.000 10205.589
v 9720.192 38.516 7804.256
v 9720.962 -6.000 5402.923
v 9723.538 35.552 9838.461
v 9724.308 39.449 7437.128
v 9725.077 -6.000 5035.795
v 9726.884 -6.000 11872.666
v 9727.654 36.711 9471.333
v 9728.423 37.285 7070.000
v 9731.000 -6.000 11505.538
v 9731.769 38.767 9104.205
v 9732.539 37.214 6702.872
v 9735.115 -6.000 11138.409
v 9735.885 38.639 8737.077
v 9736.654 34.865 6335.744
v 9739.230 -6.000 10771.281
v 9740.000 38.769 8369.948
v 9740.770 34.000 5968.616
v 9743.346 -5.563 10404.153
v 9744.115 37.134 8002.820
v 9744.885 -6.000 5601.487
v 9747.461 34.012 10037.025
v 9748.231 39.537 7635.692
v 9749.000 -6.000 5234.359
v 9751.577 36.364 9669.897
v 9752.346 37.672 7268.564
v 9753.116 -6.000 4867.231
v 9754.923 -6.000 11704.102
v 9755.692 37.128 9302.769
v 9756.462 37.920 6901.436
v 9759.038 -6.000 11336.973
v 9759.808 39.002 8935.641
v 9760.577 36.341 6534.308
v 9763.154 -6.000 10969.845
v 9763.923 38.646 8568.513
v 9764.693 34.323 6167.180
v 9767.269 -6.000 10602.717
v 9768.038 37.678 8201.384
v 9768.808 34.000 5800.052
v 9771.384 34.000 10235.589
v 9772.154 38.141 7834.256
v 9772.923 -6.000 5432.923
v 9775.500 35.097 9868.461
v 9776.269 39.706 7467.128
v 9777.039 -6.000 5065.795
v 9778.846 -6.000 11902.666
v 9779.615 36.454 9501.333
v 9780.385 36.836 7100.000
v 9781.154 -6.000 4698.667
v 9782.961 -6.000 11535.538
v 9783.731 38.369 9134.205
v 9784.500 38.092 6732.872
v 9787.077 -6.000 11168.409
v 9787.846 38.354 8767.077
v 9788.616 35.621 6365.744
v 9791.192 -6.000 10801.281
v 9791.962 38.424 8399.948
v 9792.731 34.001 5998.616
v 9795.307 -6.000 10434.153
v 9796.077 36.962 8032.820
v 9796.846 -0.859 5631.487
v 9799.423 34.000 10067.025
v 9800.192 39.346 7665.692
v 9800.962 -6.000 5264.359
v 9803.538 36.059 9699.897
v 9804.308 37.837 7298.564
v 9805.077 -6.000 4897.231
v 9806.884 -6.000 11734.102
v 9807.654 36.704 9332.769
v 9808.423 37.443 6931.436
v 9811.000 -6.000 11366.973
v 9811.769 38.824 8965.641
v 9812.539 37.199 6564.308
v 9815.115 -6.000 10999.845
v 9815.885 38.284 8598.513
v 9816.654 34.926 6197.180
v 9819.230 -6.000 10632.717
v 9820.000 37.420 8231.384
v 9820.770 34.000 5830.052
v 9823.346 33.185 10265.589
v 9824.115 37.803 7864.256
v 9824.885 -6.000 5462.923
v 9827.461 34.509 9898.461
v 9828.231 39.847 7497.128
v 9829.000 -6.000 5095.795
v 9831.577 36.173 9531.333
v 9832.346 36.527 7130.000
v 9833.116 -6.000 4728.667
v 9834.923 -6.000 11565.538
v 9835.692 37.819 9164.205
v 9836.462 38.637 6762.872
v 9839.038 -6.000 11198.409
v 9839.808 38.201 8797.077
v 9840.577 36.548 6395.744
v 9843.154 -6.000 10831.281
v 9843.923 37.958 8429.948
v 9844.693 34.272 6028.616
v 9847.269 -6.000 10464.153
v 9848.038 36.733 8062.820
v 9848.808 34.000 5661.487
v 9851.384 34.000 10097.025
v 9852.154 39.051 7695.692
v 9852.923 -6.000 5294.359
v 9855.500 35.569 9729.897
v 9856.269 38.142 7328.564
v 9857.039 -6.000 4927.231
v 9858.846 -6.000 11764.102
v 9859.615 36.250 9362.769
v 9860.385 36.739 6961.436
v 9861.154 -6.000 4560.103
v 9862.961 -6.000 11396.973
v 9863.731 38.622 8995.641
v 9864.500 37.989 6594.308
v 9867.077 -6.000 11029.845
v 9867.846 38.082 8628.513
v 9868.616 35.834 6227.180
v 9871.192 -6.000 10662.717
v 9871.962 37.005 8261.384
v 9872.731 34.000 5860.052
v 9875.307 1.653 10295.589
v 9876.077 37.493 7894.256
v 9876.846 -6.000 5492.923
v 9879.423 34.054 9928.461
v 9880.192 39.845 7527.128
v 9880.962 -6.000 5125.795
v 9883.538 35.830 9561.333
v 9884.308 36.371 7160.000
v 9885.077 -6.000 4758.667
v 9886.884 -6.000 11595.538
v 9887.654 37.117 9194.205
v 9888.423 38.536 6792.872
v 9891.000 -6.000 11228.409
v 9891.769 38.145 8827.077
v 9892.539 37.509 6425.744
v 9895.115 -6.000 10861.281
v 9895.885 37.543 8459.948
v 9896.654 34.958 6058.616
v 9899.230 -6.000 10494.153
v 9900.000 36.393 8092.820
v 9900.770 34.000 5691.487
v 9903.346 34.000 10127.025
v 9904.115 38.707 7725.692
v 9904.885 -6.000 5324.359
v 9907.461 34.909 9759.897
v 9908.231 38.529 7358.564
v 9909.000 -6.000 4957.231
v 9911.577 35.808 9392.769
v 9912.346 36.188 6991.436
v 9913.116 -6.000 4590.103
v 9914.923 -6.000 11426.973
v 9915.692 38.151 9025.641
v 9916.462 38.587 6624.308
v 9919.038 -6.000 11059.845
v 9919.808 38.153 8658.513
v 9920.577 36.907 6257.180
v 9923.154 -6.000 10692.717
v 9923.923 36.542 8291.384
v 9924.693 34.212 5890.052
v 9927.269 -6.000 10325.589
v 9928.038 37.178 7924.256
v 9928.808 30.412 5522.923
v 9931.384 34.000 9958.461
v 9932.154 39.664 7557.128
v 9932.923 -6.000 5155.795
v 9935.500 35.369 9591.333
v 9936.269 36.495 7190.000
v 9937.039 -6.000 4788.667
v 9938.846 -6.000 11625.538
v 9939.615 36.368 9224.205
v 9940.385 37.843 6822.872
v 9941.154 -6.000 4421.539
v 9942.961 -6.000 11258.409
v 9943.731 38.096 8857.077
v 9944.500 38.359 6455.744
v 9947.077 -6.000 10891.281
v 9947.846 37.294 8489.948
v 9948.616 35.952 6088.616
v 9951.192 -6.000 10524.153
v 9951.962 36.117 8122.820
v 9952.731 34.000 5721.487
v 9955.307 32.798 10157.025
v 9956.077 38.361 7755.692
v 9956.846 -6.000 5354.359
v 9959.423 34.277 9789.897
v 9960.192 38.872 7388.564
v 9960.962 -6.000 4987.231
v 9963.538 35.365 9422.769
v 9964.308 35.878 7021.436
v 9965.077 -6.000 4620.103
v 9966.884 -6.000 11456.973
v 9967.654 37.446 9055.641
v 9968.423 38.759 6654.308
v 9971.000 -6.000 11089.845
v 9971.769 38.295 8688.513
v 9972.539 37.950 6287.180
v 9975.115 -6.000 10722.717
v 9975.885 36.191 8321.384
v 9976.654 35.022 5920.052
v 9979.230 -6.000 10355.589
v 9980.000 36.798 7954.256
v 9980.770 34.000 5552.923
v 9983.346 34.000 9988.461
v 9984.115 39.329 7587.128
v 9984.885 -6.000 5185.795
v 9987.461 34.811 9621.333
v 9988.231 36.911 7220.000
v 9989.000 -6.000 4818.667
v 9991.577 35.707 9254.205
v 9992.346 37.073 6852.872
v 9993.116 -6.000 4451.539
v 9994.923 -6.000 11288.409
v 9995.692 37.957 8887.077
v 9996.462 39.043 6485.744
v 9999.038 -6.000 10921.281
v 9999.808 37.182 8519.948
v 10000.577 37.140 6118.616
v 10003.154 -6.000 10554.153
v 10003.923 35.872 8152.820
v 10004.693 34.107 5751.487
v 10007.269 -5.384 10187.025
v 10008.038 38.058 7785.692
v 10008.808 22.919 5384.359
v 10011.384 34.000 9819.897
v 10012.154 39.020 7418.564
v 10012.923 -6.000 5017.231
v 10015.500 34.916 9452.769
v 10016.269 35.931 7051.436
v 10017.039 -6.000 4650.103
v 10018.846 -6.000 11486.973
v 10019.615 36.589 9085.641
v 10020.385 38.303 6684.308
v 10021.154 -6.000 4282.975
v 10022.961 -6.000 11119.845
v 10023.731 38.299 8718.513
v 10024.500 38.809 6317.180
v 10027.077 -6.000 10752.717
v 10027.846 36.004 8351.384
v 10028.616 36.213 5950.052
v 10031.192 -6.000 10385.589
v 10031.962 36.355 7984.256
v 10032.731 34.000 5582.923
v 10035.307 34.000 10018.461
v 10036.077 38.959 7617.128
v 10036.846 -6.000 5215.795
v 10039.423 34.292 9651.333
v 10040.192 37.513 7250.000
v 10040.962 -6.000 4848.667
v 10043.538 35.185 9284.205
v 10044.308 36.672 6882.872
v 10045.077 -6.000 4481.539
v 10046.884 -6.000 11318.409
v 10047.654 37.562 8917.077
v 10048.423 39.378 6515.744
v 10051.000 -6.000 10951.281
v 10051.769 37.137 8549.948
v 10052.539 38.536 6148.616
v 10055.115 -6.000 10584.153
v 10055.885 35.677 8182.820
v 10056.654 34.836 5781.487
v 10059.230 -6.000 10217.025
v 10060.000 37.814 7815.692
v 10060.770 34.000 5414.359
v 10063.346 34.000 9849.897
v 10064.115 38.971 7448.564
v 10064.885 -6.000 5047.231
v 10067.461 34.493 9482.769
v 10068.231 36.366 7081.436
v 10069.000 -6.000 4680.103
v 10071.577 35.768 9115.641
v 10072.346 37.528 6714.308
v 10073.116 -6.000 4312.975
v 10074.923 -6.000 11149.845
v 10075.692 38.327 8748.513
v 10076.462 39.490 6347.180
v 10079.038 -6.000 10782.717
v 10079.808 35.884 8381.384
v 10080.577 37.568 5980.052
v 10083.154 -6.000 10415.589
v 10083.923 35.925 8014.256
v 10084.693 34.019 5612.923
v 10087.269 15.024 10048.461
v 10088.038 38.687 7647.128
v 10088.808 21.789 5245.795
v 10091.384 34.008 9681.333
v 10092.154 38.131 7280.000
v 10092.923 -6.000 4878.667
v 10095.500 34.733 9314.205
v 10096.269 36.785 6912.872
v 10097.039 -6.000 4511.539
v 10098.846 -6.000 11348.409
v 10099.615 36.838 8947.077
v 10100.385 39.090 6545.744
v 10101.154 -6.000 4144.411
v 10102.961 -6.000 10981.281
v 10103.731 37.106 8579.948
v 10104.500 39.900 6178.616
v 10107.077 -6.000 10614.153
v 10107.846 35.595 8212.820
v 10108.616 35.977 5811.487
v 10111.192 -6.000 10247.025
v 10111.962 37.627 7845.692
v 10112.731 34.000 5444.359
v 10115.307 34.000 9879.897
v 10116.077 38.869 7478.564
v 10116.846 -5.346 5077.231
v 10119.423 34.162 9512.769
v 10120.192 37.082 7111.436
v 10120.962 -6.000 4710.103
v 10123.538 35.125 9145.641
v 10124.308 37.074 6744.308
v 10125.077 -6.000 4342.975
v 10126.884 -6.000 11179.845
v 10127.654 38.123 8778.513
v 10128.423 39.884 6377.180
v 10131.000 -6.000 10812.717
v 10131.769 35.816 8411.384
v 10132.539 39.038 6010.052
v 10135.115 -6.000 10445.589
v 10135.885 35.649 8044.256
v 10136.654 34.522 5642.923
v 10139.230 -6.000 10078.461
v 10140.000 38.648 7677.128
v 10140.770 34.000 5275.795
v 10143.346 34.000 9711.333
v 10144.115 38.706 7310.000
v 10144.885 -6.000 4908.667
v 10147.461 34.352 9344.205
v 10148.231 37.339 6942.872
v 10149.000 -6.000 4541.539
v 10151.577 35.978 8977.077
v 10152.346 38.392 6575.744
v 10153.116 -6.000 4174.411
v 10154.923 -6.000 11011.281
v 10155.692 37.154 8609.948
v 10156.462 40.901 6208.616
v 10159.038 -6.000 10644.153
v 10159.808 35.608 8242.820
v 10160.577 37.238 5841.487
v 10163.154 -6.000 10277.025
v 10163.923 37.467 7875.692
v 10164.693 34.000 5474.359
v 10167.269 33.787 9909.897
v 10168.038 38.866 7508.564
v 10168.808 23.885 5107.231
v 10171.384 34.004 9542.769
v 10172.154 37.889 7141.436
v 10172.923 -6.000 4740.103
v 10175.500 34.630 9175.641
v 10176.269 37.089 6774.308
v 10177.039 -6.000 4372.975
v 10178.846 -6.000 11209.845
v 10179.615 37.508 8808.513
v 10180.385 39.728 6407.180
v 10181.154 -6.000 4005.847
v 10182.961 -6.000 10842.717
v 10183.731 35.832 8441.384
v 10184.500 40.338 6040.052
v 10187.077 -6.000 10475.589
v 10187.846 35.657 8074.256
v 10188.616 35.441 5672.923
v 10191.192 -6.000 10108.461
v 10191.962 38.878 7707.128
v 10192.731 34.000 5305.795
v 10195.307 34.000 9741.333
v 10196.077 39.258 7340.000
v 10196.846 -1.088 4938.667
v 10199.423 34.096 9374.205
v 10200.192 38.125 6972.872
v 10200.962 -6.000 4571.539
v 10203.538 35.247 9007.077
v 10204.308 37.929 6605.744
v 10205.077 -6.000 4204.411
v 10206.884 -6.000 11041.281
v 10207.654 37.258 8639.948
v 10208.423 41.369 6238.616
v 10211.000 -6.000 10674.153
v 10211.769 35.657 8272.820
v 10212.539 38.461 5871.487
v 10215.115 -6.000 10307.025
v 10215.885 37.358 7905.692
v 10216.654 34.153 5504.359
v 10219.230 -5.771 9939.897
v 10220.000 39.020 7538.564
v 10220.770 34.000 5137.231
v 10223.346 34.000 9572.769
v 10224.115 38.670 7171.436
v 10224.885 -6.000 4770.103
v 10227.461 34.276 9205.641
v 10228.231 37.509 6804.308
v 10229.000 -6.000 4402.975
v 10231.577 36.659 8838.513
v 10232.346 39.229 6437.180
v 10233.116 -6.000 4035.847
v 10234.923 -6.000 10872.717
v 10235.692 35.879 8471.384
v 10236.462 41.159 6070.052
v 10239.038 -6.000 10505.589
v 10239.808 35.844 8104.256
v 10240.577 36.427 5702.923
v 10243.154 -6.000 10138.461
v 10243.923 39.158 7737.128
v 10244.693 34.000 5335.795
v 10247.269 34.000 9771.333
v 10248.038 39.809 7370.000
v 10248.808 23.469 4968.667
v 10251.384 34.001 9404.205
v 10252.154 38.847 7002.872
v 10252.923 -6.000 4601.539
v 10255.500 34.700 9037.077
v 10256.269 37.921 6635.744
v 10257.039 -6.000 4234.411
v 10258.846 -6.000 11071.281
v 10259.615 37.095 8669.948
v 10260.385 41.347 6268.616
v 10261.154 -6.000 3867.283
v 10262.961 -6.000 10704.153
v 10263.731 35.745 8302.820
v 10264.500 39.443 5901.487
v 10267.077 -6.000 10337.025
v 10267.846 37.350 7935.692
v 10268.616 34.664 5534.359
v 10271.192 -6.000 9969.897
v 10271.962 39.161 7568.564
v 10272.731 34.000 5167.231
v 10275.307 34.000 9602.769
v 10276.077 39.424 7201.436
v 10276.846 -2.939 4800.103
v 10279.423 34.072 9235.641
v 10280.192 38.143 6834.308
v 10280.962 -6.000 4432.975
v 10283.538 35.750 8868.513
v 10284.308 38.878 6467.180
v 10285.077 -6.000 4065.847
v 10286.884 -6.000 10902.717
v 10287.654 35.975 8501.384
v 10288.423 41.307 6100.052
v 10291.000 -6.000 10535.589
v 10291.769 36.053 8134.256
v 10292.539 37.080 5732.923
v 10295.115 -6.000 10168.461
v 10295.885 39.308 7767.128
v 10296.654 34.002 5365.795
v 10299.230 18.646 9801.333
v 10300.000 40.389 7400.000
v 10300.770 34.000 4998.667
v 10303.346 34.000 9434.205
v 10304.115 39.243 7032.872
v 10304.885 -6.000 4631.539
v 10307.461 34.332 9067.077
v 10308.231 38.308 6665.744
v 10309.000 -6.000 4264.411
v 10311.577 36.728 8699.948
v 10312.346 41.116 6298.616
v 10313.116 -6.000 3897.283
v 10314.923 -6.000 10734.153
v 10315.692 35.687 8332.820
v 10316.462 40.047 5931.487
v 10319.038 -6.000 10367.025
v 10319.808 37.409 7965.692
v 10320.577 35.291 5564.359
v 10323.154 -6.000 9999.897
v 10323.923 39.233 7598.564
v 10324.693 34.000 5197.231
v 10327.269 34.000 9632.769
v 10328.038 40.158 7231.436
v 10328.808 14.648 4830.103
v 10331.384 34.001 9265.641
v 10332.154 38.797 6864.308
v 10332.923 -6.000 4462.975
v 10335.500 35.029 8898.513
v 10336.269 38.926 6497.180
v 10337.039 -6.000 4095.847
v 10338.846 -6.000 10932.717
v 10339.615 36.138 8531.384
v 10340.385 40.933 6130.052
v 10341.154 -6.000 3728.719
v 10342.961 -6.000 10565.589
v 10343.731 36.202 8164.256
v 10344.500 37.373 5762.923
v 10347.077 -6.000 10198.461
v 10347.846 39.249 7797.128
v 10348.616 34.191 5395.795
v 10351.192 -6.000 9831.333
v 10351.962 40.932 7430.000
v 10352.731 34.000 5028.667
v 10355.307 34.000 9464.205
v 10356.077 39.510 7062.872
v 10356.846 -6.000 4661.539
v 10359.423 34.118 9097.077
v 10360.192 38.862 6695.744
v 10360.962 -6.000 4294.411
v 10363.538 36.220 8729.948
v 10364.308 40.892 6328.616
v 10365.077 -6.000 3927.283
v 10366.884 -6.000 10764.153
v 10367.654 35.589 8362.820
v 10368.423 40.130 5961.487
v 10371.000 -6.000 10397.025
v 10371.769 37.478 7995.692
v 10372.539 35.793 5594.359
v 10375.115 -6.000 10029.897
v 10375.885 39.245 7628.564
v 10376.654 34.000 5227.231
v 10379.230 34.000 9662.769
v 10380.000 40.908 7261.436
v 10380.770 29.870 4860.103
v 10383.346 34.000 9295.641
v 10384.115 39.529 6894.308
v 10384.885 -6.000 4492.975
v 10387.461 34.565 8928.513
v 10388.231 39.291 6527.180
v 10389.000 -6.000 4125.847
v 10391.577 36.375 8561.384
v 10392.346 40.496 6160.052
v 10393.116 -6.000 3758.719
v 10394.923 -6.000 10595.589
v 10395.692 36.355 8194.256
v 10396.462 37.597 5792.923
v 10399.038 -6.000 10228.461
v 10399.808 39.071 7827.128
v 10400.577 34.574 5425.795
v 10403.154 -6.000 9861.333
v 10403.923 41.275 7460.000
v 10404.693 34.000 5058.667
v 10407.269 34.000 9494.205
v 10408.038 39.903 7092.872
v 10408.808 -3.615 4691.539
v 10411.384 34.019 9127.077
v 10412.154 39.372 6725.744
v 10412.923 -6.000 4324.411
v 10415.500 35.691 8759.948
v 10416.269 40.582 6358.616
v 10417.039 -6.000 3957.283
v 10418.846 -6.000 10794.153
v 10419.615 35.681 8392.820
v 10420.385 39.773 5991.487
v 10421.154 -6.000 3590.155
v 10422.961 -6.000 10427.025
v 10423.731 37.576 8025.692
v 10424.500 36.112 5624.359
v 10427.077 -6.000 10059.897
v 10427.846 39.247 7658.564
v 10428.616 34.000 5257.231
v 10431.192 13.975 9692.769
v 10431.962 41.607 7291.436
v 10432.731 34.000 4890.103
v 10435.307 34.000 9325.641
v 10436.077 40.278 6924.308
v 10436.846 -6.000 4522.975
v 10439.423 34.290 8958.513
v 10440.192 39.692 6557.180
v 10440.962 -6.000 4155.847
v 10443.538 36.548 8591.384
v 10444.308 40.234 6190.052
v 10445.077 -6.000 3788.719
v 10446.884 -6.000 10625.589
v 10447.654 36.588 8224.256
v 10448.423 38.021 5822.923
v 10451.000 -6.000 10258.461
v 10451.769 38.888 7857.128
v 10452.539 35.000 5455.795
v 10455.115 -6.000 9891.333
v 10455.885 41.319 7490.000
v 10456.654 34.000 5088.667
v 10459.230 34.000 9524.205
v 10460.000 40.484 7122.872
v 10460.770 8.318 4721.539
v 10463.346 34.000 9157.077
v 10464.115 39.911 6755.744
v 10464.885 -6.000 4354.411
v 10467.461 35.219 8789.948
v 10468.231 40.239 6388.616
v 10469.000 -6.000 3987.283
v 10471.577 36.168 8422.820
v 10472.346 39.375 6021.487
v 10473.116 -6.000 3620.155
v 10474.923 -6.000 10457.025
v 10475.692 37.767 8055.692
v 10476.462 36.386 5654.359
v 10479.038 -6.000 10089.897
v 10479.808 39.238 7688.564
v 10480.577 34.063 5287.231
v 10483.154 -6.000 9722.769
v 10483.923 42.050 7321.436
v 10484.693 34.000 4920.103
v 10487.269 34.000 9355.641
v 10488.038 40.940 6954.308
v 10488.808 -6.000 4552.975
v 10491.384 34.118 8988.513
v 10492.154 39.874 6587.180
v 10492.923 -6.000 4185.847
v 10495.500 36.544 8621.384
v 10496.269 40.207 6220.052
v 10497.039 -6.000 3818.719
v 10498.846 -6.000 10655.589
v 10499.615 36.920 8254.256
v 10500.385 38.501 5852.923
v 10501.154 -6.000 3451.591
v 10502.961 -6.000 10288.461
v 10503.731 38.889 7887.128
v 10504.500 35.393 5485.795
v 10507.077 -6.000 9921.333
v 10507.846 41.046 7520.000
v 10508.616 34.000 5118.667
v 10511.192 34.000 9554.205
v 10511.962 40.811 7152.872
v 10512.731 21.300 4751.539
v 10515.307 34.000 9187.077
v 10516.077 40.451 6785.744
v 10516.846 -6.000 4384.411
v 10519.423 34.822 8819.948
v 10520.192 39.940 6418.616
v 10520.962 -6.000 4017.283
v 10523.538 36.868 8452.820
v 10524.308 39.196 6051.487
v 10525.077 -6.000 3650.155
v 10526.884 -6.000 10487.025
v 10527.654 38.035 8085.692
v 10528.423 36.833 5684.359
v 10531.000 -6.000 10119.897
v 10531.769 39.189 7718.564
v 10532.539 34.283 5317.231
v 10535.115 -6.000 9752.769
v 10535.885 42.098 7351.436
v 10536.654 34.000 4950.103
v 10539.230 34.000 9385.641
v 10540.000 41.370 6984.308
v 10540.770 -6.000 4582.975
v 10543.346 34.026 9018.513
v 10544.115 39.804 6617.180
v 10544.885 -6.000 4215.847
v 10547.461 36.305 8651.384
v 10548.231 40.297 6250.052
v 10549.000 -6.000 3848.719
v 10551.577 37.363 8284.256
v 10552.346 38.862 5882.923
v 10553.116 -6.000 3481.591
v 10554.923 -6.000 10318.461
v 10555.692 39.061 7917.128
v 10556.462 35.777 5515.795
v 10559.038 -6.000 9951.333
v 10559.808 40.601 7550.000
v 10560.577 34.000 5148.667
v 10563.154 25.521 9584.205
v 10563.923 40.860 7182.872
v 10564.693 30.910 4781.539
v 10567.269 34.000 9217.077
v 10568.038 40.921 6815.744
v 10568.808 -6.000 4414.411
v 10571.384 34.489 8849.948
v 10572.154 39.752 6448.616
v 10572.923 -6.000 4047.283
v 10575.500 37.425 8482.820
v 10576.269 39.399 6081.487
v 10577.039 -6.000 3680.155
v 10578.846 -6.000 10517.025
v 10579.615 38.304 8115.692
v 10580.385 37.402 5714.359
v 10581.154 -6.000 3313.027
v 10582.961 -6.000 10149.897
v 10583.731 39.157 7748.564
v 10584.500 34.616 5347.231
v 10587.077 -6.000 9782.769
v 10587.846 41.747 7381.436
v 10588.616 34.000 4980.103
v 10591.192 34.000 9415.641
v 10591.962 41.420 7014.308
v 10592.731 -3.330 4612.975
v 10595.307 34.000 9048.513
v 10596.077 39.644 6647.180
v 10596.846 -6.000 4245.847
v 10599.423 35.868 8681.384
v 10600.192 40.336 6280.052
v 10600.962 -6.000 3878.719
v 10603.538 37.735 8314.256
v 10604.308 38.978 5912.923
v 10605.077 -6.000 3511.591
v 10606.884 -6.000 10348.461
v 10607.654 39.285 7947.128
v 10608.423 36.266 5545.795
v 10611.000 -6.000 9981.333
v 10611.769 40.120 7580.000
v 10612.539 34.000 5178.667
v 10615.115 -3.713 9614.205
v 10615.885 40.707 7212.872
v 10616.654 34.000 4811.539
v 10619.230 34.000 9247.077
v 10620.000 41.202 6845.744
v 10620.770 -6.000 4444.411
v 10623.346 34.224 8879.948
v 10624.115 39.360 6478.616
v 10624.885 -6.000 4077.283
v 10627.461 37.572 8512.820
v 10628.231 39.813 6111.487
v 10629.000 -6.000 3710.155
v 10631.577 38.548 8145.692
v 10632.346 37.889 5744.359
v 10633.116 -6.000 3343.027
v 10634.923 -6.000 10179.897
v 10635.692 39.235 7778.564
v 10636.462 35.035 5377.231
v 10639.038 -6.000 9812.769
v 10639.808 41.206 7411.436
v 10640.577 34.000 5010.103
v 10643.154 34.000 9445.641
v 10643.923 41.196 7044.308
v 10644.693 9.472 4642.975
v 10647.269 34.000 9078.513
v 10648.038 39.564 6677.180
v 10648.808 -6.000 4275.847
v 10651.384 35.332 8711.384
v 10652.154 40.203 6310.052
v 10652.923 -6.000 3908.719
v 10655.500 38.078 8344.256
v 10656.269 38.937 5942.923
v 10657.039 -6.000 3541.591
v 10658.846 -6.000 10378.461
v 10659.615 39.449 7977.128
v 10660.385 36.854 5575.795
v 10661.154 -6.000 3174.462
v 10662.961 -6.000 10011.333
v 10663.731 39.834 7610.000
v 10664.500 34.029 5208.667
v 10667.077 -6.000 9644.205
v 10667.846 40.627 7242.872
v 10668.616 34.000 4841.539
v 10671.192 34.000 9277.077
v 10671.962 41.145 6875.744
v 10672.731 -6.000 4474.411
v 10675.307 34.044 8909.948
v 10676.077 38.873 6508.616
v 10676.846 -6.000 4107.283
v 10679.423 37.245 8542.820
v 10680.192 40.191 6141.487
v 10680.962 -6.000 3740.155
v 10683.538 38.578 8175.692
v 10684.308 38.110 5774.359
v 10685.077 -6.000 3373.027
v 10686.884 -6.000 10209.897
v 10687.654 39.402 7808.564
v 10688.423 35.543 5407.231
v 10691.000 -6.000 9842.769
v 10691.769 40.629 7441.436
v 10692.539 34.000 5040.103
v 10695.115 33.723 9475.641
v 10695.885 40.887 7074.308
v 10696.654 24.938 4672.975
v 10699.230 34.000 9108.513
v 10700.000 39.612 6707.180
v 10700.770 -6.000 4305.847
v 10703.346 34.755 8741.384
v 10704.115 39.847 6340.052
v 10704.885 -6.000 3938.719
v 10707.461 38.225 8374.256
v 10708.231 38.903 5972.923
v 10709.000 -6.000 3571.591
v 10711.577 39.519 8007.128
v 10712.346 37.407 5605.795
v 10713.116 -6.000 3204.462
v 10714.923 -6.000 10041.333
v 10715.692 39.892 7640.000
v 10716.462 34.208 5238.667
v 10719.038 -6.000 9674.205
v 10719.808 40.726 7272.872
v 10720.577 34.000 4871.539
v 10723.154 34.000 9307.077
v 10723.923 40.844 6905.744
v 10724.693 -5.482 4504.411
v 10727.269 34.000 8939.948
v 10728.038 38.499 6538.616
v 10728.808 -6.000 4137.283
v 10731.384 36.577 8572.820
v 10732.154 40.285 6171.487
v 10732.923 -6.000 3770.155
v 10735.500 38.549 8205.692
v 10736.269 38.223 5804.359
v 10737.039 -6.000 3403.027
v 10738.846 -6.000 10239.897
v 10739.615 39.535 7838.564
v 10740.385 36.124 5437.231
v 10741.154 -6.000 3035.898
v 10742.961 -6.000 9872.769
v 10743.731 40.263 7471.436
v 10744.500 34.000 5070.103
v 10747.077 8.342 9505.641
v 10747.846 40.602 7104.308
v 10748.616 33.932 4702.975
v 10751.192 34.000 9138.513
v 10751.962 39.537 6737.180
v 10752.731 -6.000 4335.847
v 10755.307 34.249 8771.384
v 10756.077 39.415 6370.052
v 10756.846 -6.000 3968.719
v 10759.423 37.999 8404.256
v 10760.192 39.005 6002.923
v 10760.962 -6.000 3601.591
v 10763.538 39.300 8037.128
v 10764.308 37.789 5635.795
v 10765.077 -6.000 3234.462
v 10766.884 -6.000 10071.333
v 10767.654 40.196 7670.000
v 10768.423 34.534 5268.667
v 10771.000 -6.000 9704.205
v 10771.769 40.763 7302.872
v 10772.539 34.000 4901.539
v 10775.115 34.000 9337.077
v 10775.885 40.469 6935.744
v 10776.654 11.896 4534.411
v 10779.230 34.000 8969.948
v 10780.000 38.378 6568.616
v 10780.770 -6.000 4167.283
v 10783.346 35.622 8602.820
v 10784.115 40.208 6201.487
v 10784.885 -6.000 3800.155
v 10787.461 38.562 8235.692
v 10788.231 38.386 5834.359
v 10789.000 -6.000 3433.027
v 10791.577 39.637 7868.564
v 10792.346 36.727 5467.231
v 10793.116 -6.000 3065.898
v 10794.923 -6.000 9902.769
v 10795.692 40.305 7501.436
v 10796.462 34.000 5100.103
v 10799.038 -6.000 9535.641
v 10799.808 40.313 7134.308
v 10800.577 34.000 4732.975
v 10803.154 34.000 9168.513
v 10803.923 39.337 6767.180
v 10804.693 -6.000 4365.847
v 10807.269 34.002 8801.384
v 10808.038 39.073 6400.052
v 10808.808 -6.000 3998.719
v 10811.384 37.237 8434.256
v 10812.154 39.252 6032.923
v 10812.923 -6.000 3631.591
v 10815.500 38.999 8067.128
v 10816.269 38.105 5665.795
v 10817.039 -6.000 3264.462
v 10818.846 -6.000 10101.333
v 10819.615 40.502 7700.000
v 10820.385 34.969 5298.667
v 10821.154 -6.000 2897.334
v 10822.961 -6.000 9734.205
v 10823.731 40.600 7332.872
v 10824.500 34.000 4931.539
v 10827.077 33.313 9367.077
v 10827.846 40.170 6965.744
v 10828.616 31.911 4564.411
v 10831.192 34.000 8999.948
v 10831.962 38.373 6598.616
v 10832.731 -6.000 4197.283
v 10835.307 34.629 8632.820
v 10836.077 40.081 6231.487
v 10836.846 -6.000 3830.155
v 10839.423 38.333 8265.692
v 10840.192 38.674 5864.359
v 10840.962 -6.000 3463.027
v 10843.538 39.705 7898.564
v 10844.308 37.303 5497.231
v 10845.077 -6.000 3095.898
v 10846.884 -6.000 9932.769
v 10847.654 40.656 7531.436
v 10848.423 34.049 5130.103
v 10851.000 -6.000 9565.641
v 10851.769 40.007 7164.308
v 10852.539 34.000 4762.975
v 10855.115 34.000 9198.513
v 10855.885 39.072 6797.180
v 10856.654 1.925 4395.847
v 10859.230 34.000 8831.384
v 10860.000 38.916 6430.052
v 10860.770 -6.000 4028.719
v 10863.346 36.093 8464.256
v 10864.115 39.560 6062.923
v 10864.885 -6.000 3661.591
v 10867.461 38.755 8097.128
v 10868.231 38.454 5695.795
v 10869.000 -6.000 3294.462
v 10871.577 40.684 7730.000
v 10872.346 35.475 5328.667
v 10873.116 -6.000 2927.334
v 10874.923 -6.000 9764.205
v 10875.692 40.514 7362.872
v 10876.462 34.000 4961.539
v 10879.038 2.782 9397.077
v 10879.808 39.943 6995.744
v 10880.577 34.000 4594.411
v 10883.154 34.000 9029.948
v 10883.923 38.374 6628.616
v 10884.693 -6.000 4227.283
v 10887.269 34.033 8662.820
v 10888.038 39.993 6261.487
v 10888.808 -6.000 3860.155
v 10891.384 37.585 8295.692
v 10892.154 39.038 5894.359
v 10892.923 -6.000 3493.027
v 10895.500 39.746 7928.564
v 10896.269 37.871 5527.231
v 10897.039 -6.000 3125.898
v 10898.846 -6.000 9962.769
v 10899.615 41.027 7561.436
v 10900.385 34.329 5160.103
v 10901.154 -6.000 2758.770
v 10902.961 -6.000 9595.641
v 10903.731 39.748 7194.308
v 10904.500 34.000 4792.975
v 10907.077 34.000 9228.513
v 10907.846 39.005 6827.180
v 10908.616 30.726 4425.847
v 10911.192 34.000 8861.384
v 10911.962 38.814 6460.052
v 10912.731 -6.000 4058.719
v 10915.307 34.881 8494.256
v 10916.077 39.872 6092.923
v 10916.846 -6.000 3691.591
v 10919.423 38.378 8127.128
v 10920.192 38.879 5725.795
v 10920.962 -6.000 3324.462
v 10923.538 40.633 7760.000
v 10924.308 36.057 5358.667
v 10925.077 -6.000 2957.334
v 10926.884 -6.000 9794.205
v 10927.654 40.661 7392.872
v 10928.423 34.000 4991.539
v 10931.000 -6.000 9427.077
v 10931.769 39.728 7025.744
v 10932.539 34.000 4624.411
v 10935.115 34.000 9059.948
v 10935.885 38.289 6658.616
v 10936.654 -5.564 4257.283
v 10939.230 34.000 8692.820
v 10940.000 39.959 6291.487
v 10940.770 -6.000 3890.155
v 10943.346 36.389 8325.692
v 10944.115 39.396 5924.359
v 10944.885 -6.000 3523.027
v 10947.461 39.446 7958.564
v 10948.231 38.445 5557.231
v 10949.000 -6.000 3155.898
v 10951.577 41.214 7591.436
v 10952.346 34.826 5190.103
v 10953.116 -6.000 2788.770
v 10954.923 -6.000 9625.641
v 10955.692 39.714 7224.308
v 10956.462 34.000 4822.975
v 10959.038 8.049 9258.513
v 10959.808 39.218 6857.180
v 10960.577 34.000 4455.847
v 10963.154 34.000 8891.384
v 10963.923 38.710 6490.052
v 10964.693 -6.000 4088.719
v 10967.269 34.080 8524.256
v 10968.038 40.142 6122.923
v 10968.808 -6.000 3721.591
v 10971.384 37.620 8157.128
v 10972.154 39.320 5755.795
v 10972.923 -6.000 3354.462
v 10975.500 40.133 7790.000
v 10976.269 36.643 5388.667
v 10977.039 -6.000 2987.334
v 10978.846 -6.000 9824.205
v 10979.615 40.911 7422.872
v 10980.385 34.036 5021.539
v 10981.154 -6.000 2620.206
v 10982.961 -6.000 9457.077
v 10983.731 39.510 7055.744
v 10984.500 34.000 4654.411
v 10987.077 28.678 9089.948
v 10987.846 38.247 6688.616
v 10988.616 26.735 4287.283
v 10991.192 34.000 8722.820
v 10991.962 39.824 6321.487
v 10992.731 -6.000 3920.155
v 10995.307 35.063 8355.692
v 10996.077 39.742 5954.359
v 10996.846 -6.000 3553.027
v 10999.423 38.754 7988.564
v 11000.192 39.044 5587.231
v 11000.962 -6.000 3185.898
v 11003.538 40.655 7621.436
v 11004.308 35.481 5220.103
v 11005.077 -6.000 2818.770
v 11006.884 -6.000 9655.641
v 11007.654 39.951 7254.308
v 11008.423 34.000 4852.975
v 11011.000 -6.000 9288.513
v 11011.769 39.445 6887.180
v 11012.539 34.000 4485.847
v 11015.115 33.796 8921.384
v 11015.885 38.573 6520.052
v 11016.654 -6.000 4118.719
v 11019.230 34.000 8554.256
v 11020.000 40.248 6152.923
v 11020.770 -6.000 3751.591
v 11023.346 36.453 8187.128
v 11024.115 39.688 5785.795
v 11024.885 -6.000 3384.462
v 11027.461 39.348 7820.000
v 11028.231 37.175 5418.667
v 11029.000 -6.000 3017.334
v 11031.577 40.843 7452.872
v 11032.346 34.359 5051.539
v 11033.116 -6.000 2650.206
v 11034.923 -6.000 9487.077
v 11035.692 39.386 7085.744
v 11036.462 34.000 4684.411
v 11039.038 -4.642 9119.948
v 11039.808 38.374 6718.616
v 11040.577 34.000 4317.283
v 11043.154 34.000 8752.820
v 11043.923 39.597 6351.487
v 11044.693 -6.000 3950.155
v 11047.269 34.132 8385.692
v 11048.038 40.083 5984.359
v 11048.808 -6.000 3583.027
v 11051.384 37.720 8018.564
v 11052.154 39.606 5617.231
v 11052.923 -6.000 3215.898
v 11055.500 39.632 7651.436
v 11056.269 36.167 5250.103
v 11057.039 -6.000 2848.770
v 11058.846 -6.000 9685.641
v 11059.615 40.296 7284.308
v 11060.385 34.000 4882.975
v 11061.154 -6.000 2481.642
v 11062.961 -6.000 9318.513
v 11063.731 39.444 6917.180
v 11064.500 34.000 4515.847
v 11067.077 1.121 8951.384
v 11067.846 38.396 6550.052
v 11068.616 10.998 4148.719
v 11071.192 34.000 8584.256
v 11071.962 40.025 6182.923
v 11072.731 -6.000 3781.591
v 11075.307 35.142 8217.128
v 11076.077 40.022 5815.795
v 11076.846 -6.000 3414.462
v 11079.423 38.459 7850.000
v 11080.192 37.685 5448.667
v 11080.962 -6.000 3047.334
v 11083.538 40.111 7482.872
v 11084.308 34.959 5081.539
v 11085.077 -6.000 2680.206
v 11086.884 -6.000 9517.077
v 11087.654 39.467 7115.744
v 11088.423 34.000 4714.411
v 11091.000 -6.000 9149.948
v 11091.769 38.534 6748.616
v 11092.539 34.000 4347.283
v 11095.115 13.169 8782.820
v 11095.885 39.343 6381.487
v 11096.654 -6.000 3980.155
v 11099.230 34.000 8415.692
v 11100.000 40.391 6014.359
v 11100.770 -6.000 3613.027
v 11103.346 36.458 8048.564
v 11104.115 40.005 5647.231
v 11104.885 -6.000 3245.898
v 11107.461 38.558 7681.436
v 11108.231 36.768 5280.103
v 11109.000 -6.000 2878.770
v 11111.577 40.104 7314.308
v 11112.346 34.107 4912.975
v 11113.116 -6.000 2511.642
v 11114.923 -6.000 9348.513
v 11115.692 39.204 6947.180
v 11116.462 34.000 4545.847
v 11119.038 -6.000 8981.384
v 11119.808 38.224 6580.052
v 11120.577 34.000 4178.719
v 11123.154 34.000 8614.256
v 11123.923 39.613 6212.923
v 11124.693 -6.000 3811.591
v 11127.269 34.185 8247.128
v 11128.038 40.381 5845.795
v 11128.808 -6.000 3444.462
v 11131.384 37.437 7880.000
v 11132.154 38.227 5478.667
v 11132.923 -6.000 3077.334
v 11135.500 39.069 7512.872
v 11136.269 35.676 5111.539
v 11137.039 -6.000 2710.206
v 11138.846 -6.000 9547.077
v 11139.615 39.699 7145.744
v 11140.385 34.000 4744.411
v 11141.154 -6.000 2343.078
v 11142.961 -6.000 9179.948
v 11143.731 38.603 6778.616
v 11144.500 34.000 4377.283
v 11147.077 -6.000 8812.820
v 11147.846 39.031 6411.487
v 11148.616 -6.000 4010.155
v 11151.192 34.000 8445.692
v 11151.962 40.557 6044.359
v 11152.731 -6.000 3643.027
v 11155.307 35.192 8078.564
v 11156.077 40.317 5677.231
v 11156.846 -6.000 3275.898
v 11159.423 37.605 7711.436
v 11160.192 37.225 5310.103
v 11160.962 -6.000 2908.770
v 11163.538 39.279 7344.308
v 11164.308 34.475 4942.975
v 11165.077 -6.000 2541.642
v 11166.884 -6.000 9378.513
v 11167.654 39.009 6977.180
v 11168.423 34.000 4575.847
v 11171.000 -6.000 9011.384
v 11171.769 38.102 6610.052
v 11172.539 34.000 4208.719
v 11175.115 -3.797 8644.256
v 11175.885 39.237 6242.923
v 11176.654 -6.000 3841.591
v 11179.230 34.000 8277.128
v 11180.000 40.774 5875.795
v 11180.770 -6.000 3474.462
v 11183.346 36.320 7910.000
v 11184.115 38.716 5508.667
v 11184.885 -6.000 3107.334
v 11187.461 37.990 7542.872
v 11188.231 36.344 5141.539
v 11189.000 -6.000 2740.206
v 11191.577 39.604 7175.744
v 11192.346 34.026 4774.411
v 11193.116 -6.000 2373.078
v 11194.923 -6.000 9209.948
v 11195.692 38.592 6808.616
v 11196.462 34.000 4407.283
v 11199.038 -6.000 8842.820
v 11199.808 38.646 6441.487
v 11200.577 18.524 4040.155
v 11203.154 33.995 8475.692
v 11203.923 40.564 6074.359
v 11204.693 -6.000 3673.027
v 11207.269 34.255 8108.564
v 11208.038 40.663 5707.231
v 11208.808 -6.000 3305.898
v 11211.384 36.692 7741.436
v 11212.154 37.627 5340.103
v 11212.923 -6.000 2938.770
v 11215.500 38.226 7374.308
v 11216.269 34.997 4972.975
v 11217.039 -6.000 2571.642
v 11218.846 -6.000 9408.513
v 11219.615 39.109 7007.180
v 11220.385 34.000 4605.847
v 11222.961 -6.000 9041.384
v 11223.731 38.089 6640.052
v 11224.500 34.000 4238.719
v 11227.077 -6.000 8674.256
v 11227.846 39.141 6272.923
v 11228.616 -6.000 3871.591
v 11231.192 34.000 8307.128
v 11231.962 41.076 5905.795
v 11232.731 -6.000 3504.462
v 11235.307 35.213 7940.000
v 11236.077 39.137 5538.667
v 11236.846 -6.000 3137.334
v 11239.423 36.982 7572.872
v 11240.192 36.834 5171.539
v 11240.962 -6.000 2770.206
v 11243.538 39.052 7205.744
v 11244.308 34.192 4804.411
v 11245.077 -6.000 2403.078
v 11246.884 -6.000 9239.948
v 11247.654 38.677 6838.616
v 11248.423 34.000 4437.283
v 11251.000 -6.000 8872.820
v 11251.769 38.308 6471.487
v 11252.539 34.000 4070.155
v 11255.115 -5.583 8505.692
v 11255.885 40.462 6104.359
v 11256.654 -6.000 3703.027
v 11259.230 34.000 8138.564
v 11260.000 41.064 5737.231
v 11260.770 -6.000 3335.898
v 11263.346 35.826 7771.436
v 11264.115 37.830 5370.103
v 11264.885 -6.000 2968.770
v 11267.461 37.229 7404.308
v 11268.231 35.564 5002.975
v 11269.000 -6.000 2601.642
v 11271.577 39.330 7037.180
v 11272.346 34.002 4635.847
v 11274.923 -6.000 9071.384
v 11275.692 38.314 6670.052
v 11276.462 34.000 4268.719
v 11279.038 -6.000 8704.256
v 11279.808 39.268 6302.923
v 11280.577 -6.000 3901.591
v 11283.154 34.000 8337.128
v 11283.923 41.271 5935.795
v 11284.693 -6.000 3534.462
v 11287.269 34.350 7970.000
v 11288.038 39.512 5568.667
v 11288.808 -6.000 3167.334
v 11291.384 36.059 7602.872
v 11292.154 37.210 5201.539
v 11292.923 -6.000 2800.206
v 11295.500 38.233 7235.744
v 11296.269 34.443 4834.411
v 11297.039 -6.000 2433.078
v 11298.846 -6.000 9269.948
v 11299.615 39.071 6868.616
v 11300.385 34.000 4467.283
v 11302.961 -6.000 8902.820
v 11303.731 38.159 6501.487
v 11304.500 34.000 4100.155
v 11307.077 -6.000 8535.692
v 11307.846 40.294 6134.359
v 11308.616 -6.000 3733.027
v 11311.192 34.000 8168.564
v 11311.962 41.331 5767.231
v 11312.731 -6.000 3365.898
v 11315.307 35.023 7801.436
v 11316.077 37.884 5400.103
v 11316.846 -6.000 2998.770
v 11319.423 36.400 7434.308
v 11320.192 36.072 5032.975
v 11320.962 -6.000 2631.642
v 11323.538 39.373 7067.180
v 11324.308 34.043 4665.847
v 11326.884 -6.000 9101.384
v 11327.654 38.777 6700.052
v 11328.423 34.000 4298.719
v 11331.000 -6.000 8734.256
v 11331.769 39.387 6332.923
v 11332.539 -0.938 3931.591
v 11335.115 2.223 8367.128
v 11335.885 41.368 5965.795
v 11336.654 -6.000 3564.462
v 11339.230 34.000 8000.000
v 11340.000 39.905 5598.667
v 11340.770 -6.000 3197.334
v 11343.346 35.320 7632.872
v 11344.115 37.304 5231.539
v 11344.885 -6.000 2830.206
v 11347.461 37.330 7265.744
v 11348.231 34.711 4864.411
v 11349.000 -6.000 2463.078
v 11351.577 39.608 6898.616
v 11352.346 34.000 4497.283
v 11354.923 -6.000 8932.820
v 11355.692 38.398 6531.487
v 11356.462 34.000 4130.155
v 11359.038 -6.000 8565.692
v 11359.808 40.079 6164.359
v 11360.577 -6.000 3763.027
v 11363.154 34.000 8198.564
v 11363.923 41.508 5797.231
v 11364.693 -6.000 3395.898
v 11367.269 34.384 7831.436
v 11368.038 37.926 5430.103
v 11368.808 -6.000 3028.770
v 11371.384 35.700 7464.308
v 11372.154 36.521 5062.975
v 11372.923 -6.000 2661.642
v 11375.500 39.037 7097.180
v 11376.269 34.110 4695.847
v 11378.846 -6.000 9131.384
v 11379.615 39.456 6730.052
v 11380.385 34.000 4328.719
v 11382.961 -6.000 8764.256
v 11383.731 39.303 6362.923
v 11384.500 23.301 3961.591
v 11387.077 -6.000 8397.128
v 11387.846 41.319 5995.795
v 11388.616 -6.000 3594.462
v 11391.192 34.000 8030.000
v 11391.962 40.379 5628.667
v 11392.731 -6.000 3227.334
v 11395.307 34.754 7662.872
v 11396.077 37.182 5261.539
v 11396.846 -6.000 2860.206
v 11399.423 36.472 7295.744
v 11400.192 34.967 4894.411
v 11400.962 -6.000 2493.078
v 11403.538 39.804 6928.616
v 11404.308 34.000 4527.283
v 11406.884 -6.000 8962.820
v 11407.654 38.933 6561.487
v 11408.423 34.000 4160.155
v 11411.000 -6.000 8595.692
v 11411.769 39.839 6194.359
v 11412.539 -6.000 3793.027
v 11415.115 29.602 8228.564
v 11415.885 41.633 5827.231
v 11416.654 -6.000 3425.898
v 11419.230 34.029 7861.436
v 11420.000 38.099 5460.103
v 11420.770 -6.000 3058.770
v 11423.346 35.117 7494.308
v 11424.115 36.899 5092.975
v 11424.885 -6.000 2691.642
v 11427.461 38.281 7127.180
v 11428.231 34.184 4725.847
v 11431.577 40.120 6760.052
v 11432.346 34.000 4358.719
v 11434.923 -6.000 8794.256
v 11435.692 39.056 6392.923
v 11436.462 34.000 3991.591
v 11439.038 -6.000 8427.128
v 11439.808 41.106 6025.795
v 11440.577 -6.000 3624.462
v 11443.154 34.000 8060.000
v 11443.923 40.794 5658.667
v 11444.693 -6.000 3257.334
v 11447.269 34.331 7692.872
v 11448.038 37.025 5291.539
v 11448.808 -6.000 2890.206
v 11451.384 35.703 7325.744
v 11452.154 35.239 4924.411
v 11452.923 -6.000 2523.078
v 11455.500 39.562 6958.616
v 11456.269 34.000 4557.283
v 11458.846 -6.000 8992.820
v 11459.615 39.530 6591.487
v 11460.385 34.000 4190.155
v 11462.961 -6.000 8625.692
v 11463.731 39.636 6224.359
v 11464.500 -6.000 3823.027
v 11467.077 -5.999 8258.564
v 11467.846 41.611 5857.231
v 11468.616 -6.000 3455.898
v 11471.192 34.000 7891.436
v 11471.962 38.446 5490.103
v 11472.731 -6.000 3088.770
v 11475.307 34.637 7524.308
v 11476.077 37.167 5122.975
v 11476.846 -6.000 2721.642
v 11479.423 37.232 7157.180
v 11480.192 34.254 4755.847
v 11483.538 40.502 6790.052
v 11484.308 34.000 4388.719
v 11486.884 -6.000 8824.256
v 11487.654 38.833 6422.923
v 11488.423 34.000 4021.591
v 11491.000 -6.000 8457.128
v 11491.769 40.795 6055.795
v 11492.539 -6.000 3654.462
v 11495.115 34.000 8090.000
v 11495.885 40.976 5688.667
v 11496.654 -6.000 3287.334
v 11499.230 34.062 7722.872
v 11500.000 37.013 5321.539
v 11500.770 -6.000 2920.206
v 11503.346 35.050 7355.744
v 11504.115 35.511 4954.411
v 11504.885 -6.000 2553.078
v 11507.461 38.888 6988.616
v 11508.231 34.000 4587.283
v 11511.577 39.952 6621.487
v 11512.346 34.000 4220.155
v 11514.923 -6.000 8655.692
v 11515.692 39.549 6254.359
v 11516.462 -6.000 3853.027
v 11519.038 -6.000 8288.564
v 11519.808 41.338 5887.231
v 11520.577 -6.000 3485.898
v 11523.154 34.000 7921.436
v 11523.923 38.757 5520.103
v 11524.693 -6.000 3118.770
v 11527.269 34.272 7554.308
v 11528.038 37.288 5152.975
v 11528.808 -6.000 2751.642
v 11531.384 36.136 7187.180
v 11532.154 34.323 4785.847
v 11535.500 40.436 6820.052
v 11536.269 34.000 4418.719
v 11538.846 -6.000 8854.256
v 11539.615 38.689 6452.923
v 11540.385 34.000 4051.591
v 11542.961 -6.000 8487.128
v 11543.731 40.503 6085.795
v 11544.500 -6.000 3684.462
v 11547.077 26.348 8120.000
v 11547.846 40.727 5718.667
v 11548.616 -6.000 3317.334
v 11551.192 34.000 7752.872
v 11551.962 37.172 5351.539
v 11552.731 -6.000 2950.206
v 11555.307 34.526 7385.744
v 11556.077 35.739 4984.411
v 11556.846 -6.000 2583.078
v 11559.423 37.888 7018.616
v 11560.192 34.000 4617.283
v 11563.538 40.153 6651.487
v 11564.308 34.000 4250.155
v 11566.884 -6.000 8685.692
v 11567.654 39.536 6284.359
v 11568.423 -5.844 3883.027
v 11571.000 -6.000 8318.564
v 11571.769 40.855 5917.231
v 11572.539 -6.000 3515.898
v 11575.115 34.000 7951.436
v 11575.885 38.822 5550.103
v 11576.654 -6.000 3148.770
v 11579.230 34.048 7584.308
v 11580.000 37.281 5182.975
v 11580.770 -6.000 2781.642
v 11583.346 35.172 7217.180
v 11584.115 34.382 4815.847
v 11587.461 39.824 6850.052
v 11588.231 34.000 4448.719
v 11591.577 38.695 6482.923
v 11592.346 34.000 4081.591
v 11594.923 -6.000 8517.128
v 11595.692 40.316 6115.795
v 11596.462 -6.000 3714.462
v 11599.038 -6.000 8150.000
v 11599.808 40.065 5748.667
v 11600.577 -6.000 3347.334
v 11603.154 34.000 7782.872
v 11603.923 37.295 5381.539
v 11604.693 -6.000 2980.206
v 11607.269 34.163 7415.744
v 11608.038 35.874 5014.411
v 11608.808 -6.000 2613.078
v 11611.384 36.683 7048.616
v 11612.154 34.000 4647.283
v 11615.500 39.998 6681.487
v 11616.269 34.000 4280.155
v 11618.846 -6.000 8715.692
v 11619.615 39.421 6314.359
v 11620.385 1.802 3913.027
v 11622.961 -6.000 8348.564
v 11623.731 40.271 5947.231
v 11624.500 -6.000 3545.898
v 11627.077 34.000 7981.436
v 11627.846 38.590 5580.103
v 11628.616 -6.000 3178.770
v 11631.192 34.000 7614.308
v 11631.962 37.266 5212.975
v 11632.731 -6.000 2811.642
v 11635.307 34.454 7247.180
v 11636.077 34.426 4845.847
v 11639.423 38.653 6880.052
v 11640.192 34.000 4478.719
v 11643.538 38.684 6512.923
v 11644.308 34.000 4111.591
v 11646.884 -6.000 8547.128
v 11647.654 40.101 6145.795
v 11648.423 -6.000 3744.462
v 11651.000 -6.000 8180.000
v 11651.769 39.179 5778.667
v 11652.539 -6.000 3377.334
v 11655.115 34.000 7812.872
v 11655.885 37.208 5411.539
v 11656.654 -6.000 3010.206
v 11659.230 34.003 7445.744
v 11660.000 35.884 5044.411
v 11660.770 -6.000 2643.078
v 11663.346 35.419 7078.616
v 11664.115 34.000 4677.283
v 11667.461 39.359 6711.487
v 11668.231 34.000 4310.155
v 11671.577 39.114 6344.359
v 11672.346 13.063 3943.027
v 11674.923 -6.000 8378.564
v 11675.692 39.711 5977.231
v 11676.462 -6.000 3575.898
v 11679.038 26.218 8011.436
v 11679.808 38.114 5610.103
v 11680.577 -6.000 3208.770
v 11683.154 34.000 7644.308
v 11683.923 37.162 5242.975
v 11684.693 -6.000 2841.642
v 11687.269 34.057 7277.180
v 11688.038 34.450 4875.847
v 11691.384 37.058 6910.052
v 11692.154 34.000 4508.719
v 11695.500 38.447 6542.923
v 11696.269 34.000 4141.591
v 11698.846 -6.000 8577.128
v 11699.615 39.649 6175.795
v 11700.385 -6.000 3774.462
v 11702.961 -6.000 8210.000
v 11703.731 38.291 5808.667
v 11704.500 -6.000 3407.334
v 11707.077 34.000 7842.872
v 11707.846 36.963 5441.539
v 11708.616 -6.000 3040.206
v 11711.192 34.000 7475.744
v 11711.962 35.795 5074.411
v 11712.731 -6.000 2673.078
v 11715.307 34.417 7108.616
v 11716.077 34.000 4707.283
v 11719.423 38.173 6741.487
v 11720.192 34.000 4340.155
v 11723.538 38.477 6374.359
v 11724.308 22.389 3973.027
v 11726.884 -6.000 8408.564
v 11727.654 39.050 6007.231
v 11728.423 -6.000 3605.898
v 11731.000 -6.000 8041.436
v 11731.769 37.402 5640.103
v 11732.539 -6.000 3238.770
v 11735.115 34.000 7674.308
v 11735.885 36.891 5272.975
v 11736.654 -6.000 2871.642
v 11739.230 34.000 7307.180
v 11740.000 34.451 4905.847
v 11743.346 35.442 6940.052
v 11744.115 34.000 4538.719
v 11747.461 37.832 6572.923
v 11748.231 34.000 4171.591
v 11751.577 38.886 6205.795
v 11752.346 -6.000 3804.462
v 11754.923 -6.000 8240.000
v 11755.692 37.503 5838.667
v 11756.462 -6.000 3437.334
v 11759.038 34.000 7872.872
v 11759.808 36.618 5471.539
v 11760.577 -6.000 3070.206
v 11763.154 34.000 7505.744
v 11763.923 35.639 5104.411
v 11764.693 -6.000 2703.078
v 11767.269 34.002 7138.616
v 11768.038 34.000 4737.283
v 11771.384 36.585 6771.487
v 11772.154 34.000 4370.155
v 11775.500 37.632 6404.359
v 11776.269 28.446 4003.027
v 11778.846 -6.000 8438.564
v 11779.615 38.161 6037.231
v 11780.385 -6.000 3635.898
v 11782.961 -6.000 8071.436
v 11783.731 36.551 5670.103
v 11784.500 -6.000 3268.770
v 11787.077 34.000 7704.308
v 11787.846 36.388 5302.975
v 11788.616 -6.000 2901.642
v 11791.192 34.000 7337.180
v 11791.962 34.427 4935.847
v 11795.307 34.299 6970.052
v 11796.077 34.000 4568.719
v 11799.423 36.868 6602.923
v 11800.192 34.000 4201.591
v 11803.538 37.863 6235.795
v 11804.308 -6.000 3834.462
v 11806.884 -6.000 8270.000
v 11807.654 36.676 5868.667
v 11808.423 -6.000 3467.334
v 11811.000 11.369 7902.872
v 11811.769 36.086 5501.539
v 11812.539 -6.000 3100.206
v 11815.115 34.000 7535.744
v 11815.885 35.431 5134.411
v 11816.654 -6.000 2733.078
v 11819.230 34.000 7168.616
v 11820.000 34.000 4767.283
v 11823.346 35.084 6801.487
v 11824.115 34.000 4400.155
v 11827.461 36.721 6434.359
v 11828.231 31.742 4033.027
v 11831.577 37.100 6067.231
v 11832.346 -6.000 3665.898
v 11834.923 -6.000 8101.436
v 11835.692 35.677 5700.103
v 11836.462 -6.000 3298.770
v 11839.038 34.000 7734.308
v 11839.808 35.752 5332.975
v 11840.577 -6.000 2931.642
v 11843.154 34.000 7367.180
v 11843.923 34.387 4965.847
v 11847.269 34.000 7000.052
v 11848.038 34.000 4598.719
v 11851.384 35.749 6632.923
v 11852.154 34.000 4231.591
v 11855.500 36.775 6265.795
v 11856.269 -6.000 3864.462
v 11858.846 -6.000 8300.000
v 11859.615 35.775 5898.667
v 11860.385 -6.000 3497.334
v 11862.961 -6.000 7932.872
v 11863.731 35.407 5531.539
v 11864.500 -6.000 3130.206
v 11867.077 34.000 7565.744
v 11867.846 35.182 5164.411
v 11868.616 -6.000 2763.078
v 11871.192 34.000 7198.616
v 11871.962 34.000 4797.283
v 11875.307 34.138 6831.487
v 11876.077 34.000 4430.155
v 11879.423 35.845 6464.359
v 11880.192 33.258 4063.027
v 11883.538 36.072 6097.231
v 11884.308 -6.000 3695.898
v 11886.884 -6.000 8131.436
v 11887.654 34.908 5730.103
v 11888.423 -6.000 3328.770
v 11891.000 17.670 7764.308
v 11891.769 35.155 5362.975
v 11892.539 -6.000 2961.642
v 11895.115 34.000 7397.180
v 11895.885 34.339 4995.847
v 11899.230 34.000 7030.052
v 11900.000 34.000 4628.719
v 11903.346 34.664 6662.923
v 11904.115 34.000 4261.591
v 11907.461 35.778 6295.795
v 11908.231 -1.378 3894.462
v 11911.577 34.939 5928.667
v 11912.346 -6.000 3527.334
v 11914.923 -6.000 7962.872
v 11915.692 34.721 5561.539
v 11916.462 -6.000 3160.206
v 11919.038 33.984 7595.744
v 11919.808 34.908 5194.411
v 11920.577 -6.000 2793.078
v 11923.154 34.000 7228.616
v 11923.923 34.000 4827.283
v 11927.269 34.000 6861.487
v 11928.038 34.000 4460.155
v 11931.384 34.992 6494.359
v 11932.154 33.829 4093.027
v 11935.500 35.189 6127.231
v 11936.269 -6.000 3725.898
v 11938.846 -6.000 8161.436
v 11939.615 34.347 5760.103
v 11940.385 -6.000 3358.770
v 11942.961 -6.000 7794.308
v 11943.731 34.681 5392.975
v 11944.500 -6.000 2991.642
v 11947.077 33.958 7427.180
v 11947.846 34.292 5025.847
v 11951.192 34.000 7060.052
v 11951.962 34.000 4658.719
v 11955.307 34.025 6692.923
v 11956.077 34.000 4291.591
v 11959.423 34.948 6325.795
v 11960.192 11.254 3924.462
v 11963.538 34.349 5958.667
v 11964.308 -6.000 3557.334
v 11966.884 -6.000 7992.872
v 11967.654 34.239 5591.539
v 11968.423 -6.000 3190.206
v 11971.000 0.220 7625.744
v 11971.769 34.626 5224.411
v 11972.539 -6.000 2823.078
v 11975.115 30.342 7258.616
v 11975.885 34.000 4857.283
v 11979.230 34.000 6891.487
v 11980.000 34.000 4490.155
v 11983.346 34.253 6524.359
v 11984.115 33.985 4123.027
v 11987.461 34.518 6157.231
v 11988.231 -6.000 3755.898
v 11991.577 34.050 5790.103
v 11992.346 -6.000 3388.770
v 11994.923 -6.000 7824.308
v 11995.692 34.308 5422.975
v 11996.462 -6.000 3021.642
v 11999.038 2.723 7457.180
v 11999.808 34.241 5055.847
v 12003.154 30.153 7090.052
v 12003.923 34.000 4688.719
v 12007.269 34.000 6722.923
v 12008.038 34.000 4321.591
v 12011.384 34.312 6355.795
v 12012.154 23.367 3954.462
v 12015.500 34.049 5988.667
v 12016.269 -6.000 3587.334
v 12018.846 -6.000 8022.872
v 12019.615 34.022 5621.539
v 12020.385 -6.000 3220.206
v 12022.961 -6.000 7655.744
v 12023.731 34.361 5254.411
v 12024.500 -6.000 2853.078
v 12027.077 -4.713 7288.616
v 12027.846 34.000 4887.283
v 12031.192 34.000 6921.487
v 12031.962 34.000 4520.155
v 12035.307 34.000 6554.359
v 12036.077 34.000 4153.027
v 12039.423 34.107 6187.231
v 12040.192 -6.000 3785.898
v 12043.538 34.000 5820.103
v 12044.308 -6.000 3418.770
v 12046.884 -6.000 7854.308
v 12047.654 34.068 5452.975
v 12048.423 -6.000 3051.642
v 12051.000 -6.000 7487.180
v 12051.769 34.177 5085.847
v 12055.115 -6.000 7120.052
v 12055.885 34.000 4718.719
v 12059.230 34.000 6752.923
v 12060.000 34.000 4351.591
v 12063.346 34.004 6385.795
v 12064.115 30.906 3984.462
v 12067.461 34.000 6018.667
v 12068.231 -6.000 3617.334
v 12071.577 34.000 5651.539
v 12072.346 -6.000 3250.206
v 12074.923 -6.000 7685.744
v 12075.692 34.147 5284.411
v 12076.462 -6.000 2883.078
v 12079.038 -6.000 7318.616
v 12079.808 34.000 4917.283
v 12083.154 -0.859 6951.487
v 12083.923 34.000 4550.155
v 12087.269 34.000 6584.359
v 12088.038 34.000 4183.027
v 12091.384 34.000 6217.231
v 12092.154 3.199 3815.898
v 12095.500 34.000 5850.103
v 12096.269 -6.000 3448.770
v 12098.846 -6.000 7884.308
v 12099.615 34.000 5482.975
v 12100.385 -6.000 3081.642
v 12102.961 -6.000 7517.180
v 12103.731 34.104 5115.847
v 12107.077 -6.000 7150.052
v 12107.846 34.000 4748.719
v 12111.192 30.412 6782.923
v 12111.962 34.000 4381.591
v 12115.307 34.000 6415.795
v 12116.077 33.740 4014.462
v 12119.423 34.000 6048.667
v 12120.192 -6.000 3647.334
v 12123.538 34.000 5681.539
v 12124.308 -6.000 3280.206
v 12126.884 -6.000 7715.744
v 12127.654 34.019 5314.411
v 12128.423 -6.000 2913.078
v 12131.000 -6.000 7348.616
v 12131.769 34.000 4947.283
v 12135.115 -6.000 6981.487
v 12135.885 34.000 4580.155
v 12139.230 34.000 6614.359
v 12140.000 34.000 4213.027
v 12143.346 34.000 6247.231
v 12144.115 20.037 3845.898
v 12147.461 34.000 5880.103
v 12148.231 -6.000 3478.770
v 12151.577 34.000 5512.975
v 12152.346 -6.000 3111.642
v 12154.923 -6.000 7547.180
v 12155.692 34.038 5145.847
v 12159.038 -6.000 7180.052
v 12159.808 34.000 4778.719
v 12163.154 -6.000 6812.923
v 12163.923 34.000 4411.591
v 12167.269 34.000 6445.795
v 12168.038 34.000 4044.462
v 12171.384 34.000 6078.667
v 12172.154 -6.000 3677.334
v 12175.500 34.000 5711.539
v 12176.269 -6.000 3310.206
v 12178.846 -6.000 7745.744
v 12179.615 34.000 5344.411
v 12180.385 -6.000 2943.078
v 12182.961 -6.000 7378.616
v 12183.731 34.000 4977.283
v 12187.077 -6.000 7011.487
v 12187.846 34.000 4610.155
v 12191.192 22.919 6644.359
v 12191.962 34.000 4243.027
v 12195.307 34.000 6277.231
v 12196.077 30.559 3875.898
v 12199.423 34.000 5910.103
v 12200.192 -6.000 3508.770
v 12203.538 34.000 5542.975
v 12204.308 -6.000 3141.642
v 12206.884 -6.000 7577.180
v 12207.654 34.002 5175.847
v 12211.000 -6.000 7210.052
v 12211.769 34.000 4808.719
v 12215.115 -6.000 6842.923
v 12215.885 34.000 4441.591
v 12219.230 34.000 6475.795
v 12220.000 34.000 4074.462
v 12223.346 34.000 6108.667
v 12224.115 -2.887 3707.334
v 12227.461 34.000 5741.539
v 12228.231 -6.000 3340.206
v 12231.577 34.000 5374.411
v 12232.346 -6.000 2973.078
v 12234.923 -6.000 7408.616
v 12235.692 34.000 5007.283
v 12239.038 -6.000 7041.487
v 12239.808 34.000 4640.155
v 12243.154 -6.000 6674.359
v 12243.923 34.000 4273.027
v 12247.269 34.000 6307.231
v 12248.038 33.752 3905.898
v 12251.384 34.000 5940.103
v 12252.154 -6.000 3538.770
v 12255.500 34.000 5572.975
v 12256.269 -6.000 3171.642
v 12258.846 -6.000 7607.180
v 12259.615 34.000 5205.847
v 12262.961 -6.000 7240.052
v 12263.731 34.000 4838.719
v 12267.077 -6.000 6872.923
v 12267.846 34.000 4471.591
v 12271.192 21.789 6505.795
v 12271.962 34.000 4104.462
v 12275.307 34.000 6138.667
v 12276.077 10.563 3737.334
v 12279.423 34.000 5771.539
v 12280.192 -6.000 3370.206
v 12283.538 34.000 5404.411
v 12284.308 -6.000 3003.078
v 12286.884 -6.000 7438.616
v 12287.654 34.000 5037.283
v 12291.000 -6.000 7071.487
v 12291.769 34.000 4670.155
v 12295.115 -6.000 6704.359
v 12295.885 33.985 4303.027
v 12299.230 34.000 6337.231
v 12300.000 34.000 3935.898
v 12303.346 34.000 5970.103
v 12304.115 -6.000 3568.770
v 12307.461 34.000 5602.975
v 12308.231 -6.000 3201.642
v 12311.577 34.000 5235.847
v 12314.923 -6.000 7270.052
v 12315.692 34.000 4868.719
v 12319.038 -6.000 6902.923
v 12319.808 34.000 4501.591
v 12323.154 -6.000 6535.795
v 12323.923 33.740 4134.462
v 12327.269 34.000 6168.667
v 12328.038 20.531 3767.334
v 12331.384 34.000 5801.539
v 12332.154 -6.000 3400.206
v 12335.500 34.000 5434.411
v 12336.269 -6.000 3033.078
v 12338.846 -6.000 7468.616
v 12339.615 34.000 5067.283
v 12342.961 -6.000 7101.487
v 12343.731 34.000 4700.155
v 12347.077 -6.000 6734.359
v 12347.846 33.829 4333.027
v 12351.192 23.885 6367.231
v 12351.962 33.752 3965.898
v 12355.307 34.000 6000.103
v 12356.077 -6.000 3598.770
v 12359.423 34.000 5632.975
v 12360.192 -6.000 3231.642
v 12363.538 34.000 5265.847
v 12366.884 -6.000 7300.052
v 12367.654 34.000 4898.719
v 12371.000 -6.000 6932.923
v 12371.769 34.000 4531.591
v 12375.115 -6.000 6565.795
v 12375.885 30.906 4164.462
v 12379.230 34.000 6198.667
v 12380.000 23.681 3797.334
v 12383.346 34.000 5831.539
v 12384.115 -6.000 3430.206
v 12387.461 34.000 5464.411
v 12388.231 -6.000 3063.078
v 12391.577 34.000 5097.283
v 12394.923 -6.000 7131.487
v 12395.692 34.000 4730.155
v 12399.038 -6.000 6764.359
v 12399.808 33.258 4363.027
v 12403.154 -5.346 6397.231
v 12403.923 30.559 3995.898
v 12407.269 34.000 6030.103
v 12408.038 -6.000 3628.770
v 12411.384 33.932 5662.975
v 12412.154 -6.000 3261.642
v 12415.500 34.000 5295.847
v 12418.846 -6.000 7330.052
v 12419.615 34.000 4928.719
v 12422.961 -6.000 6962.923
v 12423.731 34.000 4561.591
v 12427.077 -6.000 6595.795
v 12427.846 23.367 4194.462
v 12431.192 23.469 6228.667
v 12431.962 20.531 3827.334
v 12435.307 30.910 5861.539
v 12436.077 -6.000 3460.206
v 12439.423 34.000 5494.411
v 12440.192 -6.000 3093.078
v 12443.538 34.000 5127.283
v 12446.884 -6.000 7161.487
v 12447.654 34.000 4760.155
v 12451.000 -6.000 6794.359
v 12451.769 31.742 4393.027
v 12455.115 -6.000 6427.231
v 12455.885 20.037 4025.898
v 12459.230 29.870 6060.103
v 12460.000 -6.000 3658.770
v 12463.346 24.938 5692.975
v 12464.115 -6.000 3291.642
v 12467.461 34.000 5325.847
v 12471.577 34.000 4958.719
v 12474.923 -6.000 6992.923
v 12475.692 34.000 4591.591
v 12479.038 -6.000 6625.795
v 12479.808 11.254 4224.462
v 12483.154 -1.088 6258.667
v 12483.923 10.563 3857.334
v 12487.269 21.300 5891.539
v 12488.038 -6.000 3490.206
v 12491.384 31.911 5524.411
v 12492.154 -6.000 3123.078
v 12495.500 34.000 5157.283
v 12498.846 -6.000 7191.487
v 12499.615 34.000 4790.155
v 12502.961 -6.000 6824.359
v 12503.731 28.446 4423.027
v 12507.077 -6.000 6457.231
v 12507.846 3.199 4055.898
v 12511.192 14.648 6090.103
v 12511.962 -6.000 3688.770
v 12515.307 9.472 5722.975
v 12516.077 -6.000 3321.642
v 12519.423 34.000 5355.847
v 12523.538 34.000 4988.719
v 12526.884 -6.000 7022.923
v 12527.654 34.000 4621.591
v 12531.000 -6.000 6655.795
v 12531.769 -1.378 4254.462
v 12535.115 -6.000 6288.667
v 12535.885 -2.887 3887.334
v 12539.230 8.318 5921.539
v 12540.000 -6.000 3520.206
v 12543.346 11.896 5554.411
v 12544.115 -6.000 3153.078
v 12547.461 34.000 5187.283
v 12551.577 34.000 4820.155
v 12554.923 -6.000 6854.359
v 12555.692 22.389 4453.027
v 12559.038 -6.000 6487.231
v 12559.808 -6.000 4085.898
v 12563.154 -2.939 6120.103
v 12563.923 -6.000 3718.770
v 12567.269 -3.330 5752.975
v 12568.038 -6.000 3351.642
v 12571.384 30.726 5385.847
v 12575.500 34.000 5018.719
v 12578.846 -6.000 7052.923
v 12579.615 34.000 4651.591
v 12582.961 -6.000 6685.795
v 12583.731 -6.000 4284.462
v 12587.077 -6.000 6318.667
v 12587.846 -6.000 3917.334
v 12591.192 -3.615 5951.539
v 12591.962 -6.000 3550.206
v 12595.307 -5.482 5584.411
v 12596.077 -6.000 3183.078
v 12599.423 34.000 5217.283
v 12603.538 34.000 4850.155
v 12606.884 -6.000 6884.359
v 12607.654 13.063 4483.027
v 12611.000 -6.000 6517.231
v 12611.769 -6.000 4115.898
v 12615.115 -6.000 6150.103
v 12615.885 -6.000 3748.770
v 12619.230 -6.000 5782.975
v 12620.000 -6.000 3381.642
v 12623.346 1.925 5415.847
v 12627.461 34.000 5048.719
v 12631.577 34.000 4681.591
v 12634.923 -6.000 6715.795
v 12635.692 -6.000 4314.462
v 12639.038 -6.000 6348.667
v 12639.808 -6.000 3947.334
v 12643.154 -6.000 5981.539
v 12643.923 -6.000 3580.206
v 12647.269 -6.000 5614.411
v 12648.038 -6.000 3213.078
v 12651.384 26.735 5247.283
v 12655.500 34.000 4880.155
v 12658.846 -6.000 6914.359
v 12659.615 1.802 4513.027
v 12662.961 -6.000 6547.231
v 12663.731 -6.000 4145.898
v 12667.077 -6.000 6180.103
v 12667.846 -6.000 3778.770
v 12671.192 -6.000 5812.975
v 12671.962 -6.000 3411.642
v 12675.307 -6.000 5445.847
v 12679.423 34.000 5078.719
v 12683.538 34.000 4711.591
v 12686.884 -6.000 6745.795
v 12687.654 -6.000 4344.462
v 12691.000 -6.000 6378.667
v 12691.769 -6.000 3977.334
v 12695.115 -6.000 6011.539
v 12695.885 -6.000 3610.206
v 12699.230 -6.000 5644.411
v 12700.000 -6.000 3243.078
v 12703.346 -5.564 5277.283
v 12707.461 34.000 4910.155
v 12711.577 -5.844 4543.027
v 12714.923 -6.000 6577.231
v 12715.692 -6.000 4175.898
v 12719.038 -6.000 6210.103
v 12719.808 -6.000 3808.770
v 12723.154 -6.000 5842.975
v 12723.923 -6.000 3441.642
v 12727.269 -6.000 5475.847
v 12731.384 10.998 5108.719
v 12735.500 23.301 4741.591
v 12738.846 -6.000 6775.795
v 12739.615 -6.000 4374.462
v 12742.961 -6.000 6408.667
v 12743.731 -6.000 4007.334
v 12747.077 -6.000 6041.539
v 12747.846 -6.000 3640.206
v 12751.192 -6.000 5674.411
v 12751.962 -6.000 3273.078
v 12755.307 -6.000 5307.283
v 12759.423 18.524 4940.155
v 12763.538 -6.000 4573.027
v 12766.884 -6.000 6607.231
v 12767.654 -6.000 4205.898
v 12771.000 -6.000 6240.103
v 12771.769 -6.000 3838.770
v 12775.115 -6.000 5872.975
v 12775.885 -6.000 3471.642
v 12779.230 -6.000 5505.847
v 12783.346 -6.000 5138.719
v 12787.461 -0.938 4771.591
v 12791.577 -6.000 4404.462
v 12794.923 -6.000 6438.667
v 12795.692 -6.000 4037.334
v 12799.038 -6.000 6071.539
v 12799.808 -6.000 3670.206
v 12803.154 -6.000 5704.411
v 12803.923 -6.000 3303.078
v 12807.269 -6.000 5337.283
v 12811.384 -6.000 4970.155
v 12815.500 -6.000 4603.027
v 12818.846 -6.000 6637.231
v 12819.615 -6.000 4235.898
v 12822.961 -6.000 6270.103
v 12823.731 -6.000 3868.770
v 12827.077 -6.000 5902.975
v 12827.846 -6.000 3501.642
v 12831.192 -6.000 5535.847
v 12835.307 -6.000 5168.719
v 12839.423 -6.000 4801.591
v 12843.538 -6.000 4434.462
v 12846.884 -6.000 6468.667
v 12847.654 -6.000 4067.334
v 12851.000 -6.000 6101.539
v 12851.769 -6.000 3700.206
v 12855.115 -6.000 5734.411
v 12855.885 -6.000 3333.078
v 12859.230 -6.000 5367.283
v 12863.346 -6.000 5000.155
v 12867.461 -6.000 4633.027
v 12871.577 -6.000 4265.898
v 12874.923 -6.000 6300.103
v 12875.692 -6.000 3898.770
v 12879.038 -6.000 5932.975
v 12879.808 -6.000 3531.642
v 12883.154 -6.000 5565.847
v 12887.269 -6.000 5198.719
v 12891.384 -6.000 4831.591
v 12895.500 -6.000 4464.462
v 12898.846 -6.000 6498.667
v 12899.615 -6.000 4097.334
v 12902.961 -6.000 6131.539
v 12903.731 -6.000 3730.206
v 12907.077 -6.000 5764.411
v 12907.846 -6.000 3363.078
v 12911.192 -6.000 5397.283
v 12915.307 -6.000 5030.155
v 12919.423 -6.000 4663.027
v 12923.538 -6.000 4295.898
v 12926.884 -6.000 6330.103
v 12927.654 -6.000 3928.770
v 12931.000 -6.000 5962.975
v 12931.769 -6.000 3561.642
v 12935.115 -6.000 5595.847
v 12939.230 -6.000 5228.719
v 12943.346 -6.000 4861.591
v 12947.461 -6.000 4494.462
v 12951.577 -6.000 4127.334
v 12954.923 -6.000 6161.539
v 12955.692 -6.000 3760.206
v 12959.038 -6.000 5794.411
v 12959.808 -6.000 3393.078
v 12963.154 -6.000 5427.283
v 12967.269 -6.000 5060.155
v 12971.384 -6.000 4693.027
v 12975.500 -6.000 4325.898
v 12978.846 -6.000 6360.103
v 12979.615 -6.000 3958.770
v 12982.961 -6.000 5992.975
v 12983.731 -6.000 3591.642
v 12987.077 -6.000 5625.847
v 12991.192 -6.000 5258.719
v 12995.307 -6.000 4891.591
v 12999.423 -6.000 4524.462
v 13003.538 -6.000 4157.334
v 13006.884 -6.000 6191.539
v 13007.654 -6.000 3790.206
v 13011.000 -6.000 5824.411
v 13011.769 -6.000 3423.078
v 13015.115 -6.000 5457.283
v 13019.230 -6.000 5090.155
v 13023.346 -6.000 4723.027
v 13027.461 -6.000 4355.898
v 13031.577 -6.000 3988.770
v 13034.923 -6.000 6022.975
v 13035.692 -6.000 3621.642
v 13039.038 -6.000 5655.847
v 13043.154 -6.000 5288.719
v 13047.269 -6.000 4921.591
v 13051.384 -6.000 4554.462
v 13055.500 -6.000 4187.334
v 13058.846 -6.000 6221.539
v 13059.615 -6.000 3820.206
v 13062.961 -6.000 5854.411
v 13063.731 -6.000 3453.078
v 13067.077 -6.000 5487.283
v 13071.192 -6.000 5120.155
v 13075.307 -6.000 4753.027
v 13079.423 -6.000 4385.898
v 13083.538 -6.000 4018.770
v 13086.884 -6.000 6052.975
v 13087.654 -6.000 3651.642
v 13091.000 -6.000 5685.847
v 13095.115 -6.000 5318.719
v 13099.230 -6.000 4951.591
v 13103.346 -6.000 4584.462
v 13107.461 -6.000 4217.334
v 13111.577 -6.000 3850.206
v 13114.923 -6.000 5884.411
v 13115.692 -6.000 3483.078
v 13119.038 -6.000 5517.283
v 13123.154 -6.000 5150.155
v 13127.269 -6.000 4783.027
v 13131.384 -6.000 4415.898
v 13135.500 -6.000 4048.770
v 13138.846 -6.000 6082.975
v 13139.615 -6.000 3681.642
v 13142.961 -6.000 5715.847
v 13147.077 -6.000 5348.719
v 13151.192 -6.000 4981.591
v 13155.307 -6.000 4614.462
v 13159.423 -6.000 4247.334
v 13163.538 -6.000 3880.206
v 13166.884 -6.000 5914.411
v 13167.654 -6.000 3513.078
v 13171.000 -6.000 5547.283
v 13175.115 -6.000 5180.155
v 13179.230 -6.000 4813.027
v 13183.346 -6.000 4445.898
v 13187.461 -6.000 4078.770
v 13191.577 -6.000 3711.642
v 13194.923 -6.000 5745.847
v 13199.038 -6.000 5378.719
v 13203.154 -6.000 5011.591
v 13207.269 -6.000 4644.462
v 13211.384 -6.000 4277.334
v 13215.500 -6.000 3910.206
v 13218.846 -6.000 5944.411
v 13219.615 -6.000 3543.078
v 13222.961 -6.000 5577.283
v 13227.077 -6.000 5210.155
v 13231.192 -6.000 4843.027
v 13235.307 -6.000 4475.898
v 13239.423 -6.000 4108.770
v 13243.538 -6.000 3741.642
v 13246.884 -6.000 5775.847
v 13251.000 -6.000 5408.719
v 13255.115 -6.000 5041.591
v 13259.230 -6.000 4674.462
v 13263.346 -6.000 4307.334
v 13267.461 -6.000 3940.206
v 13271.577 -6.000 3573.078
v 13274.923 -6.000 5607.283
v 13279.038 -6.000 5240.155
v 13283.154 -6.000 4873.027
v 13287.269 -6.000 4505.898
v 13291.384 -6.000 4138.770
v 13295.500 -6.000 3771.642
v 13298.846 -6.000 5805.847
v 13302.961 -6.000 5438.719
v 13307.077 -6.000 5071.591
v 13311.192 -6.000 4704.462
v 13315.307 -6.000 4337.334
v 13319.423 -6.000 3970.206
v 13323.538 -6.000 3603.078
v 13326.884 -6.000 5637.283
v 13331.000 -6.000 5270.155
v 13335.115 -6.000 4903.027
v 13339.230 -6.000 4535.898
v 13343.346 -6.000 4168.770
v 13347.461 -6.000 3801.642
v 13354.923 -6.000 5468.719
v 13359.038 -6.000 5101.591
v 13363.154 -6.000 4734.462
v 13367.269 -6.000 4367.334
v 13371.384 -6.000 4000.206
v 13375.500 -6.000 3633.078
v 13378.846 -6.000 5667.283
v 13382.961 -6.000 5300.155
v 13387.077 -6.000 4933.027
v 13391.192 -6.000 4565.898
v 13395.307 -6.000 4198.770
v 13399.423 -6.000 3831.642
v 13406.884 -6.000 5498.719
v 13411.000 -6.000 5131.591
v 13415.115 -6.000 4764.462
v 13419.230 -6.000 4397.334
v 13423.346 -6.000 4030.206
v 13427.461 -6.000 3663.078
v 13434.923 -6.000 5330.155
v 13439.038 -6.000 4963.027
v 13443.154 -6.000 4595.898
v 13447.269 -6.000 4228.770
v 13451.384 -6.000 3861.642
v 13458.846 -6.000 5528.719
v 13462.961 -6.000 5161.591
v 13467.077 -6.000 4794.462
v 13471.192 -6.000 4427.334
v 13475.307 -6.000 4060.206
v 13479.423 -6.000 3693.078
v 13486.884 -6.000 5360.155
v 13491.000 -6.000 4993.027
v 13495.115 -6.000 4625.898
v 13499.230 -6.000 4258.770
v 13503.346 -6.000 3891.642
v 13514.923 -6.000 5191.591
v 13519.038 -6.000 4824.462
v 13523.154 -6.000 4457.334
v 13527.269 -6.000 4090.206
v 13531.384 -6.000 3723.078
v 13538.846 -6.000 5390.155
v 13542.961 -6.000 5023.027
v 13547.077 -6.000 4655.898
v 13551.192 -6.000 4288.770
v 13555.307 -6.000 3921.642
v 13566.884 -6.000 5221.591
v 13571.000 -6.000 4854.462
v 13575.115 -6.000 4487.334
v 13579.230 -6.000 4120.206
v 13583.346 -6.000 3753.078
v 13594.923 -6.000 5053.027
v 13599.038 -6.000 4685.898
v 13603.154 -6.000 4318.770
v 13607.269 -6.000 3951.642
v 13618.846 -6.000 5251.591
v 13622.961 -6.000 4884.462
v 13627.077 -6.000 4517.334
v 13631.192 -6.000 4150.206
v 13635.307 -6.000 3783.078
v 13646.884 -6.000 5083.027
v 13651.000 -6.000 4715.898
v 13655.115 -6.000 4348.770
v 13659.230 -6.000 3981.642
v 13674.923 -6.000 4914.462
v 13679.038 -6.000 4547.334
v 13683.154 -6.000 4180.206
v 13687.269 -6.000 3813.078
v 13698.846 -6.000 5113.027
v 13702.961 -6.000 4745.898
v 13707.077 -6.000 4378.770
v 13711.192 -6.000 4011.642
v 13726.884 -6.000 4944.462
v 13731.000 -6.000 4577.334
v 13735.115 -6.000 4210.206
v 13739.230 -6.000 3843.078
v 13754.923 -6.000 4775.898
v 13759.038 -6.000 4408.770
v 13763.154 -6.000 4041.642
v 13778.846 -6.000 4974.462
v 13782.961 -6.000 4607.334
v 13787.077 -6.000 4240.206
v 13791.192 -6.000 3873.078
v 13806.884 -6.000 4805.898
v 13811.000 -6.000 4438.770
v 13815.115 -6.000 4071.642
v 13834.923 -6.000 4637.334
v 13839.038 -6.000 4270.206
v 13843.154 -6.000 3903.078
v 13858.846 -6.000 4835.898
v 13862.961 -6.000 4468.770
v 13867.077 -6.000 4101.642
v 13886.884 -6.000 4667.334
v 13891.000 -6.000 4300.206
v 13895.115 -6.000 3933.078
v 13914.923 -6.000 4498.770
v 13919.038 -6.000 4131.642
v 13938.846 -6.000 4697.334
v 13942.961 -6.000 4330.206
v 13947.077 -6.000 3963.078
v 13966.884 -6.000 4528.770
v 13971.000 -6.000 4161.642
v 13994.923 -6.000 4360.206
v 13999.038 -6.000 3993.078
v 14018.846 -6.000 4558.770
v 14022.961 -6.000 4191.642
v 14046.884 -6.000 4390.206
v 14051.000 -6.000 4023.078
v 14074.923 -6.000 4221.642
v 14098.846 -6.000 4420.206
v 14102.961 -6.000 4053.078
v 14126.884 -6.000 4251.642
v 14154.923 -6.000 4083.078
v 14178.846 -6.000 4281.642
v 14206.884 -6.000 4113.078
v 14258.846 -6.000 4143.078
vt -249.1384 -189.1769
vt -248.5384 -188.1377
vt -247.9384 -187.0985
vt -247.3384 -186.0592
vt -246.7384 -185.0200
vt -246.3672 -190.7769
vt -246.1384 -183.9808
vt -245.7672 -189.7377
vt -245.5384 -182.9415
vt -245.1672 -188.6985
vt -244.9384 -181.9023
vt -244.5672 -187.6592
vt -244.3384 -180.8631
vt -243.9672 -186.6200
vt -243.7384 -179.8238
vt -243.5959 -192.3769
vt -243.3672 -185.5808
vt -243.1384 -178.7846
vt -242.9959 -191.3377
vt -242.7672 -184.5415
vt -242.5384 -177.7454
vt -242.3959 -190.2985
vt -242.1672 -183.5023
vt -241.9384 -176.7061
vt -241.7959 -189.2592
vt -241.5672 -182.4631
vt -241.3384 -175.6669
vt -241.1959 -188.2200
vt -240.9672 -181.4238
vt -240.8246 -193.9769
vt -240.7384 -174.6277
vt -240.5959 -187.1808
vt -240.3672 -180.3846
vt -240.2246 -192.9377
vt -240.1384 -173.5885
vt -239.9959 -186.1415
vt -239.7672 -179.3454
vt -239.6246 -191.8985
vt -239.5384 -172.5492
vt -239.3959 -185.1023
vt -239.1672 -178.3061
vt -239.0246 -190.8592
vt -238.9384 -171.5100
vt -238.7959 -184.0631
vt -238.5672 -177.2669
vt -238.4246 -189.8200
vt -238.3384 -170.4708
vt -238.1959 -183.0238
vt -238.0533 -195.5769
vt -237.9672 -176.2277
vt -237.8246 -188.7808
vt -237.7384 -169.4315
vt -237.5959 -181.9846
vt -237.4533 -194.5377
vt -237.3672 -175.1885
vt -237.2246 -187.7415
vt -237.1384 -168.3923
vt -236.9959 -180.9454
vt -236.8533 -193.4985
vt -236.7672 -174.1492
vt -236.6246 -186.7023
vt -236.5384 -167.3531
vt -236.3959 -179.9061
vt -236.2533 -192.4592
vt -236.1672 -173.1100
vt -236.0246 -185.6631
vt -235.9384 -166.3138
vt -235.7959 -178.8669
vt -235.6533 -191.4200
vt -235.5672 -172.0708
vt -235.4246 -184.6238
vt -235.3384 -165.2746
vt -235.2820 -197.1769
vt -235.1959 -177.8277
vt -235.0533 -190.3808
vt -234.9672 -171.0315
vt -234.8246 -183.5846
vt -234.7384 -164.2354
vt -234.6820 -196.1377
vt -234.5959 -176.7885
vt -234.4533 -189.3415
vt -234.3672 -169.9923
vt -234.2246 -182.5454
vt -234.1384 -163.1962
vt -234.0820 -195.0985
vt -233.9959 -175.7492
vt -233.8533 -188.3023
vt -233.7672 -168.9531
vt -233.6246 -181.5061
vt -233.5384 -162.1569
vt -233.4820 -194.0592
vt -233.3959 -174.7100
vt -233.2533 -187.2631
vt -233.1672 -167.9138
vt -233.0246 -180.4669
vt -232.9384 -161.1177
vt -232.8820 -193.0200
vt -232.7959 -173.6708
vt -232.6533 -186.2238
vt -232.5672 -166.8746
vt -232.5108 -198.7769
vt -232.4246 -179.4277
vt -232.3384 -160.0785
vt -232.2820 -191.9808
vt -232.1959 -172.6315
vt -232.0533 -185.1846
vt -231.9672 -165.8354
vt -231.9108 -197.7377
vt -231.8246 -178.3885
vt -231.7384 -159.0392
vt -231.6820 -190.9415
vt -231.5959 -171.5923
vt -231.4533 -184.1454
vt -231.3672 -164.7962
vt -231.3108 -196.6985
vt -231.2246 -177.3492
vt -231.1384 -158.0000
vt -231.0820 -189.9023
vt -230.9959 -170.5531
vt -230.8533 -183.1061
vt -230.7672 -163.7569
vt -230.7108 -195.6592
vt -230.6246 -176.3100
vt -230.5384 -156.9608
vt -230.4820 -188.8631
vt -230.3959 -169.5138
vt -230.2533 -182.0669
vt -230.1672 -162.7177
vt -230.1108 -194.6200
vt -230.0246 -175.2708
vt -229.9384 -155.9215
vt -229.8820 -187.8238
vt -229.7959 -168.4746
vt -229.7395 -200.3769
vt -229.6533 -181.0277
vt -229.5672 -161.6785
vt -229.5108 -193.5808
vt -229.4246 -174.2315
vt -229.3384 -154.8823
vt -229.2820 -186.7846
vt -229.1959 -167.4354
vt -229.1395 -199.3377
vt -229.0533 -179.9885
vt -228.9672 -160.6392
vt -228.9108 -192.5415
vt -228.8246 -173.1923
vt -228.7384 -153.8431
vt -228.6820 -185.7454
vt -228.5959 -166.3962
vt -228.5395 -198.2985
vt -228.4533 -178.9492
vt -228.3672 -159.6000
vt -228.3108 -191.5023
vt -228.2246 -172.1531
vt -228.1384 -152.8038
vt -228.0820 -184.7061
vt -227.9959 -165.3569
vt -227.9395 -197.2592
vt -227.8533 -177.9100
vt -227.7672 -158.5608
vt -227.7108 -190.4631
vt -227.6246 -171.1138
vt -227.5384 -151.7646
vt -227.4820 -183.6669
vt -227.3959 -164.3177
vt -227.3395 -196.2200
vt -227.2533 -176.8708
vt -227.1672 -157.5215
vt -227.1108 -189.4238
vt -227.0246 -170.0746
vt -226.9682 -201.9769
vt -226.9384 -150.7254
vt -226.8820 -182.6277
vt -226.7959 -163.2785
vt -226.7395 -195.1808
vt -226.6533 -175.8315
vt -226.5672 -156.4823
vt -226.5108 -188.3846
vt -226.4246 -169.0354
vt -226.3682 -200.9377
vt -226.3384 -149.6862
vt -226.2820 -181.5885
vt -226.1959 -162.2392
vt -226.1395 -194.1415
vt -226.0533 -174.7923
vt -225.9672 -155.4431
vt -225.9108 -187.3454
vt -225.8246 -167.9962
vt -225.7682 -199.8985
vt -225.7384 -148.6469
vt -225.6820 -180.5492
vt -225.5959 -161.2000
vt -225.5395 -193.1023
vt -225.4533 -173.7531
vt -225.3672 -154.4038
vt -225.3108 -186.3061
vt -225.2246 -166.9569
vt -225.1682 -198.8592
vt -225.1384 -147.6077
vt -225.0820 -179.5100
vt -224.9959 -160.1608
vt -224.9395 -192.0631
vt -224.8533 -172.7138
vt -224.7672 -153.3646
vt -224.7108 -185.2669
vt -224.6246 -165.9177
vt -224.5682 -197.8200
vt -224.5384 -146.5685
vt -224.4820 -178.4708
vt -224.3959 -159.1215
vt -224.3395 -191.0238
vt -224.2533 -171.6746
vt -224.1969 -203.5769
vt -224.1672 -152.3254
vt -224.1108 -184.2277
vt -224.0246 -164.8785
vt -223.9682 -196.7808
vt -223.9384 -145.5292
vt -223.8820 -177.4315
vt -223.7959 -158.0823
vt -223.7395 -189.9846
vt -223.6533 -170.6354
vt -223.5969 -202.5377
vt -223.5672 -151.2862
vt -223.5108 -183.1885
vt -223.4246 -163.8392
vt -223.3682 -195.7415
vt -223.3384 -144.4900
vt -223.2820 -176.3923
vt -223.1959 -157.0431
vt -223.1395 -188.9454
vt -223.0533 -169.5962
vt -222.9969 -201.4985
vt -222.9672 -150.2469
vt -222.9108 -182.1492
vt -222.8246 -162.8000
vt -222.7682 -194.7023
vt -222.7384 -143.4508
vt -222.6820 -175.3531
vt -222.5959 -156.0038
vt -222.5395 -187.9061
vt -222.4533 -168.5569
vt -222.3969 -200.4592
vt -222.3672 -149.2077
vt -222.3108 -181.1100
vt -222.2246 -161.7608
vt -222.1682 -193.6631
vt -222.1384 -142.4115
vt -222.0820 -174.3138
vt -221.9959 -154.9646
vt -221.9395 -186.8669
vt -221.8533 -167.5177
vt -221.7969 -199.4200
vt -221.7672 -148.1685
vt -221.7108 -180.0708
vt -221.6246 -160.7215
vt -221.5682 -192.6238
vt -221.5384 -141.3723
vt -221.4820 -173.2746
vt -221.4256 -205.1769
vt -221.3959 -153.9254
vt -221.3395 -185.8277
vt -221.2533 -166.4785
vt -221.1969 -198.3808
vt -221.1672 -147.1292
vt -221.1108 -179.0315
vt -221.0246 -159.6823
vt -220.9682 -191.5846
vt -220.9384 -140.3331
vt -220.8820 -172.2354
vt -220.8256 -204.1377
vt -220.7959 -152.8862
vt -220.7395 -184.7885
vt -220.6533 -165.4392
vt -220.5969 -197.3415
vt -220.5672 -146.0900
vt -220.5108 -177.9923
vt -220.4246 -158.6431
vt -220.3682 -190.5454
vt -220.3384 -139.2939
vt -220.2820 -171.1962
vt -220.2256 -203.0985
vt -220.1959 -151.8469
vt -220.1395 -183.7492
vt -220.0533 -164.4000
vt -219.9969 -196.3023
vt -219.9672 -145.0508
vt -219.9108 -176.9531
vt -219.8246 -157.6038
vt -219.7682 -189.5061
vt -219.7384 -138.2546
vt -219.6820 -170.1569
vt -219.6256 -202.0592
vt -219.5959 -150.8077
vt -219.5395 -182.7100
vt -219.4533 -163.3608
vt -219.3969 -195.2631
vt -219.3672 -144.0115
vt -219.3108 -175.9138
vt -219.2246 -156.5646
vt -219.1682 -188.4669
vt -219.1384 -137.2154
vt -219.0820 -169.1177
vt -219.0256 -201.0200
vt -218.9959 -149.7685
vt -218.9395 -181.6708
vt -218.8533 -162.3215
vt -218.7969 -194.2238
vt -218.7672 -142.9723
vt -218.7108 -174.8746
vt -218.6543 -206.7769
vt -218.6246 -155.5254
vt -218.5682 -187.4277
vt -218.5384 -136.1762
vt -218.4820 -168.0785
vt -218.4256 -199.9808
vt -218.3959 -148.7292
vt -218.3395 -180.6315
vt -218.2533 -161.2823
vt -218.1969 -193.1846
vt -218.1672 -141.9331
vt -218.1108 -173.8354
vt -218.0543 -205.7377
vt -218.0246 -154.4862
vt -217.9682 -186.3885
vt -217.9384 -135.1369
vt -217.8820 -167.0392
vt -217.8256 -198.9415
vt -217.7959 -147.6900
vt -217.7395 -179.5923
vt -217.6533 -160.2431
vt -217.5969 -192.1454
vt -217.5672 -140.8939
vt -217.5108 -172.7962
vt -217.4543 -204.6985
vt -217.4246 -153.4469
vt -217.3682 -185.3492
vt -217.3384 -134.0977
vt -217.2820 -166.0000
vt -217.2256 -197.9023
vt -217.1959 -146.6508
vt -217.1395 -178.5531
vt -217.0533 -159.2038
vt -216.9969 -191.1061
vt -216.9672 -139.8546
vt -216.9108 -171.7569
vt -216.8543 -203.6592
vt -216.8246 -152.4077
vt -216.7682 -184.3100
vt -216.7384 -133.0585
vt -216.6820 -164.9608
vt -216.6256 -196.8631
vt -216.5959 -145.6115
vt -216.5395 -177.5138
vt -216.4533 -158.1646
vt -216.3969 -190.0669
vt -216.3672 -138.8154
vt -216.3108 -170.7177
vt -216.2543 -202.6200
vt -216.2246 -151.3685
vt -216.1682 -183.2708
vt -216.1384 -132.0192
vt -216.0820 -163.9215
vt -216.0256 -195.8238
vt -215.9959 -144.5723
vt -215.9395 -176.4746
vt -215.8831 -208.3769
vt -215.8533 -157.1254
vt -215.7969 -189.0277
vt -215.7672 -137.7762
vt -215.7108 -169.6785
vt -215.6543 -201.5808
vt -215.6246 -150.3292
vt -215.5682 -182.2315
vt -215.5384 -130.9800
vt -215.4820 -162.8823
vt -215.4256 -194.7846
vt -215.3959 -143.5331
vt -215.3395 -175.4354
vt -215.2831 -207.3377
vt -215.2533 -156.0862
vt -215.1969 -187.9885
vt -215.1672 -136.7369
vt -215.1108 -168.6392
vt -215.0543 -200.5415
vt -215.0246 -149.2900
vt -214.9682 -181.1923
vt -214.9384 -129.9408
vt -214.8820 -161.8431
vt -214.8256 -193.7454
vt -214.7959 -142.4939
vt -214.7395 -174.3962
vt -214.6831 -206.2985
vt -214.6533 -155.0469
vt -214.5969 -186.9492
vt -214.5672 -135.6977
vt -214.5108 -167.6000
vt -214.4543 -199.5023
vt -214.4246 -148.2508
vt -214.3682 -180.1531
vt -214.3384 -128.9015
vt -214.2820 -160.8038
vt -214.2256 -192.7061
vt -214.1959 -141.4546
vt -214.1395 -173.3569
vt -214.0831 -205.2592
vt -214.0533 -154.0077
vt -213.9969 -185.9100
vt -213.9672 -134.6585
vt -213.9108 -166.5608
vt -213.8543 -198.4631
vt -213.8246 -147.2115
vt -213.7682 -179.1138
vt -213.7384 -127.8623
vt -213.6820 -159.7646
vt -213.6256 -191.6669
vt -213.5959 -140.4154
vt -213.5395 -172.3177
vt -213.4831 -204.2200
vt -213.4533 -152.9685
vt -213.3969 -184.8708
vt -213.3672 -133.6192
vt -213.3108 -165.5215
vt -213.2543 -197.4238
vt -213.2246 -146.1723
vt -213.1682 -178.0746
vt -213.1384 -126.8231
vt -213.1118 -209.9769
vt -213.0820 -158.7254
vt -213.0256 -190.6277
vt -212.9959 -139.3762
vt -212.9395 -171.2785
vt -212.8831 -203.1808
vt -212.8533 -151.9292
vt -212.7969 -183.8315
vt -212.7672 -132.5800
vt -212.7108 -164.4823
vt -212.6543 -196.3846
vt -212.6246 -145.1331
vt -212.5682 -177.0354
vt -212.5118 -208.9377
vt -212.4820 -157.6862
vt -212.4256 -189.5885
vt -212.3959 -138.3369
vt -212.3395 -170.2392
vt -212.2831 -202.1415
vt -212.2533 -150.8900
vt -212.1969 -182.7923
vt -212.1672 -131.5408
vt -212.1108 -163.4431
vt -212.0543 -195.3454
vt -212.0246 -144.0939
vt -211.9682 -175.9962
vt -211.9118 -207.8985
vt -211.8820 -156.6469
vt -211.8256 -188.5492
vt -211.7959 -137.2977
vt -211.7395 -169.2000
vt -211.6831 -201.1023
vt -211.6533 -149.8508
vt -211.5969 -181.7531
vt -211.5672 -130.5015
vt -211.5108 -162.4038
vt -211.4543 -194.3061
vt -211.4246 -143.0546
vt -211.3682 -174.9569
vt -211.3118 -206.8592
vt -211.2820 -155.6077
vt -211.2256 -187.5100
vt -211.1959 -136.2585
vt -211.1395 -168.1608
vt -211.0831 -200.0631
vt -211.0533 -148.8115
vt -210.9969 -180.7138
vt -210.9672 -129.4623
vt -210.9108 -161.3646
vt -210.8543 -193.2669
vt -210.8246 -142.0154
vt -210.7682 -173.9177
vt -210.7118 -205.8200
vt -210.6820 -154.5685
vt -210.6256 -186.4708
vt -210.5959 -135.2192
vt -210.5395 -167.1215
vt -210.4831 -199.0238
vt -210.4533 -147.7723
vt -210.3969 -179.6746
vt -210.3672 -128.4231
vt -210.3405 -211.5769
vt -210.3108 -160.3254
vt -210.2543 -192.2277
vt -210.2246 -140.9762
vt -210.1682 -172.8785
vt -210.1118 -204.7808
vt -210.0820 -153.5292
vt -210.0256 -185.4315
vt -209.9959 -134.1800
vt -209.9395 -166.0823
vt -209.8831 -197.9846
vt -209.8533 -146.7331
vt -209.7969 -178.6354
vt -209.7405 -210.5377
vt -209.7108 -159.2862
vt -209.6543 -191.1885
vt -209.6246 -139.9369
vt -209.5682 -171.8392
vt -209.5118 -203.7415
vt -209.4820 -152.4900
vt -209.4256 -184.3923
vt -209.3959 -133.1408
vt -209.3395 -165.0431
vt -209.2831 -196.9454
vt -209.2533 -145.6939
vt -209.1969 -177.5962
vt -209.1405 -209.4985
vt -209.1108 -158.2469
vt -209.0543 -190.1492
vt -209.0246 -138.8977
vt -208.9682 -170.8000
vt -208.9118 -202.7023
vt -208.8820 -151.4508
vt -208.8256 -183.3531
vt -208.7959 -132.1015
vt -208.7395 -164.0038
vt -208.6831 -195.9061
vt -208.6533 -144.6546
vt -208.5969 -176.5569
vt -208.5405 -208.4592
vt -208.5108 -157.2077
vt -208.4543 -189.1100
vt -208.4246 -137.8585
vt -208.3682 -169.7608
vt -208.3118 -201.6631
vt -208.2820 -150.4115
vt -208.2256 -182.3138
vt -208.1959 -131.0623
vt -208.1395 -162.9646
vt -208.0831 -194.8669
vt -208.0533 -143.6154
vt -207.9969 -175.5177
vt -207.9405 -207.4200
vt -207.9108 -156.1685
vt -207.8543 -188.0708
vt -207.8246 -136.8192
vt -207.7682 -168.7215
vt -207.7118 -200.6238
vt -207.6820 -149.3723
vt -207.6256 -181.2746
vt -207.5959 -130.0231
vt -207.5692 -213.1769
vt -207.5395 -161.9254
vt -207.4831 -193.8277
vt -207.4533 -142.5762
vt -207.3969 -174.4785
vt -207.3405 -206.3808
vt -207.3108 -155.1292
vt -207.2543 -187.0315
vt -207.2246 -135.7800
vt -207.1682 -167.6823
vt -207.1118 -199.5846
vt -207.0820 -148.3331
vt -207.0256 -180.2354
vt -206.9692 -212.1377
vt -206.9395 -160.8862
vt -206.8831 -192.7885
vt -206.8533 -141.5369
vt -206.7969 -173.4392
vt -206.7405 -205.3415
vt -206.7108 -154.0900
vt -206.6543 -185.9923
vt -206.6246 -134.7408
vt -206.5682 -166.6431
vt -206.5118 -198.5454
vt -206.4820 -147.2939
vt -206.4256 -179.1962
vt -206.3692 -211.0985
vt -206.3395 -159.8469
vt -206.2831 -191.7492
vt -206.2533 -140.4977
vt -206.1969 -172.4000
vt -206.1405 -204.3023
vt -206.1108 -153.0508
vt -206.0543 -184.9531
vt -206.0246 -133.7015
vt -205.9682 -165.6038
vt -205.9118 -197.5061
vt -205.8820 -146.2546
vt -205.8256 -178.1569
vt -205.7692 -210.0592
vt -205.7395 -158.8077
vt -205.6831 -190.7100
vt -205.6533 -139.4585
vt -205.5969 -171.3608
vt -205.5405 -203.2631
vt -205.5108 -152.0115
vt -205.4543 -183.9138
vt -205.4246 -132.6623
vt -205.3682 -164.5646
vt -205.3118 -196.4669
vt -205.2820 -145.2154
vt -205.2256 -177.1177
vt -205.1692 -209.0200
vt -205.1395 -157.7685
vt -205.0831 -189.6708
vt -205.0533 -138.4192
vt -204.9969 -170.3215
vt -204.9405 -202.2238
vt -204.9108 -150.9723
vt -204.8543 -182.8746
vt -204.8246 -131.6231
vt -204.7979 -214.7769
vt -204.7682 -163.5254
vt -204.7118 -195.4277
vt -204.6820 -144.1762
vt -204.6256 -176.0785
vt -204.5692 -207.9808
vt -204.5395 -156.7292
vt -204.4831 -188.6315
vt -204.4533 -137.3800
vt -204.3969 -169.2823
vt -204.3405 -201.1846
vt -204.3108 -149.9331
vt -204.2543 -181.8354
vt -204.1979 -213.7377
vt -204.1682 -162.4862
vt -204.1118 -194.3885
vt -204.0820 -143.1369
vt -204.0256 -175.0392
vt -203.9692 -206.9415
vt -203.9395 -155.6900
vt -203.8831 -187.5923
vt -203.8533 -136.3408
vt -203.7969 -168.2431
vt -203.7405 -200.1454
vt -203.7108 -148.8939
vt -203.6543 -180.7962
vt -203.5979 -212.6985
vt -203.5682 -161.4469
vt -203.5118 -193.3492
vt -203.4820 -142.0977
vt -203.4256 -174.0000
vt -203.3692 -205.9023
vt -203.3395 -154.6508
vt -203.2831 -186.5531
vt -203.2533 -135.3015
vt -203.1969 -167.2038
vt -203.1405 -199.1061
vt -203.1108 -147.8546
vt -203.0543 -179.7569
vt -202.9979 -211.6592
vt -202.9682 -160.4077
vt -202.9118 -192.3100
vt -202.8820 -141.0585
vt -202.8256 -172.9608
vt -202.7692 -204.8631
vt -202.7395 -153.6115
vt -202.6831 -185.5138
vt -202.6533 -134.2623
vt -202.5969 -166.1646
vt -202.5405 -198.0669
vt -202.5108 -146.8154
vt -202.4543 -178.7177
vt -202.3979 -210.6200
vt -202.3682 -159.3685
vt -202.3118 -191.2708
vt -202.2820 -140.0192
vt -202.2256 -171.9215
vt -202.1692 -203.8238
vt -202.1395 -152.5723
vt -202.0831 -184.4746
vt -202.0533 -133.2231
vt -202.0267 -216.3769
vt -201.9969 -165.1254
vt -201.9405 -197.0277
vt -201.9108 -145.7762
vt -201.8543 -177.6785
vt -201.7979 -209.5808
vt -201.7682 -158.3292
vt -201.7118 -190.2315
vt -201.6820 -138.9800
vt -201.6256 -170.8823
vt -201.5692 -202.7846
vt -201.5395 -151.5331
vt -201.4831 -183.4354
vt -201.4267 -215.3377
vt -201.3969 -164.0862
vt -201.3405 -195.9885
vt -201.3108 -144.7369
vt -201.2543 -176.6392
vt -201.1979 -208.5415
vt -201.1682 -157.2900
vt -201.1118 -189.1923
vt -201.0820 -137.9408
vt -201.0256 -169.8431
vt -200.9692 -201.7454
vt -200.9395 -150.4939
vt -200.8831 -182.3962
vt -200.8267 -214.2985
vt -200.7969 -163.0469
vt -200.7405 -194.9492
vt -200.7108 -143.6977
vt -200.6543 -175.6000
vt -200.5979 -207.5023
vt -200.5682 -156.2508
vt -200.5118 -188.1531
vt -200.4820 -136.9015
vt -200.4256 -168.8038
vt -200.3692 -200.7061
vt -200.3395 -149.4546
vt -200.2831 -181.3569
vt -200.2267 -213.2592
vt -200.1969 -162.0077
vt -200.1405 -193.9100
vt -200.1108 -142.6585
vt -200.0543 -174.5608
vt -199.9979 -206.4631
vt -199.9682 -155.2115
vt -199.9118 -187.1138
vt -199.8820 -135.8623
vt -199.8256 -167.7646
vt -199.7692 -199.6669
vt -199.7395 -148.4154
vt -199.6831 -180.3177
vt -199.6267 -212.2200
vt -199.5969 -160.9685
vt -199.5405 -192.8708
vt -199.5108 -141.6192
vt -199.4543 -173.5215
vt -199.3979 -205.4238
vt -199.3682 -154.1723
vt -199.3118 -186.0746
vt -199.2820 -134.8231
vt -199.2554 -217.9769
vt -199.2256 -166.7254
vt -199.1692 -198.6277
vt -199.1395 -147.3762
vt -199.0831 -179.2785
vt -199.0267 -211.1808
vt -198.9969 -159.9292
vt -198.9405 -191.8315
vt -198.9108 -140.5800
vt -198.8543 -172.4823
vt -198.7979 -204.3846
vt -198.7682 -153.1331
vt -198.7118 -185.0354
vt -198.6554 -216.9377
vt -198.6256 -165.6862
vt -198.5692 -197.5885
vt -198.5395 -146.3369
vt -198.4831 -178.2392
vt -198.4267 -210.1415
vt -198.3969 -158.8900
vt -198.3405 -190.7923
vt -198.3108 -139.5408
vt -198.2543 -171.4431
vt -198.1979 -203.3454
vt -198.1682 -152.0939
vt -198.1118 -183.9962
vt -198.0554 -215.8985
vt -198.0256 -164.6469
vt -197.9692 -196.5492
vt -197.9395 -145.2977
vt -197.8831 -177.2000
vt -197.8267 -209.1023
vt -197.7969 -157.8508
vt -197.7405 -189.7531
vt -197.7108 -138.5015
vt -197.6543 -170.4038
vt -197.5979 -202.3061
vt -197.5682 -151.0546
vt -197.5118 -182.9569
vt -197.4554 -214.8592
vt -197.4256 -163.6077
vt -197.3692 -195.5100
vt -197.3395 -144.2585
vt -197.2831 -176.1608
vt -197.2267 -208.0631
vt -197.1969 -156.8115
vt -197.1405 -188.7138
vt -197.1108 -137.4623
vt -197.0543 -169.3646
vt -196.9979 -201.2669
vt -196.9682 -150.0154
vt -196.9118 -181.9177
vt -196.8554 -213.8200
vt -196.8256 -162.5685
vt -196.7692 -194.4708
vt -196.7395 -143.2192
vt -196.6831 -175.1215
vt -196.6267 -207.0238
vt -196.5969 -155.7723
vt -196.5405 -187.6746
vt -196.5108 -136.4231
vt -196.4841 -219.5769
vt -196.4543 -168.3254
vt -196.3979 -200.2277
vt -196.3682 -148.9762
vt -196.3118 -180.8785
vt -196.2554 -212.7808
vt -196.2256 -161.5292
vt -196.1692 -193.4315
vt -196.1395 -142.1800
vt -196.0831 -174.0823
vt -196.0267 -205.9846
vt -195.9969 -154.7331
vt -195.9405 -186.6354
vt -195.8841 -218.5377
vt -195.8543 -167.2862
vt -195.7979 -199.1885
vt -195.7682 -147.9369
vt -195.7118 -179.8392
vt -195.6554 -211.7415
vt -195.6256 -160.4900
vt -195.5692 -192.3923
vt -195.5395 -141.1408
vt -195.4831 -173.0431
vt -195.4267 -204.9454
vt -195.3969 -153.6939
vt -195.3405 -185.5962
vt -195.2841 -217.4985
vt -195.2543 -166.2469
vt -195.1979 -198.1492
vt -195.1682 -146.8977
vt -195.1118 -178.8000
vt -195.0554 -210.7023
vt -195.0256 -159.4508
vt -194.9692 -191.3531
vt -194.9395 -140.1015
vt -194.8831 -172.0038
vt -194.8267 -203.9061
vt -194.7969 -152.6546
vt -194.7405 -184.5569
vt -194.6841 -216.4592
vt -194.6543 -165.2077
vt -194.5979 -197.1100
vt -194.5682 -145.8585
vt -194.5118 -177.7608
vt -194.4554 -209.6631
vt -194.4256 -158.4115
vt -194.3692 -190.3138
vt -194.3395 -139.0623
vt -194.2831 -170.9646
vt -194.2267 -202.8669
vt -194.1969 -151.6154
vt -194.1405 -183.5177
vt -194.0841 -215.4200
vt -194.0543 -164.1685
vt -193.9979 -196.0708
vt -193.9682 -144.8192
vt -193.9118 -176.7215
vt -193.8554 -208.6238
vt -193.8256 -157.3723
vt -193.7692 -189.2746
vt -193.7395 -138.0231
vt -193.7128 -221.1769
vt -193.6831 -169.9254
vt -193.6267 -201.8277
vt -193.5969 -150.5762
vt -193.5405 -182.4785
vt -193.4841 -214.3808
vt -193.4543 -163.1292
vt -193.3979 -195.0315
vt -193.3682 -143.7800
vt -193.3118 -175.6823
vt -193.2554 -207.5846
vt -193.2256 -156.3331
vt -193.1692 -188.2354
vt -193.1128 -220.1377
vt -193.0831 -168.8862
vt -193.0267 -200.7885
vt -192.9969 -149.5369
vt -192.9405 -181.4392
vt -192.8841 -213.3415
vt -192.8543 -162.0900
vt -192.7979 -193.9923
vt -192.7682 -142.7408
vt -192.7118 -174.6431
vt -192.6554 -206.5454
vt -192.6256 -155.2939
vt -192.5692 -187.1962
vt -192.5128 -219.0985
vt -192.4831 -167.8469
vt -192.4267 -199.7492
vt -192.3969 -148.4977
vt -192.3405 -180.4000
vt -192.2841 -212.3023
vt -192.2543 -161.0508
vt -192.1979 -192.9531
vt -192.1682 -141.7015
vt -192.1118 -173.6038
vt -192.0554 -205.5061
vt -192.0256 -154.2546
vt -191.9692 -186.1569
vt -191.9128 -218.0592
vt -191.8831 -166.8077
vt -191.8267 -198.7100
vt -191.7969 -147.4585
vt -191.7405 -179.3608
vt -191.6841 -211.2631
vt -191.6543 -160.0115
vt -191.5979 -191.9138
vt -191.5682 -140.6623
vt -191.5118 -172.5646
vt -191.4554 -204.4669
vt -191.4256 -153.2154
vt -191.3692 -185.1177
vt -191.3128 -217.0200
vt -191.2831 -165.7685
vt -191.2267 -197.6708
vt -191.1969 -146.4192
vt -191.1405 -178.3215
vt -191.0841 -210.2238
vt -191.0543 -158.9723
vt -190.9979 -190.8746
vt -190.9682 -139.6231
vt -190.9415 -222.7769
vt -190.9118 -171.5254
vt -190.8554 -203.4277
vt -190.8256 -152.1762
vt -190.7692 -184.0785
vt -190.7128 -215.9808
vt -190.6831 -164.7292
vt -190.6267 -196.6315
vt -190.5969 -145.3800
vt -190.5405 -177.2823
vt -190.4841 -209.1846
vt -190.4543 -157.9331
vt -190.3979 -189.8354
vt -190.3415 -221.7377
vt -190.3118 -170.4862
vt -190.2554 -202.3885
vt -190.2256 -151.1369
vt -190.1692 -183.0392
vt -190.1128 -214.9415
vt -190.0831 -163.6900
vt -190.0267 -195.5923
vt -189.9969 -144.3408
vt -189.9405 -176.2431
vt -189.8841 -208.1454
vt -189.8543 -156.8939
vt -189.7979 -188.7962
vt -189.7415 -220.6985
vt -189.7118 -169.4469
vt -189.6554 -201.3492
vt -189.6256 -150.0977
vt -189.5692 -182.0000
vt -189.5128 -213.9023
vt -189.4831 -162.6508
vt -189.4267 -194.5531
vt -189.3969 -143.3015
vt -189.3405 -175.2038
vt -189.2841 -207.1061
vt -189.2543 -155.8546
vt -189.1979 -187.7569
vt -189.1415 -219.6592
vt -189.1118 -168.4077
vt -189.0554 -200.3100
vt -189.0256 -149.0585
vt -188.9692 -180.9608
vt -188.9128 -212.8631
vt -188.8831 -161.6115
vt -188.8267 -193.5138
vt -188.7969 -142.2623
vt -188.7405 -174.1646
vt -188.6841 -206.0669
vt -188.6543 -154.8154
vt -188.5979 -186.7177
vt -188.5415 -218.6200
vt -188.5118 -167.3685
vt -188.4554 -199.2708
vt -188.4256 -148.0192
vt -188.3692 -179.9215
vt -188.3128 -211.8238
vt -188.2831 -160.5723
vt -188.2267 -192.4746
vt -188.1969 -141.2231
vt -188.1703 -224.3769
vt -188.1405 -173.1254
vt -188.0841 -205.0277
vt -188.0543 -153.7762
vt -187.9979 -185.6785
vt -187.9415 -217.5808
vt -187.9118 -166.3292
vt -187.8554 -198.2315
vt -187.8256 -146.9800
vt -187.7692 -178.8823
vt -187.7128 -210.7846
vt -187.6831 -159.5331
vt -187.6267 -191.4354
vt -187.5703 -223.3377
vt -187.5405 -172.0862
vt -187.4841 -203.9885
vt -187.4543 -152.7369
vt -187.3979 -184.6392
vt -187.3415 -216.5415
vt -187.3118 -165.2900
vt -187.2554 -197.1923
vt -187.2256 -145.9408
vt -187.1692 -177.8431
vt -187.1128 -209.7454
vt -187.0831 -158.4939
vt -187.0267 -190.3962
vt -186.9703 -222.2985
vt -186.9405 -171.0469
vt -186.8841 -202.9492
vt -186.8543 -151.6977
vt -186.7979 -183.6000
vt -186.7415 -215.5023
vt -186.7118 -164.2508
vt -186.6554 -196.1531
vt -186.6256 -144.9015
vt -186.5692 -176.8038
vt -186.5128 -208.7061
vt -186.4831 -157.4546
vt -186.4267 -189.3569
vt -186.3703 -221.2592
vt -186.3405 -170.0077
vt -186.2841 -201.9100
vt -186.2543 -150.6585
vt -186.1979 -182.5608
vt -186.1415 -214.4631
vt -186.1118 -163.2115
vt -186.0554 -195.1138
vt -186.0256 -143.8623
vt -185.9692 -175.7646
vt -185.9128 -207.6669
vt -185.8831 -156.4154
vt -185.8267 -188.3177
vt -185.7703 -220.2200
vt -185.7405 -168.9685
vt -185.6841 -200.8708
vt -185.6543 -149.6192
vt -185.5979 -181.5215
vt -185.5415 -213.4238
vt -185.5118 -162.1723
vt -185.4554 -194.0746
vt -185.4256 -142.8231
vt -185.3990 -225.9769
vt -185.3692 -174.7254
vt -185.3128 -206.6277
vt -185.2831 -155.3762
vt -185.2267 -187.2785
vt -185.1703 -219.1808
vt -185.1405 -167.9292
vt -185.0841 -199.8315
vt -185.0543 -148.5800
vt -184.9979 -180.4823
vt -184.9415 -212.3846
vt -184.9118 -161.1331
vt -184.8554 -193.0354
vt -184.7990 -224.9377
vt -184.7692 -173.6862
vt -184.7128 -205.5885
vt -184.6831 -154.3369
vt -184.6267 -186.2392
vt -184.5703 -218.1415
vt -184.5405 -166.8900
vt -184.4841 -198.7923
vt -184.4543 -147.5408
vt -184.3979 -179.4431
vt -184.3415 -211.3454
vt -184.3118 -160.0939
vt -184.2554 -191.9962
vt -184.1990 -223.8985
vt -184.1692 -172.6469
vt -184.1128 -204.5492
vt -184.0831 -153.2977
vt -184.0267 -185.2000
vt -183.9703 -217.1023
vt -183.9405 -165.8508
vt -183.8841 -197.7531
vt -183.8543 -146.5015
vt -183.7979 -178.4038
vt -183.7415 -210.3061
vt -183.7118 -159.0546
vt -183.6554 -190.9569
vt -183.5990 -222.8592
vt -183.5692 -171.6077
vt -183.5128 -203.5100
vt -183.4831 -152.2585
vt -183.4267 -184.1608
vt -183.3703 -216.0631
vt -183.3405 -164.8115
vt -183.2841 -196.7138
vt -183.2543 -145.4623
vt -183.1979 -177.3646
vt -183.1415 -209.2669
vt -183.1118 -158.0154
vt -183.0554 -189.9177
vt -182.9990 -221.8200
vt -182.9692 -170.5685
vt -182.9128 -202.4708
vt -182.8831 -151.2192
vt -182.8267 -183.1215
vt -182.7703 -215.0238
vt -182.7405 -163.7723
vt -182.6841 -195.6746
vt -182.6543 -144.4231
vt -182.6277 -227.5769
vt -182.5979 -176.3254
vt -182.5415 -208.2277
vt -182.5118 -156.9762
vt -182.4554 -188.8785
vt -182.3990 -220.7808
vt -182.3692 -169.5292
vt -182.3128 -201.4315
vt -182.2831 -150.1800
vt -182.2267 -182.0823
vt -182.1703 -213.9846
vt -182.1405 -162.7331
vt -182.0841 -194.6354
vt -182.0277 -226.5377
vt -181.9979 -175.2862
vt -181.9415 -207.1885
vt -181.9118 -155.9369
vt -181.8554 -187.8392
vt -181.7990 -219.7415
vt -181.7692 -168.4900
vt -181.7128 -200.3923
vt -181.6831 -149.1408
vt -181.6267 -181.0431
vt -181.5703 -212.9454
vt -181.5405 -161.6939
vt -181.4841 -193.5962
vt -181.4277 -225.4985
vt -181.3979 -174.2469
vt -181.3415 -206.1492
vt -181.3118 -154.8977
vt -181.2554 -186.8000
vt -181.1990 -218.7023
vt -181.1692 -167.4508
vt -181.1128 -199.3531
vt -181.0831 -148.1015
vt -181.0267 -180.0038
vt -180.9703 -211.9061
vt -180.9405 -160.6546
vt -180.8841 -192.5569
vt -180.8277 -224.4592
vt -180.7979 -173.2077
vt -180.7415 -205.1100
vt -180.7118 -153.8585
vt -180.6554 -185.7608
vt -180.5990 -217.6631
vt -180.5692 -166.4115
vt -180.5128 -198.3138
vt -180.4831 -147.0623
vt -180.4267 -178.9646
vt -180.3703 -210.8669
vt -180.3405 -159.6154
vt -180.2841 -191.5177
vt -180.2277 -223.4200
vt -180.1979 -172.1685
vt -180.1415 -204.0708
vt -180.1118 -152.8192
vt -180.0554 -184.7215
vt -179.9990 -216.6238
vt -179.9692 -165.3723
vt -179.9128 -197.2746
vt -179.8831 -146.0231
vt -179.8564 -229.1769
vt -179.8267 -177.9254
vt -179.7703 -209.8277
vt -179.7405 -158.5762
vt -179.6841 -190.4785
vt -179.6277 -222.3808
vt -179.5979 -171.1292
vt -179.5415 -203.0315
vt -179.5118 -151.7800
vt -179.4554 -183.6823
vt -179.3990 -215.5846
vt -179.3692 -164.3331
vt -179.3128 -196.2354
vt -179.2564 -228.1377
vt -179.2267 -176.8862
vt -179.1703 -208.7885
vt -179.1405 -157.5369
vt -179.0841 -189.4392
vt -179.0277 -221.3415
vt -178.9979 -170.0900
vt -178.9415 -201.9923
vt -178.9118 -150.7408
vt -178.8554 -182.6431
vt -178.7990 -214.5454
vt -178.7692 -163.2939
vt -178.7128 -195.1962
vt -178.6564 -227.0985
vt -178.6267 -175.8469
vt -178.5703 -207.7492
vt -178.5405 -156.4977
vt -178.4841 -188.4000
vt -178.4277 -220.3023
vt -178.3979 -169.0508
vt -178.3415 -200.9531
vt -178.3118 -149.7015
vt -178.2554 -181.6038
vt -178.1990 -213.5061
vt -178.1692 -162.2546
vt -178.1128 -194.1569
vt -178.0564 -226.0592
vt -178.0267 -174.8077
vt -177.9703 -206.7100
vt -177.9405 -155.4585
vt -177.8841 -187.3608
vt -177.8277 -219.2631
vt -177.7979 -168.0115
vt -177.7415 -199.9138
vt -177.7118 -148.6623
vt -177.6554 -180.5646
vt -177.5990 -212.4669
vt -177.5692 -161.2154
vt -177.5128 -193.1177
vt -177.4564 -225.0200
vt -177.4267 -173.7685
vt -177.3703 -205.6708
vt -177.3405 -154.4192
vt -177.2841 -186.3215
vt -177.2277 -218.2238
vt -177.1979 -166.9723
vt -177.1415 -198.8746
vt -177.1118 -147.6231
vt -177.0851 -230.7769
vt -177.0554 -179.5254
vt -176.9990 -211.4277
vt -176.9692 -160.1762
vt -176.9128 -192.0785
vt -176.8564 -223.9808
vt -176.8267 -172.7292
vt -176.7703 -204.6315
vt -176.7405 -153.3800
vt -176.6841 -185.2823
vt -176.6277 -217.1846
vt -176.5979 -165.9331
vt -176.5415 -197.8354
vt -176.4851 -229.7377
vt -176.4554 -178.4862
vt -176.3990 -210.3885
vt -176.3692 -159.1369
vt -176.3128 -191.0392
vt -176.2564 -222.9415
vt -176.2267 -171.6900
vt -176.1703 -203.5923
vt -176.1405 -152.3408
vt -176.0841 -184.2431
vt -176.0277 -216.1454
vt -175.9979 -164.8939
vt -175.9415 -196.7962
vt -175.8851 -228.6985
vt -175.8554 -177.4469
vt -175.7990 -209.3492
vt -175.7692 -158.0977
vt -175.7128 -190.0000
vt -175.6564 -221.9023
vt -175.6267 -170.6508
vt -175.5703 -202.5531
vt -175.5405 -151.3015
vt -175.4841 -183.2038
vt -175.4277 -215.1061
vt -175.3979 -163.8546
vt -175.3415 -195.7569
vt -175.2851 -227.6592
vt -175.2554 -176.4077
vt -175.1990 -208.3100
vt -175.1692 -157.0585
vt -175.1128 -188.9608
vt -175.0564 -220.8631
vt -175.0267 -169.6115
vt -174.9703 -201.5138
vt -174.9405 -150.2623
vt -174.8841 -182.1646
vt -174.8277 -214.0669
vt -174.7979 -162.8154
vt -174.7415 -194.7177
vt -174.6851 -226.6200
vt -174.6554 -175.3685
vt -174.5990 -207.2708
vt -174.5692 -156.0192
vt -174.5128 -187.9215
vt -174.4564 -219.8238
vt -174.4267 -168.5723
vt -174.3703 -200.4746
vt -174.3405 -149.2231
vt -174.3138 -232.3769
vt -174.2841 -181.1254
vt -174.2277 -213.0277
vt -174.1979 -161.7762
vt -174.1415 -193.6785
vt -174.0851 -225.5808
vt -174.0554 -174.3292
vt -173.9990 -206.2315
vt -173.9692 -154.9800
vt -173.9128 -186.8823
vt -173.8564 -218.7846
vt -173.8267 -167.5331
vt -173.7703 -199.4354
vt -173.7138 -231.3377
vt -173.6841 -180.0862
vt -173.6277 -211.9885
vt -173.5979 -160.7369
vt -173.5415 -192.6392
vt -173.4851 -224.5415
vt -173.4554 -173.2900
vt -173.3990 -205.1923
vt -173.3692 -153.9408
vt -173.3128 -185.8431
vt -173.2564 -217.7454
vt -173.2267 -166.4939
vt -173.1703 -198.3962
vt -173.1138 -230.2985
vt -173.0841 -179.0469
vt -173.0277 -210.9492
vt -172.9979 -159.6977
vt -172.9415 -191.6000
vt -172.8851 -223.5023
vt -172.8554 -172.2508
vt -172.7990 -204.1531
vt -172.7692 -152.9015
vt -172.7128 -184.8038
vt -172.6564 -216.7061
vt -172.6267 -165.4546
vt -172.5703 -197.3569
vt -172.5138 -229.2592
vt -172.4841 -178.0077
vt -172.4277 -209.9100
vt -172.3979 -158.6585
vt -172.3415 -190.5608
vt -172.2851 -222.4631
vt -172.2554 -171.2115
vt -172.1990 -203.1138
vt -172.1692 -151.8623
vt -172.1128 -183.7646
vt -172.0564 -215.6669
vt -172.0267 -164.4154
vt -171.9703 -196.3177
vt -171.9138 -228.2200
vt -171.8841 -176.9685
vt -171.8277 -208.8708
vt -171.7979 -157.6192
vt -171.7415 -189.5215
vt -171.6851 -221.4238
vt -171.6554 -170.1723
vt -171.5990 -202.0746
vt -171.5692 -150.8231
vt -171.5426 -233.9769
vt -171.5128 -182.7254
vt -171.4564 -214.6277
vt -171.4267 -163.3762
vt -171.3703 -195.2785
vt -171.3138 -227.1808
vt -171.2841 -175.9292
vt -171.2277 -207.8315
vt -171.1979 -156.5800
vt -171.1415 -188.4823
vt -171.0851 -220.3846
vt -171.0554 -169.1331
vt -170.9990 -201.0354
vt -170.9426 -232.9377
vt -170.9128 -181.6862
vt -170.8564 -213.5885
vt -170.8267 -162.3369
vt -170.7703 -194.2392
vt -170.7138 -226.1415
vt -170.6841 -174.8900
vt -170.6277 -206.7923
vt -170.5979 -155.5408
vt -170.5415 -187.4431
vt -170.4851 -219.3454
vt -170.4554 -168.0939
vt -170.3990 -199.9962
vt -170.3426 -231.8985
vt -170.3128 -180.6469
vt -170.2564 -212.5492
vt -170.2267 -161.2977
vt -170.1703 -193.2000
vt -170.1138 -225.1023
vt -170.0841 -173.8508
vt -170.0277 -205.7531
vt -169.9979 -154.5015
vt -169.9415 -186.4038
vt -169.8851 -218.3061
vt -169.8554 -167.0546
vt -169.7990 -198.9569
vt -169.7426 -230.8592
vt -169.7128 -179.6077
vt -169.6564 -211.5100
vt -169.6267 -160.2585
vt -169.5703 -192.1608
vt -169.5138 -224.0631
vt -169.4841 -172.8115
vt -169.4277 -204.7138
vt -169.3979 -153.4623
vt -169.3415 -185.3646
vt -169.2851 -217.2669
vt -169.2554 -166.0154
vt -169.1990 -197.9177
vt -169.1426 -229.8200
vt -169.1128 -178.5685
vt -169.0564 -210.4708
vt -169.0267 -159.2192
vt -168.9703 -191.1215
vt -168.9138 -223.0238
vt -168.8841 -171.7723
vt -168.8277 -203.6746
vt -168.7979 -152.4231
vt -168.7713 -235.5769
vt -168.7415 -184.3254
vt -168.6851 -216.2277
vt -168.6554 -164.9762
vt -168.5990 -196.8785
vt -168.5426 -228.7808
vt -168.5128 -177.5292
vt -168.4564 -209.4315
vt -168.4267 -158.1800
vt -168.3703 -190.0823
vt -168.3138 -221.9846
vt -168.2841 -170.7331
vt -168.2277 -202.6354
vt -168.1713 -234.5377
vt -168.1415 -183.2862
vt -168.0851 -215.1885
vt -168.0554 -163.9369
vt -167.9990 -195.8392
vt -167.9426 -227.7415
vt -167.9128 -176.4900
vt -167.8564 -208.3923
vt -167.8267 -157.1408
vt -167.7703 -189.0431
vt -167.7138 -220.9454
vt -167.6841 -169.6939
vt -167.6277 -201.5962
vt -167.5713 -233.4985
vt -167.5415 -182.2469
vt -167.4851 -214.1492
vt -167.4554 -162.8977
vt -167.3990 -194.8000
vt -167.3426 -226.7023
vt -167.3128 -175.4508
vt -167.2564 -207.3531
vt -167.2267 -156.1015
vt -167.1703 -188.0038
vt -167.1138 -219.9061
vt -167.0841 -168.6546
vt -167.0277 -200.5569
vt -166.9713 -232.4592
vt -166.9415 -181.2077
vt -166.8851 -213.1100
vt -166.8554 -161.8585
vt -166.7990 -193.7608
vt -166.7426 -225.6631
vt -166.7128 -174.4115
vt -166.6564 -206.3138
vt -166.6267 -155.0623
vt -166.5703 -186.9646
vt -166.5138 -218.8669
vt -166.4841 -167.6154
vt -166.4277 -199.5177
vt -166.3713 -231.4200
vt -166.3415 -180.1685
vt -166.2851 -212.0708
vt -166.2554 -160.8192
vt -166.1990 -192.7215
vt -166.1426 -224.6238
vt -166.1128 -173.3723
vt -166.0564 -205.2746
vt -166.0267 -154.0231
vt -166.0000 -237.1769
vt -165.9703 -185.9254
vt -165.9138 -217.8277
vt -165.8841 -166.5762
vt -165.8277 -198.4785
vt -165.7713 -230.3808
vt -165.7415 -179.1292
vt -165.6851 -211.0315
vt -165.6554 -159.7800
vt -165.5990 -191.6823
vt -165.5426 -223.5846
vt -165.5128 -172.3331
vt -165.4564 -204.2354
vt -165.4000 -236.1377
vt -165.3703 -184.8862
vt -165.3138 -216.7885
vt -165.2841 -165.5369
vt -165.2277 -197.4392
vt -165.1713 -229.3415
vt -165.1415 -178.0900
vt -165.0851 -209.9923
vt -165.0554 -158.7408
vt -164.9990 -190.6431
vt -164.9426 -222.5454
vt -164.9128 -171.2939
vt -164.8564 -203.1962
vt -164.8000 -235.0985
vt -164.7703 -183.8469
vt -164.7138 -215.7492
vt -164.6841 -164.4977
vt -164.6277 -196.4000
vt -164.5713 -228.3023
vt -164.5415 -177.0508
vt -164.4851 -208.9531
vt -164.4554 -157.7015
vt -164.3990 -189.6038
vt -164.3426 -221.5061
vt -164.3128 -170.2546
vt -164.2564 -202.1569
vt -164.2000 -234.0592
vt -164.1703 -182.8077
vt -164.1138 -214.7100
vt -164.0841 -163.4585
vt -164.0277 -195.3608
vt -163.9713 -227.2631
vt -163.9415 -176.0115
vt -163.8851 -207.9138
vt -163.8554 -156.6623
vt -163.7990 -188.5646
vt -163.7426 -220.4669
vt -163.7128 -169.2154
vt -163.6564 -201.1177
vt -163.6000 -233.0200
vt -163.5703 -181.7685
vt -163.5138 -213.6708
vt -163.4841 -162.4192
vt -163.4277 -194.3215
vt -163.3713 -226.2238
vt -163.3415 -174.9723
vt -163.2851 -206.8746
vt -163.2554 -155.6231
vt -163.2287 -238.7769
vt -163.1990 -187.5254
vt -163.1426 -219.4277
vt -163.1128 -168.1762
vt -163.0564 -200.0785
vt -163.0000 -231.9808
vt -162.9703 -180.7292
vt -162.9138 -212.6315
vt -162.8841 -161.3800
vt -162.8277 -193.2823
vt -162.7713 -225.1846
vt -162.7415 -173.9331
vt -162.6851 -205.8354
vt -162.6287 -237.7377
vt -162.5990 -186.4862
vt -162.5426 -218.3885
vt -162.5128 -167.1369
vt -162.4564 -199.0392
vt -162.4000 -230.9415
vt -162.3703 -179.6900
vt -162.3138 -211.5923
vt -162.2841 -160.3408
vt -162.2277 -192.2431
vt -162.1713 -224.1454
vt -162.1415 -172.8939
vt -162.0851 -204.7962
vt -162.0287 -236.6985
vt -161.9990 -185.4469
vt -161.9426 -217.3492
vt -161.9128 -166.0977
vt -161.8564 -198.0000
vt -161.8000 -229.9023
vt -161.7703 -178.6508
vt -161.7138 -210.5531
vt -161.6841 -159.3015
vt -161.6277 -191.2038
vt -161.5713 -223.1061
vt -161.5415 -171.8546
vt -161.4851 -203.7569
vt -161.4287 -235.6592
vt -161.3990 -184.4077
vt -161.3426 -216.3100
vt -161.3128 -165.0585
vt -161.2564 -196.9608
vt -161.2000 -228.8631
vt -161.1703 -177.6115
vt -161.1138 -209.5138
vt -161.0841 -158.2623
vt -161.0277 -190.1646
vt -160.9713 -222.0669
vt -160.9415 -170.8154
vt -160.8851 -202.7177
vt -160.8287 -234.6200
vt -160.7990 -183.3685
vt -160.7426 -215.2708
vt -160.7128 -164.0192
vt -160.6564 -195.9215
vt -160.6000 -227.8238
vt -160.5703 -176.5723
vt -160.5138 -208.4746
vt -160.4841 -157.2231
vt -160.4574 -240.3769
vt -160.4277 -189.1254
vt -160.3713 -221.0277
vt -160.3415 -169.7762
vt -160.2851 -201.6785
vt -160.2287 -233.5808
vt -160.1990 -182.3292
vt -160.1426 -214.2315
vt -160.1128 -162.9800
vt -160.0564 -194.8823
vt -160.0000 -226.7846
vt -159.9703 -175.5331
vt -159.9138 -207.4354
vt -159.8574 -239.3377
vt -159.8277 -188.0862
vt -159.7713 -219.9885
vt -159.7415 -168.7369
vt -159.6851 -200.6392
vt -159.6287 -232.5415
vt -159.5990 -181.2900
vt -159.5426 -213.1923
vt -159.5128 -161.9408
vt -159.4564 -193.8431
vt -159.4000 -225.7454
vt -159.3703 -174.4939
vt -159.3138 -206.3962
vt -159.2574 -238.2985
vt -159.2277 -187.0469
vt -159.1713 -218.9492
vt -159.1415 -167.6977
vt -159.0851 -199.6000
vt -159.0287 -231.5023
vt -158.9990 -180.2508
vt -158.9426 -212.1531
vt -158.9128 -160.9015
vt -158.8564 -192.8038
vt -158.8000 -224.7061
vt -158.7703 -173.4546
vt -158.7138 -205.3569
vt -158.6574 -237.2592
vt -158.6277 -186.0077
vt -158.5713 -217.9100
vt -158.5415 -166.6585
vt -158.4851 -198.5608
vt -158.4287 -230.4631
vt -158.3990 -179.2115
vt -158.3426 -211.1138
vt -158.3128 -159.8623
vt -158.2564 -191.7646
vt -158.2000 -223.6669
vt -158.1703 -172.4154
vt -158.1138 -204.3177
vt -158.0574 -236.2200
vt -158.0277 -184.9685
vt -157.9713 -216.8708
vt -157.9415 -165.6192
vt -157.8851 -197.5215
vt -157.8287 -229.4238
vt -157.7990 -178.1723
vt -157.7426 -210.0746
vt -157.7128 -158.8231
vt -157.6862 -241.9769
vt -157.6564 -190.7254
vt -157.6000 -222.6277
vt -157.5703 -171.3762
vt -157.5138 -203.2785
vt -157.4574 -235.1808
vt -157.4277 -183.9292
vt -157.3713 -215.8315
vt -157.3415 -164.5800
vt -157.2851 -196.4823
vt -157.2287 -228.3846
vt -157.1990 -177.1331
vt -157.1426 -209.0354
vt -157.0862 -240.9377
vt -157.0564 -189.6862
vt -157.0000 -221.5885
vt -156.9703 -170.3369
vt -156.9138 -202.2392
vt -156.8574 -234.1415
vt -156.8277 -182.8900
vt -156.7713 -214.7923
vt -156.7415 -163.5408
vt -156.6851 -195.4431
vt -156.6287 -227.3454
vt -156.5990 -176.0939
vt -156.5426 -207.9962
vt -156.4862 -239.8985
vt -156.4564 -188.6469
vt -156.4000 -220.5492
vt -156.3703 -169.2977
vt -156.3138 -201.2000
vt -156.2574 -233.1023
vt -156.2277 -181.8508
vt -156.1713 -213.7531
vt -156.1415 -162.5015
vt -156.0851 -194.4038
vt -156.0287 -226.3061
vt -155.9990 -175.0546
vt -155.9426 -206.9569
vt -155.8862 -238.8592
vt -155.8564 -187.6077
vt -155.8000 -219.5100
vt -155.7703 -168.2585
vt -155.7138 -200.1608
vt -155.6574 -232.0631
vt -155.6277 -180.8115
vt -155.5713 -212.7138
vt -155.5415 -161.4623
vt -155.4851 -193.3646
vt -155.4287 -225.2669
vt -155.3990 -174.0154
vt -155.3426 -205.9177
vt -155.2862 -237.8200
vt -155.2564 -186.5685
vt -155.2000 -218.4708
vt -155.1703 -167.2192
vt -155.1138 -199.1215
vt -155.0574 -231.0238
vt -155.0277 -179.7723
vt -154.9713 -211.6746
vt -154.9415 -160.4231
vt -154.9149 -243.5769
vt -154.8851 -192.3254
vt -154.8287 -224.2277
vt -154.7990 -172.9762
vt -154.7426 -204.8785
vt -154.6862 -236.7808
vt -154.6564 -185.5292
vt -154.6000 -217.4315
vt -154.5703 -166.1800
vt -154.5138 -198.0823
vt -154.4574 -229.9846
vt -154.4277 -178.7331
vt -154.3713 -210.6354
vt -154.3149 -242.5377
vt -154.2851 -191.2862
vt -154.2287 -223.1885
vt -154.1990 -171.9369
vt -154.1426 -203.8392
vt -154.0862 -235.7415
vt -154.0564 -184.4900
vt -154.0000 -216.3923
vt -153.9703 -165.1408
vt -153.9138 -197.0431
vt -153.8574 -228.9454
vt -153.8277 -177.6939
vt -153.7713 -209.5962
vt -153.7149 -241.4985
vt -153.6851 -190.2469
vt -153.6287 -222.1492
vt -153.5990 -170.8977
vt -153.5426 -202.8000
vt -153.4862 -234.7023
vt -153.4564 -183.4508
vt -153.4000 -215.3531
vt -153.3703 -164.1015
vt -153.3138 -196.0038
vt -153.2574 -227.9061
vt -153.2277 -176.6546
vt -153.1713 -208.5569
vt -153.1149 -240.4592
vt -153.0851 -189.2077
vt -153.0287 -221.1100
vt -152.9990 -169.8585
vt -152.9426 -201.7608
vt -152.8862 -233.6631
vt -152.8564 -182.4115
vt -152.8000 -214.3138
vt -152.7703 -163.0623
vt -152.7138 -194.9646
vt -152.6574 -226.8669
vt -152.6277 -175.6154
vt -152.5713 -207.5177
vt -152.5149 -239.4200
vt -152.4851 -188.1685
vt -152.4287 -220.0708
vt -152.3990 -168.8192
vt -152.3426 -200.7215
vt -152.2862 -232.6238
vt -152.2564 -181.3723
vt -152.2000 -213.2746
vt -152.1703 -162.0231
vt -152.1436 -245.1769
vt -152.1138 -193.9254
vt -152.0574 -225.8277
vt -152.0277 -174.5762
vt -151.9713 -206.4785
vt -151.9149 -238.3808
vt -151.8851 -187.1292
vt -151.8287 -219.0315
vt -151.7990 -167.7800
vt -151.7426 -199.6823
vt -151.6862 -231.5846
vt -151.6564 -180.3331
vt -151.6000 -212.2354
vt -151.5436 -244.1377
vt -151.5138 -192.8862
vt -151.4574 -224.7885
vt -151.4277 -173.5369
vt -151.3713 -205.4392
vt -151.3149 -237.3415
vt -151.2851 -186.0900
vt -151.2287 -217.9923
vt -151.1990 -166.7408
vt -151.1426 -198.6431
vt -151.0862 -230.5454
vt -151.0564 -179.2939
vt -151.0000 -211.1962
vt -150.9436 -243.0985
vt -150.9138 -191.8469
vt -150.8574 -223.7492
vt -150.8277 -172.4977
vt -150.7713 -204.4000
vt -150.7149 -236.3023
vt -150.6851 -185.0508
vt -150.6287 -216.9531
vt -150.5990 -165.7015
vt -150.5426 -197.6038
vt -150.4862 -229.5061
vt -150.4564 -178.2546
vt -150.4000 -210.1569
vt -150.3436 -242.0592
vt -150.3138 -190.8077
vt -150.2574 -222.7100
vt -150.2277 -171.4585
vt -150.1713 -203.3608
vt -150.1149 -235.2631
vt -150.0851 -184.0115
vt -150.0287 -215.9138
vt -149.9990 -164.6623
vt -149.9426 -196.5646
vt -149.8862 -228.4669
vt -149.8564 -177.2154
vt -149.8000 -209.1177
vt -149.7436 -241.0200
vt -149.7138 -189.7685
vt -149.6574 -221.6708
vt -149.6277 -170.4192
vt -149.5713 -202.3215
vt -149.5149 -234.2238
vt -149.4851 -182.9723
vt -149.4287 -214.8746
vt -149.3990 -163.6231
vt -149.3723 -246.7769
vt -149.3426 -195.5254
vt -149.2862 -227.4277
vt -149.2564 -176.1762
vt -149.2000 -208.0785
vt -149.1436 -239.9808
vt -149.1138 -188.7292
vt -149.0574 -220.6315
vt -149.0277 -169.3800
vt -148.9713 -201.2823
vt -148.9149 -233.1846
vt -148.8851 -181.9331
vt -148.8287 -213.8354
vt -148.7723 -245.7377
vt -148.7426 -194.4862
vt -148.6862 -226.3885
vt -148.6564 -175.1369
vt -148.6000 -207.0392
vt -148.5436 -238.9415
vt -148.5138 -187.6900
vt -148.4574 -219.5923
vt -148.4277 -168.3408
vt -148.3713 -200.2431
vt -148.3149 -232.1454
vt -148.2851 -180.8939
vt -148.2287 -212.7962
vt -148.1723 -244.6985
vt -148.1426 -193.4469
vt -148.0862 -225.3492
vt -148.0564 -174.0977
vt -148.0000 -206.0000
vt -147.9436 -237.9023
vt -147.9138 -186.6508
vt -147.8574 -218.5531
vt -147.8277 -167.3015
vt -147.7713 -199.2038
vt -147.7149 -231.1061
vt -147.6851 -179.8546
vt -147.6287 -211.7569
vt -147.5723 -243.6592
vt -147.5426 -192.4077
vt -147.4862 -224.3100
vt -147.4564 -173.0585
vt -147.4000 -204.9608
vt -147.3436 -236.8631
vt -147.3138 -185.6115
vt -147.2574 -217.5138
vt -147.2277 -166.2623
vt -147.1713 -198.1646
vt -147.1149 -230.0669
vt -147.0851 -178.8154
vt -147.0287 -210.7177
vt -146.9723 -242.6200
vt -146.9426 -191.3685
vt -146.8862 -223.2708
vt -146.8564 -172.0192
vt -146.8000 -203.9215
vt -146.7436 -235.8238
vt -146.7138 -184.5723
vt -146.6574 -216.4746
vt -146.6277 -165.2231
vt -146.6010 -248.3769
vt -146.5713 -197.1254
vt -146.5149 -229.0277
vt -146.4851 -177.7762
vt -146.4287 -209.6785
vt -146.3723 -241.5808
vt -146.3426 -190.3292
vt -146.2862 -222.2315
vt -146.2564 -170.9800
vt -146.2000 -202.8823
vt -146.1436 -234.7846
vt -146.1138 -183.5331
vt -146.0574 -215.4354
vt -146.0010 -247.3377
vt -145.9713 -196.0862
vt -145.9149 -227.9885
vt -145.8851 -176.7369
vt -145.8287 -208.6392
vt -145.7723 -240.5415
vt -145.7426 -189.2900
vt -145.6862 -221.1923
vt -145.6564 -169.9408
vt -145.6000 -201.8431
vt -145.5436 -233.7454
vt -145.5138 -182.4939
vt -145.4574 -214.3962
vt -145.4010 -246.2985
vt -145.3713 -195.0469
vt -145.3149 -226.9492
vt -145.2851 -175.6977
vt -145.2287 -207.6000
vt -145.1723 -239.5023
vt -145.1426 -188.2508
vt -145.0862 -220.1531
vt -145.0564 -168.9015
vt -145.0000 -200.8038
vt -144.9436 -232.7061
vt -144.9138 -181.4546
vt -144.8574 -213.3569
vt -144.8010 -245.2592
vt -144.7713 -194.0077
vt -144.7149 -225.9100
vt -144.6851 -174.6585
vt -144.6287 -206.5608
vt -144.5723 -238.4631
vt -144.5426 -187.2115
vt -144.4862 -219.1138
vt -144.4564 -167.8623
vt -144.4000 -199.7646
vt -144.3436 -231.6669
vt -144.3138 -180.4154
vt -144.2574 -212.3177
vt -144.2010 -244.2200
vt -144.1713 -192.9685
vt -144.1149 -224.8708
vt -144.0851 -173.6192
vt -144.0287 -205.5215
vt -143.9723 -237.4238
vt -143.9426 -186.1723
vt -143.8862 -218.0746
vt -143.8564 -166.8231
vt -143.8297 -249.9769
vt -143.8000 -198.7254
vt -143.7436 -230.6277
vt -143.7138 -179.3762
vt -143.6574 -211.2785
vt -143.6010 -243.1808
vt -143.5713 -191.9292
vt -143.5149 -223.8315
vt -143.4851 -172.5800
vt -143.4287 -204.4823
vt -143.3723 -236.3846
vt -143.3426 -185.1331
vt -143.2862 -217.0354
vt -143.2297 -248.9377
vt -143.2000 -197.6862
vt -143.1436 -229.5885
vt -143.1138 -178.3369
vt -143.0574 -210.2392
vt -143.0010 -242.1415
vt -142.9713 -190.8900
vt -142.9149 -222.7923
vt -142.8851 -171.5408
vt -142.8287 -203.4431
vt -142.7723 -235.3454
vt -142.7426 -184.0939
vt -142.6862 -215.9962
vt -142.6297 -247.8985
vt -142.6000 -196.6469
vt -142.5436 -228.5492
vt -142.5138 -177.2977
vt -142.4574 -209.2000
vt -142.4010 -241.1023
vt -142.3713 -189.8508
vt -142.3149 -221.7531
vt -142.2851 -170.5015
vt -142.2287 -202.4038
vt -142.1723 -234.3061
vt -142.1426 -183.0546
vt -142.0862 -214.9569
vt -142.0297 -246.8592
vt -142.0000 -195.6077
vt -141.9436 -227.5100
vt -141.9138 -176.2585
vt -141.8574 -208.1608
vt -141.8010 -240.0631
vt -141.7713 -188.8115
vt -141.7149 -220.7138
vt -141.6851 -169.4623
vt -141.6287 -201.3646
vt -141.5723 -233.2669
vt -141.5426 -182.0154
vt -141.4862 -213.9177
vt -141.4297 -245.8200
vt -141.4000 -194.5685
vt -141.3436 -226.4708
vt -141.3138 -175.2192
vt -141.2574 -207.1215
vt -141.2010 -239.0238
vt -141.1713 -187.7723
vt -141.1149 -219.6746
vt -141.0851 -168.4231
vt -141.0585 -251.5769
vt -141.0287 -200.3254
vt -140.9723 -232.2277
vt -140.9426 -180.9762
vt -140.8862 -212.8785
vt -140.8297 -244.7808
vt -140.8000 -193.5292
vt -140.7436 -225.4315
vt -140.7138 -174.1800
vt -140.6574 -206.0823
vt -140.6010 -237.9846
vt -140.5713 -186.7331
vt -140.5149 -218.6354
vt -140.4585 -250.5377
vt -140.4287 -199.2862
vt -140.3723 -231.1885
vt -140.3426 -179.9369
vt -140.2862 -211.8392
vt -140.2297 -243.7415
vt -140.2000 -192.4900
vt -140.1436 -224.3923
vt -140.1138 -173.1408
vt -140.0574 -205.0431
vt -140.0010 -236.9454
vt -139.9713 -185.6939
vt -139.9149 -217.5962
vt -139.8585 -249.4985
vt -139.8287 -198.2469
vt -139.7723 -230.1492
vt -139.7426 -178.8977
vt -139.6862 -210.8000
vt -139.6297 -242.7023
vt -139.6000 -191.4508
vt -139.5436 -223.3531
vt -139.5138 -172.1015
vt -139.4574 -204.0038
vt -139.4010 -235.9061
vt -139.3713 -184.6546
vt -139.3149 -216.5569
vt -139.2585 -248.4592
vt -139.2287 -197.2077
vt -139.1723 -229.1100
vt -139.1426 -177.8585
vt -139.0862 -209.7608
vt -139.0297 -241.6631
vt -139.0000 -190.4115
vt -138.9436 -222.3138
vt -138.9138 -171.0623
vt -138.8574 -202.9646
vt -138.8010 -234.8669
vt -138.7713 -183.6154
vt -138.7149 -215.5177
vt -138.6585 -247.4200
vt -138.6287 -196.1685
vt -138.5723 -228.0708
vt -138.5426 -176.8192
vt -138.4862 -208.7215
vt -138.4297 -240.6238
vt -138.4000 -189.3723
vt -138.3436 -221.2746
vt -138.3138 -170.0231
vt -138.2872 -253.1769
vt -138.2574 -201.9254
vt -138.2010 -233.8277
vt -138.1713 -182.5762
vt -138.1149 -214.4785
vt -138.0585 -246.3808
vt -138.0287 -195.1292
vt -137.9723 -227.0315
vt -137.9426 -175.7800
vt -137.8862 -207.6823
vt -137.8297 -239.5846
vt -137.8000 -188.3331
vt -137.7436 -220.2354
vt -137.6872 -252.1377
vt -137.6574 -200.8862
vt -137.6010 -232.7885
vt -137.5713 -181.5369
vt -137.5149 -213.4392
vt -137.4585 -245.3415
vt -137.4287 -194.0900
vt -137.3723 -225.9923
vt -137.3426 -174.7408
vt -137.2862 -206.6431
vt -137.2297 -238.5454
vt -137.2000 -187.2939
vt -137.1436 -219.1962
vt -137.0872 -251.0985
vt -137.0574 -199.8469
vt -137.0010 -231.7492
vt -136.9713 -180.4977
vt -136.9149 -212.4000
vt -136.8585 -244.3023
vt -136.8287 -193.0508
vt -136.7723 -224.9531
vt -136.7426 -173.7015
vt -136.6862 -205.6038
vt -136.6297 -237.5061
vt -136.6000 -186.2546
vt -136.5436 -218.1569
vt -136.4872 -250.0592
vt -136.4574 -198.8077
vt -136.4010 -230.7100
vt -136.3713 -179.4585
vt -136.3149 -211.3608
vt -136.2585 -243.2631
vt -136.2287 -192.0115
vt -136.1723 -223.9138
vt -136.1426 -172.6623
vt -136.0862 -204.5646
vt -136.0297 -236.4669
vt -136.0000 -185.2154
vt -135.9436 -217.1177
vt -135.8872 -249.0200
vt -135.8574 -197.7685
vt -135.8010 -229.6708
vt -135.7713 -178.4192
vt -135.7149 -210.3215
vt -135.6585 -242.2238
vt -135.6287 -190.9723
vt -135.5723 -222.8746
vt -135.5426 -171.6231
vt -135.5159 -254.7769
vt -135.4862 -203.5254
vt -135.4297 -235.4277
vt -135.4000 -184.1762
vt -135.3436 -216.0785
vt -135.2872 -247.9808
vt -135.2574 -196.7292
vt -135.2010 -228.6315
vt -135.1713 -177.3800
vt -135.1149 -209.2823
vt -135.0585 -241.1846
vt -135.0287 -189.9331
vt -134.9723 -221.8354
vt -134.9159 -253.7377
vt -134.8862 -202.4862
vt -134.8297 -234.3885
vt -134.8000 -183.1369
vt -134.7436 -215.0392
vt -134.6872 -246.9415
vt -134.6574 -195.6900
vt -134.6010 -227.5923
vt -134.5713 -176.3408
vt -134.5149 -208.2431
vt -134.4585 -240.1454
vt -134.4287 -188.8939
vt -134.3723 -220.7962
vt -134.3159 -252.6985
vt -134.2862 -201.4469
vt -134.2297 -233.3492
vt -134.2000 -182.0977
vt -134.1436 -214.0000
vt -134.0872 -245.9023
vt -134.0574 -194.6508
vt -134.0010 -226.5531
vt -133.9713 -175.3015
vt -133.9149 -207.2038
vt -133.8585 -239.1061
vt -133.8287 -187.8546
vt -133.7723 -219.7569
vt -133.7159 -251.6592
vt -133.6862 -200.4077
vt -133.6297 -232.3100
vt -133.6000 -181.0585
vt -133.5436 -212.9608
vt -133.4872 -244.8631
vt -133.4574 -193.6115
vt -133.4010 -225.5138
vt -133.3713 -174.2623
vt -133.3149 -206.1646
vt -133.2585 -238.0669
vt -133.2287 -186.8154
vt -133.1723 -218.7177
vt -133.1159 -250.6200
vt -133.0862 -199.3685
vt -133.0297 -231.2708
vt -133.0000 -180.0192
vt -132.9436 -211.9215
vt -132.8872 -243.8238
vt -132.8574 -192.5723
vt -132.8010 -224.4746
vt -132.7713 -173.2231
vt -132.7446 -256.3769
vt -132.7149 -205.1254
vt -132.6585 -237.0277
vt -132.6287 -185.7762
vt -132.5723 -217.6785
vt -132.5159 -249.5808
vt -132.4862 -198.3292
vt -132.4297 -230.2315
vt -132.4000 -178.9800
vt -132.3436 -210.8823
vt -132.2872 -242.7846
vt -132.2574 -191.5331
vt -132.2010 -223.4354
vt -132.1446 -255.3377
vt -132.1149 -204.0862
vt -132.0585 -235.9885
vt -132.0287 -184.7369
vt -131.9723 -216.6392
vt -131.9159 -248.5415
vt -131.8862 -197.2900
vt -131.8297 -229.1923
vt -131.8000 -177.9408
vt -131.7436 -209.8431
vt -131.6872 -241.7454
vt -131.6574 -190.4939
vt -131.6010 -222.3962
vt -131.5446 -254.2985
vt -131.5149 -203.0469
vt -131.4585 -234.9492
vt -131.4287 -183.6977
vt -131.3723 -215.6000
vt -131.3159 -247.5023
vt -131.2862 -196.2508
vt -131.2297 -228.1531
vt -131.2000 -176.9015
vt -131.1436 -208.8038
vt -131.0872 -240.7061
vt -131.0574 -189.4546
vt -131.0010 -221.3569
vt -130.9446 -253.2592
vt -130.9149 -202.0077
vt -130.8585 -233.9100
vt -130.8287 -182.6585
vt -130.7723 -214.5608
vt -130.7159 -246.4631
vt -130.6862 -195.2115
vt -130.6297 -227.1138
vt -130.6000 -175.8623
vt -130.5436 -207.7646
vt -130.4872 -239.6669
vt -130.4574 -188.4154
vt -130.4010 -220.3177
vt -130.3446 -252.2200
vt -130.3149 -200.9685
vt -130.2585 -232.8708
vt -130.2287 -181.6192
vt -130.1723 -213.5215
vt -130.1159 -245.4238
vt -130.0862 -194.1723
vt -130.0297 -226.0746
vt -130.0000 -174.8231
vt -129.9733 -257.9769
vt -129.9436 -206.7254
vt -129.8872 -238.6277
vt -129.8574 -187.3762
vt -129.8010 -219.2785
vt -129.7446 -251.1808
vt -129.7149 -199.9292
vt -129.6585 -231.8315
vt -129.6287 -180.5800
vt -129.5723 -212.4823
vt -129.5159 -244.3846
vt -129.4862 -193.1331
vt -129.4297 -225.0354
vt -129.3733 -256.9377
vt -129.3436 -205.6862
vt -129.2872 -237.5885
vt -129.2574 -186.3369
vt -129.2010 -218.2392
vt -129.1446 -250.1415
vt -129.1149 -198.8900
vt -129.0585 -230.7923
vt -129.0287 -179.5408
vt -128.9723 -211.4431
vt -128.9159 -243.3454
vt -128.8862 -192.0939
vt -128.8297 -223.9962
vt -128.7733 -255.8985
vt -128.7436 -204.6469
vt -128.6872 -236.5492
vt -128.6574 -185.2977
vt -128.6010 -217.2000
vt -128.5446 -249.1023
vt -128.5149 -197.8508
vt -128.4585 -229.7531
vt -128.4287 -178.5015
vt -128.3723 -210.4038
vt -128.3159 -242.3061
vt -128.2862 -191.0546
vt -128.2297 -222.9569
vt -128.1733 -254.8592
vt -128.1436 -203.6077
vt -128.0872 -235.5100
vt -128.0574 -184.2585
vt -128.0010 -216.1608
vt -127.9446 -248.0631
vt -127.9149 -196.8115
vt -127.8585 -228.7138
vt -127.8287 -177.4623
vt -127.7723 -209.3646
vt -127.7159 -241.2669
vt -127.6862 -190.0154
vt -127.6297 -221.9177
vt -127.5733 -253.8200
vt -127.5436 -202.5685
vt -127.4872 -234.4708
vt -127.4574 -183.2192
vt -127.4010 -215.1215
vt -127.3446 -247.0238
vt -127.3149 -195.7723
vt -127.2585 -227.6746
vt -127.2287 -176.4231
vt -127.2021 -259.5769
vt -127.1723 -208.3254
vt -127.1159 -240.2277
vt -127.0862 -188.9762
vt -127.0297 -220.8785
vt -126.9733 -252.7808
vt -126.9436 -201.5292
vt -126.8872 -233.4315
vt -126.8574 -182.1800
vt -126.8010 -214.0823
vt -126.7446 -245.9846
vt -126.7149 -194.7331
vt -126.6585 -226.6354
vt -126.6021 -258.5377
vt -126.5723 -207.2862
vt -126.5159 -239.1885
vt -126.4862 -187.9369
vt -126.4297 -219.8392
vt -126.3733 -251.7415
vt -126.3436 -200.4900
vt -126.2872 -232.3923
vt -126.2574 -181.1408
vt -126.2010 -213.0431
vt -126.1446 -244.9454
vt -126.1149 -193.6939
vt -126.0585 -225.5962
vt -126.0021 -257.4985
vt -125.9723 -206.2469
vt -125.9159 -238.1492
vt -125.8862 -186.8977
vt -125.8297 -218.8000
vt -125.7733 -250.7023
vt -125.7436 -199.4508
vt -125.6872 -231.3531
vt -125.6574 -180.1015
vt -125.6010 -212.0038
vt -125.5446 -243.9061
vt -125.5149 -192.6546
vt -125.4585 -224.5569
vt -125.4021 -256.4592
vt -125.3723 -205.2077
vt -125.3159 -237.1100
vt -125.2862 -185.8585
vt -125.2297 -217.7608
vt -125.1733 -249.6631
vt -125.1436 -198.4115
vt -125.0872 -230.3138
vt -125.0574 -179.0623
vt -125.0010 -210.9646
vt -124.9446 -242.8669
vt -124.9149 -191.6154
vt -124.8585 -223.5177
vt -124.8021 -255.4200
vt -124.7723 -204.1685
vt -124.7159 -236.0708
vt -124.6862 -184.8192
vt -124.6297 -216.7215
vt -124.5733 -248.6238
vt -124.5436 -197.3723
vt -124.4872 -229.2746
vt -124.4574 -178.0231
vt -124.4308 -261.1769
vt -124.4010 -209.9254
vt -124.3446 -241.8277
vt -124.3149 -190.5762
vt -124.2585 -222.4785
vt -124.2021 -254.3808
vt -124.1723 -203.1292
vt -124.1159 -235.0315
vt -124.0862 -183.7800
vt -124.0297 -215.6823
vt -123.9733 -247.5846
vt -123.9436 -196.3331
vt -123.8872 -228.2354
vt -123.8308 -260.1377
vt -123.8010 -208.8862
vt -123.7446 -240.7885
vt -123.7149 -189.5369
vt -123.6585 -221.4392
vt -123.6021 -253.3415
vt -123.5723 -202.0900
vt -123.5159 -233.9923
vt -123.4862 -182.7408
vt -123.4297 -214.6431
vt -123.3733 -246.5454
vt -123.3436 -195.2939
vt -123.2872 -227.1962
vt -123.2308 -259.0985
vt -123.2010 -207.8469
vt -123.1446 -239.7492
vt -123.1149 -188.4977
vt -123.0585 -220.4000
vt -123.0021 -252.3023
vt -122.9723 -201.0508
vt -122.9159 -232.9531
vt -122.8862 -181.7015
vt -122.8297 -213.6038
vt -122.7733 -245.5061
vt -122.7436 -194.2546
vt -122.6872 -226.1569
vt -122.6308 -258.0592
vt -122.6010 -206.8077
vt -122.5446 -238.7100
vt -122.5149 -187.4585
vt -122.4585 -219.3608
vt -122.4021 -251.2631
vt -122.3723 -200.0115
vt -122.3159 -231.9138
vt -122.2862 -180.6623
vt -122.2297 -212.5646
vt -122.1733 -244.4669
vt -122.1436 -193.2154
vt -122.0872 -225.1177
vt -122.0308 -257.0200
vt -122.0010 -205.7685
vt -121.9446 -237.6708
vt -121.9149 -186.4192
vt -121.8585 -218.3215
vt -121.8021 -250.2238
vt -121.7723 -198.9723
vt -121.7159 -230.8746
vt -121.6862 -179.6231
vt -121.6595 -262.7769
vt -121.6297 -211.5254
vt -121.5733 -243.4277
vt -121.5436 -192.1762
vt -121.4872 -224.0785
vt -121.4308 -255.9808
vt -121.4010 -204.7292
vt -121.3446 -236.6315
vt -121.3149 -185.3800
vt -121.2585 -217.2823
vt -121.2021 -249.1846
vt -121.1723 -197.9331
vt -121.1159 -229.8354
vt -121.0595 -261.7377
vt -121.0297 -210.4862
vt -120.9733 -242.3885
vt -120.9436 -191.1369
vt -120.8872 -223.0392
vt -120.8308 -254.9415
vt -120.8010 -203.6900
vt -120.7446 -235.5923
vt -120.7149 -184.3408
vt -120.6585 -216.2431
vt -120.6021 -248.1454
vt -120.5723 -196.8939
vt -120.5159 -228.7962
vt -120.4595 -260.6985
vt -120.4297 -209.4469
vt -120.3733 -241.3492
vt -120.3436 -190.0977
vt -120.2872 -222.0000
vt -120.2308 -253.9023
vt -120.2010 -202.6508
vt -120.1446 -234.5531
vt -120.1149 -183.3015
vt -120.0585 -215.2038
vt -120.0021 -247.1061
vt -119.9723 -195.8546
vt -119.9159 -227.7569
vt -119.8595 -259.6592
vt -119.8297 -208.4077
vt -119.7733 -240.3100
vt -119.7436 -189.0585
vt -119.6872 -220.9608
vt -119.6308 -252.8631
vt -119.6010 -201.6115
vt -119.5446 -233.5138
vt -119.5149 -182.2623
vt -119.4585 -214.1646
vt -119.4021 -246.0669
vt -119.3723 -194.8154
vt -119.3159 -226.7177
vt -119.2595 -258.6200
vt -119.2297 -207.3685
vt -119.1733 -239.2708
vt -119.1436 -188.0192
vt -119.0872 -219.9215
vt -119.0308 -251.8238
vt -119.0010 -200.5723
vt -118.9446 -232.4746
vt -118.9149 -181.2231
vt -118.8882 -264.3769
vt -118.8585 -213.1254
vt -118.8021 -245.0277
vt -118.7723 -193.7762
vt -118.7159 -225.6785
vt -118.6595 -257.5808
vt -118.6297 -206.3292
vt -118.5733 -238.2315
vt -118.5436 -186.9800
vt -118.4872 -218.8823
vt -118.4308 -250.7846
vt -118.4010 -199.5331
vt -118.3446 -231.4354
vt -118.2882 -263.3377
vt -118.2585 -212.0862
vt -118.2021 -243.9885
vt -118.1723 -192.7369
vt -118.1159 -224.6392
vt -118.0595 -256.5415
vt -118.0297 -205.2900
vt -117.9733 -237.1923
vt -117.9436 -185.9408
vt -117.8872 -217.8431
vt -117.8308 -249.7454
vt -117.8010 -198.4939
vt -117.7446 -230.3962
vt -117.6882 -262.2985
vt -117.6585 -211.0469
vt -117.6021 -242.9492
vt -117.5723 -191.6977
vt -117.5159 -223.6000
vt -117.4595 -255.5023
vt -117.4297 -204.2508
vt -117.3733 -236.1531
vt -117.3436 -184.9015
vt -117.2872 -216.8038
vt -117.2308 -248.7061
vt -117.2010 -197.4546
vt -117.1446 -229.3569
vt -117.0882 -261.2592
vt -117.0585 -210.0077
vt -117.0021 -241.9100
vt -116.9723 -190.6585
vt -116.9159 -222.5608
vt -116.8595 -254.4631
vt -116.8297 -203.2115
vt -116.7733 -235.1138
vt -116.7436 -183.8623
vt -116.6872 -215.7646
vt -116.6308 -247.6669
vt -116.6010 -196.4154
vt -116.5446 -228.3177
vt -116.4882 -260.2200
vt -116.4585 -208.9685
vt -116.4021 -240.8708
vt -116.3723 -189.6192
vt -116.3159 -221.5215
vt -116.2595 -253.4238
vt -116.2297 -202.1723
vt -116.1733 -234.0746
vt -116.1436 -182.8231
vt -116.1169 -265.9769
vt -116.0872 -214.7254
vt -116.0308 -246.6277
vt -116.0010 -195.3762
vt -115.9446 -227.2785
vt -115.8882 -259.1808
vt -115.8585 -207.9292
vt -115.8021 -239.8315
vt -115.7723 -188.5800
vt -115.7159 -220.4823
vt -115.6595 -252.3846
vt -115.6297 -201.1331
vt -115.5733 -233.0354
vt -115.5169 -264.9377
vt -115.4872 -213.6862
vt -115.4308 -245.5885
vt -115.4010 -194.3369
vt -115.3446 -226.2392
vt -115.2882 -258.1415
vt -115.2585 -206.8900
vt -115.2021 -238.7923
vt -115.1723 -187.5408
vt -115.1159 -219.4431
vt -115.0595 -251.3454
vt -115.0297 -200.0939
vt -114.9733 -231.9962
vt -114.9169 -263.8985
vt -114.8872 -212.6469
vt -114.8308 -244.5492
vt -114.8010 -193.2977
vt -114.7446 -225.2000
vt -114.6882 -257.1023
vt -114.6585 -205.8508
vt -114.6021 -237.7531
vt -114.5723 -186.5015
vt -114.5159 -218.4038
vt -114.4595 -250.3061
vt -114.4297 -199.0546
vt -114.3733 -230.9569
vt -114.3169 -262.8592
vt -114.2872 -211.6077
vt -114.2308 -243.5100
vt -114.2010 -192.2585
vt -114.1446 -224.1608
vt -114.0882 -256.0631
vt -114.0585 -204.8115
vt -114.0021 -236.7138
vt -113.9723 -185.4623
vt -113.9159 -217.3646
vt -113.8595 -249.2669
vt -113.8297 -198.0154
vt -113.7733 -229.9177
vt -113.7169 -261.8200
vt -113.6872 -210.5685
vt -113.6308 -242.4708
vt -113.6010 -191.2192
vt -113.5446 -223.1215
vt -113.4882 -255.0238
vt -113.4585 -203.7723
vt -113.4021 -235.6746
vt -113.3723 -184.4231
vt -113.3457 -267.5769
vt -113.3159 -216.3254
vt -113.2595 -248.2277
vt -113.2297 -196.9762
vt -113.1733 -228.8785
vt -113.1169 -260.7808
vt -113.0872 -209.5292
vt -113.0308 -241.4315
vt -113.0010 -190.1800
vt -112.9446 -222.0823
vt -112.8882 -253.9846
vt -112.8585 -202.7331
vt -112.8021 -234.6354
vt -112.7457 -266.5377
vt -112.7159 -215.2862
vt -112.6595 -247.1885
vt -112.6297 -195.9369
vt -112.5733 -227.8392
vt -112.5169 -259.7415
vt -112.4872 -208.4900
vt -112.4308 -240.3923
vt -112.4010 -189.1408
vt -112.3446 -221.0431
vt -112.2882 -252.9454
vt -112.2585 -201.6939
vt -112.2021 -233.5962
vt -112.1457 -265.4985
vt -112.1159 -214.2469
vt -112.0595 -246.1492
vt -112.0297 -194.8977
vt -111.9733 -226.8000
vt -111.9169 -258.7023
vt -111.8872 -207.4508
vt -111.8308 -239.3531
vt -111.8010 -188.1015
vt -111.7446 -220.0038
vt -111.6882 -251.9061
vt -111.6585 -200.6546
vt -111.6021 -232.5569
vt -111.5457 -264.4592
vt -111.5159 -213.2077
vt -111.4595 -245.1100
vt -111.4297 -193.8585
vt -111.3733 -225.7608
vt -111.3169 -257.6631
vt -111.2872 -206.4115
vt -111.2308 -238.3138
vt -111.2010 -187.0623
vt -111.1446 -218.9646
vt -111.0882 -250.8669
vt -111.0585 -199.6154
vt -111.0021 -231.5177
vt -110.9457 -263.4200
vt -110.9159 -212.1685
vt -110.8595 -244.0708
vt -110.8297 -192.8192
vt -110.7733 -224.7215
vt -110.7169 -256.6238
vt -110.6872 -205.3723
vt -110.6308 -237.2746
vt -110.6010 -186.0231
vt -110.5744 -269.1769
vt -110.5446 -217.9254
vt -110.4882 -249.8277
vt -110.4585 -198.5762
vt -110.4021 -230.4785
vt -110.3457 -262.3808
vt -110.3159 -211.1292
vt -110.2595 -243.0315
vt -110.2297 -191.7800
vt -110.1733 -223.6823
vt -110.1169 -255.5846
vt -110.0872 -204.3331
vt -110.0308 -236.2354
vt -109.9744 -268.1377
vt -109.9446 -216.8862
vt -109.8882 -248.7885
vt -109.8585 -197.5369
vt -109.8021 -229.4392
vt -109.7457 -261.3415
vt -109.7159 -210.0900
vt -109.6595 -241.9923
vt -109.6297 -190.7408
vt -109.5733 -222.6431
vt -109.5169 -254.5454
vt -109.4872 -203.2939
vt -109.4308 -235.1962
vt -109.3744 -267.0985
vt -109.3446 -215.8469
vt -109.2882 -247.7492
vt -109.2585 -196.4977
vt -109.2021 -228.4000
vt -109.1457 -260.3023
vt -109.1159 -209.0508
vt -109.0595 -240.9531
vt -109.0297 -189.7015
vt -108.9733 -221.6038
vt -108.9169 -253.5061
vt -108.8872 -202.2546
vt -108.8308 -234.1569
vt -108.7744 -266.0592
vt -108.7446 -214.8077
vt -108.6882 -246.7100
vt -108.6585 -195.4585
vt -108.6021 -227.3608
vt -108.5457 -259.2631
vt -108.5159 -208.0115
vt -108.4595 -239.9138
vt -108.4297 -188.6623
vt -108.3733 -220.5646
vt -108.3169 -252.4669
vt -108.2872 -201.2154
vt -108.2308 -233.1177
vt -108.1744 -265.0200
vt -108.1446 -213.7685
vt -108.0882 -245.6708
vt -108.0585 -194.4192
vt -108.0021 -226.3215
vt -107.9457 -258.2238
vt -107.9159 -206.9723
vt -107.8595 -238.8746
vt -107.8297 -187.6231
vt -107.8031 -270.7769
vt -107.7733 -219.5254
vt -107.7169 -251.4277
vt -107.6872 -200.1762
vt -107.6308 -232.0785
vt -107.5744 -263.9808
vt -107.5446 -212.7292
vt -107.4882 -244.6315
vt -107.4585 -193.3800
vt -107.4021 -225.2823
vt -107.3457 -257.1846
vt -107.3159 -205.9331
vt -107.2595 -237.8354
vt -107.2031 -269.7377
vt -107.1733 -218.4862
vt -107.1169 -250.3885
vt -107.0872 -199.1369
vt -107.0308 -231.0392
vt -106.9744 -262.9415
vt -106.9446 -211.6900
vt -106.8882 -243.5923
vt -106.8585 -192.3408
vt -106.8021 -224.2431
vt -106.7457 -256.1454
vt -106.7159 -204.8939
vt -106.6595 -236.7962
vt -106.6031 -268.6985
vt -106.5733 -217.4469
vt -106.5169 -249.3492
vt -106.4872 -198.0977
vt -106.4308 -230.0000
vt -106.3744 -261.9023
vt -106.3446 -210.6508
vt -106.2882 -242.5531
vt -106.2585 -191.3015
vt -106.2021 -223.2038
vt -106.1457 -255.1061
vt -106.1159 -203.8546
vt -106.0595 -235.7569
vt -106.0031 -267.6592
vt -105.9733 -216.4077
vt -105.9169 -248.3100
vt -105.8872 -197.0585
vt -105.8308 -228.9608
vt -105.7744 -260.8631
vt -105.7446 -209.6115
vt -105.6882 -241.5138
vt -105.6585 -190.2623
vt -105.6021 -222.1646
vt -105.5457 -254.0669
vt -105.5159 -202.8154
vt -105.4595 -234.7177
vt -105.4031 -266.6200
vt -105.3733 -215.3685
vt -105.3169 -247.2708
vt -105.2872 -196.0192
vt -105.2308 -227.9215
vt -105.1744 -259.8238
vt -105.1446 -208.5723
vt -105.0882 -240.4746
vt -105.0585 -189.2231
vt -105.0318 -272.3769
vt -105.0021 -221.1254
vt -104.9457 -253.0277
vt -104.9159 -201.7762
vt -104.8595 -233.6785
vt -104.8031 -265.5808
vt -104.7733 -214.3292
vt -104.7169 -246.2315
vt -104.6872 -194.9800
vt -104.6308 -226.8823
vt -104.5744 -258.7846
vt -104.5446 -207.5331
vt -104.4882 -239.4354
vt -104.4318 -271.3377
vt -104.4021 -220.0862
vt -104.3457 -251.9885
vt -104.3159 -200.7369
vt -104.2595 -232.6392
vt -104.2031 -264.5415
vt -104.1733 -213.2900
vt -104.1169 -245.1923
vt -104.0872 -193.9408
vt -104.0308 -225.8431
vt -103.9744 -257.7454
vt -103.9446 -206.4939
vt -103.8882 -238.3962
vt -103.8318 -270.2985
vt -103.8021 -219.0469
vt -103.7457 -250.9492
vt -103.7159 -199.6977
vt -103.6595 -231.6000
vt -103.6031 -263.5023
vt -103.5733 -212.2508
vt -103.5169 -244.1531
vt -103.4872 -192.9015
vt -103.4308 -224.8038
vt -103.3744 -256.7061
vt -103.3446 -205.4546
vt -103.2882 -237.3569
vt -103.2318 -269.2592
vt -103.2021 -218.0077
vt -103.1457 -249.9100
vt -103.1159 -198.6585
vt -103.0595 -230.5608
vt -103.0031 -262.4631
vt -102.9733 -211.2115
vt -102.9169 -243.1138
vt -102.8872 -191.8623
vt -102.8308 -223.7646
vt -102.7744 -255.6669
vt -102.7446 -204.4154
vt -102.6882 -236.3177
vt -102.6318 -268.2200
vt -102.6021 -216.9685
vt -102.5457 -248.8708
vt -102.5159 -197.6192
vt -102.4595 -229.5215
vt -102.4031 -261.4238
vt -102.3733 -210.1723
vt -102.3169 -242.0746
vt -102.2872 -190.8231
vt -102.2605 -273.9769
vt -102.2308 -222.7254
vt -102.1744 -254.6277
vt -102.1446 -203.3762
vt -102.0882 -235.2785
vt -102.0318 -267.1808
vt -102.0021 -215.9292
vt -101.9457 -247.8315
vt -101.9159 -196.5800
vt -101.8595 -228.4823
vt -101.8031 -260.3846
vt -101.7733 -209.1331
vt -101.7169 -241.0354
vt -101.6605 -272.9377
vt -101.6308 -221.6862
vt -101.5744 -253.5885
vt -101.5446 -202.3369
vt -101.4882 -234.2392
vt -101.4318 -266.1415
vt -101.4021 -214.8900
vt -101.3457 -246.7923
vt -101.3159 -195.5408
vt -101.2595 -227.4431
vt -101.2031 -259.3454
vt -101.1733 -208.0939
vt -101.1169 -239.9962
vt -101.0605 -271.8985
vt -101.0308 -220.6469
vt -100.9744 -252.5492
vt -100.9446 -201.2977
vt -100.8882 -233.2000
vt -100.8318 -265.1023
vt -100.8021 -213.8508
vt -100.7457 -245.7531
vt -100.7159 -194.5015
vt -100.6595 -226.4038
vt -100.6031 -258.3061
vt -100.5733 -207.0546
vt -100.5169 -238.9569
vt -100.4605 -270.8592
vt -100.4308 -219.6077
vt -100.3744 -251.5100
vt -100.3446 -200.2585
vt -100.2882 -232.1608
vt -100.2318 -264.0631
vt -100.2021 -212.8115
vt -100.1457 -244.7138
vt -100.1159 -193.4623
vt -100.0595 -225.3646
vt -100.0031 -257.2669
vt -99.9733 -206.0154
vt -99.9169 -237.9177
vt -99.8605 -269.8200
vt -99.8308 -218.5685
vt -99.7744 -250.4708
vt -99.7446 -199.2192
vt -99.6882 -231.1215
vt -99.6318 -263.0238
vt -99.6021 -211.7723
vt -99.5457 -243.6746
vt -99.5159 -192.4231
vt -99.4892 -275.5769
vt -99.4595 -224.3254
vt -99.4031 -256.2277
vt -99.3733 -204.9762
vt -99.3169 -236.8785
vt -99.2605 -268.7808
vt -99.2308 -217.5292
vt -99.1744 -249.4315
vt -99.1446 -198.1800
vt -99.0882 -230.0823
vt -99.0318 -261.9846
vt -99.0021 -210.7331
vt -98.9457 -242.6354
vt -98.8892 -274.5377
vt -98.8595 -223.2862
vt -98.8031 -255.1885
vt -98.7733 -203.9369
vt -98.7169 -235.8392
vt -98.6605 -267.7415
vt -98.6308 -216.4900
vt -98.5744 -248.3923
vt -98.5446 -197.1408
vt -98.4882 -229.0431
vt -98.4318 -260.9454
vt -98.4021 -209.6939
vt -98.3457 -241.5962
vt -98.2892 -273.4985
vt -98.2595 -222.2469
vt -98.2031 -254.1492
vt -98.1733 -202.8977
vt -98.1169 -234.8000
vt -98.0605 -266.7023
vt -98.0308 -215.4508
vt -97.9744 -247.3531
vt -97.9446 -196.1015
vt -97.8882 -228.0038
vt -97.8318 -259.9061
vt -97.8021 -208.6546
vt -97.7457 -240.5569
vt -97.6892 -272.4592
vt -97.6595 -221.2077
vt -97.6031 -253.1100
vt -97.5733 -201.8585
vt -97.5169 -233.7608
vt -97.4605 -265.6631
vt -97.4308 -214.4115
vt -97.3744 -246.3138
vt -97.3446 -195.0623
vt -97.2882 -226.9646
vt -97.2318 -258.8669
vt -97.2021 -207.6154
vt -97.1457 -239.5177
vt -97.0892 -271.4200
vt -97.0595 -220.1685
vt -97.0031 -252.0708
vt -96.9733 -200.8192
vt -96.9169 -232.7215
vt -96.8605 -264.6238
vt -96.8308 -213.3723
vt -96.7744 -245.2746
vt -96.7446 -194.0231
vt -96.7180 -277.1769
vt -96.6882 -225.9254
vt -96.6318 -257.8277
vt -96.6021 -206.5762
vt -96.5457 -238.4785
vt -96.4892 -270.3808
vt -96.4595 -219.1292
vt -96.4031 -251.0315
vt -96.3733 -199.7800
vt -96.3169 -231.6823
vt -96.2605 -263.5846
vt -96.2308 -212.3331
vt -96.1744 -244.2354
vt -96.1180 -276.1377
vt -96.0882 -224.8862
vt -96.0318 -256.7885
vt -96.0021 -205.5369
vt -95.9457 -237.4392
vt -95.8892 -269.3415
vt -95.8595 -218.0900
vt -95.8031 -249.9923
vt -95.7733 -198.7408
vt -95.7169 -230.6431
vt -95.6605 -262.5454
vt -95.6308 -211.2939
vt -95.5744 -243.1962
vt -95.5180 -275.0985
vt -95.4882 -223.8469
vt -95.4318 -255.7492
vt -95.4021 -204.4977
vt -95.3457 -236.4000
vt -95.2892 -268.3023
vt -95.2595 -217.0508
vt -95.2031 -248.9531
vt -95.1733 -197.7015
vt -95.1169 -229.6038
vt -95.0605 -261.5061
vt -95.0308 -210.2546
vt -94.9744 -242.1569
vt -94.9180 -274.0592
vt -94.8882 -222.8077
vt -94.8318 -254.7100
vt -94.8021 -203.4585
vt -94.7457 -235.3608
vt -94.6892 -267.2631
vt -94.6595 -216.0115
vt -94.6031 -247.9138
vt -94.5733 -196.6623
vt -94.5169 -228.5646
vt -94.4605 -260.4669
vt -94.4308 -209.2154
vt -94.3744 -241.1177
vt -94.3180 -273.0200
vt -94.2882 -221.7685
vt -94.2318 -253.6708
vt -94.2021 -202.4192
vt -94.1457 -234.3215
vt -94.0892 -266.2238
vt -94.0595 -214.9723
vt -94.0031 -246.8746
vt -93.9733 -195.6231
vt -93.9467 -278.7769
vt -93.9169 -227.5254
vt -93.8605 -259.4277
vt -93.8308 -208.1762
vt -93.7744 -240.0785
vt -93.7180 -271.9808
vt -93.6882 -220.7292
vt -93.6318 -252.6315
vt -93.6021 -201.3800
vt -93.5457 -233.2823
vt -93.4892 -265.1846
vt -93.4595 -213.9331
vt -93.4031 -245.8354
vt -93.3467 -277.7377
vt -93.3169 -226.4862
vt -93.2605 -258.3885
vt -93.2308 -207.1369
vt -93.1744 -239.0392
vt -93.1180 -270.9415
vt -93.0882 -219.6900
vt -93.0318 -251.5923
vt -93.0021 -200.3408
vt -92.9457 -232.2431
vt -92.8892 -264.1454
vt -92.8595 -212.8939
vt -92.8031 -244.7962
vt -92.7467 -276.6985
vt -92.7169 -225.4469
vt -92.6605 -257.3492
vt -92.6308 -206.0977
vt -92.5744 -238.0000
vt -92.5180 -269.9023
vt -92.4882 -218.6508
vt -92.4318 -250.5531
vt -92.4021 -199.3015
vt -92.3457 -231.2038
vt -92.2892 -263.1061
vt -92.2595 -211.8546
vt -92.2031 -243.7569
vt -92.1467 -275.6592
vt -92.1169 -224.4077
vt -92.0605 -256.3100
vt -92.0308 -205.0585
vt -91.9744 -236.9608
vt -91.9180 -268.8631
vt -91.8882 -217.6115
vt -91.8318 -249.5138
vt -91.8021 -198.2623
vt -91.7457 -230.1646
vt -91.6892 -262.0669
vt -91.6595 -210.8154
vt -91.6031 -242.7177
vt -91.5467 -274.6200
vt -91.5169 -223.3685
vt -91.4605 -255.2708
vt -91.4308 -204.0192
vt -91.3744 -235.9215
vt -91.3180 -267.8238
vt -91.2882 -216.5723
vt -91.2318 -248.4746
vt -91.2021 -197.2231
vt -91.1754 -280.3769
vt -91.1457 -229.1254
vt -91.0892 -261.0277
vt -91.0595 -209.7762
vt -91.0031 -241.6785
vt -90.9467 -273.5808
vt -90.9169 -222.3292
vt -90.8605 -254.2315
vt -90.8308 -202.9800
vt -90.7744 -234.8823
vt -90.7180 -266.7846
vt -90.6882 -215.5331
vt -90.6318 -247.4354
vt -90.5754 -279.3377
vt -90.5457 -228.0862
vt -90.4892 -259.9885
vt -90.4595 -208.7369
vt -90.4031 -240.6392
vt -90.3467 -272.5415
vt -90.3169 -221.2900
vt -90.2605 -253.1923
vt -90.2308 -201.9408
vt -90.1744 -233.8431
vt -90.1180 -265.7454
vt -90.0882 -214.4939
vt -90.0318 -246.3962
vt -89.9754 -278.2985
vt -89.9457 -227.0469
vt -89.8892 -258.9492
vt -89.8595 -207.6977
vt -89.8031 -239.6000
vt -89.7467 -271.5023
vt -89.7169 -220.2508
vt -89.6605 -252.1531
vt -89.6308 -200.9015
vt -89.5744 -232.8038
vt -89.5180 -264.7061
vt -89.4882 -213.4546
vt -89.4318 -245.3569
vt -89.3754 -277.2592
vt -89.3457 -226.0077
vt -89.2892 -257.9100
vt -89.2595 -206.6585
vt -89.2031 -238.5608
vt -89.1467 -270.4631
vt -89.1169 -219.2115
vt -89.0605 -251.1138
vt -89.0308 -199.8623
vt -88.9744 -231.7646
vt -88.9180 -263.6669
vt -88.8882 -212.4154
vt -88.8318 -244.3177
vt -88.7754 -276.2200
vt -88.7457 -224.9685
vt -88.6892 -256.8708
vt -88.6595 -205.6192
vt -88.6031 -237.5215
vt -88.5467 -269.4238
vt -88.5169 -218.1723
vt -88.4605 -250.0746
vt -88.4308 -198.8231
vt -88.4041 -281.9769
vt -88.3744 -230.7254
vt -88.3180 -262.6277
vt -88.2882 -211.3762
vt -88.2318 -243.2785
vt -88.1754 -275.1808
vt -88.1457 -223.9292
vt -88.0892 -255.8315
vt -88.0595 -204.5800
vt -88.0031 -236.4823
vt -87.9467 -268.3846
vt -87.9169 -217.1331
vt -87.8605 -249.0354
vt -87.8041 -280.9377
vt -87.7744 -229.6862
vt -87.7180 -261.5885
vt -87.6882 -210.3369
vt -87.6318 -242.2392
vt -87.5754 -274.1415
vt -87.5457 -222.8900
vt -87.4892 -254.7923
vt -87.4595 -203.5408
vt -87.4031 -235.4431
vt -87.3467 -267.3454
vt -87.3169 -216.0939
vt -87.2605 -247.9962
vt -87.2041 -279.8985
vt -87.1744 -228.6469
vt -87.1180 -260.5492
vt -87.0882 -209.2977
vt -87.0318 -241.2000
vt -86.9754 -273.1023
vt -86.9457 -221.8508
vt -86.8892 -253.7531
vt -86.8595 -202.5015
vt -86.8031 -234.4038
vt -86.7467 -266.3061
vt -86.7169 -215.0546
vt -86.6605 -246.9569
vt -86.6041 -278.8592
vt -86.5744 -227.6077
vt -86.5180 -259.5100
vt -86.4882 -208.2585
vt -86.4318 -240.1608
vt -86.3754 -272.0631
vt -86.3457 -220.8115
vt -86.2892 -252.7138
vt -86.2595 -201.4623
vt -86.2031 -233.3646
vt -86.1467 -265.2669
vt -86.1169 -214.0154
vt -86.0605 -245.9177
vt -86.0041 -277.8200
vt -85.9744 -226.5685
vt -85.9180 -258.4708
vt -85.8882 -207.2192
vt -85.8318 -239.1215
vt -85.7754 -271.0238
vt -85.7457 -219.7723
vt -85.6892 -251.6746
vt -85.6595 -200.4231
vt -85.6328 -283.5769
vt -85.6031 -232.3254
vt -85.5467 -264.2277
vt -85.5169 -212.9762
vt -85.4605 -244.8785
vt -85.4041 -276.7808
vt -85.3744 -225.5292
vt -85.3180 -257.4315
vt -85.2882 -206.1800
vt -85.2318 -238.0823
vt -85.1754 -269.9846
vt -85.1457 -218.7331
vt -85.0892 -250.6354
vt -85.0328 -282.5377
vt -85.0031 -231.2862
vt -84.9467 -263.1885
vt -84.9169 -211.9369
vt -84.8605 -243.8392
vt -84.8041 -275.7415
vt -84.7744 -224.4900
vt -84.7180 -256.3923
vt -84.6882 -205.1408
vt -84.6318 -237.0431
vt -84.5754 -268.9454
vt -84.5457 -217.6939
vt -84.4892 -249.5962
vt -84.4328 -281.4985
vt -84.4031 -230.2469
vt -84.3467 -262.1492
vt -84.3169 -210.8977
vt -84.2605 -242.8000
vt -84.2041 -274.7023
vt -84.1744 -223.4508
vt -84.1180 -255.3531
vt -84.0882 -204.1015
vt -84.0318 -236.0038
vt -83.9754 -267.9061
vt -83.9457 -216.6546
vt -83.8892 -248.5569
vt -83.8328 -280.4592
vt -83.8031 -229.2077
vt -83.7467 -261.1100
vt -83.7169 -209.8585
vt -83.6605 -241.7608
vt -83.6041 -273.6631
vt -83.5744 -222.4115
vt -83.5180 -254.3138
vt -83.4882 -203.0623
vt -83.4318 -234.9646
vt -83.3754 -266.8669
vt -83.3457 -215.6154
vt -83.2892 -247.5177
vt -83.2328 -279.4200
vt -83.2031 -228.1685
vt -83.1467 -260.0708
vt -83.1169 -208.8192
vt -83.0605 -240.7215
vt -83.0041 -272.6238
vt -82.9744 -221.3723
vt -82.9180 -253.2746
vt -82.8882 -202.0231
vt -82.8616 -285.1769
vt -82.8318 -233.9254
vt -82.7754 -265.8277
vt -82.7457 -214.5762
vt -82.6892 -246.4785
vt -82.6328 -278.3808
vt -82.6031 -227.1292
vt -82.5467 -259.0315
vt -82.5169 -207.7800
vt -82.4605 -239.6823
vt -82.4041 -271.5846
vt -82.3744 -220.3331
vt -82.3180 -252.2354
vt -82.2616 -284.1377
vt -82.2318 -232.8862
vt -82.1754 -264.7885
vt -82.1457 -213.5369
vt -82.0892 -245.4392
vt -82.0328 -277.3415
vt -82.0031 -226.0900
vt -81.9467 -257.9923
vt -81.9169 -206.7408
vt -81.8605 -238.6431
vt -81.8041 -270.5454
vt -81.7744 -219.2939
vt -81.7180 -251.1962
vt -81.6616 -283.0985
vt -81.6318 -231.8469
vt -81.5754 -263.7492
vt -81.5457 -212.4977
vt -81.4892 -244.4000
vt -81.4328 -276.3023
vt -81.4031 -225.0508
vt -81.3467 -256.9531
vt -81.3169 -205.7015
vt -81.2605 -237.6038
vt -81.2041 -269.5061
vt -81.1744 -218.2546
vt -81.1180 -250.1569
vt -81.0616 -282.0592
vt -81.0318 -230.8077
vt -80.9754 -262.7100
vt -80.9457 -211.4585
vt -80.8892 -243.3608
vt -80.8328 -275.2631
vt -80.8031 -224.0115
vt -80.7467 -255.9138
vt -80.7169 -204.6623
vt -80.6605 -236.5646
vt -80.6041 -268.4669
vt -80.5744 -217.2154
vt -80.5180 -249.1177
vt -80.4616 -281.0200
vt -80.4318 -229.7685
vt -80.3754 -261.6708
vt -80.3457 -210.4192
vt -80.2892 -242.3215
vt -80.2328 -274.2238
vt -80.2031 -222.9723
vt -80.1467 -254.8746
vt -80.1169 -203.6231
vt -80.0605 -235.5254
vt -80.0041 -267.4277
vt -79.9744 -216.1762
vt -79.9180 -248.0785
vt -79.8616 -279.9808
vt -79.8318 -228.7292
vt -79.7754 -260.6315
vt -79.7457 -209.3800
vt -79.6892 -241.2823
vt -79.6328 -273.1846
vt -79.6031 -221.9331
vt -79.5467 -253.8354
vt -79.4605 -234.4862
vt -79.4041 -266.3885
vt -79.3744 -215.1369
vt -79.3180 -247.0392
vt -79.2616 -278.9415
vt -79.2318 -227.6900
vt -79.1754 -259.5923
vt -79.1457 -208.3408
vt -79.0892 -240.2431
vt -79.0328 -272.1454
vt -79.0031 -220.8939
vt -78.9467 -252.7962
vt -78.8605 -233.4469
vt -78.8041 -265.3492
vt -78.7744 -214.0977
vt -78.7180 -246.0000
vt -78.6616 -277.9023
vt -78.6318 -226.6508
vt -78.5754 -258.5531
vt -78.5457 -207.3015
vt -78.4892 -239.2038
vt -78.4328 -271.1061
vt -78.4031 -219.8546
vt -78.3467 -251.7569
vt -78.2605 -232.4077
vt -78.2041 -264.3100
vt -78.1744 -213.0585
vt -78.1180 -244.9608
vt -78.0616 -276.8631
vt -78.0318 -225.6115
vt -77.9754 -257.5138
vt -77.9457 -206.2623
vt -77.8892 -238.1646
vt -77.8328 -270.0669
vt -77.8031 -218.8154
vt -77.7467 -250.7177
vt -77.6605 -231.3685
vt -77.6041 -263.2708
vt -77.5744 -212.0192
vt -77.5180 -243.9215
vt -77.4616 -275.8238
vt -77.4318 -224.5723
vt -77.3754 -256.4746
vt -77.3457 -205.2231
vt -77.2892 -237.1254
vt -77.2328 -269.0277
vt -77.2031 -217.7762
vt -77.1467 -249.6785
vt -77.0605 -230.3292
vt -77.0041 -262.2315
vt -76.9744 -210.9800
vt -76.9180 -242.8823
vt -76.8616 -274.7846
vt -76.8318 -223.5331
vt -76.7754 -255.4354
vt -76.6892 -236.0862
vt -76.6328 -267.9885
vt -76.6031 -216.7369
vt -76.5467 -248.6392
vt -76.4605 -229.2900
vt -76.4041 -261.1923
vt -76.3744 -209.9408
vt -76.3180 -241.8431
vt -76.2616 -273.7454
vt -76.2318 -222.4939
vt -76.1754 -254.3962
vt -76.0892 -235.0469
vt -76.0328 -266.9492
vt -76.0031 -215.6977
vt -75.9467 -247.6000
vt -75.8605 -228.2508
vt -75.8041 -260.1531
vt -75.7744 -208.9015
vt -75.7180 -240.8038
vt -75.6616 -272.7061
vt -75.6318 -221.4546
vt -75.5754 -253.3569
vt -75.4892 -234.0077
vt -75.4328 -265.9100
vt -75.4031 -214.6585
vt -75.3467 -246.5608
vt -75.2605 -227.2115
vt -75.2041 -259.1138
vt -75.1744 -207.8623
vt -75.1180 -239.7646
vt -75.0616 -271.6669
vt -75.0318 -220.4154
vt -74.9754 -252.3177
vt -74.8892 -232.9685
vt -74.8328 -264.8708
vt -74.8031 -213.6192
vt -74.7467 -245.5215
vt -74.6605 -226.1723
vt -74.6041 -258.0746
vt -74.5744 -206.8231
vt -74.5180 -238.7254
vt -74.4616 -270.6277
vt -74.4318 -219.3762
vt -74.3754 -251.2785
vt -74.2892 -231.9292
vt -74.2328 -263.8315
vt -74.2031 -212.5800
vt -74.1467 -244.4823
vt -74.0605 -225.1331
vt -74.0041 -257.0354
vt -73.9180 -237.6862
vt -73.8616 -269.5885
vt -73.8318 -218.3369
vt -73.7754 -250.2392
vt -73.6892 -230.8900
vt -73.6328 -262.7923
vt -73.6031 -211.5408
vt -73.5467 -243.4431
vt -73.4605 -224.0939
vt -73.4041 -255.9962
vt -73.3180 -236.6469
vt -73.2616 -268.5492
vt -73.2318 -217.2977
vt -73.1754 -249.2000
vt -73.0892 -229.8508
vt -73.0328 -261.7531
vt -73.0031 -210.5015
vt -72.9467 -242.4038
vt -72.8605 -223.0546
vt -72.8041 -254.9569
vt -72.7180 -235.6077
vt -72.6616 -267.5100
vt -72.6318 -216.2585
vt -72.5754 -248.1608
vt -72.4892 -228.8115
vt -72.4328 -260.7138
vt -72.4031 -209.4623
vt -72.3467 -241.3646
vt -72.2605 -222.0154
vt -72.2041 -253.9177
vt -72.1180 -234.5685
vt -72.0616 -266.4708
vt -72.0318 -215.2192
vt -71.9754 -247.1215
vt -71.8892 -227.7723
vt -71.8328 -259.6746
vt -71.8031 -208.4231
vt -71.7467 -240.3254
vt -71.6605 -220.9762
vt -71.6041 -252.8785
vt -71.5180 -233.5292
vt -71.4616 -265.4315
vt -71.4318 -214.1800
vt -71.3754 -246.0823
vt -71.2892 -226.7331
vt -71.2328 -258.6354
vt -71.1467 -239.2862
vt -71.0605 -219.9369
vt -71.0041 -251.8392
vt -70.9180 -232.4900
vt -70.8616 -264.3923
vt -70.8318 -213.1408
vt -70.7754 -245.0431
vt -70.6892 -225.6939
vt -70.6328 -257.5962
vt -70.5467 -238.2469
vt -70.4605 -218.8977
vt -70.4041 -250.8000
vt -70.3180 -231.4508
vt -70.2616 -263.3531
vt -70.2318 -212.1015
vt -70.1754 -244.0038
vt -70.0892 -224.6546
vt -70.0328 -256.5569
vt -69.9467 -237.2077
vt -69.8605 -217.8585
vt -69.8041 -249.7608
vt -69.7180 -230.4115
vt -69.6616 -262.3138
vt -69.6318 -211.0623
vt -69.5754 -242.9646
vt -69.4892 -223.6154
vt -69.4328 -255.5177
vt -69.3467 -236.1685
vt -69.2605 -216.8192
vt -69.2041 -248.7215
vt -69.1180 -229.3723
vt -69.0616 -261.2746
vt -69.0318 -210.0231
vt -68.9754 -241.9254
vt -68.8892 -222.5762
vt -68.8328 -254.4785
vt -68.7467 -235.1292
vt -68.6605 -215.7800
vt -68.6041 -247.6823
vt -68.5180 -228.3331
vt -68.4616 -260.2354
vt -68.3754 -240.8862
vt -68.2892 -221.5369
vt -68.2328 -253.4392
vt -68.1467 -234.0900
vt -68.0605 -214.7408
vt -68.0041 -246.6431
vt -67.9180 -227.2939
vt -67.8616 -259.1962
vt -67.7754 -239.8469
vt -67.6892 -220.4977
vt -67.6328 -252.4000
vt -67.5467 -233.0508
vt -67.4605 -213.7015
vt -67.4041 -245.6038
vt -67.3180 -226.2546
vt -67.2616 -258.1569
vt -67.1754 -238.8077
vt -67.0892 -219.4585
vt -67.0328 -251.3608
vt -66.9467 -232.0115
vt -66.8605 -212.6623
vt -66.8041 -244.5646
vt -66.7180 -225.2154
vt -66.6616 -257.1177
vt -66.5754 -237.7685
vt -66.4892 -218.4192
vt -66.4328 -250.3215
vt -66.3467 -230.9723
vt -66.2605 -211.6231
vt -66.2041 -243.5254
vt -66.1180 -224.1762
vt -66.0616 -256.0785
vt -65.9754 -236.7292
vt -65.8892 -217.3800
vt -65.8328 -249.2823
vt -65.7467 -229.9331
vt -65.6041 -242.4862
vt -65.5180 -223.1369
vt -65.4616 -255.0392
vt -65.3754 -235.6900
vt -65.2892 -216.3408
vt -65.2328 -248.2431
vt -65.1467 -228.8939
vt -65.0041 -241.4469
vt -64.9180 -222.0977
vt -64.8616 -254.0000
vt -64.7754 -234.6508
vt -64.6892 -215.3015
vt -64.6328 -247.2038
vt -64.5467 -227.8546
vt -64.4041 -240.4077
vt -64.3180 -221.0585
vt -64.2616 -252.9608
vt -64.1754 -233.6115
vt -64.0892 -214.2623
vt -64.0328 -246.1646
vt -63.9467 -226.8154
vt -63.8041 -239.3685
vt -63.7180 -220.0192
vt -63.6616 -251.9215
vt -63.5754 -232.5723
vt -63.4892 -213.2231
vt -63.4328 -245.1254
vt -63.3467 -225.7762
vt -63.2041 -238.3292
vt -63.1180 -218.9800
vt -63.0616 -250.8823
vt -62.9754 -231.5331
vt -62.8328 -244.0862
vt -62.7467 -224.7369
vt -62.6041 -237.2900
vt -62.5180 -217.9408
vt -62.4616 -249.8431
vt -62.3754 -230.4939
vt -62.2328 -243.0469
vt -62.1467 -223.6977
vt -62.0041 -236.2508
vt -61.9180 -216.9015
vt -61.8616 -248.8038
vt -61.7754 -229.4546
vt -61.6328 -242.0077
vt -61.5467 -222.6585
vt -61.4041 -235.2115
vt -61.3180 -215.8623
vt -61.2616 -247.7646
vt -61.1754 -228.4154
vt -61.0328 -240.9685
vt -60.9467 -221.6192
vt -60.8041 -234.1723
vt -60.7180 -214.8231
vt -60.6616 -246.7254
vt -60.5754 -227.3762
vt -60.4328 -239.9292
vt -60.3467 -220.5800
vt -60.2041 -233.1331
vt -60.0616 -245.6862
vt -59.9754 -226.3369
vt -59.8328 -238.8900
vt -59.7467 -219.5408
vt -59.6041 -232.0939
vt -59.4616 -244.6469
vt -59.3754 -225.2977
vt -59.2328 -237.8508
vt -59.1467 -218.5015
vt -59.0041 -231.0546
vt -58.8616 -243.6077
vt -58.7754 -224.2585
vt -58.6328 -236.8115
vt -58.5467 -217.4623
vt -58.4041 -230.0154
vt -58.2616 -242.5685
vt -58.1754 -223.2192
vt -58.0328 -235.7723
vt -57.9467 -216.4231
vt -57.8041 -228.9762
vt -57.6616 -241.5292
vt -57.5754 -222.1800
vt -57.4328 -234.7331
vt -57.2041 -227.9369
vt -57.0616 -240.4900
vt -56.9754 -221.1408
vt -56.8328 -233.6939
vt -56.6041 -226.8977
vt -56.4616 -239.4508
vt -56.3754 -220.1015
vt -56.2328 -232.6546
vt -56.0041 -225.8585
vt -55.8616 -238.4115
vt -55.7754 -219.0623
vt -55.6328 -231.6154
vt -55.4041 -224.8192
vt -55.2616 -237.3723
vt -55.1754 -218.0231
vt -55.0328 -230.5762
vt -54.8041 -223.7800
vt -54.6616 -236.3331
vt -54.4328 -229.5369
vt -54.2041 -222.7408
vt -54.0616 -235.2939
vt -53.8328 -228.4977
vt -53.6041 -221.7015
vt -53.4616 -234.2546
vt -53.2328 -227.4585
vt -53.0041 -220.6623
vt -52.8616 -233.2154
vt -52.6328 -226.4192
vt -52.4041 -219.6231
vt -52.2616 -232.1762
vt -52.0328 -225.3800
vt -51.6616 -231.1369
vt -51.4328 -224.3408
vt -51.0616 -230.0977
vt -50.8328 -223.3015
vt -50.4616 -229.0585
vt -50.2328 -222.2623
vt -49.8616 -228.0192
vt -49.6328 -221.2231
vt -49.2616 -226.9800
vt -48.6616 -225.9408
vt -48.0616 -224.9015
vt -47.4616 -223.8623
vt -46.8616 -222.8231
vn -0.477 0.835 -0.275
vn -0.477 0.835 -0.274
vn -0.472 0.835 -0.283
vn -0.468 0.844 -0.263
vn -0.467 0.844 -0.266
vn -0.462 0.846 -0.267
vn -0.454 0.860 -0.235
vn -0.442 0.860 -0.255
vn -0.435 0.855 -0.283
vn -0.432 0.879 -0.201
vn -0.431 0.880 -0.199
vn -0.429 0.854 -0.294
vn -0.426 0.883 -0.196
vn -0.425 0.864 -0.268
vn -0.424 0.884 -0.196
vn -0.417 0.890 -0.184
vn -0.415 0.843 -0.343
vn -0.411 0.880 -0.237
vn -0.410 0.881 -0.237
vn -0.405 0.884 -0.234
vn -0.405 0.885 -0.229
vn -0.403 0.898 -0.178
vn -0.395 0.891 -0.223
vn -0.393 0.906 -0.158
vn -0.390 0.880 -0.272
vn -0.386 0.899 -0.208
vn -0.385 0.872 -0.302
vn -0.383 0.910 -0.162
vn -0.381 0.899 -0.216
vn -0.378 0.899 -0.221
vn -0.377 0.918 -0.123
vn -0.376 0.901 -0.217
vn -0.375 0.868 -0.326
vn -0.375 0.913 -0.160
vn -0.373 0.901 -0.223
vn -0.372 0.921 -0.113
vn -0.370 0.907 -0.200
vn -0.369 0.907 -0.202
vn -0.369 0.910 -0.188
vn -0.366 0.877 -0.311
vn -0.365 0.914 -0.179
vn -0.364 0.907 -0.210
vn -0.363 0.901 -0.236
vn -0.359 0.845 -0.396
vn -0.359 0.917 -0.172
vn -0.355 0.873 -0.335
vn -0.355 0.931 -0.088
vn -0.346 0.853 -0.391
vn -0.346 0.900 -0.265
vn -0.343 0.841 -0.419
vn -0.341 0.864 -0.369
vn -0.340 0.925 -0.168
vn -0.340 0.938 -0.069
vn -0.338 0.921 -0.193
vn -0.335 0.859 -0.387
vn -0.335 0.868 -0.366
vn -0.332 0.847 -0.414
vn -0.331 0.942 -0.055
vn -0.329 0.925 -0.190
vn -0.328 0.917 -0.225
vn -0.326 0.845 -0.424
vn -0.325 0.944 -0.053
vn -0.323 0.945 -0.049
vn -0.320 0.946 -0.045
vn -0.319 0.946 -0.051
vn -0.318 0.930 -0.183
vn -0.309 0.874 -0.375
vn -0.306 0.936 -0.176
vn -0.304 0.952 -0.035
vn -0.302 0.924 -0.233
vn -0.295 0.952 -0.079
vn -0.286 0.867 -0.407
vn -0.286 0.944 -0.165
vn -0.286 0.958 0.004
vn -0.284 0.945 -0.164
vn -0.280 0.954 -0.106
vn -0.277 0.921 -0.273
vn -0.274 0.949 -0.158
vn -0.274 0.962 0.015
vn -0.271 0.949 -0.164
vn -0.271 0.951 -0.152
vn -0.267 0.952 -0.151
vn -0.267 0.953 -0.145
vn -0.266 0.925 -0.270
vn -0.264 0.930 -0.256
vn -0.263 0.930 -0.257
vn -0.261 0.953 -0.151
vn -0.260 0.960 -0.106
vn -0.254 0.916 -0.309
vn -0.253 0.967 0.037
vn -0.251 0.959 -0.132
vn -0.246 0.964 -0.098
vn -0.242 0.952 -0.189
vn -0.241 0.961 -0.139
vn -0.238 0.960 -0.150
vn -0.236 0.914 -0.330
vn -0.235 0.946 -0.225
vn -0.235 0.962 -0.139
vn -0.227 0.965 -0.131
vn -0.223 0.974 0.045
vn -0.222 0.938 -0.267
vn -0.220 0.971 0.091
vn -0.219 0.909 -0.355
vn -0.215 0.969 -0.124
vn -0.215 0.972 0.097
vn -0.212 0.948 -0.238
vn -0.211 0.959 -0.191
vn -0.207 0.972 0.107
vn -0.206 0.973 0.108
vn -0.202 0.974 0.102
vn -0.201 0.973 -0.116
vn -0.200 0.977 0.078
vn -0.197 0.974 -0.114
vn -0.195 0.957 -0.216
vn -0.192 0.980 0.054
vn -0.188 0.954 -0.234
vn -0.187 0.981 0.057
vn -0.186 0.968 -0.169
vn -0.184 0.957 -0.224
vn -0.179 0.979 -0.097
vn -0.176 0.965 -0.193
vn -0.173 0.980 -0.100
vn -0.172 0.956 -0.238
vn -0.169 0.964 -0.205
vn -0.169 0.980 -0.106
vn -0.163 0.954 -0.252
vn -0.159 0.976 0.151
vn -0.158 0.971 -0.180
vn -0.157 0.983 -0.091
vn -0.150 0.960 -0.235
vn -0.150 0.986 -0.072
vn -0.149 0.985 -0.086
vn -0.148 0.985 -0.089
vn -0.147 0.977 0.155
vn -0.147 0.983 0.110
vn -0.146 0.961 -0.234
vn -0.146 0.973 0.179
vn -0.146 0.974 0.171
vn -0.144 0.985 0.092
vn -0.144 0.986 -0.083
vn -0.142 0.972 0.186
vn -0.142 0.989 -0.044
vn -0.138 0.971 -0.196
vn -0.137 0.985 -0.108
vn -0.136 0.972 0.193
vn -0.135 0.980 0.144
vn -0.134 0.974 -0.183
vn -0.134 0.982 -0.131
vn -0.129 0.971 0.201
vn -0.129 0.972 0.197
vn -0.129 0.977 0.169
vn -0.128 0.989 -0.074
vn -0.125 0.973 -0.193
vn -0.125 0.977 -0.173
vn -0.125 0.989 -0.072
vn -0.124 0.972 0.200
vn -0.122 0.975 0.185
vn -0.122 0.989 -0.085
vn -0.122 0.990 -0.071
vn -0.121 0.990 -0.070
vn -0.119 0.971 0.207
vn -0.119 0.982 -0.144
vn -0.119 0.983 0.138
vn -0.118 0.966 -0.228
vn -0.118 0.972 0.204
vn -0.118 0.974 0.195
vn -0.118 0.991 -0.068
vn -0.116 0.969 -0.218
vn -0.116 0.973 0.201
vn -0.116 0.983 -0.144
vn -0.116 0.991 -0.067
vn -0.113 0.981 0.156
vn -0.112 0.975 -0.193
vn -0.112 0.991 -0.068
vn -0.111 0.992 -0.064
vn -0.110 0.992 -0.063
vn -0.109 0.973 -0.204
vn -0.108 0.947 -0.301
vn -0.107 0.967 -0.233
vn -0.107 0.973 0.206
vn -0.106 0.985 0.136
vn -0.105 0.989 -0.105
vn -0.104 0.967 -0.232
vn -0.104 0.978 0.180
vn -0.104 0.993 -0.060
vn -0.103 0.971 -0.214
vn -0.103 0.987 -0.125
vn -0.101 0.976 -0.192
vn -0.100 0.987 -0.122
vn -0.099 0.980 0.171
vn -0.099 0.980 0.172
vn -0.098 0.993 -0.066
vn -0.097 0.981 0.167
vn -0.097 0.984 -0.147
vn -0.097 0.988 -0.118
vn -0.096 0.981 0.166
vn -0.095 0.982 0.165
vn -0.095 0.986 0.137
vn -0.093 0.971 0.222
vn -0.093 0.978 0.187
vn -0.092 0.992 -0.082
vn -0.090 0.984 0.155
vn -0.090 0.990 -0.106
vn -0.089 0.995 -0.052
vn -0.087 0.978 -0.192
vn -0.087 0.987 0.137
vn -0.087 0.988 0.128
vn -0.086 0.986 0.140
vn -0.085 0.985 0.148
vn -0.085 0.991 -0.105
vn -0.083 0.986 0.144
vn -0.082 0.986 0.142
vn -0.080 0.979 -0.187
vn -0.080 0.992 -0.097
vn -0.079 0.986 0.146
vn -0.079 0.989 0.129
vn -0.078 0.983 -0.167
vn -0.077 0.981 0.176
vn -0.076 0.959 -0.273
vn -0.076 0.996 -0.045
vn -0.075 0.990 -0.118
vn -0.074 0.985 0.155
vn -0.074 0.990 -0.120
vn -0.074 0.996 -0.043
vn -0.072 0.992 0.104
vn -0.071 0.997 -0.041
vn -0.070 0.979 -0.192
vn -0.070 0.994 -0.085
vn -0.069 0.983 0.167
vn -0.069 0.997 -0.040
vn -0.068 0.980 -0.187
vn -0.067 0.974 0.216
vn -0.066 0.981 0.183
vn -0.065 0.977 0.202
vn -0.065 0.997 -0.051
vn -0.063 0.992 0.109
vn -0.063 0.992 0.110
vn -0.063 0.997 -0.037
vn -0.062 0.992 0.107
vn -0.062 0.992 0.108
vn -0.061 0.992 0.106
vn -0.061 0.993 0.099
vn -0.061 0.993 0.105
vn -0.060 0.964 -0.259
vn -0.060 0.996 -0.073
vn -0.059 0.974 -0.221
vn -0.058 0.996 -0.070
vn -0.058 0.998 0.009
vn -0.057 0.996 -0.069
vn -0.057 0.998 0.030
vn -0.055 0.998 -0.032
vn -0.054 0.994 0.093
vn -0.054 0.997 0.047
vn -0.053 0.999 -0.010
vn -0.052 0.997 -0.063
vn -0.052 0.998 -0.030
vn -0.051 0.992 -0.112
vn -0.051 0.992 0.115
vn -0.050 0.997 0.059
vn -0.048 0.995 0.083
vn -0.047 0.997 -0.057
vn -0.047 0.999 -0.027
vn -0.046 0.986 0.161
vn -0.045 0.973 -0.225
vn -0.045 0.996 0.077
vn -0.044 0.997 0.068
vn -0.044 0.999 -0.025
vn -0.043 0.998 -0.053
vn -0.043 0.998 -0.034
vn -0.041 0.997 0.070
vn -0.041 0.997 0.072
vn -0.041 0.998 -0.051
vn -0.041 0.998 -0.050
vn -0.040 0.998 -0.049
vn -0.038 0.997 0.066
vn -0.038 0.997 0.074
vn -0.037 0.999 -0.019
vn -0.036 0.998 -0.044
vn -0.035 0.998 -0.043
vn -0.035 0.998 -0.042
vn -0.035 0.999 -0.042
vn -0.034 0.998 0.058
vn -0.033 0.998 0.057
vn -0.033 0.999 -0.019
vn -0.032 0.999 -0.018
vn -0.031 0.999 -0.041
vn -0.031 0.999 -0.040
vn -0.030 0.998 -0.057
vn -0.030 0.999 -0.037
vn -0.030 0.999 -0.017
vn -0.030 0.999 0.039
vn -0.029 0.997 0.077
vn -0.028 0.956 -0.292
vn -0.028 0.998 0.048
vn -0.027 0.998 0.047
vn -0.027 0.999 -0.033
vn -0.027 0.999 0.046
vn -0.027 0.999 0.047
vn -0.027 1.000 -0.015
vn -0.026 0.999 -0.028
vn -0.026 0.999 0.046
vn -0.025 0.999 -0.036
vn -0.025 0.999 0.044
vn -0.024 0.999 -0.028
vn -0.024 0.999 0.041
vn -0.024 0.999 0.042
vn -0.024 1.000 -0.014
vn -0.023 1.000 -0.010
vn -0.023 1.000 0.018
vn -0.022 0.999 0.048
vn -0.022 1.000 -0.009
vn -0.022 1.000 -0.008
vn -0.021 1.000 -0.010
vn -0.021 1.000 -0.009
vn -0.020 0.995 -0.103
vn -0.020 0.999 0.047
vn -0.020 1.000 -0.011
vn -0.020 1.000 -0.010
vn -0.020 1.000 -0.008
vn -0.019 0.999 0.032
vn -0.019 1.000 -0.015
vn -0.019 1.000 -0.013
vn -0.019 1.000 -0.011
vn -0.019 1.000 -0.009
vn -0.019 1.000 -0.008
vn -0.018 0.997 0.078
vn -0.018 0.999 0.045
vn -0.018 1.000 -0.009
vn -0.018 1.000 -0.008
vn -0.018 1.000 -0.007
vn -0.018 1.000 -0.006
vn -0.018 1.000 -0.002
vn -0.017 1.000 -0.012
vn -0.017 1.000 -0.010
vn -0.017 1.000 -0.008
vn -0.017 1.000 -0.007
vn -0.017 1.000 -0.006
vn -0.017 1.000 -0.005
vn -0.016 0.997 -0.076
vn -0.016 0.997 -0.075
vn -0.016 1.000 -0.016
vn -0.016 1.000 -0.015
vn -0.016 1.000 -0.011
vn -0.016 1.000 -0.010
vn -0.016 1.000 -0.009
vn -0.016 1.000 -0.008
vn -0.016 1.000 -0.007
vn -0.016 1.000 -0.006
vn -0.016 1.000 -0.005
vn -0.016 1.000 -0.004
vn -0.016 1.000 -0.001
vn -0.015 1.000 -0.025
vn -0.015 1.000 -0.019
vn -0.015 1.000 -0.018
vn -0.015 1.000 -0.012
vn -0.015 1.000 -0.009
vn -0.015 1.000 -0.007
vn -0.015 1.000 -0.006
vn -0.015 1.000 -0.004
vn -0.015 1.000 -0.002
vn -0.015 1.000 -0.001
vn -0.015 1.000 0.026
vn -0.014 1.000 -0.011
vn -0.014 1.000 -0.009
vn -0.014 1.000 -0.008
vn -0.014 1.000 -0.007
vn -0.014 1.000 -0.006
vn -0.014 1.000 -0.005
vn -0.014 1.000 -0.003
vn -0.014 1.000 -0.002
vn -0.014 1.000 -0.001
vn -0.014 1.000 -0.000
vn -0.014 1.000 0.002
vn -0.014 1.000 0.024
vn -0.013 1.000 -0.018
vn -0.013 1.000 -0.011
vn -0.013 1.000 -0.009
vn -0.013 1.000 -0.008
vn -0.013 1.000 -0.007
vn -0.013 1.000 -0.006
vn -0.013 1.000 -0.005
vn -0.013 1.000 -0.004
vn -0.013 1.000 -0.003
vn -0.013 1.000 -0.002
vn -0.013 1.000 -0.001
vn -0.013 1.000 -0.000
vn -0.012 0.995 0.096
vn -0.012 1.000 -0.011
vn -0.012 1.000 -0.010
vn -0.012 1.000 -0.009
vn -0.012 1.000 -0.008
vn -0.012 1.000 -0.007
vn -0.012 1.000 -0.005
vn -0.012 1.000 -0.004
vn -0.012 1.000 -0.003
vn -0.012 1.000 -0.002
vn -0.012 1.000 -0.001
vn -0.012 1.000 -0.000
vn -0.012 1.000 0.001
vn -0.012 1.000 0.003
vn -0.012 1.000 0.021
vn -0.011 1.000 -0.014
vn -0.011 1.000 -0.012
vn -0.011 1.000 -0.011
vn -0.011 1.000 -0.010
vn -0.011 1.000 -0.008
vn -0.011 1.000 -0.007
vn -0.011 1.000 -0.006
vn -0.011 1.000 -0.005
vn -0.011 1.000 -0.004
vn -0.011 1.000 -0.003
vn -0.011 1.000 -0.002
vn -0.011 1.000 -0.001
vn -0.011 1.000 0.000
vn -0.011 1.000 0.001
vn -0.011 1.000 0.002
vn -0.011 1.000 0.003
vn -0.011 1.000 0.004
vn -0.010 1.000 -0.012
vn -0.010 1.000 -0.011
vn -0.010 1.000 -0.010
vn -0.010 1.000 -0.009
vn -0.010 1.000 -0.008
vn -0.010 1.000 -0.007
vn -0.010 1.000 -0.006
vn -0.010 1.000 -0.005
vn -0.010 1.000 -0.004
vn -0.010 1.000 -0.003
vn -0.010 1.000 -0.002
vn -0.010 1.000 -0.001
vn -0.010 1.000 -0.000
vn -0.010 1.000 0.001
vn -0.010 1.000 0.003
vn -0.010 1.000 0.005
vn -0.010 1.000 0.007
vn -0.009 1.000 -0.009
vn -0.009 1.000 -0.007
vn -0.009 1.000 -0.006
vn -0.009 1.000 -0.005
vn -0.009 1.000 -0.004
vn -0.009 1.000 -0.003
vn -0.009 1.000 -0.002
vn -0.009 1.000 0.000
vn -0.009 1.000 0.001
vn -0.009 1.000 0.002
vn -0.009 1.000 0.003
vn -0.009 1.000 0.005
vn -0.009 1.000 0.016
vn -0.008 1.000 -0.019
vn -0.008 1.000 -0.013
vn -0.008 1.000 -0.010
vn -0.008 1.000 -0.009
vn -0.008 1.000 -0.008
vn -0.008 1.000 -0.006
vn -0.008 1.000 -0.005
vn -0.008 1.000 -0.004
vn -0.008 1.000 -0.003
vn -0.008 1.000 -0.002
vn -0.008 1.000 -0.000
vn -0.008 1.000 0.001
vn -0.008 1.000 0.002
vn -0.008 1.000 0.003
vn -0.008 1.000 0.004
vn -0.008 1.000 0.005
vn -0.008 1.000 0.006
vn -0.008 1.000 0.007
vn -0.008 1.000 0.008
vn -0.007 1.000 -0.010
vn -0.007 1.000 -0.009
vn -0.007 1.000 -0.008
vn -0.007 1.000 -0.007
vn -0.007 1.000 -0.006
vn -0.007 1.000 -0.005
vn -0.007 1.000 -0.004
vn -0.007 1.000 -0.003
vn -0.007 1.000 -0.002
vn -0.007 1.000 -0.001
vn -0.007 1.000 -0.000
vn -0.007 1.000 0.001
vn -0.007 1.000 0.002
vn -0.007 1.000 0.003
vn -0.007 1.000 0.004
vn -0.007 1.000 0.005
vn -0.007 1.000 0.006
vn -0.007 1.000 0.007
vn -0.007 1.000 0.008
vn -0.007 1.000 0.010
vn -0.007 1.000 0.011
vn -0.007 1.000 0.012
vn -0.006 1.000 -0.010
vn -0.006 1.000 -0.009
vn -0.006 1.000 -0.008
vn -0.006 1.000 -0.007
vn -0.006 1.000 -0.006
vn -0.006 1.000 -0.005
vn -0.006 1.000 -0.004
vn -0.006 1.000 -0.003
vn -0.006 1.000 -0.002
vn -0.006 1.000 -0.001
vn -0.006 1.000 0.000
vn -0.006 1.000 0.001
vn -0.006 1.000 0.002
vn -0.006 1.000 0.003
vn -0.006 1.000 0.004
vn -0.006 1.000 0.005
vn -0.006 1.000 0.006
vn -0.006 1.000 0.007
vn -0.006 1.000 0.008
vn -0.006 1.000 0.009
vn -0.006 1.000 0.010
vn -0.005 0.995 -0.098
vn -0.005 1.000 -0.013
vn -0.005 1.000 -0.012
vn -0.005 1.000 -0.011
vn -0.005 1.000 -0.009
vn -0.005 1.000 -0.008
vn -0.005 1.000 -0.007
vn -0.005 1.000 -0.006
vn -0.005 1.000 -0.005
vn -0.005 1.000 -0.004
vn -0.005 1.000 -0.003
vn -0.005 1.000 -0.002
vn -0.005 1.000 -0.001
vn -0.005 1.000 -0.000
vn -0.005 1.000 0.001
vn -0.005 1.000 0.002
vn -0.005 1.000 0.003
vn -0.005 1.000 0.004
vn -0.005 1.000 0.005
vn -0.005 1.000 0.006
vn -0.005 1.000 0.007
vn -0.005 1.000 0.009
vn -0.005 1.000 0.010
vn -0.005 1.000 0.011
vn -0.004 0.995 -0.097
vn -0.004 0.997 0.076
vn -0.004 0.998 0.062
vn -0.004 1.000 -0.014
vn -0.004 1.000 -0.012
vn -0.004 1.000 -0.011
vn -0.004 1.000 -0.010
vn -0.004 1.000 -0.009
vn -0.004 1.000 -0.008
vn -0.004 1.000 -0.007
vn -0.004 1.000 -0.006
vn -0.004 1.000 -0.005
vn -0.004 1.000 -0.004
vn -0.004 1.000 -0.003
vn -0.004 1.000 -0.002
vn -0.004 1.000 -0.001
vn -0.004 1.000 -0.000
vn -0.004 1.000 0.001
vn -0.004 1.000 0.002
vn -0.004 1.000 0.003
vn -0.004 1.000 0.004
vn -0.004 1.000 0.005
vn -0.004 1.000 0.006
vn -0.004 1.000 0.007
vn -0.004 1.000 0.008
vn -0.004 1.000 0.009
vn -0.004 1.000 0.010
vn -0.004 1.000 0.011
vn -0.003 1.000 -0.012
vn -0.003 1.000 -0.011
vn -0.003 1.000 -0.010
vn -0.003 1.000 -0.009
vn -0.003 1.000 -0.008
vn -0.003 1.000 -0.007
vn -0.003 1.000 -0.006
vn -0.003 1.000 -0.005
vn -0.003 1.000 -0.004
vn -0.003 1.000 -0.003
vn -0.003 1.000 -0.002
vn -0.003 1.000 -0.001
vn -0.003 1.000 -0.000
vn -0.003 1.000 0.001
vn -0.003 1.000 0.002
vn -0.003 1.000 0.003
vn -0.003 1.000 0.004
vn -0.003 1.000 0.005
vn -0.003 1.000 0.006
vn -0.003 1.000 0.007
vn -0.003 1.000 0.008
vn -0.003 1.000 0.009
vn -0.003 1.000 0.010
vn -0.003 1.000 0.011
vn -0.003 1.000 0.012
vn -0.003 1.000 0.013
vn -0.002 1.000 -0.011
vn -0.002 1.000 -0.010
vn -0.002 1.000 -0.008
vn -0.002 1.000 -0.007
vn -0.002 1.000 -0.006
vn -0.002 1.000 -0.005
vn -0.002 1.000 -0.004
vn -0.002 1.000 -0.003
vn -0.002 1.000 -0.002
vn -0.002 1.000 -0.001
vn -0.002 1.000 -0.000
vn -0.002 1.000 0.001
vn -0.002 1.000 0.002
vn -0.002 1.000 0.003
vn -0.002 1.000 0.004
vn -0.002 1.000 0.005
vn -0.002 1.000 0.006
vn -0.002 1.000 0.007
vn -0.002 1.000 0.008
vn -0.002 1.000 0.009
vn -0.002 1.000 0.010
vn -0.002 1.000 0.011
vn -0.002 1.000 0.012
vn -0.002 1.000 0.013
vn -0.001 1.000 -0.018
vn -0.001 1.000 -0.014
vn -0.001 1.000 -0.012
vn -0.001 1.000 -0.011
vn -0.001 1.000 -0.010
vn -0.001 1.000 -0.009
vn -0.001 1.000 -0.008
vn -0.001 1.000 -0.007
vn -0.001 1.000 -0.006
vn -0.001 1.000 -0.005
vn -0.001 1.000 -0.004
vn -0.001 1.000 -0.003
vn -0.001 1.000 -0.002
vn -0.001 1.000 -0.001
vn -0.001 1.000 -0.000
vn -0.001 1.000 0.001
vn -0.001 1.000 0.002
vn -0.001 1.000 0.003
vn -0.001 1.000 0.004
vn -0.001 1.000 0.005
vn -0.001 1.000 0.006
vn -0.001 1.000 0.007
vn -0.001 1.000 0.008
vn -0.001 1.000 0.009
vn -0.001 1.000 0.010
vn -0.001 1.000 0.012
vn -0.001 1.000 0.014
vn -0.000 1.000 -0.015
vn 0.000 1.000 -0.014
vn -0.000 1.000 -0.013
vn -0.000 1.000 -0.012
vn 0.000 1.000 -0.011
vn 0.000 1.000 -0.010
vn -0.000 1.000 -0.009
vn 0.000 1.000 -0.008
vn -0.000 1.000 -0.007
vn -0.000 1.000 -0.006
vn -0.000 1.000 -0.005
vn -0.000 1.000 -0.004
vn -0.000 1.000 -0.003
vn -0.000 1.000 -0.002
vn -0.000 1.000 -0.001
vn -0.000 1.000 -0.000
vn 0.000 1.000 0.001
vn -0.000 1.000 0.002
vn 0.000 1.000 0.003
vn -0.000 1.000 0.004
vn 0.000 1.000 0.005
vn 0.000 1.000 0.006
vn 0.000 1.000 0.007
vn 0.000 1.000 0.008
vn -0.000 1.000 0.009
vn -0.000 1.000 0.012
vn 0.001 1.000 -0.019
vn 0.001 1.000 -0.013
vn 0.001 1.000 -0.011
vn 0.001 1.000 -0.010
vn 0.001 1.000 -0.009
vn 0.001 1.000 -0.008
vn 0.001 1.000 -0.007
vn 0.001 1.000 -0.006
vn 0.001 1.000 -0.005
vn 0.001 1.000 -0.004
vn 0.001 1.000 -0.003
vn 0.001 1.000 -0.002
vn 0.001 1.000 -0.001
vn 0.001 1.000 0.000
vn 0.001 1.000 0.001
vn 0.001 1.000 0.002
vn 0.001 1.000 0.003
vn 0.001 1.000 0.004
vn 0.001 1.000 0.005
vn 0.001 1.000 0.006
vn 0.001 1.000 0.007
vn 0.001 1.000 0.008
vn 0.001 1.000 0.010
vn 0.001 1.000 0.012
vn 0.001 1.000 0.013
vn 0.001 1.000 0.014
vn 0.002 1.000 -0.017
vn 0.002 1.000 -0.013
vn 0.002 1.000 -0.010
vn 0.002 1.000 -0.009
vn 0.002 1.000 -0.008
vn 0.002 1.000 -0.007
vn 0.002 1.000 -0.006
vn 0.002 1.000 -0.005
vn 0.002 1.000 -0.004
vn 0.002 1.000 -0.003
vn 0.002 1.000 -0.002
vn 0.002 1.000 -0.001
vn 0.002 1.000 0.000
vn 0.002 1.000 0.001
vn 0.002 1.000 0.002
vn 0.002 1.000 0.003
vn 0.002 1.000 0.004
vn 0.002 1.000 0.005
vn 0.002 1.000 0.006
vn 0.002 1.000 0.007
vn 0.002 1.000 0.008
vn 0.002 1.000 0.009
vn 0.002 1.000 0.010
vn 0.002 1.000 0.011
vn 0.003 1.000 -0.013
vn 0.003 1.000 -0.009
vn 0.003 1.000 -0.008
vn 0.003 1.000 -0.007
vn 0.003 1.000 -0.006
vn 0.003 1.000 -0.005
vn 0.003 1.000 -0.004
vn 0.003 1.000 -0.003
vn 0.003 1.000 -0.002
vn 0.003 1.000 -0.001
vn 0.003 1.000 0.000
vn 0.003 1.000 0.001
vn 0.003 1.000 0.002
vn 0.003 1.000 0.003
vn 0.003 1.000 0.004
vn 0.003 1.000 0.005
vn 0.003 1.000 0.006
vn 0.003 1.000 0.007
vn 0.003 1.000 0.008
vn 0.003 1.000 0.009
vn 0.003 1.000 0.010
vn 0.003 1.000 0.011
vn 0.004 0.985 -0.172
vn 0.004 1.000 -0.013
vn 0.004 1.000 -0.009
vn 0.004 1.000 -0.008
vn 0.004 1.000 -0.007
vn 0.004 1.000 -0.006
vn 0.004 1.000 -0.005
vn 0.004 1.000 -0.004
vn 0.004 1.000 -0.003
vn 0.004 1.000 -0.002
vn 0.004 1.000 -0.001
vn 0.004 1.000 0.000
vn 0.004 1.000 0.001
vn 0.004 1.000 0.002
vn 0.004 1.000 0.003
vn 0.004 1.000 0.004
vn 0.004 1.000 0.005
vn 0.004 1.000 0.006
vn 0.004 1.000 0.007
vn 0.004 1.000 0.008
vn 0.004 1.000 0.009
vn 0.004 1.000 0.010
vn 0.004 1.000 0.011
vn 0.005 1.000 -0.012
vn 0.005 1.000 -0.008
vn 0.005 1.000 -0.007
vn 0.005 1.000 -0.006
vn 0.005 1.000 -0.005
vn 0.005 1.000 -0.004
vn 0.005 1.000 -0.003
vn 0.005 1.000 -0.002
vn 0.005 1.000 -0.001
vn 0.005 1.000 0.000
vn 0.005 1.000 0.001
vn 0.005 1.000 0.002
vn 0.005 1.000 0.003
vn 0.005 1.000 0.004
vn 0.005 1.000 0.005
vn 0.005 1.000 0.006
vn 0.005 1.000 0.007
vn 0.005 1.000 0.008
vn 0.005 1.000 0.009
vn 0.005 1.000 0.013
vn 0.006 0.995 -0.099
vn 0.006 1.000 -0.008
vn 0.006 1.000 -0.007
vn 0.006 1.000 -0.006
vn 0.006 1.000 -0.005
vn 0.006 1.000 -0.004
vn 0.006 1.000 -0.003
vn 0.006 1.000 -0.002
vn 0.006 1.000 -0.001
vn 0.006 1.000 0.000
vn 0.006 1.000 0.001
vn 0.006 1.000 0.002
vn 0.006 1.000 0.003
vn 0.006 1.000 0.004
vn 0.006 1.000 0.005
vn 0.006 1.000 0.006
vn 0.006 1.000 0.007
vn 0.006 1.000 0.008
vn 0.006 1.000 0.009
vn 0.006 1.000 0.010
vn 0.007 1.000 -0.018
vn 0.007 1.000 -0.013
vn 0.007 1.000 -0.012
vn 0.007 1.000 -0.010
vn 0.007 1.000 -0.007
vn 0.007 1.000 -0.006
vn 0.007 1.000 -0.004
vn 0.007 1.000 -0.003
vn 0.007 1.000 -0.002
vn 0.007 1.000 -0.001
vn 0.007 1.000 -0.000
vn 0.007 1.000 0.001
vn 0.007 1.000 0.002
vn 0.007 1.000 0.003
vn 0.007 1.000 0.004
vn 0.007 1.000 0.005
vn 0.007 1.000 0.006
vn 0.007 1.000 0.007
vn 0.007 1.000 0.008
vn 0.007 1.000 0.009
vn 0.007 1.000 0.010
vn 0.007 1.000 0.011
vn 0.007 1.000 0.012
vn 0.008 0.962 0.273
vn 0.008 1.000 -0.014
vn 0.008 1.000 -0.007
vn 0.008 1.000 -0.006
vn 0.008 1.000 -0.005
vn 0.008 1.000 -0.004
vn 0.008 1.000 -0.002
vn 0.008 1.000 -0.001
vn 0.008 1.000 -0.000
vn 0.008 1.000 0.001
vn 0.008 1.000 0.002
vn 0.008 1.000 0.003
vn 0.008 1.000 0.004
vn 0.008 1.000 0.005
vn 0.008 1.000 0.006
vn 0.008 1.000 0.007
vn 0.008 1.000 0.008
vn 0.008 1.000 0.009
vn 0.008 1.000 0.010
vn 0.008 1.000 0.011
vn 0.008 1.000 0.012
vn 0.009 0.998 -0.058
vn 0.009 1.000 -0.007
vn 0.009 1.000 -0.006
vn 0.009 1.000 -0.005
vn 0.009 1.000 -0.004
vn 0.009 1.000 -0.003
vn 0.009 1.000 -0.001
vn 0.009 1.000 0.000
vn 0.009 1.000 0.001
vn 0.009 1.000 0.002
vn 0.009 1.000 0.003
vn 0.009 1.000 0.004
vn 0.009 1.000 0.005
vn 0.009 1.000 0.006
vn 0.009 1.000 0.007
vn 0.009 1.000 0.008
vn 0.009 1.000 0.009
vn 0.009 1.000 0.010
vn 0.009 1.000 0.011
vn 0.010 1.000 -0.017
vn 0.010 1.000 -0.010
vn 0.010 1.000 -0.009
vn 0.010 1.000 -0.007
vn 0.010 1.000 -0.006
vn 0.010 1.000 -0.004
vn 0.010 1.000 -0.003
vn 0.010 1.000 -0.002
vn 0.010 1.000 -0.001
vn 0.010 1.000 0.002
vn 0.010 1.000 0.003
vn 0.010 1.000 0.004
vn 0.010 1.000 0.005
vn 0.010 1.000 0.006
vn 0.010 1.000 0.007
vn 0.010 1.000 0.008
vn 0.010 1.000 0.009
vn 0.010 1.000 0.011
vn 0.010 1.000 0.013
vn 0.010 1.000 0.015
vn 0.011 1.000 -0.020
vn 0.011 1.000 -0.019
vn 0.011 1.000 -0.004
vn 0.011 1.000 -0.002
vn 0.011 1.000 -0.001
vn 0.011 1.000 0.000
vn 0.011 1.000 0.002
vn 0.011 1.000 0.003
vn 0.011 1.000 0.004
vn 0.011 1.000 0.005
vn 0.011 1.000 0.006
vn 0.011 1.000 0.007
vn 0.011 1.000 0.008
vn 0.011 1.000 0.009
vn 0.011 1.000 0.011
vn 0.012 0.997 0.070
vn 0.012 1.000 -0.021
vn 0.012 1.000 -0.006
vn 0.012 1.000 -0.005
vn 0.012 1.000 -0.004
vn 0.012 1.000 -0.001
vn 0.012 1.000 0.000
vn 0.012 1.000 0.001
vn 0.012 1.000 0.002
vn 0.012 1.000 0.003
vn 0.012 1.000 0.004
vn 0.012 1.000 0.005
vn 0.012 1.000 0.007
vn 0.012 1.000 0.008
vn 0.012 1.000 0.009
vn 0.012 1.000 0.010
vn 0.012 1.000 0.011
vn 0.012 1.000 0.012
vn 0.012 1.000 0.013
vn 0.012 1.000 0.014
vn 0.013 1.000 -0.022
vn 0.013 1.000 -0.000
vn 0.013 1.000 0.002
vn 0.013 1.000 0.003
vn 0.013 1.000 0.004
vn 0.013 1.000 0.006
vn 0.013 1.000 0.007
vn 0.013 1.000 0.008
vn 0.013 1.000 0.009
vn 0.013 1.000 0.010
vn 0.013 1.000 0.012
vn 0.013 1.000 0.013
vn 0.014 0.963 -0.269
vn 0.014 1.000 -0.025
vn 0.014 1.000 -0.015
vn 0.014 1.000 -0.008
vn 0.014 1.000 -0.005
vn 0.014 1.000 -0.003
vn 0.014 1.000 -0.001
vn 0.014 1.000 0.002
vn 0.014 1.000 0.003
vn 0.014 1.000 0.004
vn 0.014 1.000 0.006
vn 0.014 1.000 0.007
vn 0.014 1.000 0.008
vn 0.014 1.000 0.009
vn 0.014 1.000 0.010
vn 0.014 1.000 0.011
vn 0.014 1.000 0.012
vn 0.014 1.000 0.013
vn 0.014 1.000 0.015
vn 0.014 1.000 0.017
vn 0.015 1.000 -0.007
vn 0.015 1.000 -0.006
vn 0.015 1.000 -0.003
vn 0.015 1.000 0.002
vn 0.015 1.000 0.003
vn 0.015 1.000 0.004
vn 0.015 1.000 0.006
vn 0.015 1.000 0.007
vn 0.015 1.000 0.008
vn 0.015 1.000 0.009
vn 0.015 1.000 0.014
vn 0.015 1.000 0.018
vn 0.016 0.999 -0.028
vn 0.016 0.999 -0.027
vn 0.016 1.000 -0.005
vn 0.016 1.000 0.001
vn 0.016 1.000 0.002
vn 0.016 1.000 0.003
vn 0.016 1.000 0.004
vn 0.016 1.000 0.005
vn 0.016 1.000 0.007
vn 0.016 1.000 0.008
vn 0.016 1.000 0.010
vn 0.016 1.000 0.011
vn 0.016 1.000 0.012
vn 0.016 1.000 0.013
vn 0.017 0.999 -0.030
vn 0.017 0.999 -0.029
vn 0.017 1.000 -0.007
vn 0.017 1.000 -0.003
vn 0.017 1.000 0.000
vn 0.017 1.000 0.003
vn 0.017 1.000 0.004
vn 0.017 1.000 0.005
vn 0.017 1.000 0.006
vn 0.017 1.000 0.007
vn 0.017 1.000 0.008
vn 0.017 1.000 0.009
vn 0.017 1.000 0.010
vn 0.017 1.000 0.011
vn 0.017 1.000 0.013
vn 0.018 1.000 -0.004
vn 0.018 1.000 -0.003
vn 0.018 1.000 -0.002
vn 0.018 1.000 0.001
vn 0.018 1.000 0.004
vn 0.018 1.000 0.005
vn 0.018 1.000 0.006
vn 0.018 1.000 0.007
vn 0.018 1.000 0.011
vn 0.018 1.000 0.013
vn 0.019 0.999 -0.034
vn 0.019 1.000 -0.005
vn 0.019 1.000 -0.000
vn 0.019 1.000 0.005
vn 0.019 1.000 0.007
vn 0.019 1.000 0.010
vn 0.019 1.000 0.011
vn 0.019 1.000 0.023
vn 0.020 0.973 -0.230
vn 0.020 1.000 -0.006
vn 0.020 1.000 -0.005
vn 0.020 1.000 -0.001
vn 0.020 1.000 0.001
vn 0.020 1.000 0.002
vn 0.020 1.000 0.011
vn 0.021 0.999 0.025
vn 0.021 1.000 0.000
vn 0.021 1.000 0.003
vn 0.021 1.000 0.017
vn 0.022 0.996 0.088
vn 0.022 0.999 -0.039
vn 0.022 1.000 -0.003
vn 0.022 1.000 0.015
vn 0.023 1.000 0.010
vn 0.024 0.998 -0.061
vn 0.024 0.999 -0.042
vn 0.024 1.000 0.009
vn 0.024 1.000 0.011
vn 0.024 1.000 0.012
vn 0.025 1.000 0.011
vn 0.026 0.998 0.058
vn 0.026 0.999 0.031
vn 0.026 1.000 0.009
vn 0.027 0.999 -0.047
vn 0.027 0.999 0.036
vn 0.028 0.998 -0.049
vn 0.029 0.998 -0.058
vn 0.029 0.998 -0.050
vn 0.030 0.999 -0.037
vn 0.030 0.999 0.017
vn 0.032 0.999 0.018
vn 0.033 0.998 -0.058
vn 0.034 0.999 0.011
vn 0.034 0.999 0.020
vn 0.035 0.998 -0.055
vn 0.036 0.997 -0.063
vn 0.039 0.999 0.022
vn 0.040 0.975 -0.219
vn 0.040 0.997 -0.069
vn 0.042 0.999 0.022
vn 0.043 0.998 0.053
vn 0.044 0.999 0.025
vn 0.045 0.996 -0.077
vn 0.045 0.997 -0.069
vn 0.045 0.999 0.026
vn 0.046 0.982 -0.184
vn 0.046 0.990 -0.130
vn 0.047 0.999 0.025
vn 0.047 0.999 0.027
vn 0.048 0.995 -0.083
vn 0.050 0.997 0.060
vn 0.050 0.999 0.015
vn 0.051 0.995 -0.089
vn 0.052 0.998 0.030
vn 0.053 0.994 -0.091
vn 0.053 0.998 0.030
vn 0.054 0.994 -0.093
vn 0.054 0.996 -0.076
vn 0.054 0.996 0.066
vn 0.055 0.978 -0.202
vn 0.055 0.998 0.015
vn 0.055 0.998 0.032
vn 0.057 0.996 0.064
vn 0.059 0.983 0.176
vn 0.059 0.993 -0.102
vn 0.059 0.997 -0.057
vn 0.059 0.998 0.034
vn 0.060 0.998 0.006
vn 0.063 0.956 0.287
vn 0.063 0.997 0.037
vn 0.064 0.997 0.049
vn 0.065 0.992 -0.112
vn 0.067 0.992 -0.109
vn 0.067 0.997 0.038
vn 0.071 0.997 0.041
vn 0.073 0.996 0.042
vn 0.074 0.996 0.043
vn 0.075 0.997 -0.035
vn 0.075 0.997 -0.011
vn 0.076 0.988 -0.131
vn 0.076 0.991 -0.113
vn 0.077 0.996 0.044
vn 0.077 0.997 -0.029
vn 0.081 0.987 0.141
vn 0.082 0.987 -0.142
vn 0.084 0.994 -0.073
vn 0.086 0.991 0.104
vn 0.087 0.985 -0.151
vn 0.087 0.991 0.106
vn 0.088 0.991 0.105
vn 0.089 0.995 0.052
vn 0.090 0.984 -0.156
vn 0.091 0.983 -0.158
vn 0.091 0.990 0.111
vn 0.091 0.993 -0.078
vn 0.093 0.990 0.110
vn 0.095 0.989 0.115
vn 0.096 0.981 -0.166
vn 0.096 0.989 0.116
vn 0.096 0.992 0.087
vn 0.098 0.988 0.119
vn 0.099 0.980 -0.171
vn 0.100 0.988 0.121
vn 0.101 0.990 0.093
vn 0.102 0.993 0.059
vn 0.104 0.993 0.060
vn 0.104 0.994 0.020
vn 0.105 0.978 -0.182
vn 0.107 0.977 -0.185
vn 0.108 0.991 -0.081
vn 0.108 0.992 0.067
vn 0.110 0.990 -0.089
vn 0.110 0.992 0.062
vn 0.111 0.975 -0.192
vn 0.113 0.991 0.065
vn 0.114 0.987 -0.110
vn 0.115 0.989 -0.097
vn 0.117 0.983 0.142
vn 0.117 0.992 0.046
vn 0.118 0.972 -0.203
vn 0.118 0.991 0.068
vn 0.119 0.970 -0.211
vn 0.121 0.970 -0.210
vn 0.121 0.970 -0.209
vn 0.123 0.970 -0.208
vn 0.123 0.979 -0.163
vn 0.123 0.984 0.132
vn 0.125 0.989 0.072
vn 0.125 0.990 0.072
vn 0.126 0.985 -0.116
vn 0.126 0.989 -0.081
vn 0.128 0.935 0.331
vn 0.129 0.989 0.074
vn 0.131 0.988 0.076
vn 0.135 0.972 -0.193
vn 0.135 0.976 0.171
vn 0.143 0.989 -0.042
vn 0.144 0.928 0.343
vn 0.144 0.986 0.083
vn 0.144 0.990 0.012
vn 0.145 0.986 0.081
vn 0.146 0.928 0.344
vn 0.146 0.987 0.063
vn 0.148 0.926 0.348
vn 0.149 0.980 -0.133
vn 0.150 0.985 0.086
vn 0.152 0.976 -0.155
vn 0.152 0.984 0.088
vn 0.152 0.988 -0.024
vn 0.157 0.969 0.191
vn 0.157 0.983 0.091
vn 0.159 0.985 0.069
vn 0.160 0.982 -0.103
vn 0.161 0.983 0.085
vn 0.162 0.973 -0.162
vn 0.166 0.976 -0.137
vn 0.166 0.980 0.111
vn 0.167 0.965 0.204
vn 0.167 0.978 -0.122
vn 0.168 0.986 0.004
vn 0.168 0.986 0.015
vn 0.169 0.985 -0.046
vn 0.173 0.980 -0.101
vn 0.173 0.980 0.100
vn 0.174 0.971 0.162
vn 0.176 0.944 0.281
vn 0.176 0.981 0.085
vn 0.177 0.933 0.314
vn 0.177 0.974 -0.143
vn 0.177 0.983 0.039
vn 0.181 0.973 0.142
vn 0.182 0.983 0.011
vn 0.183 0.982 0.051
vn 0.185 0.946 0.266
vn 0.185 0.953 0.242
vn 0.185 0.979 -0.088
vn 0.188 0.955 0.228
vn 0.189 0.978 0.090
vn 0.191 0.981 -0.025
vn 0.192 0.978 0.079
vn 0.192 0.981 -0.032
vn 0.192 0.981 -0.006
vn 0.197 0.974 0.114
vn 0.199 0.976 0.093
vn 0.201 0.946 0.255
vn 0.203 0.978 0.043
vn 0.204 0.948 0.246
vn 0.205 0.945 0.253
vn 0.205 0.973 -0.108
vn 0.207 0.944 0.257
vn 0.211 0.976 -0.052
vn 0.213 0.942 0.259
vn 0.214 0.969 0.125
vn 0.216 0.968 0.125
vn 0.217 0.972 -0.094
vn 0.218 0.975 -0.035
vn 0.221 0.974 0.038
vn 0.222 0.975 -0.019
vn 0.223 0.975 0.007
vn 0.224 0.900 0.373
vn 0.225 0.937 0.268
vn 0.225 0.969 0.101
vn 0.226 0.974 0.030
vn 0.227 0.965 0.131
vn 0.228 0.945 0.236
vn 0.233 0.972 -0.017
vn 0.236 0.962 0.136
vn 0.238 0.969 -0.067
vn 0.241 0.961 0.139
vn 0.242 0.961 0.136
vn 0.243 0.967 0.077
vn 0.244 0.970 -0.013
vn 0.244 0.970 -0.009
vn 0.249 0.969 0.004
vn 0.253 0.959 0.125
vn 0.255 0.894 0.369
vn 0.256 0.916 0.309
vn 0.258 0.953 0.157
vn 0.260 0.964 0.046
vn 0.261 0.961 0.087
vn 0.262 0.890 0.373
vn 0.263 0.912 0.316
vn 0.264 0.953 0.152
vn 0.265 0.897 0.354
vn 0.266 0.961 0.078
vn 0.267 0.963 0.027
vn 0.268 0.880 0.393
vn 0.270 0.919 0.288
vn 0.270 0.958 0.095
vn 0.278 0.905 0.322
vn 0.279 0.958 0.071
vn 0.279 0.960 0.040
vn 0.280 0.949 0.148
vn 0.282 0.906 0.315
vn 0.282 0.958 0.054
vn 0.283 0.935 0.216
vn 0.284 0.945 0.164
vn 0.286 0.885 0.367
vn 0.286 0.944 0.167
vn 0.287 0.935 0.208
vn 0.287 0.958 -0.004
vn 0.289 0.866 0.409
vn 0.291 0.898 0.328
vn 0.299 0.930 0.215
vn 0.303 0.947 0.107
vn 0.310 0.934 0.179
vn 0.312 0.872 0.376
vn 0.316 0.867 0.384
vn 0.317 0.867 0.385
vn 0.318 0.930 0.183
vn 0.320 0.883 0.344
vn 0.323 0.945 0.045
vn 0.326 0.874 0.361
vn 0.328 0.926 0.189
vn 0.329 0.925 0.187
vn 0.332 0.940 0.077
vn 0.333 0.925 0.180
vn 0.339 0.927 0.162
vn 0.342 0.918 0.202
vn 0.350 0.847 0.400
vn 0.355 0.925 0.133
vn 0.358 0.929 0.093
vn 0.360 0.877 0.318
vn 0.362 0.907 0.213
vn 0.364 0.851 0.379
vn 0.367 0.899 0.240
vn 0.367 0.907 0.205
vn 0.371 0.922 0.111
vn 0.373 0.899 0.229
vn 0.376 0.901 0.217
vn 0.378 0.833 0.405
vn 0.378 0.891 0.252
vn 0.378 0.902 0.211
vn 0.379 0.915 0.135
vn 0.396 0.901 0.180
vn 0.397 0.900 0.180
vn 0.400 0.887 0.231
vn 0.405 0.884 0.234
vn 0.409 0.839 0.360
vn 0.410 0.828 0.382
vn 0.412 0.881 0.235
vn 0.415 0.878 0.238
vn 0.421 0.880 0.218
vn 0.424 0.874 0.236
vn 0.424 0.886 0.189
vn 0.425 0.871 0.245
vn 0.426 0.831 0.358
vn 0.433 0.878 0.205
vn 0.435 0.865 0.251
vn 0.435 0.874 0.217
vn 0.440 0.863 0.246
vn 0.441 0.871 0.216
vn 0.447 0.857 0.258
vn 0.447 0.863 0.235
vn 0.449 0.855 0.259
vn 0.449 0.864 0.227
vn 0.456 0.834 0.310
vn 0.457 0.856 0.240
vn 0.459 0.855 0.243
vn 0.462 0.846 0.267
vn 0.466 0.846 0.258
vn 0.477 0.835 0.275
f 3717/3247/655 3719/3234/655 3721/3295/655
f 3720/3308/655 3717/3247/655 3721/3295/655
f 3712/3186/655 3715/3173/655 3719/3234/655
f 3717/3247/655 3712/3186/655 3719/3234/655
f 3706/3125/655 3710/3112/655 3715/3173/655
f 3712/3186/655 3706/3125/655 3715/3173/655
f 3698/3064/655 3703/3051/655 3710/3112/655
f 3706/3125/655 3698/3064/655 3710/3112/655
f 3689/3003/655 3695/2990/655 3703/3051/655
f 3698/3064/655 3689/3003/655 3703/3051/655
f 3678/2942/655 3685/2929/655 3695/2990/655
f 3689/3003/655 3678/2942/655 3695/2990/655
f 3666/2881/655 3674/2868/655 3685/2929/655
f 3678/2942/655 3666/2881/655 3685/2929/655
f 3652/2820/655 3661/2807/655 3674/2868/655
f 3666/2881/655 3652/2820/655 3674/2868/655
f 3637/2759/655 3647/2746/655 3661/2807/655
f 3652/2820/655 3637/2759/655 3661/2807/655
f 3620/2698/655 3631/2685/655 3647/2746/655
f 3637/2759/655 3620/2698/655 3647/2746/655
f 3602/2637/655 3614/2624/655 3631/2685/655
f 3620/2698/655 3602/2637/655 3631/2685/655
f 3582/2576/655 3595/2563/655 3614/2624/655
f 3602/2637/655 3582/2576/655 3614/2624/655
f 3560/2515/655 3574/2502/655 3595/2563/655
f 3582/2576/655 3560/2515/655 3595/2563/655
f 3537/2454/655 3552/2441/655 3574/2502/655
f 3560/2515/655 3537/2454/655 3574/2502/655
f 3512/2393/655 3528/2380/655 3552/2441/655
f 3537/2454/655 3512/2393/655 3552/2441/655
f 3486/2332/655 3503/2319/655 3528/2380/655
f 3512/2393/655 3486/2332/655 3528/2380/655
f 3458/2271/655 3476/2258/655 3503/2319/655
f 3486/2332/655 3458/2271/655 3503/2319/655
f 3429/2210/655 3448/2197/655 3476/2258/655
f 3458/2271/655 3429/2210/655 3476/2258/655
f 3398/2149/655 3418/2136/655 3448/2197/655
f 3429/2210/655 3398/2149/655 3448/2197/655
f 3366/2088/655 3387/2075/655 3418/2136/655
f 3398/2149/655 3366/2088/655 3418/2136/655
f 3332/2027/655 3354/2014/655 3387/2075/655
f 3366/2088/655 3332/2027/655 3387/2075/655
f 3297/1966/655 3320/1953/655 3354/2014/655
f 3332/2027/655 3297/1966/655 3354/2014/655
f 3260/1905/655 3284/1892/655 3320/1953/655
f 3297/1966/655 3260/1905/655 3320/1953/655
f 3222/1844/655 3247/1831/655 3284/1892/655
f 3260/1905/655 3222/1844/655 3284/1892/655
f 3182/1783/655 3208/1770/655 3247/1831/655
f 3222/1844/655 3182/1783/655 3247/1831/655
f 3140/1722/655 3167/1709/655 3208/1770/655
f 3182/1783/655 3140/1722/655 3208/1770/655
f 3097/1661/655 3125/1648/655 3167/1709/655
f 3140/1722/655 3097/1661/655 3167/1709/655
f 3052/1600/655 3081/1587/655 3125/1648/655
f 3097/1661/655 3052/1600/655 3125/1648/655
f 3006/1539/655 3036/1526/655 3081/1587/655
f 3052/1600/655 3006/1539/655 3081/1587/655
f 2958/1478/655 2989/1465/655 3036/1526/655
f 3006/1539/655 2958/1478/655 3036/1526/655
f 2909/1417/655 2941/1404/655 2989/1465/655
f 2958/1478/655 2909/1417/655 2989/1465/655
f 2858/1356/655 2891/1343/655 2941/1404/655
f 2909/1417/655 2858/1356/655 2941/1404/655
f 2806/1295/655 2840/1282/655 2891/1343/655
f 2858/1356/655 2806/1295/655 2891/1343/655
f 2752/1234/655 2787/1221/655 2840/1282/655
f 2806/1295/655 2752/1234/655 2840/1282/655
f 2697/1173/655 2733/1160/655 2787/1221/655
f 2752/1234/655 2697/1173/655 2787/1221/655
f 2640/1112/655 2677/1099/655 2733/1160/655
f 2697/1173/655 2640/1112/655 2733/1160/655
f 2582/1051/655 2620/1038/655 2677/1099/655
f 2640/1112/655 2582/1051/655 2677/1099/655
f 2522/990/655 2561/977/655 2620/1038/655
f 2582/1051/655 2522/990/655 2620/1038/655
f 2461/929/655 2500/916/655 2561/977/655
f 2522/990/655 2461/929/655 2561/977/655
f 2400/868/655 2439/855/655 2500/916/655
f 2461/929/655 2400/868/655 2500/916/655
f 2339/807/655 2378/794/655 2439/855/655
f 2400/868/655 2339/807/655 2439/855/655
f 2278/746/655 2317/733/655 2378/794/655
f 2339/807/655 2278/746/655 2378/794/655
f 2217/685/655 2256/672/655 2317/733/655
f 2278/746/655 2217/685/655 2317/733/655
f 2156/624/655 2195/611/655 2256/672/655
f 2217/685/655 2156/624/655 2256/672/655
f 2095/563/655 2134/550/655 2195/611/655
f 2156/624/655 2095/563/655 2195/611/655
f 2034/502/655 2073/489/655 2134/550/655
f 2095/563/655 2034/502/655 2134/550/655
f 1973/441/655 2012/428/655 2073/489/655
f 2034/502/655 1973/441/655 2073/489/655
f 1912/380/655 1951/367/655 2012/428/655
f 1973/441/655 1912/380/655 2012/428/655
f 1851/323/655 1890/311/655 1951/367/655
f 1912/380/655 1851/323/655 1951/367/655
f 1790/271/655 1829/260/655 1890/311/655
f 1851/323/655 1790/271/655 1890/311/655
f 1729/223/655 1768/213/655 1829/260/655
f 1790/271/655 1729/223/655 1829/260/655
f 1668/180/655 1707/171/655 1768/213/655
f 1729/223/655 1668/180/655 1768/213/655
f 1607/142/655 1646/134/655 1707/171/655
f 1668/180/655 1607/142/655 1707/171/655
f 1546/108/655 1585/101/655 1646/134/655
f 1607/142/655 1546/108/655 1646/134/655
f 1485/79/655 1524/73/655 1585/101/655
f 1546/108/655 1485/79/655 1585/101/655
f 1424/54/655 1463/49/655 1524/73/655
f 1485/79/655 1424/54/655 1524/73/655
f 1363/34/655 1402/30/655 1463/49/655
f 1424/54/655 1363/34/655 1463/49/655
f 1302/19/655 1341/16/655 1402/30/655
f 1363/34/655 1302/19/655 1402/30/655
f 1241/8/655 1280/6/655 1341/16/655
f 1302/19/655 1241/8/655 1341/16/655
f 1180/2/655 1219/1/655 1280/6/655
f 1241/8/655 1180/2/655 1280/6/655
f 3714/3260/655 3717/3247/655 3720/3308/655
f 3718/3321/655 3714/3260/655 3720/3308/655
f 3708/3199/655 3712/3186/655 3717/3247/655
f 3714/3260/655 3708/3199/655 3717/3247/655
f 3701/3138/655 3706/3125/655 3712/3186/655
f 3708/3199/655 3701/3138/655 3712/3186/655
f 3692/3077/655 3698/3064/655 3706/3125/655
f 3701/3138/655 3692/3077/655 3706/3125/655
f 3682/3016/655 3689/3003/655 3698/3064/655
f 3692/3077/655 3682/3016/655 3698/3064/655
f 3670/2955/655 3678/2942/655 3689/3003/655
f 3682/3016/655 3670/2955/655 3689/3003/655
f 3657/2894/655 3666/2881/655 3678/2942/655
f 3670/2955/655 3657/2894/655 3678/2942/655
f 3642/2833/655 3652/2820/655 3666/2881/655
f 3657/2894/655 3642/2833/655 3666/2881/655
f 3626/2772/655 3637/2759/655 3652/2820/655
f 3642/2833/655 3626/2772/655 3652/2820/655
f 3608/2711/655 3620/2698/655 3637/2759/655
f 3626/2772/655 3608/2711/655 3637/2759/655
f 3589/2650/655 3602/2637/655 3620/2698/655
f 3608/2711/655 3589/2650/655 3620/2698/655
f 3568/2589/655 3582/2576/655 3602/2637/655
f 3589/2650/655 3568/2589/655 3602/2637/655
f 3545/2528/655 3560/2515/655 3582/2576/655
f 3568/2589/655 3545/2528/655 3582/2576/655
f 3521/2467/655 3537/2454/655 3560/2515/655
f 3545/2528/655 3521/2467/655 3560/2515/655
f 3495/2406/655 3512/2393/655 3537/2454/655
f 3521/2467/655 3495/2406/655 3537/2454/655
f 3468/2345/655 3486/2332/655 3512/2393/655
f 3495/2406/655 3468/2345/655 3512/2393/655
f 3439/2284/655 3458/2271/655 3486/2332/655
f 3468/2345/655 3439/2284/655 3486/2332/655
f 3409/2223/655 3429/2210/655 3458/2271/655
f 3439/2284/655 3409/2223/655 3458/2271/655
f 3377/2162/655 3398/2149/655 3429/2210/655
f 3409/2223/655 3377/2162/655 3429/2210/655
f 3344/2101/655 3366/2088/655 3398/2149/655
f 3377/2162/655 3344/2101/655 3398/2149/655
f 3309/2040/655 3332/2027/655 3366/2088/655
f 3344/2101/655 3309/2040/655 3366/2088/655
f 3273/1979/655 3297/1966/655 3332/2027/655
f 3309/2040/655 3273/1979/655 3332/2027/655
f 3235/1918/655 3260/1905/655 3297/1966/655
f 3273/1979/655 3235/1918/655 3297/1966/655
f 3196/1857/655 3222/1844/655 3260/1905/655
f 3235/1918/655 3196/1857/655 3260/1905/655
f 3155/1796/655 3182/1783/655 3222/1844/655
f 3196/1857/655 3155/1796/655 3222/1844/655
f 3112/1735/655 3140/1722/655 3182/1783/655
f 3155/1796/655 3112/1735/655 3182/1783/655
f 3068/1674/655 3097/1661/655 3140/1722/655
f 3112/1735/655 3068/1674/655 3140/1722/655
f 3022/1613/655 3052/1600/655 3097/1661/655
f 3068/1674/655 3022/1613/655 3097/1661/655
f 2975/1552/655 3006/1539/655 3052/1600/655
f 3022/1613/655 2975/1552/655 3052/1600/655
f 2926/1491/655 2958/1478/655 3006/1539/655
f 2975/1552/655 2926/1491/655 3006/1539/655
f 2876/1430/655 2909/1417/655 2958/1478/655
f 2926/1491/655 2876/1430/655 2958/1478/655
f 2824/1369/655 2858/1356/655 2909/1417/655
f 2876/1430/655 2824/1369/655 2909/1417/655
f 2771/1308/655 2806/1295/655 2858/1356/655
f 2824/1369/655 2771/1308/655 2858/1356/655
f 2716/1247/655 2752/1234/655 2806/1295/655
f 2771/1308/655 2716/1247/655 2806/1295/655
f 2660/1186/655 2697/1173/655 2752/1234/655
f 2716/1247/655 2660/1186/655 2752/1234/655
f 2602/1125/655 2640/1112/655 2697/1173/655
f 2660/1186/655 2602/1125/655 2697/1173/655
f 2543/1064/655 2582/1051/655 2640/1112/655
f 2602/1125/655 2543/1064/655 2640/1112/655
f 2482/1003/655 2522/990/655 2582/1051/655
f 2543/1064/655 2482/1003/655 2582/1051/655
f 2421/942/655 2461/929/655 2522/990/655
f 2482/1003/655 2421/942/655 2522/990/655
f 2360/881/655 2400/868/655 2461/929/655
f 2421/942/655 2360/881/655 2461/929/655
f 2299/820/655 2339/807/655 2400/868/655
f 2360/881/655 2299/820/655 2400/868/655
f 2238/759/655 2278/746/655 2339/807/655
f 2299/820/655 2238/759/655 2339/807/655
f 2177/698/655 2217/685/655 2278/746/655
f 2238/759/655 2177/698/655 2278/746/655
f 2116/637/655 2156/624/655 2217/685/655
f 2177/698/655 2116/637/655 2217/685/655
f 2055/576/655 2095/563/655 2156/624/655
f 2116/637/655 2055/576/655 2156/624/655
f 1994/515/655 2034/502/655 2095/563/655
f 2055/576/655 1994/515/655 2095/563/655
f 1933/454/655 1973/441/655 2034/502/655
f 1994/515/655 1933/454/655 2034/502/655
f 1872/393/655 1912/380/655 1973/441/655
f 1933/454/655 1872/393/655 1973/441/655
f 1811/335/655 1851/323/655 1912/380/655
f 1872/393/655 1811/335/655 1912/380/655
f 1750/282/655 1790/271/655 1851/323/655
f 1811/335/655 1750/282/655 1851/323/655
f 1689/233/655 1729/223/655 1790/271/655
f 1750/282/655 1689/233/655 1790/271/655
f 1628/189/655 1668/180/655 1729/223/655
f 1689/233/655 1628/189/655 1729/223/655
f 1567/150/655 1607/142/655 1668/180/655
f 1628/189/655 1567/150/655 1668/180/655
f 1506/115/655 1546/108/655 1607/142/655
f 1567/150/655 1506/115/655 1607/142/655
f 1445/85/655 1485/79/655 1546/108/655
f 1506/115/655 1445/85/655 1546/108/655
f 1384/59/655 1424/54/655 1485/79/655
f 1445/85/655 1384/59/655 1485/79/655
f 1323/38/655 1363/34/655 1424/54/655
f 1384/59/655 1323/38/655 1424/54/655
f 1262/22/655 1302/19/655 1363/34/655
f 1323/38/655 1262/22/655 1363/34/655
f 1201/10/655 1241/8/655 1302/19/655
f 1262/22/655 1201/10/655 1302/19/655
f 1141/3/655 1180/2/655 1241/8/655
f 1201/10/655 1141/3/655 1241/8/655
f 3711/3273/655 3714/3260/655 3718/3321/655
f 3716/3334/655 3711/3273/655 3718/3321/655
f 3704/3212/655 3708/3199/655 3714/3260/655
f 3711/3273/655 3704/3212/655 3714/3260/655
f 3696/3151/655 3701/3138/655 3708/3199/655
f 3704/3212/655 3696/3151/655 3708/3199/655
f 3686/3090/655 3692/3077/655 3701/3138/655
f 3696/3151/655 3686/3090/655 3701/3138/655
f 3675/3029/655 3682/3016/655 3692/3077/655
f 3686/3090/655 3675/3029/655 3692/3077/655
f 3662/2968/655 3670/2955/655 3682/3016/655
f 3675/3029/655 3662/2968/655 3682/3016/655
f 3648/2907/655 3657/2894/655 3670/2955/655
f 3662/2968/655 3648/2907/655 3670/2955/655
f 3632/2846/655 3642/2833/655 3657/2894/655
f 3648/2907/655 3632/2846/655 3657/2894/655
f 3615/2785/655 3626/2772/655 3642/2833/655
f 3632/2846/655 3615/2785/655 3642/2833/655
f 3596/2724/655 3608/2711/655 3626/2772/655
f 3615/2785/655 3596/2724/655 3626/2772/655
f 3576/2663/655 3589/2650/655 3608/2711/655
f 3596/2724/655 3576/2663/655 3608/2711/655
f 3554/2602/655 3568/2589/655 3589/2650/655
f 3576/2663/655 3554/2602/655 3589/2650/655
f 3530/2541/655 3545/2528/655 3568/2589/655
f 3554/2602/655 3530/2541/655 3568/2589/655
f 3505/2480/655 3521/2467/655 3545/2528/655
f 3530/2541/655 3505/2480/655 3545/2528/655
f 3478/2419/655 3495/2406/655 3521/2467/655
f 3505/2480/655 3478/2419/655 3521/2467/655
f 3450/2358/655 3468/2345/655 3495/2406/655
f 3478/2419/655 3450/2358/655 3495/2406/655
f 3420/2297/655 3439/2284/655 3468/2345/655
f 3450/2358/655 3420/2297/655 3468/2345/655
f 3389/2236/655 3409/2223/655 3439/2284/655
f 3420/2297/655 3389/2236/655 3439/2284/655
f 3356/2175/655 3377/2162/655 3409/2223/655
f 3389/2236/655 3356/2175/655 3409/2223/655
f 3322/2114/655 3344/2101/655 3377/2162/655
f 3356/2175/655 3322/2114/655 3377/2162/655
f 3286/2053/655 3309/2040/655 3344/2101/655
f 3322/2114/655 3286/2053/655 3344/2101/655
f 3249/1992/655 3273/1979/655 3309/2040/655
f 3286/2053/655 3249/1992/655 3309/2040/655
f 3210/1931/655 3235/1918/655 3273/1979/655
f 3249/1992/655 3210/1931/655 3273/1979/655
f 3170/1870/655 3196/1857/655 3235/1918/655
f 3210/1931/655 3170/1870/655 3235/1918/655
f 3128/1809/655 3155/1796/655 3196/1857/655
f 3170/1870/655 3128/1809/655 3196/1857/655
f 3084/1748/655 3112/1735/655 3155/1796/655
f 3128/1809/655 3084/1748/655 3155/1796/655
f 3039/1687/655 3068/1674/655 3112/1735/655
f 3084/1748/655 3039/1687/655 3112/1735/655
f 2992/1626/655 3022/1613/655 3068/1674/655
f 3039/1687/655 2992/1626/655 3068/1674/655
f 2944/1565/655 2975/1552/655 3022/1613/655
f 2992/1626/655 2944/1565/655 3022/1613/655
f 2894/1504/655 2926/1491/655 2975/1552/655
f 2944/1565/655 2894/1504/655 2975/1552/655
f 2843/1443/655 2876/1430/655 2926/1491/655
f 2894/1504/655 2843/1443/655 2926/1491/655
f 2790/1382/655 2824/1369/655 2876/1430/655
f 2843/1443/655 2790/1382/655 2876/1430/655
f 2736/1321/655 2771/1308/655 2824/1369/655
f 2790/1382/655 2736/1321/655 2824/1369/655
f 2680/1260/655 2716/1247/655 2771/1308/655
f 2736/1321/655 2680/1260/655 2771/1308/655
f 2623/1199/655 2660/1186/655 2716/1247/655
f 2680/1260/655 2623/1199/655 2716/1247/655
f 2564/1138/655 2602/1125/655 2660/1186/655
f 2623/1199/655 2564/1138/655 2660/1186/655
f 2504/1077/655 2543/1064/655 2602/1125/655
f 2564/1138/655 2504/1077/655 2602/1125/655
f 2443/1016/655 2482/1003/655 2543/1064/655
f 2504/1077/655 2443/1016/655 2543/1064/655
f 2382/955/655 2421/942/655 2482/1003/655
f 2443/1016/655 2382/955/655 2482/1003/655
f 2321/894/655 2360/881/655 2421/942/655
f 2382/955/655 2321/894/655 2421/942/655
f 2260/833/655 2299/820/655 2360/881/655
f 2321/894/655 2260/833/655 2360/881/655
f 2199/772/655 2238/759/655 2299/820/655
f 2260/833/655 2199/772/655 2299/820/655
f 2138/711/655 2177/698/655 2238/759/655
f 2199/772/655 2138/711/655 2238/759/655
f 2077/650/655 2116/637/655 2177/698/655
f 2138/711/655 2077/650/655 2177/698/655
f 2016/589/655 2055/576/655 2116/637/655
f 2077/650/655 2016/589/655 2116/637/655
f 1955/528/655 1994/515/655 2055/576/655
f 2016/589/655 1955/528/655 2055/576/655
f 1894/467/655 1933/454/655 1994/515/655
f 1955/528/655 1894/467/655 1994/515/655
f 1833/406/655 1872/393/655 1933/454/655
f 1894/467/655 1833/406/655 1933/454/655
f 1772/347/655 1811/335/655 1872/393/655
f 1833/406/655 1772/347/655 1872/393/655
f 1711/293/655 1750/282/655 1811/335/655
f 1772/347/655 1711/293/655 1811/335/655
f 1650/243/655 1689/233/655 1750/282/655
f 1711/293/655 1650/243/655 1750/282/655
f 1589/198/655 1628/189/655 1689/233/655
f 1650/243/655 1589/198/655 1689/233/655
f 1528/158/655 1567/150/655 1628/189/655
f 1589/198/655 1528/158/655 1628/189/655
f 1467/122/655 1506/115/655 1567/150/655
f 1528/158/655 1467/122/655 1567/150/655
f 1406/91/655 1445/85/655 1506/115/655
f 1467/122/655 1406/91/655 1506/115/655
f 1345/64/655 1384/59/655 1445/85/655
f 1406/91/655 1345/64/655 1445/85/655
f 1284/42/655 1323/38/655 1384/59/655
f 1345/64/655 1284/42/655 1384/59/655
f 1223/25/655 1262/22/655 1323/38/655
f 1284/42/655 1223/25/655 1323/38/655
f 1162/12/655 1201/10/655 1262/22/655
f 1223/25/655 1162/12/655 1262/22/655
f 1103/4/655 1141/3/655 1201/10/655
f 1162/12/655 1103/4/655 1201/10/655
f 3707/3286/655 3711/3273/655 3716/3334/655
f 3713/3347/655 3707/3286/655 3716/3334/655
f 3699/3225/655 3704/3212/655 3711/3273/655
f 3707/3286/655 3699/3225/655 3711/3273/655
f 3690/3164/655 3696/3151/655 3704/3212/655
f 3699/3225/655 3690/3164/655 3704/3212/655
f 3679/3103/655 3686/3090/655 3696/3151/655
f 3690/3164/655 3679/3103/655 3696/3151/655
f 3667/3042/655 3675/3029/655 3686/3090/655
f 3679/3103/655 3667/3042/655 3686/3090/655
f 3653/2981/655 3662/2968/655 3675/3029/655
f 3667/3042/655 3653/2981/655 3675/3029/655
f 3638/2920/655 3648/2907/655 3662/2968/655
f 3653/2981/655 3638/2920/655 3662/2968/655
f 3621/2859/655 3632/2846/655 3648/2907/655
f 3638/2920/655 3621/2859/655 3648/2907/655
f 3603/2798/655 3615/2785/655 3632/2846/655
f 3621/2859/655 3603/2798/655 3632/2846/655
f 3583/2737/655 3596/2724/655 3615/2785/655
f 3603/2798/655 3583/2737/655 3615/2785/655
f 3562/2676/655 3576/2663/655 3596/2724/655
f 3583/2737/655 3562/2676/655 3596/2724/655
f 3539/2615/655 3554/2602/655 3576/2663/655
f 3562/2676/655 3539/2615/655 3576/2663/655
f 3514/2554/655 3530/2541/655 3554/2602/655
f 3539/2615/655 3514/2554/655 3554/2602/655
f 3488/2493/655 3505/2480/655 3530/2541/655
f 3514/2554/655 3488/2493/655 3530/2541/655
f 3460/2432/655 3478/2419/655 3505/2480/655
f 3488/2493/655 3460/2432/655 3505/2480/655
f 3431/2371/655 3450/2358/655 3478/2419/655
f 3460/2432/655 3431/2371/655 3478/2419/655
f 3400/2310/655 3420/2297/655 3450/2358/655
f 3431/2371/655 3400/2310/655 3450/2358/655
f 3368/2249/655 3389/2236/655 3420/2297/655
f 3400/2310/655 3368/2249/655 3420/2297/655
f 3334/2188/655 3356/2175/655 3389/2236/655
f 3368/2249/655 3334/2188/655 3389/2236/655
f 3299/2127/655 3322/2114/655 3356/2175/655
f 3334/2188/655 3299/2127/655 3356/2175/655
f 3262/2066/655 3286/2053/655 3322/2114/655
f 3299/2127/655 3262/2066/655 3322/2114/655
f 3224/2005/655 3249/1992/655 3286/2053/655
f 3262/2066/655 3224/2005/655 3286/2053/655
f 3184/1944/655 3210/1931/655 3249/1992/655
f 3224/2005/655 3184/1944/655 3249/1992/655
f 3143/1883/655 3170/1870/655 3210/1931/655
f 3184/1944/655 3143/1883/655 3210/1931/655
f 3100/1822/655 3128/1809/655 3170/1870/655
f 3143/1883/655 3100/1822/655 3170/1870/655
f 3055/1761/1102 3084/1748/1102 3128/1809/1102
f 3100/1822/1002 3055/1761/1002 3128/1809/1002
f 3009/1700/1261 3039/1687/1261 3084/1748/1261
f 3055/1761/1148 3009/1700/1148 3084/1748/1148
f 2961/1639/1220 2992/1626/1220 3039/1687/1220
f 3009/1700/1255 2961/1639/1255 3039/1687/1255
f 2912/1578/655 2944/1565/655 2992/1626/655
f 2961/1639/1188 2912/1578/1188 2992/1626/1188
f 2861/1517/655 2894/1504/655 2944/1565/655
f 2912/1578/655 2861/1517/655 2944/1565/655
f 2809/1456/655 2843/1443/655 2894/1504/655
f 2861/1517/655 2809/1456/655 2894/1504/655
f 2755/1395/655 2790/1382/655 2843/1443/655
f 2809/1456/655 2755/1395/655 2843/1443/655
f 2700/1334/655 2736/1321/655 2790/1382/655
f 2755/1395/655 2700/1334/655 2790/1382/655
f 2643/1273/655 2680/1260/655 2736/1321/655
f 2700/1334/655 2643/1273/655 2736/1321/655
f 2585/1212/655 2623/1199/655 2680/1260/655
f 2643/1273/655 2585/1212/655 2680/1260/655
f 2525/1151/655 2564/1138/655 2623/1199/655
f 2585/1212/655 2525/1151/655 2623/1199/655
f 2464/1090/655 2504/1077/655 2564/1138/655
f 2525/1151/655 2464/1090/655 2564/1138/655
f 2403/1029/655 2443/1016/655 2504/1077/655
f 2464/1090/655 2403/1029/655 2504/1077/655
f 2342/968/655 2382/955/655 2443/1016/655
f 2403/1029/655 2342/968/655 2443/1016/655
f 2281/907/655 2321/894/655 2382/955/655
f 2342/968/655 2281/907/655 2382/955/655
f 2220/846/655 2260/833/655 2321/894/655
f 2281/907/655 2220/846/655 2321/894/655
f 2159/785/655 2199/772/655 2260/833/655
f 2220/846/655 2159/785/655 2260/833/655
f 2098/724/655 2138/711/655 2199/772/655
f 2159/785/655 2098/724/655 2199/772/655
f 2037/663/655 2077/650/655 2138/711/655
f 2098/724/655 2037/663/655 2138/711/655
f 1976/602/655 2016/589/655 2077/650/655
f 2037/663/655 1976/602/655 2077/650/655
f 1915/541/655 1955/528/655 2016/589/655
f 1976/602/655 1915/541/655 2016/589/655
f 1854/480/655 1894/467/655 1955/528/655
f 1915/541/655 1854/480/655 1955/528/655
f 1793/419/655 1833/406/655 1894/467/655
f 1854/480/655 1793/419/655 1894/467/655
f 1732/359/655 1772/347/655 1833/406/655
f 1793/419/655 1732/359/655 1833/406/655
f 1671/304/655 1711/293/655 1772/347/655
f 1732/359/655 1671/304/655 1772/347/655
f 1610/253/655 1650/243/655 1711/293/655
f 1671/304/655 1610/253/655 1711/293/655
f 1549/207/655 1589/198/655 1650/243/655
f 1610/253/655 1549/207/655 1650/243/655
f 1488/166/655 1528/158/655 1589/198/655
f 1549/207/655 1488/166/655 1589/198/655
f 1427/129/655 1467/122/655 1528/158/655
f 1488/166/655 1427/129/655 1528/158/655
f 1366/97/655 1406/91/655 1467/122/655
f 1427/129/655 1366/97/655 1467/122/655
f 1305/69/655 1345/64/655 1406/91/655
f 1366/97/655 1305/69/655 1406/91/655
f 1244/46/655 1284/42/655 1345/64/655
f 1305/69/655 1244/46/655 1345/64/655
f 1183/28/655 1223/25/655 1284/42/655
f 1244/46/655 1183/28/655 1284/42/655
f 1123/14/655 1162/12/655 1223/25/655
f 1183/28/655 1123/14/655 1223/25/655
f 1065/5/655 1103/4/655 1162/12/655
f 1123/14/655 1065/5/655 1162/12/655
f 3702/3300/655 3707/3286/655 3713/3347/655
f 3709/3360/655 3702/3300/655 3713/3347/655
f 3693/3239/655 3699/3225/655 3707/3286/655
f 3702/3300/655 3693/3239/655 3707/3286/655
f 3683/3178/655 3690/3164/655 3699/3225/655
f 3693/3239/655 3683/3178/655 3699/3225/655
f 3671/3117/655 3679/3103/655 3690/3164/655
f 3683/3178/655 3671/3117/655 3690/3164/655
f 3658/3056/655 3667/3042/655 3679/3103/655
f 3671/3117/655 3658/3056/655 3679/3103/655
f 3643/2995/655 3653/2981/655 3667/3042/655
f 3658/3056/655 3643/2995/655 3667/3042/655
f 3627/2934/655 3638/2920/655 3653/2981/655
f 3643/2995/655 3627/2934/655 3653/2981/655
f 3609/2873/655 3621/2859/655 3638/2920/655
f 3627/2934/655 3609/2873/655 3638/2920/655
f 3590/2812/655 3603/2798/655 3621/2859/655
f 3609/2873/655 3590/2812/655 3621/2859/655
f 3569/2751/655 3583/2737/655 3603/2798/655
f 3590/2812/655 3569/2751/655 3603/2798/655
f 3547/2690/655 3562/2676/655 3583/2737/655
f 3569/2751/655 3547/2690/655 3583/2737/655
f 3523/2629/655 3539/2615/655 3562/2676/655
f 3547/2690/655 3523/2629/655 3562/2676/655
f 3497/2568/655 3514/2554/655 3539/2615/655
f 3523/2629/655 3497/2568/655 3539/2615/655
f 3470/2507/655 3488/2493/655 3514/2554/655
f 3497/2568/655 3470/2507/655 3514/2554/655
f 3441/2446/655 3460/2432/655 3488/2493/655
f 3470/2507/655 3441/2446/655 3488/2493/655
f 3411/2385/655 3431/2371/655 3460/2432/655
f 3441/2446/655 3411/2385/655 3460/2432/655
f 3379/2324/655 3400/2310/655 3431/2371/655
f 3411/2385/655 3379/2324/655 3431/2371/655
f 3346/2263/655 3368/2249/655 3400/2310/655
f 3379/2324/655 3346/2263/655 3400/2310/655
f 3311/2202/655 3334/2188/655 3368/2249/655
f 3346/2263/655 3311/2202/655 3368/2249/655
f 3275/2141/655 3299/2127/655 3334/2188/655
f 3311/2202/655 3275/2141/655 3334/2188/655
f 3237/2080/655 3262/2066/655 3299/2127/655
f 3275/2141/655 3237/2080/655 3299/2127/655
f 3198/2019/655 3224/2005/655 3262/2066/655
f 3237/2080/655 3198/2019/655 3262/2066/655
f 3157/1958/655 3184/1944/655 3224/2005/655
f 3198/2019/655 3157/1958/655 3224/2005/655
f 3115/1897/655 3143/1883/655 3184/1944/655
f 3157/1958/655 3115/1897/655 3184/1944/655
f 3071/1836/1140 3100/1822/1140 3143/1883/1140
f 3115/1897/1035 3071/1836/1035 3143/1883/1035
f 3025/1775/1303 3055/1761/1303 3100/1822/1303
f 3071/1836/1206 3025/1775/1206 3100/1822/1206
f 2978/1714/1243 3009/1700/1243 3055/1761/1243
f 3025/1775/1297 2978/1714/1297 3055/1761/1297
f 2929/1653/1251 2961/1639/1251 3009/1700/1251
f 2978/1714/1215 2929/1653/1215 3009/1700/1215
f 2879/1592/1274 2912/1578/1274 2961/1639/1274
f 2929/1653/1247 2879/1592/1247 2961/1639/1247
f 2827/1531/655 2861/1517/655 2912/1578/655
f 2879/1592/1259 2827/1531/1259 2912/1578/1259
f 2774/1470/655 2809/1456/655 2861/1517/655
f 2827/1531/655 2774/1470/655 2861/1517/655
f 2719/1409/655 2755/1395/655 2809/1456/655
f 2774/1470/655 2719/1409/655 2809/1456/655
f 2663/1348/655 2700/1334/655 2755/1395/655
f 2719/1409/655 2663/1348/655 2755/1395/655
f 2605/1287/655 2643/1273/655 2700/1334/655
f 2663/1348/655 2605/1287/655 2700/1334/655
f 2546/1226/655 2585/1212/655 2643/1273/655
f 2605/1287/655 2546/1226/655 2643/1273/655
f 2485/1165/655 2525/1151/655 2585/1212/655
f 2546/1226/655 2485/1165/655 2585/1212/655
f 2424/1104/1016 2464/1090/1016 2525/1151/1016
f 2485/1165/742 2424/1104/742 2525/1151/742
f 2363/1043/1194 2403/1029/1194 2464/1090/1194
f 2424/1104/1077 2363/1043/1077 2464/1090/1077
f 2302/982/1139 2342/968/1139 2403/1029/1139
f 2363/1043/1182 2302/982/1182 2403/1029/1182
f 2241/921/655 2281/907/655 2342/968/655
f 2302/982/1112 2241/921/1112 2342/968/1112
f 2180/860/655 2220/846/655 2281/907/655
f 2241/921/655 2180/860/655 2281/907/655
f 2119/799/655 2159/785/655 2220/846/655
f 2180/860/655 2119/799/655 2220/846/655
f 2058/738/655 2098/724/655 2159/785/655
f 2119/799/655 2058/738/655 2159/785/655
f 1997/677/655 2037/663/655 2098/724/655
f 2058/738/655 1997/677/655 2098/724/655
f 1936/616/655 1976/602/655 2037/663/655
f 1997/677/655 1936/616/655 2037/663/655
f 1875/555/655 1915/541/655 1976/602/655
f 1936/616/655 1875/555/655 1976/602/655
f 1814/494/655 1854/480/655 1915/541/655
f 1875/555/655 1814/494/655 1915/541/655
f 1753/433/655 1793/419/655 1854/480/655
f 1814/494/655 1753/433/655 1854/480/655
f 1692/372/655 1732/359/655 1793/419/655
f 1753/433/655 1692/372/655 1793/419/655
f 1631/316/655 1671/304/655 1732/359/655
f 1692/372/655 1631/316/655 1732/359/655
f 1570/264/655 1610/253/655 1671/304/655
f 1631/316/655 1570/264/655 1671/304/655
f 1509/217/655 1549/207/655 1610/253/655
f 1570/264/655 1509/217/655 1610/253/655
f 1448/175/655 1488/166/655 1549/207/655
f 1509/217/655 1448/175/655 1549/207/655
f 1387/137/655 1427/129/655 1488/166/655
f 1448/175/655 1387/137/655 1488/166/655
f 1326/104/655 1366/97/655 1427/129/655
f 1387/137/655 1326/104/655 1427/129/655
f 1265/75/655 1305/69/655 1366/97/655
f 1326/104/655 1265/75/655 1366/97/655
f 1204/51/655 1244/46/655 1305/69/655
f 1265/75/655 1204/51/655 1305/69/655
f 1144/32/655 1183/28/655 1244/46/655
f 1204/51/655 1144/32/655 1244/46/655
f 1085/17/655 1123/14/655 1183/28/655
f 1144/32/655 1085/17/655 1183/28/655
f 1028/7/655 1065/5/655 1123/14/655
f 1085/17/655 1028/7/655 1123/14/655
f 3697/3313/655 3702/3300/655 3709/3360/655
f 3705/3372/655 3697/3313/655 3709/3360/655
f 3687/3252/655 3693/3239/655 3702/3300/655
f 3697/3313/655 3687/3252/655 3702/3300/655
f 3676/3191/655 3683/3178/655 3693/3239/655
f 3687/3252/655 3676/3191/655 3693/3239/655
f 3663/3130/655 3671/3117/655 3683/3178/655
f 3676/3191/655 3663/3130/655 3683/3178/655
f 3649/3069/655 3658/3056/655 3671/3117/655
f 3663/3130/655 3649/3069/655 3671/3117/655
f 3633/3008/655 3643/2995/655 3658/3056/655
f 3649/3069/655 3633/3008/655 3658/3056/655
f 3616/2947/655 3627/2934/655 3643/2995/655
f 3633/3008/655 3616/2947/655 3643/2995/655
f 3597/2886/655 3609/2873/655 3627/2934/655
f 3616/2947/655 3597/2886/655 3627/2934/655
f 3577/2825/655 3590/2812/655 3609/2873/655
f 3597/2886/655 3577/2825/655 3609/2873/655
f 3555/2764/655 3569/2751/655 3590/2812/655
f 3577/2825/655 3555/2764/655 3590/2812/655
f 3532/2703/655 3547/2690/655 3569/2751/655
f 3555/2764/655 3532/2703/655 3569/2751/655
f 3507/2642/655 3523/2629/655 3547/2690/655
f 3532/2703/655 3507/2642/655 3547/2690/655
f 3480/2581/655 3497/2568/655 3523/2629/655
f 3507/2642/655 3480/2581/655 3523/2629/655
f 3452/2520/655 3470/2507/655 3497/2568/655
f 3480/2581/655 3452/2520/655 3497/2568/655
f 3422/2459/655 3441/2446/655 3470/2507/655
f 3452/2520/655 3422/2459/655 3470/2507/655
f 3391/2398/655 3411/2385/655 3441/2446/655
f 3422/2459/655 3391/2398/655 3441/2446/655
f 3358/2337/655 3379/2324/655 3411/2385/655
f 3391/2398/655 3358/2337/655 3411/2385/655
f 3324/2276/655 3346/2263/655 3379/2324/655
f 3358/2337/655 3324/2276/655 3379/2324/655
f 3288/2215/655 3311/2202/655 3346/2263/655
f 3324/2276/655 3288/2215/655 3346/2263/655
f 3251/2154/655 3275/2141/655 3311/2202/655
f 3288/2215/655 3251/2154/655 3311/2202/655
f 3212/2093/655 3237/2080/655 3275/2141/655
f 3251/2154/655 3212/2093/655 3275/2141/655
f 3172/2032/655 3198/2019/655 3237/2080/655
f 3212/2093/655 3172/2032/655 3237/2080/655
f 3130/1971/655 3157/1958/655 3198/2019/655
f 3172/2032/655 3130/1971/655 3198/2019/655
f 3087/1910/1008 3115/1897/1008 3157/1958/1008
f 3130/1971/742 3087/1910/742 3157/1958/742
f 3042/1849/1296 3071/1836/1296 3115/1897/1296
f 3087/1910/1146 3042/1849/1146 3115/1897/1146
f 2995/1788/1109 3025/1775/1109 3071/1836/1109
f 3042/1849/1288 2995/1788/1288 3071/1836/1288
f 2947/1727/655 2978/1714/655 3025/1775/655
f 2995/1788/655 2947/1727/655 3025/1775/655
f 2897/1666/655 2929/1653/655 2978/1714/655
f 2947/1727/655 2897/1666/655 2978/1714/655
f 2846/1605/1100 2879/1592/1100 2929/1653/1100
f 2897/1666/655 2846/1605/655 2929/1653/655
f 2793/1544/1260 2827/1531/1260 2879/1592/1260
f 2846/1605/1101 2793/1544/1101 2879/1592/1101
f 2739/1483/655 2774/1470/655 2827/1531/655
f 2793/1544/1260 2739/1483/1260 2827/1531/1260
f 2683/1422/655 2719/1409/655 2774/1470/655
f 2739/1483/655 2683/1422/655 2774/1470/655
f 2626/1361/655 2663/1348/655 2719/1409/655
f 2683/1422/655 2626/1361/655 2719/1409/655
f 2567/1300/655 2605/1287/655 2663/1348/655
f 2626/1361/655 2567/1300/655 2663/1348/655
f 2507/1239/655 2546/1226/655 2605/1287/655
f 2567/1300/655 2507/1239/655 2605/1287/655
f 2446/1178/1116 2485/1165/1116 2546/1226/1116
f 2507/1239/1022 2446/1178/1022 2546/1226/1022
f 2385/1117/1295 2424/1104/1295 2485/1165/1295
f 2446/1178/1187 2385/1117/1187 2485/1165/1187
f 2324/1056/1285 2363/1043/1285 2424/1104/1285
f 2385/1117/1301 2324/1056/1301 2424/1104/1301
f 2263/995/1283 2302/982/1283 2363/1043/1283
f 2324/1056/1270 2263/995/1270 2363/1043/1270
f 2202/934/1176 2241/921/1176 2302/982/1176
f 2263/995/1262 2202/934/1262 2302/982/1262
f 2141/873/655 2180/860/655 2241/921/655
f 2202/934/1161 2141/873/1161 2241/921/1161
f 2080/812/655 2119/799/655 2180/860/655
f 2141/873/655 2080/812/655 2180/860/655
f 2019/751/655 2058/738/655 2119/799/655
f 2080/812/655 2019/751/655 2119/799/655
f 1958/690/655 1997/677/655 2058/738/655
f 2019/751/655 1958/690/655 2058/738/655
f 1897/629/655 1936/616/655 1997/677/655
f 1958/690/655 1897/629/655 1997/677/655
f 1836/568/655 1875/555/655 1936/616/655
f 1897/629/655 1836/568/655 1936/616/655
f 1775/507/655 1814/494/655 1875/555/655
f 1836/568/655 1775/507/655 1875/555/655
f 1714/446/655 1753/433/655 1814/494/655
f 1775/507/655 1714/446/655 1814/494/655
f 1653/385/655 1692/372/655 1753/433/655
f 1714/446/655 1653/385/655 1753/433/655
f 1592/328/655 1631/316/655 1692/372/655
f 1653/385/655 1592/328/655 1692/372/655
f 1531/275/655 1570/264/655 1631/316/655
f 1592/328/655 1531/275/655 1631/316/655
f 1470/227/655 1509/217/655 1570/264/655
f 1531/275/655 1470/227/655 1570/264/655
f 1409/184/655 1448/175/655 1509/217/655
f 1470/227/655 1409/184/655 1509/217/655
f 1348/145/655 1387/137/655 1448/175/655
f 1409/184/655 1348/145/655 1448/175/655
f 1287/111/655 1326/104/655 1387/137/655
f 1348/145/655 1287/111/655 1387/137/655
f 1226/81/655 1265/75/655 1326/104/655
f 1287/111/655 1226/81/655 1326/104/655
f 1165/56/655 1204/51/655 1265/75/655
f 1226/81/655 1165/56/655 1265/75/655
f 1106/36/655 1144/32/655 1204/51/655
f 1165/56/655 1106/36/655 1204/51/655
f 1048/20/655 1085/17/655 1144/32/655
f 1106/36/655 1048/20/655 1144/32/655
f 992/9/655 1028/7/655 1085/17/655
f 1048/20/655 992/9/655 1085/17/655
f 3691/3326/655 3697/3313/655 3705/3372/655
f 3700/3384/655 3691/3326/655 3705/3372/655
f 3680/3265/655 3687/3252/655 3697/3313/655
f 3691/3326/655 3680/3265/655 3697/3313/655
f 3668/3204/655 3676/3191/655 3687/3252/655
f 3680/3265/655 3668/3204/655 3687/3252/655
f 3654/3143/655 3663/3130/655 3676/3191/655
f 3668/3204/655 3654/3143/655 3676/3191/655
f 3639/3082/655 3649/3069/655 3663/3130/655
f 3654/3143/655 3639/3082/655 3663/3130/655
f 3622/3021/655 3633/3008/655 3649/3069/655
f 3639/3082/655 3622/3021/655 3649/3069/655
f 3604/2960/655 3616/2947/655 3633/3008/655
f 3622/3021/655 3604/2960/655 3633/3008/655
f 3584/2899/655 3597/2886/655 3616/2947/655
f 3604/2960/655 3584/2899/655 3616/2947/655
f 3563/2838/655 3577/2825/655 3597/2886/655
f 3584/2899/655 3563/2838/655 3597/2886/655
f 3540/2777/655 3555/2764/655 3577/2825/655
f 3563/2838/655 3540/2777/655 3577/2825/655
f 3516/2716/655 3532/2703/655 3555/2764/655
f 3540/2777/655 3516/2716/655 3555/2764/655
f 3490/2655/655 3507/2642/655 3532/2703/655
f 3516/2716/655 3490/2655/655 3532/2703/655
f 3462/2594/655 3480/2581/655 3507/2642/655
f 3490/2655/655 3462/2594/655 3507/2642/655
f 3433/2533/655 3452/2520/655 3480/2581/655
f 3462/2594/655 3433/2533/655 3480/2581/655
f 3402/2472/655 3422/2459/655 3452/2520/655
f 3433/2533/655 3402/2472/655 3452/2520/655
f 3370/2411/655 3391/2398/655 3422/2459/655
f 3402/2472/655 3370/2411/655 3422/2459/655
f 3336/2350/655 3358/2337/655 3391/2398/655
f 3370/2411/655 3336/2350/655 3391/2398/655
f 3301/2289/655 3324/2276/655 3358/2337/655
f 3336/2350/655 3301/2289/655 3358/2337/655
f 3264/2228/655 3288/2215/655 3324/2276/655
f 3301/2289/655 3264/2228/655 3324/2276/655
f 3226/2167/655 3251/2154/655 3288/2215/655
f 3264/2228/655 3226/2167/655 3288/2215/655
f 3186/2106/655 3212/2093/655 3251/2154/655
f 3226/2167/655 3186/2106/655 3251/2154/655
f 3145/2045/655 3172/2032/655 3212/2093/655
f 3186/2106/655 3145/2045/655 3212/2093/655
f 3102/1984/655 3130/1971/655 3172/2032/655
f 3145/2045/655 3102/1984/655 3172/2032/655
f 3058/1923/1302 3087/1910/1302 3130/1971/1302
f 3102/1984/1125 3058/1923/1125 3130/1971/1125
f 3012/1862/1131 3042/1849/1131 3087/1910/1131
f 3058/1923/1305 3012/1862/1305 3087/1910/1305
f 2964/1801/655 2995/1788/655 3042/1849/655
f 3012/1862/679 2964/1801/679 3042/1849/679
f 2915/1740/655 2947/1727/655 2995/1788/655
f 2964/1801/655 2915/1740/655 2995/1788/655
f 2864/1679/655 2897/1666/655 2947/1727/655
f 2915/1740/655 2864/1679/655 2947/1727/655
f 2812/1618/655 2846/1605/655 2897/1666/655
f 2864/1679/655 2812/1618/655 2897/1666/655
f 2758/1557/1098 2793/1544/1098 2846/1605/1098
f 2812/1618/655 2758/1557/655 2846/1605/655
f 2703/1496/1271 2739/1483/1271 2793/1544/1271
f 2758/1557/1111 2703/1496/1111 2793/1544/1111
f 2646/1435/1132 2683/1422/1132 2739/1483/1132
f 2703/1496/1276 2646/1435/1276 2739/1483/1276
f 2588/1374/793 2626/1361/793 2683/1422/793
f 2646/1435/1107 2588/1374/1107 2683/1422/1107
f 2528/1313/1042 2567/1300/1042 2626/1361/1042
f 2588/1374/901 2528/1313/901 2626/1361/901
f 2467/1252/1234 2507/1239/1234 2567/1300/1234
f 2528/1313/1097 2467/1252/1097 2567/1300/1097
f 2406/1191/1299 2446/1178/1299 2507/1239/1299
f 2467/1252/1263 2406/1191/1263 2507/1239/1263
f 2345/1130/1164 2385/1117/1164 2446/1178/1164
f 2406/1191/1293 2345/1130/1293 2446/1178/1293
f 2284/1069/978 2324/1056/978 2385/1117/978
f 2345/1130/1093 2284/1069/1093 2385/1117/1093
f 2223/1008/841 2263/995/841 2324/1056/841
f 2284/1069/655 2223/1008/655 2324/1056/655
f 2162/947/1233 2202/934/1233 2263/995/1233
f 2223/1008/859 2162/947/859 2263/995/859
f 2101/886/387 2141/873/387 2202/934/387
f 2162/947/1211 2101/886/1211 2202/934/1211
f 2040/825/655 2080/812/655 2141/873/655
f 2101/886/1033 2040/825/1033 2141/873/1033
f 1979/764/655 2019/751/655 2080/812/655
f 2040/825/655 1979/764/655 2080/812/655
f 1918/703/655 1958/690/655 2019/751/655
f 1979/764/655 1918/703/655 2019/751/655
f 1857/642/655 1897/629/655 1958/690/655
f 1918/703/655 1857/642/655 1958/690/655
f 1796/581/655 1836/568/655 1897/629/655
f 1857/642/655 1796/581/655 1897/629/655
f 1735/520/655 1775/507/655 1836/568/655
f 1796/581/655 1735/520/655 1836/568/655
f 1674/459/655 1714/446/655 1775/507/655
f 1735/520/655 1674/459/655 1775/507/655
f 1613/398/655 1653/385/655 1714/446/655
f 1674/459/655 1613/398/655 1714/446/655
f 1552/340/655 1592/328/655 1653/385/655
f 1613/398/655 1552/340/655 1653/385/655
f 1491/286/655 1531/275/655 1592/328/655
f 1552/340/655 1491/286/655 1592/328/655
f 1430/237/655 1470/227/655 1531/275/655
f 1491/286/655 1430/237/655 1531/275/655
f 1369/193/655 1409/184/655 1470/227/655
f 1430/237/655 1369/193/655 1470/227/655
f 1308/153/655 1348/145/655 1409/184/655
f 1369/193/655 1308/153/655 1409/184/655
f 1247/118/655 1287/111/655 1348/145/655
f 1308/153/655 1247/118/655 1348/145/655
f 1186/87/655 1226/81/655 1287/111/655
f 1247/118/655 1186/87/655 1287/111/655
f 1126/61/655 1165/56/655 1226/81/655
f 1186/87/655 1126/61/655 1226/81/655
f 1068/40/655 1106/36/655 1165/56/655
f 1126/61/655 1068/40/655 1165/56/655
f 1011/23/655 1048/20/655 1106/36/655
f 1068/40/655 1011/23/655 1106/36/655
f 956/11/655 992/9/655 1048/20/655
f 1011/23/655 956/11/655 1048/20/655
f 3684/3339/655 3691/3326/655 3700/3384/655
f 3694/3396/655 3684/3339/655 3700/3384/655
f 3672/3278/655 3680/3265/655 3691/3326/655
f 3684/3339/655 3672/3278/655 3691/3326/655
f 3659/3217/655 3668/3204/655 3680/3265/655
f 3672/3278/655 3659/3217/655 3680/3265/655
f 3644/3156/655 3654/3143/655 3668/3204/655
f 3659/3217/655 3644/3156/655 3668/3204/655
f 3628/3095/655 3639/3082/655 3654/3143/655
f 3644/3156/655 3628/3095/655 3654/3143/655
f 3610/3034/655 3622/3021/655 3639/3082/655
f 3628/3095/655 3610/3034/655 3639/3082/655
f 3591/2973/655 3604/2960/655 3622/3021/655
f 3610/3034/655 3591/2973/655 3622/3021/655
f 3570/2912/655 3584/2899/655 3604/2960/655
f 3591/2973/655 3570/2912/655 3604/2960/655
f 3548/2851/655 3563/2838/655 3584/2899/655
f 3570/2912/655 3548/2851/655 3584/2899/655
f 3524/2790/655 3540/2777/655 3563/2838/655
f 3548/2851/655 3524/2790/655 3563/2838/655
f 3499/2729/655 3516/2716/655 3540/2777/655
f 3524/2790/655 3499/2729/655 3540/2777/655
f 3472/2668/655 3490/2655/655 3516/2716/655
f 3499/2729/655 3472/2668/655 3516/2716/655
f 3443/2607/655 3462/2594/655 3490/2655/655
f 3472/2668/655 3443/2607/655 3490/2655/655
f 3413/2546/655 3433/2533/655 3462/2594/655
f 3443/2607/655 3413/2546/655 3462/2594/655
f 3381/2485/655 3402/2472/655 3433/2533/655
f 3413/2546/655 3381/2485/655 3433/2533/655
f 3348/2424/1053 3370/2411/1053 3402/2472/1053
f 3381/2485/864 3348/2424/864 3402/2472/864
f 3313/2363/1086 3336/2350/1086 3370/2411/1086
f 3348/2424/1063 3313/2363/1063 3370/2411/1063
f 3277/2302/857 3301/2289/857 3336/2350/857
f 3313/2363/1074 3277/2302/1074 3336/2350/1074
f 3239/2241/655 3264/2228/655 3301/2289/655
f 3277/2302/820 3239/2241/820 3301/2289/820
f 3200/2180/655 3226/2167/655 3264/2228/655
f 3239/2241/655 3200/2180/655 3264/2228/655
f 3159/2119/655 3186/2106/655 3226/2167/655
f 3200/2180/655 3159/2119/655 3226/2167/655
f 3117/2058/1088 3145/2045/1088 3186/2106/1088
f 3159/2119/963 3117/2058/963 3186/2106/963
f 3073/1997/1304 3102/1984/1304 3145/2045/1304
f 3117/2058/1170 3073/1997/1170 3145/2045/1170
f 3028/1936/1166 3058/1923/1166 3102/1984/1166
f 3073/1997/1309 3028/1936/1309 3102/1984/1309
f 2981/1875/884 3012/1862/884 3058/1923/884
f 3028/1936/1067 2981/1875/1067 3058/1923/1067
f 2932/1814/655 2964/1801/655 3012/1862/655
f 2981/1875/655 2932/1814/655 3012/1862/655
f 2882/1753/655 2915/1740/655 2964/1801/655
f 2932/1814/655 2882/1753/655 2964/1801/655
f 2830/1692/655 2864/1679/655 2915/1740/655
f 2882/1753/655 2830/1692/655 2915/1740/655
f 2777/1631/655 2812/1618/655 2864/1679/655
f 2830/1692/655 2777/1631/655 2864/1679/655
f 2722/1570/655 2758/1557/655 2812/1618/655
f 2777/1631/655 2722/1570/655 2812/1618/655
f 2666/1509/1062 2703/1496/1062 2758/1557/1062
f 2722/1570/655 2666/1509/655 2758/1557/655
f 2608/1448/1264 2646/1435/1264 2703/1496/1264
f 2666/1509/1081 2608/1448/1081 2703/1496/1081
f 2549/1387/1308 2588/1374/1308 2646/1435/1308
f 2608/1448/1289 2549/1387/1289 2646/1435/1289
f 2488/1326/1312 2528/1313/1312 2588/1374/1312
f 2549/1387/1313 2488/1326/1313 2588/1374/1313
f 2427/1265/1267 2467/1252/1267 2528/1313/1267
f 2488/1326/1311 2427/1265/1311 2528/1313/1311
f 2366/1204/1084 2406/1191/1084 2467/1252/1084
f 2427/1265/1248 2366/1204/1248 2467/1252/1248
f 2305/1143/678 2345/1130/678 2406/1191/678
f 2366/1204/728 2305/1143/728 2406/1191/728
f 2244/1082/655 2284/1069/655 2345/1130/655
f 2305/1143/655 2244/1082/655 2345/1130/655
f 2183/1021/655 2223/1008/655 2284/1069/655
f 2244/1082/655 2183/1021/655 2284/1069/655
f 2122/960/730 2162/947/730 2223/1008/730
f 2183/1021/655 2122/960/655 2223/1008/655
f 2061/899/1238 2101/886/1238 2162/947/1238
f 2122/960/310 2061/899/310 2162/947/310
f 2000/838/489 2040/825/489 2101/886/489
f 2061/899/1249 2000/838/1249 2101/886/1249
f 1939/777/655 1979/764/655 2040/825/655
f 2000/838/655 1939/777/655 2040/825/655
f 1878/716/655 1918/703/655 1979/764/655
f 1939/777/655 1878/716/655 1979/764/655
f 1817/655/655 1857/642/655 1918/703/655
f 1878/716/655 1817/655/655 1918/703/655
f 1756/594/655 1796/581/655 1857/642/655
f 1817/655/655 1756/594/655 1857/642/655
f 1695/533/655 1735/520/655 1796/581/655
f 1756/594/655 1695/533/655 1796/581/655
f 1634/472/655 1674/459/655 1735/520/655
f 1695/533/655 1634/472/655 1735/520/655
f 1573/411/655 1613/398/655 1674/459/655
f 1634/472/655 1573/411/655 1674/459/655
f 1512/352/655 1552/340/655 1613/398/655
f 1573/411/655 1512/352/655 1613/398/655
f 1451/297/655 1491/286/655 1552/340/655
f 1512/352/655 1451/297/655 1552/340/655
f 1390/247/655 1430/237/655 1491/286/655
f 1451/297/655 1390/247/655 1491/286/655
f 1329/202/655 1369/193/655 1430/237/655
f 1390/247/655 1329/202/655 1430/237/655
f 1268/161/655 1308/153/655 1369/193/655
f 1329/202/655 1268/161/655 1369/193/655
f 1207/125/655 1247/118/655 1308/153/655
f 1268/161/655 1207/125/655 1308/153/655
f 1147/93/655 1186/87/655 1247/118/655
f 1207/125/655 1147/93/655 1247/118/655
f 1088/66/655 1126/61/655 1186/87/655
f 1147/93/655 1088/66/655 1186/87/655
f 1031/44/655 1068/40/655 1126/61/655
f 1088/66/655 1031/44/655 1126/61/655
f 975/26/655 1011/23/655 1068/40/655
f 1031/44/655 975/26/655 1068/40/655
f 921/13/655 956/11/655 1011/23/655
f 975/26/655 921/13/655 1011/23/655
f 3677/3352/655 3684/3339/655 3694/3396/655
f 3688/3408/655 3677/3352/655 3694/3396/655
f 3664/3291/655 3672/3278/655 3684/3339/655
f 3677/3352/655 3664/3291/655 3684/3339/655
f 3650/3230/655 3659/3217/655 3672/3278/655
f 3664/3291/655 3650/3230/655 3672/3278/655
f 3634/3169/655 3644/3156/655 3659/3217/655
f 3650/3230/655 3634/3169/655 3659/3217/655
f 3617/3108/655 3628/3095/655 3644/3156/655
f 3634/3169/655 3617/3108/655 3644/3156/655
f 3598/3047/655 3610/3034/655 3628/3095/655
f 3617/3108/655 3598/3047/655 3628/3095/655
f 3578/2986/655 3591/2973/655 3610/3034/655
f 3598/3047/655 3578/2986/655 3610/3034/655
f 3556/2925/655 3570/2912/655 3591/2973/655
f 3578/2986/655 3556/2925/655 3591/2973/655
f 3533/2864/655 3548/2851/655 3570/2912/655
f 3556/2925/655 3533/2864/655 3570/2912/655
f 3508/2803/655 3524/2790/655 3548/2851/655
f 3533/2864/655 3508/2803/655 3548/2851/655
f 3482/2742/655 3499/2729/655 3524/2790/655
f 3508/2803/655 3482/2742/655 3524/2790/655
f 3454/2681/655 3472/2668/655 3499/2729/655
f 3482/2742/655 3454/2681/655 3499/2729/655
f 3424/2620/655 3443/2607/655 3472/2668/655
f 3454/2681/655 3424/2620/655 3472/2668/655
f 3393/2559/655 3413/2546/655 3443/2607/655
f 3424/2620/655 3393/2559/655 3443/2607/655
f 3360/2498/1045 3381/2485/1045 3413/2546/1045
f 3393/2559/802 3360/2498/802 3413/2546/802
f 3326/2437/1226 3348/2424/1226 3381/2485/1226
f 3360/2498/1106 3326/2437/1106 3381/2485/1106
f 3290/2376/1268 3313/2363/1268 3348/2424/1268
f 3326/2437/1240 3290/2376/1240 3348/2424/1240
f 3253/2315/1277 3277/2302/1277 3313/2363/1277
f 3290/2376/1266 3253/2315/1266 3313/2363/1266
f 3214/2254/1275 3239/2241/1275 3277/2302/1275
f 3253/2315/1280 3214/2254/1280 3277/2302/1280
f 3174/2193/1281 3200/2180/1281 3239/2241/1281
f 3214/2254/1278 3174/2193/1278 3239/2241/1278
f 3132/2132/1306 3159/2119/1306 3200/2180/1306
f 3174/2193/1287 3132/2132/1287 3200/2180/1287
f 3089/2071/1307 3117/2058/1307 3159/2119/1307
f 3132/2132/1310 3089/2071/1310 3159/2119/1310
f 3044/2010/1156 3073/1997/1156 3117/2058/1156
f 3089/2071/1300 3044/2010/1300 3117/2058/1300
f 2998/1949/900 3028/1936/900 3073/1997/900
f 3044/2010/1073 2998/1949/1073 3073/1997/1073
f 2950/1888/655 2981/1875/655 3028/1936/655
f 2998/1949/655 2950/1888/655 3028/1936/655
f 2900/1827/655 2932/1814/655 2981/1875/655
f 2950/1888/655 2900/1827/655 2981/1875/655
f 2849/1766/655 2882/1753/655 2932/1814/655
f 2900/1827/655 2849/1766/655 2932/1814/655
f 2796/1705/655 2830/1692/655 2882/1753/655
f 2849/1766/655 2796/1705/655 2882/1753/655
f 2742/1644/655 2777/1631/655 2830/1692/655
f 2796/1705/655 2742/1644/655 2830/1692/655
f 2686/1583/655 2722/1570/655 2777/1631/655
f 2742/1644/655 2686/1583/655 2777/1631/655
f 2629/1522/655 2666/1509/655 2722/1570/655
f 2686/1583/655 2629/1522/655 2722/1570/655
f 2570/1461/655 2608/1448/655 2666/1509/655
f 2629/1522/655 2570/1461/655 2666/1509/655
f 2510/1400/655 2549/1387/655 2608/1448/655
f 2570/1461/655 2510/1400/655 2608/1448/655
f 2449/1339/655 2488/1326/655 2549/1387/655
f 2510/1400/655 2449/1339/655 2549/1387/655
f 2388/1278/655 2427/1265/655 2488/1326/655
f 2449/1339/655 2388/1278/655 2488/1326/655
f 2327/1217/655 2366/1204/655 2427/1265/655
f 2388/1278/655 2327/1217/655 2427/1265/655
f 2266/1156/655 2305/1143/655 2366/1204/655
f 2327/1217/655 2266/1156/655 2366/1204/655
f 2205/1095/655 2244/1082/655 2305/1143/655
f 2266/1156/655 2205/1095/655 2305/1143/655
f 2144/1034/655 2183/1021/655 2244/1082/655
f 2205/1095/655 2144/1034/655 2244/1082/655
f 2083/973/655 2122/960/655 2183/1021/655
f 2144/1034/655 2083/973/655 2183/1021/655
f 2022/912/1108 2061/899/1108 2122/960/1108
f 2083/973/655 2022/912/655 2122/960/655
f 1961/851/1179 2000/838/1179 2061/899/1179
f 2022/912/1075 1961/851/1075 2061/899/1075
f 1900/790/655 1939/777/655 2000/838/655
f 1961/851/1203 1900/790/1203 2000/838/1203
f 1839/729/655 1878/716/655 1939/777/655
f 1900/790/655 1839/729/655 1939/777/655
f 1778/668/655 1817/655/655 1878/716/655
f 1839/729/655 1778/668/655 1878/716/655
f 1717/607/655 1756/594/655 1817/655/655
f 1778/668/655 1717/607/655 1817/655/655
f 1656/546/655 1695/533/655 1756/594/655
f 1717/607/655 1656/546/655 1756/594/655
f 1595/485/655 1634/472/655 1695/533/655
f 1656/546/655 1595/485/655 1695/533/655
f 1534/424/655 1573/411/655 1634/472/655
f 1595/485/655 1534/424/655 1634/472/655
f 1473/364/655 1512/352/655 1573/411/655
f 1534/424/655 1473/364/655 1573/411/655
f 1412/308/655 1451/297/655 1512/352/655
f 1473/364/655 1412/308/655 1512/352/655
f 1351/257/655 1390/247/655 1451/297/655
f 1412/308/655 1351/257/655 1451/297/655
f 1290/211/655 1329/202/655 1390/247/655
f 1351/257/655 1290/211/655 1390/247/655
f 1229/169/655 1268/161/655 1329/202/655
f 1290/211/655 1229/169/655 1329/202/655
f 1168/132/655 1207/125/655 1268/161/655
f 1229/169/655 1168/132/655 1268/161/655
f 1109/99/655 1147/93/655 1207/125/655
f 1168/132/655 1109/99/655 1207/125/655
f 1051/71/655 1088/66/655 1147/93/655
f 1109/99/655 1051/71/655 1147/93/655
f 995/48/655 1031/44/655 1088/66/655
f 1051/71/655 995/48/655 1088/66/655
f 940/29/655 975/26/655 1031/44/655
f 995/48/655 940/29/655 1031/44/655
f 887/15/655 921/13/655 975/26/655
f 940/29/655 887/15/655 975/26/655
f 3669/3365/655 3677/3352/655 3688/3408/655
f 3681/3420/655 3669/3365/655 3688/3408/655
f 3655/3305/655 3664/3291/655 3677/3352/655
f 3669/3365/655 3655/3305/655 3677/3352/655
f 3640/3244/655 3650/3230/655 3664/3291/655
f 3655/3305/655 3640/3244/655 3664/3291/655
f 3623/3183/655 3634/3169/655 3650/3230/655
f 3640/3244/655 3623/3183/655 3650/3230/655
f 3605/3122/655 3617/3108/655 3634/3169/655
f 3623/3183/655 3605/3122/655 3634/3169/655
f 3585/3061/655 3598/3047/655 3617/3108/655
f 3605/3122/655 3585/3061/655 3617/3108/655
f 3564/3000/655 3578/2986/655 3598/3047/655
f 3585/3061/655 3564/3000/655 3598/3047/655
f 3541/2939/655 3556/2925/655 3578/2986/655
f 3564/3000/655 3541/2939/655 3578/2986/655
f 3517/2878/655 3533/2864/655 3556/2925/655
f 3541/2939/655 3517/2878/655 3556/2925/655
f 3491/2817/655 3508/2803/655 3533/2864/655
f 3517/2878/655 3491/2817/655 3533/2864/655
f 3464/2756/655 3482/2742/655 3508/2803/655
f 3491/2817/655 3464/2756/655 3508/2803/655
f 3435/2695/655 3454/2681/655 3482/2742/655
f 3464/2756/655 3435/2695/655 3482/2742/655
f 3404/2634/655 3424/2620/655 3454/2681/655
f 3435/2695/655 3404/2634/655 3454/2681/655
f 3372/2573/655 3393/2559/655 3424/2620/655
f 3404/2634/655 3372/2573/655 3424/2620/655
f 3338/2512/1178 3360/2498/1178 3393/2559/1178
f 3372/2573/1054 3338/2512/1054 3393/2559/1054
f 3303/2451/1237 3326/2437/1237 3360/2498/1237
f 3338/2512/1217 3303/2451/1217 3360/2498/1217
f 3266/2390/1181 3290/2376/1181 3326/2437/1181
f 3303/2451/1213 3266/2390/1213 3326/2437/1213
f 3228/2329/1152 3253/2315/1152 3290/2376/1152
f 3266/2390/1157 3228/2329/1157 3290/2376/1157
f 3188/2268/1168 3214/2254/1168 3253/2315/1168
f 3228/2329/1150 3188/2268/1150 3253/2315/1150
f 3147/2207/1165 3174/2193/1165 3214/2254/1165
f 3188/2268/1175 3147/2207/1175 3214/2254/1175
f 3104/2146/1090 3132/2132/1090 3174/2193/1090
f 3147/2207/1162 3104/2146/1162 3174/2193/1162
f 3060/2085/885 3089/2071/885 3132/2132/885
f 3104/2146/1065 3060/2085/1065 3132/2132/1065
f 3014/2024/655 3044/2010/655 3089/2071/655
f 3060/2085/655 3014/2024/655 3089/2071/655
f 2967/1963/655 2998/1949/655 3044/2010/655
f 3014/2024/655 2967/1963/655 3044/2010/655
f 2918/1902/655 2950/1888/655 2998/1949/655
f 2967/1963/655 2918/1902/655 2998/1949/655
f 2867/1841/655 2900/1827/655 2950/1888/655
f 2918/1902/655 2867/1841/655 2950/1888/655
f 2815/1780/679 2849/1766/679 2900/1827/679
f 2867/1841/655 2815/1780/655 2900/1827/655
f 2761/1719/680 2796/1705/680 2849/1766/680
f 2815/1780/679 2761/1719/679 2849/1766/679
f 2706/1658/655 2742/1644/655 2796/1705/655
f 2761/1719/680 2706/1658/680 2796/1705/680
f 2649/1597/655 2686/1583/655 2742/1644/655
f 2706/1658/655 2649/1597/655 2742/1644/655
f 2591/1536/655 2629/1522/655 2686/1583/655
f 2649/1597/655 2591/1536/655 2686/1583/655
f 2531/1475/655 2570/1461/655 2629/1522/655
f 2591/1536/655 2531/1475/655 2629/1522/655
f 2470/1414/655 2510/1400/655 2570/1461/655
f 2531/1475/655 2470/1414/655 2570/1461/655
f 2409/1353/655 2449/1339/655 2510/1400/655
f 2470/1414/655 2409/1353/655 2510/1400/655
f 2348/1292/655 2388/1278/655 2449/1339/655
f 2409/1353/655 2348/1292/655 2449/1339/655
f 2287/1231/655 2327/1217/655 2388/1278/655
f 2348/1292/655 2287/1231/655 2388/1278/655
f 2226/1170/655 2266/1156/655 2327/1217/655
f 2287/1231/655 2226/1170/655 2327/1217/655
f 2165/1109/655 2205/1095/655 2266/1156/655
f 2226/1170/655 2165/1109/655 2266/1156/655
f 2104/1048/655 2144/1034/655 2205/1095/655
f 2165/1109/655 2104/1048/655 2205/1095/655
f 2043/987/655 2083/973/655 2144/1034/655
f 2104/1048/655 2043/987/655 2144/1034/655
f 1982/926/655 2022/912/655 2083/973/655
f 2043/987/655 1982/926/655 2083/973/655
f 1921/865/1203 1961/851/1203 2022/912/1203
f 1982/926/655 1921/865/655 2022/912/655
f 1860/804/1239 1900/790/1239 1961/851/1239
f 1921/865/1216 1860/804/1216 1961/851/1216
f 1799/743/728 1839/729/728 1900/790/728
f 1860/804/1228 1799/743/1228 1900/790/1228
f 1738/682/655 1778/668/655 1839/729/655
f 1799/743/729 1738/682/729 1839/729/729
f 1677/621/655 1717/607/655 1778/668/655
f 1738/682/655 1677/621/655 1778/668/655
f 1616/560/655 1656/546/655 1717/607/655
f 1677/621/655 1616/560/655 1717/607/655
f 1555/499/655 1595/485/655 1656/546/655
f 1616/560/655 1555/499/655 1656/546/655
f 1494/438/655 1534/424/655 1595/485/655
f 1555/499/655 1494/438/655 1595/485/655
f 1433/377/655 1473/364/655 1534/424/655
f 1494/438/655 1433/377/655 1534/424/655
f 1372/320/655 1412/308/655 1473/364/655
f 1433/377/655 1372/320/655 1473/364/655
f 1311/268/655 1351/257/655 1412/308/655
f 1372/320/655 1311/268/655 1412/308/655
f 1250/221/655 1290/211/655 1351/257/655
f 1311/268/655 1250/221/655 1351/257/655
f 1189/178/655 1229/169/655 1290/211/655
f 1250/221/655 1189/178/655 1290/211/655
f 1129/140/655 1168/132/655 1229/169/655
f 1189/178/655 1129/140/655 1229/169/655
f 1071/106/655 1109/99/655 1168/132/655
f 1129/140/655 1071/106/655 1168/132/655
f 1014/77/655 1051/71/655 1109/99/655
f 1071/106/655 1014/77/655 1109/99/655
f 959/53/655 995/48/655 1051/71/655
f 1014/77/655 959/53/655 1051/71/655
f 905/33/655 940/29/655 995/48/655
f 959/53/655 905/33/655 995/48/655
f 853/18/655 887/15/655 940/29/655
f 905/33/655 853/18/655 940/29/655
f 3660/3377/655 3669/3365/655 3681/3420/655
f 3673/3431/655 3660/3377/655 3681/3420/655
f 3645/3318/655 3655/3305/655 3669/3365/655
f 3660/3377/655 3645/3318/655 3669/3365/655
f 3629/3257/655 3640/3244/655 3655/3305/655
f 3645/3318/655 3629/3257/655 3655/3305/655
f 3611/3196/655 3623/3183/655 3640/3244/655
f 3629/3257/655 3611/3196/655 3640/3244/655
f 3592/3135/655 3605/3122/655 3623/3183/655
f 3611/3196/655 3592/3135/655 3623/3183/655
f 3571/3074/655 3585/3061/655 3605/3122/655
f 3592/3135/655 3571/3074/655 3605/3122/655
f 3549/3013/655 3564/3000/655 3585/3061/655
f 3571/3074/655 3549/3013/655 3585/3061/655
f 3525/2952/655 3541/2939/655 3564/3000/655
f 3549/3013/655 3525/2952/655 3564/3000/655
f 3500/2891/655 3517/2878/655 3541/2939/655
f 3525/2952/655 3500/2891/655 3541/2939/655
f 3473/2830/655 3491/2817/655 3517/2878/655
f 3500/2891/655 3473/2830/655 3517/2878/655
f 3445/2769/655 3464/2756/655 3491/2817/655
f 3473/2830/655 3445/2769/655 3491/2817/655
f 3415/2708/655 3435/2695/655 3464/2756/655
f 3445/2769/655 3415/2708/655 3464/2756/655
f 3383/2647/655 3404/2634/655 3435/2695/655
f 3415/2708/655 3383/2647/655 3435/2695/655
f 3350/2586/1048 3372/2573/1048 3404/2634/1048
f 3383/2647/825 3350/2586/825 3404/2634/825
f 3315/2525/1214 3338/2512/1214 3372/2573/1214
f 3350/2586/1127 3315/2525/1127 3372/2573/1127
f 3279/2464/1142 3303/2451/1142 3338/2512/1142
f 3315/2525/1208 3279/2464/1208 3338/2512/1208
f 3241/2403/919 3266/2390/919 3303/2451/919
f 3279/2464/1078 3241/2403/1078 3303/2451/1078
f 3202/2342/655 3228/2329/655 3266/2390/655
f 3241/2403/655 3202/2342/655 3266/2390/655
f 3161/2281/655 3188/2268/655 3228/2329/655
f 3202/2342/655 3161/2281/655 3228/2329/655
f 3119/2220/655 3147/2207/655 3188/2268/655
f 3161/2281/655 3119/2220/655 3188/2268/655
f 3075/2159/655 3104/2146/655 3147/2207/655
f 3119/2220/655 3075/2159/655 3147/2207/655
f 3030/2098/655 3060/2085/655 3104/2146/655
f 3075/2159/655 3030/2098/655 3104/2146/655
f 2983/2037/655 3014/2024/655 3060/2085/655
f 3030/2098/655 2983/2037/655 3060/2085/655
f 2935/1976/655 2967/1963/655 3014/2024/655
f 2983/2037/655 2935/1976/655 3014/2024/655
f 2885/1915/679 2918/1902/679 2967/1963/679
f 2935/1976/655 2885/1915/655 2967/1963/655
f 2833/1854/705 2867/1841/705 2918/1902/705
f 2885/1915/679 2833/1854/679 2918/1902/679
f 2780/1793/728 2815/1780/728 2867/1841/728
f 2833/1854/727 2780/1793/727 2867/1841/727
f 2725/1732/751 2761/1719/751 2815/1780/751
f 2780/1793/728 2725/1732/728 2815/1780/728
f 2669/1671/773 2706/1658/773 2761/1719/773
f 2725/1732/751 2669/1671/751 2761/1719/751
f 2611/1610/773 2649/1597/773 2706/1658/773
f 2669/1671/773 2611/1610/773 2706/1658/773
f 2552/1549/751 2591/1536/751 2649/1597/751
f 2611/1610/773 2552/1549/773 2649/1597/773
f 2491/1488/728 2531/1475/728 2591/1536/728
f 2552/1549/729 2491/1488/729 2591/1536/729
f 2430/1427/705 2470/1414/705 2531/1475/705
f 2491/1488/728 2430/1427/728 2531/1475/728
f 2369/1366/680 2409/1353/680 2470/1414/680
f 2430/1427/705 2369/1366/705 2470/1414/705
f 2308/1305/655 2348/1292/655 2409/1353/655
f 2369/1366/680 2308/1305/680 2409/1353/680
f 2247/1244/655 2287/1231/655 2348/1292/655
f 2308/1305/655 2247/1244/655 2348/1292/655
f 2186/1183/655 2226/1170/655 2287/1231/655
f 2247/1244/655 2186/1183/655 2287/1231/655
f 2125/1122/655 2165/1109/655 2226/1170/655
f 2186/1183/655 2125/1122/655 2226/1170/655
f 2064/1061/655 2104/1048/655 2165/1109/655
f 2125/1122/655 2064/1061/655 2165/1109/655
f 2003/1000/655 2043/987/655 2104/1048/655
f 2064/1061/655 2003/1000/655 2104/1048/655
f 1942/939/655 1982/926/655 2043/987/655
f 2003/1000/655 1942/939/655 2043/987/655
f 1881/878/655 1921/865/655 1982/926/655
f 1942/939/655 1881/878/655 1982/926/655
f 1820/817/1169 1860/804/1169 1921/865/1169
f 1881/878/655 1820/817/655 1921/865/655
f 1759/756/1291 1799/743/1291 1860/804/1291
f 1820/817/1204 1759/756/1204 1860/804/1204
f 1698/695/1250 1738/682/1250 1799/743/1250
f 1759/756/1298 1698/695/1298 1799/743/1298
f 1637/634/857 1677/621/857 1738/682/857
f 1698/695/1212 1637/634/1212 1738/682/1212
f 1576/573/655 1616/560/655 1677/621/655
f 1637/634/819 1576/573/819 1677/621/819
f 1515/512/655 1555/499/655 1616/560/655
f 1576/573/655 1515/512/655 1616/560/655
f 1454/451/655 1494/438/655 1555/499/655
f 1515/512/655 1454/451/655 1555/499/655
f 1393/390/655 1433/377/655 1494/438/655
f 1454/451/655 1393/390/655 1494/438/655
f 1332/332/655 1372/320/655 1433/377/655
f 1393/390/655 1332/332/655 1433/377/655
f 1271/279/655 1311/268/655 1372/320/655
f 1332/332/655 1271/279/655 1372/320/655
f 1210/231/655 1250/221/655 1311/268/655
f 1271/279/655 1210/231/655 1311/268/655
f 1150/187/655 1189/178/655 1250/221/655
f 1210/231/655 1150/187/655 1250/221/655
f 1091/148/655 1129/140/655 1189/178/655
f 1150/187/655 1091/148/655 1189/178/655
f 1034/113/655 1071/106/655 1129/140/655
f 1091/148/655 1034/113/655 1129/140/655
f 978/83/655 1014/77/655 1071/106/655
f 1034/113/655 978/83/655 1071/106/655
f 924/58/655 959/53/655 1014/77/655
f 978/83/655 924/58/655 1014/77/655
f 871/37/655 905/33/655 959/53/655
f 924/58/655 871/37/655 959/53/655
f 820/21/655 853/18/655 905/33/655
f 871/37/655 820/21/655 905/33/655
f 3651/3389/655 3660/3377/655 3673/3431/655
f 3665/3442/655 3651/3389/655 3673/3431/655
f 3635/3331/655 3645/3318/655 3660/3377/655
f 3651/3389/655 3635/3331/655 3660/3377/655
f 3618/3270/655 3629/3257/655 3645/3318/655
f 3635/3331/655 3618/3270/655 3645/3318/655
f 3599/3209/655 3611/3196/655 3629/3257/655
f 3618/3270/655 3599/3209/655 3629/3257/655
f 3579/3148/655 3592/3135/655 3611/3196/655
f 3599/3209/655 3579/3148/655 3611/3196/655
f 3557/3087/655 3571/3074/655 3592/3135/655
f 3579/3148/655 3557/3087/655 3592/3135/655
f 3534/3026/655 3549/3013/655 3571/3074/655
f 3557/3087/655 3534/3026/655 3571/3074/655
f 3509/2965/655 3525/2952/655 3549/3013/655
f 3534/3026/655 3509/2965/655 3549/3013/655
f 3483/2904/655 3500/2891/655 3525/2952/655
f 3509/2965/655 3483/2904/655 3525/2952/655
f 3455/2843/655 3473/2830/655 3500/2891/655
f 3483/2904/655 3455/2843/655 3500/2891/655
f 3426/2782/655 3445/2769/655 3473/2830/655
f 3455/2843/655 3426/2782/655 3473/2830/655
f 3395/2721/655 3415/2708/655 3445/2769/655
f 3426/2782/655 3395/2721/655 3445/2769/655
f 3362/2660/815 3383/2647/815 3415/2708/815
f 3395/2721/701 3362/2660/701 3415/2708/701
f 3328/2599/1189 3350/2586/1189 3383/2647/1189
f 3362/2660/1069 3328/2599/1069 3383/2647/1069
f 3292/2538/1202 3315/2525/1202 3350/2586/1202
f 3328/2599/1224 3292/2538/1224 3350/2586/1224
f 3255/2477/1050 3279/2464/1050 3315/2525/1050
f 3292/2538/1154 3255/2477/1154 3315/2525/1154
f 3216/2416/655 3241/2403/655 3279/2464/655
f 3255/2477/655 3216/2416/655 3279/2464/655
f 3176/2355/655 3202/2342/655 3241/2403/655
f 3216/2416/655 3176/2355/655 3241/2403/655
f 3134/2294/655 3161/2281/655 3202/2342/655
f 3176/2355/655 3134/2294/655 3202/2342/655
f 3091/2233/655 3119/2220/655 3161/2281/655
f 3134/2294/655 3091/2233/655 3161/2281/655
f 3046/2172/655 3075/2159/655 3119/2220/655
f 3091/2233/655 3046/2172/655 3119/2220/655
f 3000/2111/705 3030/2098/705 3075/2159/705
f 3046/2172/679 3000/2111/679 3075/2159/679
f 2952/2050/751 2983/2037/751 3030/2098/751
f 3000/2111/704 2952/2050/704 3030/2098/704
f 2903/1989/793 2935/1976/793 2983/2037/793
f 2952/2050/772 2903/1989/772 2983/2037/772
f 2852/1928/793 2885/1915/793 2935/1976/793
f 2903/1989/793 2852/1928/793 2935/1976/793
f 2799/1867/792 2833/1854/792 2885/1915/792
f 2852/1928/793 2799/1867/793 2885/1915/793
f 2745/1806/792 2780/1793/792 2833/1854/792
f 2799/1867/792 2745/1806/792 2833/1854/792
f 2689/1745/793 2725/1732/793 2780/1793/793
f 2745/1806/792 2689/1745/792 2780/1793/792
f 2632/1684/857 2669/1671/857 2725/1732/857
f 2689/1745/813 2632/1684/813 2725/1732/813
f 2573/1623/911 2611/1610/911 2669/1671/911
f 2632/1684/875 2573/1623/875 2669/1671/875
f 2513/1562/926 2552/1549/926 2611/1610/926
f 2573/1623/911 2513/1562/911 2611/1610/911
f 2452/1501/943 2491/1488/943 2552/1549/943
f 2513/1562/926 2452/1501/926 2552/1549/926
f 2391/1440/926 2430/1427/926 2491/1488/926
f 2452/1501/943 2391/1440/943 2491/1488/943
f 2330/1379/895 2369/1366/895 2430/1427/895
f 2391/1440/927 2330/1379/927 2430/1427/927
f 2269/1318/837 2308/1305/837 2369/1366/837
f 2330/1379/896 2269/1318/896 2369/1366/896
f 2208/1257/728 2247/1244/728 2308/1305/728
f 2269/1318/818 2208/1257/818 2308/1305/818
f 2147/1196/679 2186/1183/679 2247/1244/679
f 2208/1257/729 2147/1196/729 2247/1244/729
f 2086/1135/655 2125/1122/655 2186/1183/655
f 2147/1196/656 2086/1135/656 2186/1183/656
f 2025/1074/655 2064/1061/655 2125/1122/655
f 2086/1135/655 2025/1074/655 2125/1122/655
f 1964/1013/655 2003/1000/655 2064/1061/655
f 2025/1074/655 1964/1013/655 2064/1061/655
f 1903/952/655 1942/939/655 2003/1000/655
f 1964/1013/655 1903/952/655 2003/1000/655
f 1842/891/655 1881/878/655 1942/939/655
f 1903/952/655 1842/891/655 1942/939/655
f 1781/830/655 1820/817/655 1881/878/655
f 1842/891/655 1781/830/655 1881/878/655
f 1720/769/707 1759/756/707 1820/817/707
f 1781/830/655 1720/769/655 1820/817/655
f 1659/708/1198 1698/695/1198 1759/756/1198
f 1720/769/728 1659/708/728 1759/756/728
f 1598/647/1290 1637/634/1290 1698/695/1290
f 1659/708/1229 1598/647/1229 1698/695/1229
f 1537/586/1122 1576/573/1122 1637/634/1122
f 1598/647/1282 1537/586/1282 1637/634/1282
f 1476/525/655 1515/512/655 1576/573/655
f 1537/586/1098 1476/525/1098 1576/573/1098
f 1415/464/655 1454/451/655 1515/512/655
f 1476/525/655 1415/464/655 1515/512/655
f 1354/403/655 1393/390/655 1454/451/655
f 1415/464/655 1354/403/655 1454/451/655
f 1293/344/655 1332/332/655 1393/390/655
f 1354/403/655 1293/344/655 1393/390/655
f 1232/290/655 1271/279/655 1332/332/655
f 1293/344/655 1232/290/655 1332/332/655
f 1171/241/655 1210/231/655 1271/279/655
f 1232/290/655 1171/241/655 1271/279/655
f 1112/196/655 1150/187/655 1210/231/655
f 1171/241/655 1112/196/655 1210/231/655
f 1054/156/655 1091/148/655 1150/187/655
f 1112/196/655 1054/156/655 1150/187/655
f 998/120/655 1034/113/655 1091/148/655
f 1054/156/655 998/120/655 1091/148/655
f 943/89/655 978/83/655 1034/113/655
f 998/120/655 943/89/655 1034/113/655
f 890/63/655 924/58/655 978/83/655
f 943/89/655 890/63/655 978/83/655
f 838/41/655 871/37/655 924/58/655
f 890/63/655 838/41/655 924/58/655
f 788/24/655 820/21/655 871/37/655
f 838/41/655 788/24/655 871/37/655
f 3641/3401/655 3651/3389/655 3665/3442/655
f 3656/3453/655 3641/3401/655 3665/3442/655
f 3624/3344/655 3635/3331/655 3651/3389/655
f 3641/3401/655 3624/3344/655 3651/3389/655
f 3606/3283/655 3618/3270/655 3635/3331/655
f 3624/3344/655 3606/3283/655 3635/3331/655
f 3586/3222/655 3599/3209/655 3618/3270/655
f 3606/3283/655 3586/3222/655 3618/3270/655
f 3565/3161/655 3579/3148/655 3599/3209/655
f 3586/3222/655 3565/3161/655 3599/3209/655
f 3542/3100/655 3557/3087/655 3579/3148/655
f 3565/3161/655 3542/3100/655 3579/3148/655
f 3518/3039/655 3534/3026/655 3557/3087/655
f 3542/3100/655 3518/3039/655 3557/3087/655
f 3492/2978/655 3509/2965/655 3534/3026/655
f 3518/3039/655 3492/2978/655 3534/3026/655
f 3465/2917/655 3483/2904/655 3509/2965/655
f 3492/2978/655 3465/2917/655 3509/2965/655
f 3436/2856/655 3455/2843/655 3483/2904/655
f 3465/2917/655 3436/2856/655 3483/2904/655
f 3406/2795/794 3426/2782/794 3455/2843/794
f 3436/2856/677 3406/2795/677 3455/2843/677
f 3374/2734/1126 3395/2721/1126 3426/2782/1126
f 3406/2795/1040 3374/2734/1040 3426/2782/1040
f 3340/2673/1221 3362/2660/1221 3395/2721/1221
f 3374/2734/1151 3340/2673/1151 3395/2721/1151
f 3305/2612/1230 3328/2599/1230 3362/2660/1230
f 3340/2673/1242 3305/2612/1242 3362/2660/1242
f 3268/2551/1123 3292/2538/1123 3328/2599/1123
f 3305/2612/1222 3268/2551/1222 3328/2599/1222
f 3230/2490/864 3255/2477/864 3292/2538/864
f 3268/2551/1056 3230/2490/1056 3292/2538/1056
f 3190/2429/655 3216/2416/655 3255/2477/655
f 3230/2490/655 3190/2429/655 3255/2477/655
f 3149/2368/655 3176/2355/655 3216/2416/655
f 3190/2429/655 3149/2368/655 3216/2416/655
f 3106/2307/655 3134/2294/655 3176/2355/655
f 3149/2368/655 3106/2307/655 3176/2355/655
f 3062/2246/751 3091/2233/751 3134/2294/751
f 3106/2307/678 3062/2246/678 3134/2294/678
f 3016/2185/857 3046/2172/857 3091/2233/857
f 3062/2246/770 3016/2185/770 3091/2233/770
f 2969/2124/942 3000/2111/942 3046/2172/942
f 3016/2185/891 2969/2124/891 3046/2172/891
f 2920/2063/988 2952/2050/988 3000/2111/988
f 2969/2124/957 2920/2063/957 3000/2111/957
f 2870/2002/959 2903/1989/959 2952/2050/959
f 2920/2063/973 2870/2002/973 2952/2050/973
f 2818/1941/877 2852/1928/877 2903/1989/877
f 2870/2002/945 2818/1941/945 2903/1989/945
f 2764/1880/836 2799/1867/836 2852/1928/836
f 2818/1941/878 2764/1880/878 2852/1928/878
f 2709/1819/814 2745/1806/814 2799/1867/814
f 2764/1880/836 2709/1819/836 2799/1867/836
f 2652/1758/856 2689/1745/856 2745/1806/856
f 2709/1819/835 2652/1758/835 2745/1806/835
f 2594/1697/910 2632/1684/910 2689/1745/910
f 2652/1758/873 2594/1697/873 2689/1745/873
f 2534/1636/987 2573/1623/987 2632/1684/987
f 2594/1697/923 2534/1636/923 2632/1684/923
f 2473/1575/1000 2513/1562/1000 2573/1623/1000
f 2534/1636/972 2473/1575/972 2573/1623/972
f 2412/1514/1008 2452/1501/1008 2513/1562/1008
f 2473/1575/1000 2412/1514/1000 2513/1562/1000
f 2351/1453/1008 2391/1440/1008 2452/1501/1008
f 2412/1514/1008 2351/1453/1008 2452/1501/1008
f 2290/1392/990 2330/1379/990 2391/1440/990
f 2351/1453/1001 2290/1392/1001 2391/1440/1001
f 2229/1331/945 2269/1318/945 2330/1379/945
f 2290/1392/976 2229/1331/976 2330/1379/976
f 2168/1270/796 2208/1257/796 2269/1318/796
f 2229/1331/917 2168/1270/917 2269/1318/917
f 2107/1209/707 2147/1196/707 2208/1257/707
f 2168/1270/797 2107/1209/797 2208/1257/797
f 2046/1148/655 2086/1135/655 2147/1196/655
f 2107/1209/707 2046/1148/707 2147/1196/707
f 1985/1087/655 2025/1074/655 2086/1135/655
f 2046/1148/655 1985/1087/655 2086/1135/655
f 1924/1026/655 1964/1013/655 2025/1074/655
f 1985/1087/655 1924/1026/655 2025/1074/655
f 1863/965/655 1903/952/655 1964/1013/655
f 1924/1026/655 1863/965/655 1964/1013/655
f 1802/904/655 1842/891/655 1903/952/655
f 1863/965/655 1802/904/655 1903/952/655
f 1741/843/655 1781/830/655 1842/891/655
f 1802/904/655 1741/843/655 1842/891/655
f 1680/782/655 1720/769/655 1781/830/655
f 1741/843/655 1680/782/655 1781/830/655
f 1619/721/655 1659/708/655 1720/769/655
f 1680/782/655 1619/721/655 1720/769/655
f 1558/660/950 1598/647/950 1659/708/950
f 1619/721/655 1558/660/655 1659/708/655
f 1497/599/1258 1537/586/1258 1598/647/1258
f 1558/660/961 1497/599/961 1598/647/961
f 1436/538/327 1476/525/327 1537/586/327
f 1497/599/1253 1436/538/1253 1537/586/1253
f 1375/477/655 1415/464/655 1476/525/655
f 1436/538/776 1375/477/776 1476/525/776
f 1314/416/655 1354/403/655 1415/464/655
f 1375/477/655 1314/416/655 1415/464/655
f 1253/356/655 1293/344/655 1354/403/655
f 1314/416/655 1253/356/655 1354/403/655
f 1192/301/655 1232/290/655 1293/344/655
f 1253/356/655 1192/301/655 1293/344/655
f 1132/251/655 1171/241/655 1232/290/655
f 1192/301/655 1132/251/655 1232/290/655
f 1074/205/655 1112/196/655 1171/241/655
f 1132/251/655 1074/205/655 1171/241/655
f 1017/164/655 1054/156/655 1112/196/655
f 1074/205/655 1017/164/655 1112/196/655
f 962/127/655 998/120/655 1054/156/655
f 1017/164/655 962/127/655 1054/156/655
f 908/95/655 943/89/655 998/120/655
f 962/127/655 908/95/655 998/120/655
f 856/68/655 890/63/655 943/89/655
f 908/95/655 856/68/655 943/89/655
f 805/45/655 838/41/655 890/63/655
f 856/68/655 805/45/655 890/63/655
f 756/27/655 788/24/655 838/41/655
f 805/45/655 756/27/655 838/41/655
f 3630/3413/655 3641/3401/655 3656/3453/655
f 3646/3464/655 3630/3413/655 3656/3453/655
f 3612/3357/655 3624/3344/655 3641/3401/655
f 3630/3413/655 3612/3357/655 3641/3401/655
f 3593/3297/655 3606/3283/655 3624/3344/655
f 3612/3357/655 3593/3297/655 3624/3344/655
f 3572/3236/655 3586/3222/655 3606/3283/655
f 3593/3297/655 3572/3236/655 3606/3283/655
f 3550/3175/655 3565/3161/655 3586/3222/655
f 3572/3236/655 3550/3175/655 3586/3222/655
f 3526/3114/655 3542/3100/655 3565/3161/655
f 3550/3175/655 3526/3114/655 3565/3161/655
f 3501/3053/655 3518/3039/655 3542/3100/655
f 3526/3114/655 3501/3053/655 3542/3100/655
f 3474/2992/655 3492/2978/655 3518/3039/655
f 3501/3053/655 3474/2992/655 3518/3039/655
f 3446/2931/655 3465/2917/655 3492/2978/655
f 3474/2992/655 3446/2931/655 3492/2978/655
f 3416/2870/1218 3436/2856/1218 3465/2917/1218
f 3446/2931/1066 3416/2870/1066 3465/2917/1066
f 3385/2809/1292 3406/2795/1292 3436/2856/1292
f 3416/2870/1246 3385/2809/1246 3436/2856/1246
f 3352/2748/1286 3374/2734/1286 3406/2795/1286
f 3385/2809/1294 3352/2748/1294 3406/2795/1294
f 3317/2687/1256 3340/2673/1256 3374/2734/1256
f 3352/2748/1284 3317/2687/1284 3374/2734/1284
f 3281/2626/1171 3305/2612/1171 3340/2673/1171
f 3317/2687/1244 3281/2626/1244 3340/2673/1244
f 3243/2565/1037 3268/2551/1037 3305/2612/1037
f 3281/2626/1144 3243/2565/1144 3305/2612/1144
f 3204/2504/655 3230/2490/655 3268/2551/655
f 3243/2565/655 3204/2504/655 3268/2551/655
f 3163/2443/655 3190/2429/655 3230/2490/655
f 3204/2504/655 3163/2443/655 3230/2490/655
f 3121/2382/655 3149/2368/655 3190/2429/655
f 3163/2443/655 3121/2382/655 3190/2429/655
f 3077/2321/752 3106/2307/752 3149/2368/752
f 3121/2382/677 3077/2321/677 3149/2368/677
f 3032/2260/893 3062/2246/893 3106/2307/893
f 3077/2321/810 3032/2260/810 3106/2307/810
f 2985/2199/986 3016/2185/986 3062/2246/986
f 3032/2260/921 2985/2199/921 3062/2246/921
f 2937/2138/1025 2969/2124/1025 3016/2185/1025
f 2985/2199/997 2937/2138/997 3016/2185/997
f 2887/2077/1030 2920/2063/1030 2969/2124/1030
f 2937/2138/1025 2887/2077/1025 2969/2124/1025
f 2836/2016/1000 2870/2002/1000 2920/2063/1000
f 2887/2077/1024 2836/2016/1024 2920/2063/1024
f 2783/1955/927 2818/1941/927 2870/2002/927
f 2836/2016/991 2783/1955/991 2870/2002/991
f 2728/1894/858 2764/1880/858 2818/1941/858
f 2783/1955/928 2728/1894/928 2818/1941/928
f 2672/1833/856 2709/1819/856 2764/1880/856
f 2728/1894/857 2672/1833/857 2764/1880/857
f 2614/1772/893 2652/1758/893 2709/1819/893
f 2672/1833/874 2614/1772/874 2709/1819/874
f 2555/1711/940 2594/1697/940 2652/1758/940
f 2614/1772/922 2555/1711/922 2652/1758/922
f 2494/1650/999 2534/1636/999 2594/1697/999
f 2555/1711/955 2494/1650/955 2594/1697/955
f 2433/1589/1007 2473/1575/1007 2534/1636/1007
f 2494/1650/987 2433/1589/987 2534/1636/987
f 2372/1528/989 2412/1514/989 2473/1575/989
f 2433/1589/1000 2372/1528/1000 2473/1575/1000
f 2311/1467/989 2351/1453/989 2412/1514/989
f 2372/1528/989 2311/1467/989 2412/1514/989
f 2250/1406/974 2290/1392/974 2351/1453/974
f 2311/1467/975 2250/1406/975 2351/1453/975
f 2189/1345/915 2229/1331/915 2290/1392/915
f 2250/1406/948 2189/1345/948 2290/1392/948
f 2128/1284/799 2168/1270/799 2229/1331/799
f 2189/1345/883 2128/1284/883 2229/1331/883
f 2067/1223/709 2107/1209/709 2168/1270/709
f 2128/1284/799 2067/1223/799 2168/1270/799
f 2006/1162/681 2046/1148/681 2107/1209/681
f 2067/1223/730 2006/1162/730 2107/1209/730
f 1945/1101/655 1985/1087/655 2046/1148/655
f 2006/1162/680 1945/1101/680 2046/1148/680
f 1884/1040/655 1924/1026/655 1985/1087/655
f 1945/1101/655 1884/1040/655 1985/1087/655
f 1823/979/655 1863/965/655 1924/1026/655
f 1884/1040/655 1823/979/655 1924/1026/655
f 1762/918/655 1802/904/655 1863/965/655
f 1823/979/655 1762/918/655 1863/965/655
f 1701/857/655 1741/843/655 1802/904/655
f 1762/918/655 1701/857/655 1802/904/655
f 1640/796/655 1680/782/655 1741/843/655
f 1701/857/655 1640/796/655 1741/843/655
f 1579/735/655 1619/721/655 1680/782/655
f 1640/796/655 1579/735/655 1680/782/655
f 1518/674/655 1558/660/655 1619/721/655
f 1579/735/655 1518/674/655 1619/721/655
f 1457/613/863 1497/599/863 1558/660/863
f 1518/674/655 1457/613/655 1558/660/655
f 1396/552/1153 1436/538/1153 1497/599/1153
f 1457/613/258 1396/552/258 1497/599/258
f 1335/491/629 1375/477/629 1436/538/629
f 1396/552/1199 1335/491/1199 1436/538/1199
f 1274/430/655 1314/416/655 1375/477/655
f 1335/491/655 1274/430/655 1375/477/655
f 1213/369/655 1253/356/655 1314/416/655
f 1274/430/655 1213/369/655 1314/416/655
f 1153/313/655 1192/301/655 1253/356/655
f 1213/369/655 1153/313/655 1253/356/655
f 1094/262/655 1132/251/655 1192/301/655
f 1153/313/655 1094/262/655 1192/301/655
f 1037/215/655 1074/205/655 1132/251/655
f 1094/262/655 1037/215/655 1132/251/655
f 981/173/655 1017/164/655 1074/205/655
f 1037/215/655 981/173/655 1074/205/655
f 927/135/655 962/127/655 1017/164/655
f 981/173/655 927/135/655 1017/164/655
f 874/102/655 908/95/655 962/127/655
f 927/135/655 874/102/655 962/127/655
f 823/74/655 856/68/655 908/95/655
f 874/102/655 823/74/655 908/95/655
f 773/50/655 805/45/655 856/68/655
f 823/74/655 773/50/655 856/68/655
f 725/31/655 756/27/655 805/45/655
f 773/50/655 725/31/655 805/45/655
f 3619/3424/655 3630/3413/655 3646/3464/655
f 3636/3474/655 3619/3424/655 3646/3464/655
f 3600/3369/655 3612/3357/655 3630/3413/655
f 3619/3424/655 3600/3369/655 3630/3413/655
f 3580/3310/655 3593/3297/655 3612/3357/655
f 3600/3369/655 3580/3310/655 3612/3357/655
f 3558/3249/655 3572/3236/655 3593/3297/655
f 3580/3310/655 3558/3249/655 3593/3297/655
f 3535/3188/655 3550/3175/655 3572/3236/655
f 3558/3249/655 3535/3188/655 3572/3236/655
f 3510/3127/655 3526/3114/655 3550/3175/655
f 3535/3188/655 3510/3127/655 3550/3175/655
f 3484/3066/655 3501/3053/655 3526/3114/655
f 3510/3127/655 3484/3066/655 3526/3114/655
f 3456/3005/655 3474/2992/655 3501/3053/655
f 3484/3066/655 3456/3005/655 3501/3053/655
f 3427/2944/1265 3446/2931/1265 3474/2992/1265
f 3456/3005/1091 3427/2944/1091 3474/2992/1091
f 3396/2883/1273 3416/2870/1273 3446/2931/1273
f 3427/2944/1279 3396/2883/1279 3446/2931/1279
f 3364/2822/1160 3385/2809/1160 3416/2870/1160
f 3396/2883/1257 3364/2822/1257 3416/2870/1257
f 3330/2761/1079 3352/2748/1079 3385/2809/1079
f 3364/2822/1117 3330/2761/1117 3385/2809/1117
f 3294/2700/1044 3317/2687/1044 3352/2748/1044
f 3330/2761/1060 3294/2700/1060 3352/2748/1060
f 3257/2639/804 3281/2626/804 3317/2687/804
f 3294/2700/1041 3257/2639/1041 3317/2687/1041
f 3218/2578/655 3243/2565/655 3281/2626/655
f 3257/2639/680 3218/2578/680 3281/2626/680
f 3178/2517/655 3204/2504/655 3243/2565/655
f 3218/2578/655 3178/2517/655 3243/2565/655
f 3136/2456/655 3163/2443/655 3204/2504/655
f 3178/2517/655 3136/2456/655 3204/2504/655
f 3093/2395/705 3121/2382/705 3163/2443/705
f 3136/2456/654 3093/2395/654 3163/2443/654
f 3048/2334/875 3077/2321/875 3121/2382/875
f 3093/2395/745 3048/2334/745 3121/2382/745
f 3002/2273/939 3032/2260/939 3077/2321/939
f 3048/2334/905 3002/2273/905 3077/2321/905
f 2954/2212/1005 2985/2199/1005 3032/2260/1005
f 3002/2273/954 2954/2212/954 3032/2260/954
f 2905/2151/1034 2937/2138/1034 2985/2199/1034
f 2954/2212/1015 2905/2151/1015 2985/2199/1015
f 2854/2090/1031 2887/2077/1031 2937/2138/1031
f 2905/2151/1029 2854/2090/1029 2937/2138/1029
f 2802/2029/975 2836/2016/975 2887/2077/975
f 2854/2090/1020 2802/2029/1020 2887/2077/1020
f 2748/1968/947 2783/1955/947 2836/2016/947
f 2802/2029/961 2748/1968/961 2836/2016/961
f 2692/1907/880 2728/1894/880 2783/1955/880
f 2748/1968/930 2692/1907/930 2783/1955/930
f 2635/1846/877 2672/1833/877 2728/1894/877
f 2692/1907/895 2635/1846/895 2728/1894/895
f 2576/1785/941 2614/1772/941 2672/1833/941
f 2635/1846/908 2576/1785/908 2672/1833/908
f 2516/1724/956 2555/1711/956 2614/1772/956
f 2576/1785/956 2516/1724/956 2614/1772/956
f 2455/1663/983 2494/1650/983 2555/1711/983
f 2516/1724/968 2455/1663/968 2555/1711/968
f 2394/1602/971 2433/1589/971 2494/1650/971
f 2455/1663/971 2394/1602/971 2494/1650/971
f 2333/1541/895 2372/1528/895 2433/1589/895
f 2394/1602/946 2333/1541/946 2433/1589/946
f 2272/1480/894 2311/1467/894 2372/1528/894
f 2333/1541/895 2272/1480/895 2372/1528/895
f 2211/1419/879 2250/1406/879 2311/1467/879
f 2272/1480/879 2211/1419/879 2311/1467/879
f 2150/1358/841 2189/1345/841 2250/1406/841
f 2211/1419/862 2150/1358/862 2250/1406/862
f 2089/1297/760 2128/1284/760 2189/1345/760
f 2150/1358/780 2089/1297/780 2189/1345/780
f 2028/1236/711 2067/1223/711 2128/1284/711
f 2089/1297/759 2028/1236/759 2128/1284/759
f 1967/1175/682 2006/1162/682 2067/1223/682
f 2028/1236/732 1967/1175/732 2067/1223/732
f 1906/1114/680 1945/1101/680 2006/1162/680
f 1967/1175/706 1906/1114/706 2006/1162/706
f 1845/1053/680 1884/1040/680 1945/1101/680
f 1906/1114/680 1845/1053/680 1945/1101/680
f 1784/992/680 1823/979/680 1884/1040/680
f 1845/1053/679 1784/992/679 1884/1040/679
f 1723/931/705 1762/918/705 1823/979/705
f 1784/992/704 1723/931/704 1823/979/704
f 1662/870/751 1701/857/751 1762/918/751
f 1723/931/727 1662/870/727 1762/918/727
f 1601/809/751 1640/796/751 1701/857/751
f 1662/870/751 1601/809/751 1701/857/751
f 1540/748/679 1579/735/679 1640/796/679
f 1601/809/730 1540/748/730 1640/796/730
f 1479/687/655 1518/674/655 1579/735/655
f 1540/748/680 1479/687/680 1579/735/680
f 1418/626/655 1457/613/655 1518/674/655
f 1479/687/655 1418/626/655 1518/674/655
f 1357/565/1201 1396/552/1201 1457/613/1201
f 1418/626/603 1357/565/603 1457/613/603
f 1296/504/241 1335/491/241 1396/552/241
f 1357/565/1155 1296/504/1155 1396/552/1155
f 1235/443/655 1274/430/655 1335/491/655
f 1296/504/655 1235/443/655 1335/491/655
f 1174/382/655 1213/369/655 1274/430/655
f 1235/443/655 1174/382/655 1274/430/655
f 1115/325/655 1153/313/655 1213/369/655
f 1174/382/655 1115/325/655 1213/369/655
f 1057/273/655 1094/262/655 1153/313/655
f 1115/325/655 1057/273/655 1153/313/655
f 1001/225/655 1037/215/655 1094/262/655
f 1057/273/655 1001/225/655 1094/262/655
f 946/182/655 981/173/655 1037/215/655
f 1001/225/655 946/182/655 1037/215/655
f 893/143/655 927/135/655 981/173/655
f 946/182/655 893/143/655 981/173/655
f 841/109/655 874/102/655 927/135/655
f 893/143/655 841/109/655 927/135/655
f 791/80/655 823/74/655 874/102/655
f 841/109/655 791/80/655 874/102/655
f 742/55/655 773/50/655 823/74/655
f 791/80/655 742/55/655 823/74/655
f 695/35/655 725/31/655 773/50/655
f 742/55/655 695/35/655 773/50/655
f 3607/3435/655 3619/3424/655 3636/3474/655
f 3625/3484/655 3607/3435/655 3636/3474/655
f 3587/3381/655 3600/3369/655 3619/3424/655
f 3607/3435/655 3587/3381/655 3619/3424/655
f 3566/3323/655 3580/3310/655 3600/3369/655
f 3587/3381/655 3566/3323/655 3600/3369/655
f 3543/3262/655 3558/3249/655 3580/3310/655
f 3566/3323/655 3543/3262/655 3580/3310/655
f 3519/3201/655 3535/3188/655 3558/3249/655
f 3543/3262/655 3519/3201/655 3558/3249/655
f 3493/3140/655 3510/3127/655 3535/3188/655
f 3519/3201/655 3493/3140/655 3535/3188/655
f 3466/3079/655 3484/3066/655 3510/3127/655
f 3493/3140/655 3466/3079/655 3510/3127/655
f 3437/3018/1087 3456/3005/1087 3484/3066/1087
f 3466/3079/964 3437/3018/964 3484/3066/964
f 3407/2957/1252 3427/2944/1252 3456/3005/1252
f 3437/3018/1180 3407/2957/1180 3456/3005/1180
f 3375/2896/1061 3396/2883/1061 3427/2944/1061
f 3407/2957/1205 3375/2896/1205 3427/2944/1205
f 3342/2835/655 3364/2822/655 3396/2883/655
f 3375/2896/655 3342/2835/655 3396/2883/655
f 3307/2774/655 3330/2761/655 3364/2822/655
f 3342/2835/655 3307/2774/655 3364/2822/655
f 3270/2713/655 3294/2700/655 3330/2761/655
f 3307/2774/655 3270/2713/655 3330/2761/655
f 3232/2652/655 3257/2639/655 3294/2700/655
f 3270/2713/655 3232/2652/655 3294/2700/655
f 3192/2591/655 3218/2578/655 3257/2639/655
f 3232/2652/655 3192/2591/655 3257/2639/655
f 3151/2530/655 3178/2517/655 3218/2578/655
f 3192/2591/655 3151/2530/655 3218/2578/655
f 3108/2469/655 3136/2456/655 3178/2517/655
f 3151/2530/655 3108/2469/655 3178/2517/655
f 3064/2408/793 3093/2395/793 3136/2456/793
f 3108/2469/701 3064/2408/701 3136/2456/701
f 3018/2347/954 3048/2334/954 3093/2395/954
f 3064/2408/870 3018/2347/870 3093/2395/870
f 2971/2286/954 3002/2273/954 3048/2334/954
f 3018/2347/954 2971/2286/954 3048/2334/954
f 2922/2225/982 2954/2212/982 3002/2273/982
f 2971/2286/966 2922/2225/966 3002/2273/966
f 2872/2164/1019 2905/2151/1019 2954/2212/1019
f 2922/2225/1004 2872/2164/1004 2954/2212/1004
f 2820/2103/999 2854/2090/999 2905/2151/999
f 2872/2164/1006 2820/2103/1006 2905/2151/1006
f 2767/2042/916 2802/2029/916 2854/2090/916
f 2820/2103/949 2767/2042/949 2854/2090/949
f 2712/1981/929 2748/1968/929 2802/2029/929
f 2767/2042/929 2712/1981/929 2802/2029/929
f 2655/1920/881 2692/1907/881 2748/1968/881
f 2712/1981/918 2655/1920/918 2748/1968/918
f 2597/1859/911 2635/1846/911 2692/1907/911
f 2655/1920/912 2597/1859/912 2692/1907/912
f 2537/1798/970 2576/1785/970 2635/1846/970
f 2597/1859/939 2537/1798/939 2635/1846/939
f 2476/1737/970 2516/1724/970 2576/1785/970
f 2537/1798/970 2476/1737/970 2576/1785/970
f 2415/1676/955 2455/1663/955 2516/1724/955
f 2476/1737/969 2415/1676/969 2516/1724/969
f 2354/1615/892 2394/1602/892 2455/1663/892
f 2415/1676/925 2354/1615/925 2455/1663/925
f 2293/1554/754 2333/1541/754 2394/1602/754
f 2354/1615/842 2293/1554/842 2394/1602/842
f 2232/1493/728 2272/1480/728 2333/1541/728
f 2293/1554/774 2232/1493/774 2333/1541/774
f 2171/1432/708 2211/1419/708 2272/1480/708
f 2232/1493/708 2171/1432/708 2272/1480/708
f 2110/1371/711 2150/1358/711 2211/1419/711
f 2171/1432/684 2110/1371/684 2211/1419/684
f 2049/1310/715 2089/1297/715 2150/1358/715
f 2110/1371/688 2049/1310/688 2150/1358/688
f 1988/1249/713 2028/1236/713 2089/1297/713
f 2049/1310/736 1988/1249/736 2089/1297/736
f 1927/1188/709 1967/1175/709 2028/1236/709
f 1988/1249/756 1927/1188/756 2028/1236/756
f 1866/1127/729 1906/1114/729 1967/1175/729
f 1927/1188/730 1866/1127/730 1967/1175/730
f 1805/1066/728 1845/1053/728 1906/1114/728
f 1866/1127/728 1805/1066/728 1906/1114/728
f 1744/1005/751 1784/992/751 1845/1053/751
f 1805/1066/727 1744/1005/727 1845/1053/727
f 1683/944/772 1723/931/772 1784/992/772
f 1744/1005/750 1683/944/750 1784/992/750
f 1622/883/836 1662/870/836 1723/931/836
f 1683/944/791 1622/883/791 1723/931/791
f 1561/822/857 1601/809/857 1662/870/857
f 1622/883/836 1561/822/836 1662/870/836
f 1500/761/795 1540/748/795 1601/809/795
f 1561/822/839 1500/761/839 1601/809/839
f 1439/700/655 1479/687/655 1540/748/655
f 1500/761/776 1439/700/776 1540/748/776
f 1378/639/655 1418/626/655 1479/687/655
f 1439/700/655 1378/639/655 1479/687/655
f 1317/578/820 1357/565/820 1418/626/820
f 1378/639/655 1317/578/655 1418/626/655
f 1256/517/199 1296/504/199 1357/565/199
f 1317/578/180 1256/517/180 1357/565/180
f 1195/456/655 1235/443/655 1296/504/655
f 1256/517/1017 1195/456/1017 1296/504/1017
f 1135/395/655 1174/382/655 1235/443/655
f 1195/456/655 1135/395/655 1235/443/655
f 1077/337/655 1115/325/655 1174/382/655
f 1135/395/655 1077/337/655 1174/382/655
f 1020/284/655 1057/273/655 1115/325/655
f 1077/337/655 1020/284/655 1115/325/655
f 965/235/655 1001/225/655 1057/273/655
f 1020/284/655 965/235/655 1057/273/655
f 911/191/655 946/182/655 1001/225/655
f 965/235/655 911/191/655 1001/225/655
f 859/151/655 893/143/655 946/182/655
f 911/191/655 859/151/655 946/182/655
f 808/116/655 841/109/655 893/143/655
f 859/151/655 808/116/655 893/143/655
f 759/86/655 791/80/655 841/109/655
f 808/116/655 759/86/655 841/109/655
f 711/60/655 742/55/655 791/80/655
f 759/86/655 711/60/655 791/80/655
f 665/39/655 695/35/655 742/55/655
f 711/60/655 665/39/655 742/55/655
f 3594/3446/655 3607/3435/655 3625/3484/655
f 3613/3494/655 3594/3446/655 3625/3484/655
f 3573/3393/655 3587/3381/655 3607/3435/655
f 3594/3446/655 3573/3393/655 3607/3435/655
f 3551/3336/655 3566/3323/655 3587/3381/655
f 3573/3393/655 3551/3336/655 3587/3381/655
f 3527/3275/655 3543/3262/655 3566/3323/655
f 3551/3336/655 3527/3275/655 3566/3323/655
f 3502/3214/655 3519/3201/655 3543/3262/655
f 3527/3275/655 3502/3214/655 3543/3262/655
f 3475/3153/655 3493/3140/655 3519/3201/655
f 3502/3214/655 3475/3153/655 3519/3201/655
f 3447/3092/655 3466/3079/655 3493/3140/655
f 3475/3153/655 3447/3092/655 3493/3140/655
f 3417/3031/1269 3437/3018/1269 3466/3079/1269
f 3447/3092/1103 3417/3031/1103 3466/3079/1103
f 3386/2970/1120 3407/2957/1120 3437/3018/1120
f 3417/3031/1272 3386/2970/1272 3437/3018/1272
f 3353/2909/655 3375/2896/655 3407/2957/655
f 3386/2970/655 3353/2909/655 3407/2957/655
f 3319/2848/655 3342/2835/655 3375/2896/655
f 3353/2909/655 3319/2848/655 3375/2896/655
f 3283/2787/655 3307/2774/655 3342/2835/655
f 3319/2848/655 3283/2787/655 3342/2835/655
f 3245/2726/655 3270/2713/655 3307/2774/655
f 3283/2787/655 3245/2726/655 3307/2774/655
f 3206/2665/655 3232/2652/655 3270/2713/655
f 3245/2726/655 3206/2665/655 3270/2713/655
f 3165/2604/655 3192/2591/655 3232/2652/655
f 3206/2665/655 3165/2604/655 3232/2652/655
f 3123/2543/655 3151/2530/655 3192/2591/655
f 3165/2604/655 3123/2543/655 3192/2591/655
f 3079/2482/679 3108/2469/679 3151/2530/679
f 3123/2543/655 3079/2482/655 3151/2530/655
f 3034/2421/891 3064/2408/891 3108/2469/891
f 3079/2482/743 3034/2421/743 3108/2469/743
f 2987/2360/995 3018/2347/995 3064/2408/995
f 3034/2421/953 2987/2360/953 3064/2408/953
f 2939/2299/967 2971/2286/967 3018/2347/967
f 2987/2360/983 2939/2299/983 3018/2347/983
f 2889/2238/904 2922/2225/904 2971/2286/904
f 2939/2299/968 2889/2238/968 2971/2286/968
f 2838/2177/936 2872/2164/936 2922/2225/936
f 2889/2238/936 2838/2177/936 2922/2225/936
f 2785/2116/874 2820/2103/874 2872/2164/874
f 2838/2177/891 2785/2116/891 2872/2164/891
f 2731/2055/822 2767/2042/822 2820/2103/822
f 2785/2116/800 2731/2055/800 2820/2103/800
f 2675/1994/862 2712/1981/862 2767/2042/862
f 2731/2055/840 2675/1994/840 2767/2042/840
f 2617/1933/882 2655/1920/882 2712/1981/882
f 2675/1994/843 2617/1933/843 2712/1981/843
f 2558/1872/944 2597/1859/944 2655/1920/944
f 2617/1933/926 2558/1872/926 2655/1920/926
f 2497/1811/997 2537/1798/997 2597/1859/997
f 2558/1872/983 2497/1811/983 2597/1859/983
f 2436/1750/985 2476/1737/985 2537/1798/985
f 2497/1811/985 2436/1750/985 2537/1798/985
f 2375/1689/938 2415/1676/938 2476/1737/938
f 2436/1750/985 2375/1689/985 2476/1737/985
f 2314/1628/772 2354/1615/772 2415/1676/772
f 2375/1689/880 2314/1628/880 2415/1676/880
f 2253/1567/685 2293/1554/685 2354/1615/685
f 2314/1628/711 2253/1567/711 2354/1615/711
f 2192/1506/628 2232/1493/628 2293/1554/628
f 2253/1567/708 2192/1506/708 2293/1554/708
f 2131/1445/576 2171/1432/576 2232/1493/576
f 2192/1506/601 2131/1445/601 2232/1493/601
f 2070/1384/553 2110/1371/553 2171/1432/553
f 2131/1445/553 2070/1384/553 2171/1432/553
f 2009/1323/636 2049/1310/636 2110/1371/636
f 2070/1384/528 2009/1323/528 2110/1371/528
f 1948/1262/736 1988/1249/736 2049/1310/736
f 2009/1323/686 1948/1262/686 2049/1310/686
f 1887/1201/777 1927/1188/777 1988/1249/777
f 1948/1262/778 1887/1201/778 1988/1249/778
f 1826/1140/774 1866/1127/774 1927/1188/774
f 1887/1201/796 1826/1140/796 1927/1188/796
f 1765/1079/773 1805/1066/773 1866/1127/773
f 1826/1140/773 1765/1079/773 1866/1127/773
f 1704/1018/793 1744/1005/793 1805/1066/793
f 1765/1079/772 1704/1018/772 1805/1066/772
f 1643/957/814 1683/944/814 1744/1005/814
f 1704/1018/792 1643/957/792 1744/1005/792
f 1582/896/855 1622/883/855 1683/944/855
f 1643/957/833 1582/896/833 1683/944/833
f 1521/835/876 1561/822/876 1622/883/876
f 1582/896/856 1521/835/856 1622/883/856
f 1460/774/818 1500/761/818 1561/822/818
f 1521/835/840 1460/774/840 1561/822/840
f 1399/713/708 1439/700/708 1500/761/708
f 1460/774/800 1399/713/800 1500/761/800
f 1338/652/655 1378/639/655 1439/700/655
f 1399/713/707 1338/652/707 1439/700/707
f 1277/591/655 1317/578/655 1378/639/655
f 1338/652/655 1277/591/655 1378/639/655
f 1216/530/1143 1256/517/1143 1317/578/1143
f 1277/591/237 1216/530/237 1317/578/237
f 1156/469/510 1195/456/510 1256/517/510
f 1216/530/1186 1156/469/1186 1256/517/1186
f 1097/408/655 1135/395/655 1195/456/655
f 1156/469/655 1097/408/655 1195/456/655
f 1040/349/655 1077/337/655 1135/395/655
f 1097/408/655 1040/349/655 1135/395/655
f 984/295/655 1020/284/655 1077/337/655
f 1040/349/655 984/295/655 1077/337/655
f 930/245/655 965/235/655 1020/284/655
f 984/295/655 930/245/655 1020/284/655
f 877/200/655 911/191/655 965/235/655
f 930/245/655 877/200/655 965/235/655
f 826/159/655 859/151/655 911/191/655
f 877/200/655 826/159/655 911/191/655
f 776/123/655 808/116/655 859/151/655
f 826/159/655 776/123/655 859/151/655
f 728/92/655 759/86/655 808/116/655
f 776/123/655 728/92/655 808/116/655
f 681/65/655 711/60/655 759/86/655
f 728/92/655 681/65/655 759/86/655
f 636/43/655 665/39/655 711/60/655
f 681/65/655 636/43/655 711/60/655
f 3581/3457/655 3594/3446/655 3613/3494/655
f 3601/3504/655 3581/3457/655 3613/3494/655
f 3559/3405/655 3573/3393/655 3594/3446/655
f 3581/3457/655 3559/3405/655 3594/3446/655
f 3536/3349/655 3551/3336/655 3573/3393/655
f 3559/3405/655 3536/3349/655 3573/3393/655
f 3511/3288/655 3527/3275/655 3551/3336/655
f 3536/3349/655 3511/3288/655 3551/3336/655
f 3485/3227/655 3502/3214/655 3527/3275/655
f 3511/3288/655 3485/3227/655 3527/3275/655
f 3457/3166/655 3475/3153/655 3502/3214/655
f 3485/3227/655 3457/3166/655 3502/3214/655
f 3428/3105/655 3447/3092/655 3475/3153/655
f 3457/3166/655 3428/3105/655 3475/3153/655
f 3397/3044/1219 3417/3031/1219 3447/3092/1219
f 3428/3105/1134 3397/3044/1134 3447/3092/1134
f 3365/2983/1043 3386/2970/1043 3417/3031/1043
f 3397/3044/1159 3365/2983/1159 3417/3031/1159
f 3331/2922/655 3353/2909/655 3386/2970/655
f 3365/2983/655 3331/2922/655 3386/2970/655
f 3296/2861/655 3319/2848/655 3353/2909/655
f 3331/2922/655 3296/2861/655 3353/2909/655
f 3259/2800/655 3283/2787/655 3319/2848/655
f 3296/2861/655 3259/2800/655 3319/2848/655
f 3220/2739/655 3245/2726/655 3283/2787/655
f 3259/2800/655 3220/2739/655 3283/2787/655
f 3180/2678/655 3206/2665/655 3245/2726/655
f 3220/2739/655 3180/2678/655 3245/2726/655
f 3138/2617/655 3165/2604/655 3206/2665/655
f 3180/2678/655 3138/2617/655 3206/2665/655
f 3095/2556/655 3123/2543/655 3165/2604/655
f 3138/2617/655 3095/2556/655 3165/2604/655
f 3050/2495/751 3079/2482/751 3123/2543/751
f 3095/2556/677 3050/2495/677 3123/2543/677
f 3004/2434/966 3034/2421/966 3079/2482/966
f 3050/2495/867 3004/2434/867 3079/2482/867
f 2956/2373/1018 2987/2360/1018 3034/2421/1018
f 3004/2434/994 2956/2373/994 3034/2421/994
f 2907/2312/954 2939/2299/954 2987/2360/954
f 2956/2373/998 2907/2312/998 2987/2360/998
f 2856/2251/788 2889/2238/788 2939/2299/788
f 2907/2312/924 2856/2251/924 2939/2299/924
f 2804/2190/805 2838/2177/805 2889/2238/805
f 2856/2251/827 2804/2190/827 2889/2238/827
f 2750/2129/702 2785/2116/702 2838/2177/702
f 2804/2190/725 2750/2129/725 2838/2177/725
f 2695/2068/686 2731/2055/686 2785/2116/686
f 2750/2129/631 2695/2068/631 2785/2116/631
f 2638/2007/732 2675/1994/732 2731/2055/732
f 2695/2068/708 2638/2007/708 2731/2055/708
f 2579/1946/863 2617/1933/863 2675/1994/863
f 2638/2007/754 2579/1946/754 2675/1994/754
f 2519/1885/960 2558/1872/960 2617/1933/960
f 2579/1946/924 2519/1885/924 2617/1933/924
f 2458/1824/996 2497/1811/996 2558/1872/996
f 2519/1885/996 2458/1824/996 2558/1872/996
f 2397/1763/984 2436/1750/984 2497/1811/984
f 2458/1824/985 2397/1763/985 2497/1811/985
f 2336/1702/853 2375/1689/853 2436/1750/853
f 2397/1763/960 2336/1702/960 2436/1750/960
f 2275/1641/601 2314/1628/601 2375/1689/601
f 2336/1702/758 2275/1641/758 2375/1689/758
f 2214/1580/711 2253/1567/711 2314/1628/711
f 2275/1641/601 2214/1580/601 2314/1628/601
f 2153/1519/630 2192/1506/630 2253/1567/630
f 2214/1580/710 2153/1519/710 2253/1567/710
f 2092/1458/500 2131/1445/500 2192/1506/500
f 2153/1519/604 2092/1458/604 2192/1506/604
f 2031/1397/430 2070/1384/430 2131/1445/430
f 2092/1458/461 2031/1397/461 2131/1445/461
f 1970/1336/580 2009/1323/580 2070/1384/580
f 2031/1397/441 1970/1336/441 2070/1384/441
f 1909/1275/779 1948/1262/779 2009/1323/779
f 1970/1336/629 1909/1275/629 2009/1323/629
f 1848/1214/842 1887/1201/842 1948/1262/842
f 1909/1275/797 1848/1214/797 1948/1262/797
f 1787/1153/817 1826/1140/817 1887/1201/817
f 1848/1214/861 1787/1153/861 1887/1201/861
f 1726/1092/815 1765/1079/815 1826/1140/815
f 1787/1153/837 1726/1092/837 1826/1140/837
f 1665/1031/814 1704/1018/814 1765/1079/814
f 1726/1092/815 1665/1031/815 1765/1079/815
f 1604/970/814 1643/957/814 1704/1018/814
f 1665/1031/814 1604/970/814 1704/1018/814
f 1543/909/833 1582/896/833 1643/957/833
f 1604/970/833 1543/909/833 1643/957/833
f 1482/848/835 1521/835/835 1582/896/835
f 1543/909/814 1482/848/814 1582/896/814
f 1421/787/776 1460/774/776 1521/835/776
f 1482/848/777 1421/787/777 1521/835/777
f 1360/726/686 1399/713/686 1460/774/686
f 1421/787/735 1360/726/735 1460/774/735
f 1299/665/628 1338/652/628 1399/713/628
f 1360/726/731 1299/665/731 1399/713/731
f 1238/604/655 1277/591/655 1338/652/655
f 1299/665/655 1238/604/655 1338/652/655
f 1177/543/1196 1216/530/1196 1277/591/1196
f 1238/604/558 1177/543/558 1277/591/558
f 1118/482/243 1156/469/243 1216/530/243
f 1177/543/1149 1118/482/1149 1216/530/1149
f 1060/421/655 1097/408/655 1156/469/655
f 1118/482/655 1060/421/655 1156/469/655
f 1004/361/655 1040/349/655 1097/408/655
f 1060/421/655 1004/361/655 1097/408/655
f 949/306/655 984/295/655 1040/349/655
f 1004/361/655 949/306/655 1040/349/655
f 896/255/655 930/245/655 984/295/655
f 949/306/655 896/255/655 984/295/655
f 844/209/655 877/200/655 930/245/655
f 896/255/655 844/209/655 930/245/655
f 794/167/655 826/159/655 877/200/655
f 844/209/655 794/167/655 877/200/655
f 745/130/655 776/123/655 826/159/655
f 794/167/655 745/130/655 826/159/655
f 698/98/655 728/92/655 776/123/655
f 745/130/655 698/98/655 776/123/655
f 652/70/655 681/65/655 728/92/655
f 698/98/655 652/70/655 728/92/655
f 608/47/655 636/43/655 681/65/655
f 652/70/655 608/47/655 681/65/655
f 3567/3468/655 3581/3457/655 3601/3504/655
f 3588/3514/655 3567/3468/655 3601/3504/655
f 3544/3417/655 3559/3405/655 3581/3457/655
f 3567/3468/655 3544/3417/655 3581/3457/655
f 3520/3362/655 3536/3349/655 3559/3405/655
f 3544/3417/655 3520/3362/655 3559/3405/655
f 3494/3302/655 3511/3288/655 3536/3349/655
f 3520/3362/655 3494/3302/655 3536/3349/655
f 3467/3241/655 3485/3227/655 3511/3288/655
f 3494/3302/655 3467/3241/655 3511/3288/655
f 3438/3180/655 3457/3166/655 3485/3227/655
f 3467/3241/655 3438/3180/655 3485/3227/655
f 3408/3119/705 3428/3105/705 3457/3166/705
f 3438/3180/654 3408/3119/654 3457/3166/654
f 3376/3058/1134 3397/3044/1134 3428/3105/1134
f 3408/3119/1136 3376/3058/1136 3428/3105/1136
f 3343/2997/655 3365/2983/655 3397/3044/655
f 3376/3058/655 3343/2997/655 3397/3044/655
f 3308/2936/655 3331/2922/655 3365/2983/655
f 3343/2997/655 3308/2936/655 3365/2983/655
f 3272/2875/655 3296/2861/655 3331/2922/655
f 3308/2936/655 3272/2875/655 3331/2922/655
f 3234/2814/655 3259/2800/655 3296/2861/655
f 3272/2875/655 3234/2814/655 3296/2861/655
f 3194/2753/655 3220/2739/655 3259/2800/655
f 3234/2814/655 3194/2753/655 3259/2800/655
f 3153/2692/655 3180/2678/655 3220/2739/655
f 3194/2753/655 3153/2692/655 3220/2739/655
f 3110/2631/655 3138/2617/655 3180/2678/655
f 3153/2692/655 3110/2631/655 3180/2678/655
f 3066/2570/679 3095/2556/679 3138/2617/679
f 3110/2631/655 3066/2570/655 3138/2617/655
f 3020/2509/874 3050/2495/874 3095/2556/874
f 3066/2570/745 3020/2509/745 3095/2556/745
f 2973/2448/1013 3004/2434/1013 3050/2495/1013
f 3020/2509/951 2973/2448/951 3050/2495/951
f 2924/2387/1013 2956/2373/1013 3004/2434/1013
f 2973/2448/1013 2924/2387/1013 3004/2434/1013
f 2874/2326/890 2907/2312/890 2956/2373/890
f 2924/2387/958 2874/2326/958 2956/2373/958
f 2822/2265/678 2856/2251/678 2907/2312/678
f 2874/2326/840 2822/2265/840 2907/2312/840
f 2769/2204/694 2804/2190/694 2856/2251/694
f 2822/2265/742 2769/2204/742 2856/2251/742
f 2714/2143/546 2750/2129/546 2804/2190/546
f 2769/2204/596 2714/2143/596 2804/2190/596
f 2658/2082/526 2695/2068/526 2750/2129/526
f 2714/2143/478 2658/2082/478 2750/2129/478
f 2600/2021/601 2638/2007/601 2695/2068/601
f 2658/2082/551 2600/2021/551 2695/2068/551
f 2540/1960/817 2579/1946/817 2638/2007/817
f 2600/2021/653 2540/1960/653 2638/2007/653
f 2479/1899/924 2519/1885/924 2579/1946/924
f 2540/1960/873 2479/1899/873 2579/1946/873
f 2418/1838/921 2458/1824/921 2519/1885/921
f 2479/1899/939 2418/1838/939 2519/1885/939
f 2357/1777/873 2397/1763/873 2458/1824/873
f 2418/1838/909 2357/1777/909 2458/1824/909
f 2296/1716/680 2336/1702/680 2397/1763/680
f 2357/1777/798 2296/1716/798 2397/1763/798
f 2235/1655/555 2275/1641/555 2336/1702/555
f 2296/1716/581 2235/1655/581 2336/1702/581
f 2174/1594/708 2214/1580/708 2275/1641/708
f 2235/1655/627 2174/1594/627 2275/1641/627
f 2113/1533/579 2153/1519/579 2214/1580/579
f 2174/1594/662 2113/1533/662 2214/1580/662
f 2052/1472/460 2092/1458/460 2153/1519/460
f 2113/1533/557 2052/1472/557 2153/1519/557
f 1991/1411/385 2031/1397/385 2092/1458/385
f 2052/1472/446 1991/1411/446 2092/1458/446
f 1930/1350/575 1970/1336/575 2031/1397/575
f 1991/1411/437 1930/1350/437 2031/1397/437
f 1869/1289/796 1909/1275/796 1970/1336/796
f 1930/1350/624 1869/1289/624 1970/1336/624
f 1808/1228/914 1848/1214/914 1909/1275/914
f 1869/1289/816 1808/1228/816 1909/1275/816
f 1747/1167/861 1787/1153/861 1848/1214/861
f 1808/1228/898 1747/1167/898 1848/1214/898
f 1686/1106/858 1726/1092/858 1787/1153/858
f 1747/1167/878 1686/1106/878 1787/1153/878
f 1625/1045/836 1665/1031/836 1726/1092/836
f 1686/1106/858 1625/1045/858 1726/1092/858
f 1564/984/814 1604/970/814 1665/1031/814
f 1625/1045/836 1564/984/836 1665/1031/836
f 1503/923/790 1543/909/790 1604/970/790
f 1564/984/834 1503/923/834 1604/970/834
f 1442/862/771 1482/848/771 1543/909/771
f 1503/923/792 1442/862/792 1543/909/792
f 1381/801/709 1421/787/709 1482/848/709
f 1442/862/731 1381/801/731 1482/848/731
f 1320/740/663 1360/726/663 1421/787/663
f 1381/801/687 1320/740/687 1421/787/687
f 1259/679/630 1299/665/630 1360/726/630
f 1320/740/685 1259/679/685 1360/726/685
f 1198/618/655 1238/604/655 1299/665/655
f 1259/679/656 1198/618/656 1299/665/656
f 1138/557/962 1177/543/962 1238/604/962
f 1198/618/655 1138/557/655 1238/604/655
f 1080/496/824 1118/482/824 1177/543/824
f 1138/557/218 1080/496/218 1177/543/218
f 1023/435/655 1060/421/655 1118/482/655
f 1080/496/1114 1023/435/1114 1118/482/1114
f 968/374/655 1004/361/655 1060/421/655
f 1023/435/655 968/374/655 1060/421/655
f 914/318/655 949/306/655 1004/361/655
f 968/374/655 914/318/655 1004/361/655
f 862/266/655 896/255/655 949/306/655
f 914/318/655 862/266/655 949/306/655
f 811/219/655 844/209/655 896/255/655
f 862/266/655 811/219/655 896/255/655
f 762/176/655 794/167/655 844/209/655
f 811/219/655 762/176/655 844/209/655
f 714/138/655 745/130/655 794/167/655
f 762/176/655 714/138/655 794/167/655
f 668/105/655 698/98/655 745/130/655
f 714/138/655 668/105/655 745/130/655
f 623/76/655 652/70/655 698/98/655
f 668/105/655 623/76/655 698/98/655
f 580/52/655 608/47/655 652/70/655
f 623/76/655 580/52/655 652/70/655
f 3553/3478/655 3567/3468/655 3588/3514/655
f 3575/3523/655 3553/3478/655 3588/3514/655
f 3529/3428/655 3544/3417/655 3567/3468/655
f 3553/3478/655 3529/3428/655 3567/3468/655
f 3504/3374/655 3520/3362/655 3544/3417/655
f 3529/3428/655 3504/3374/655 3544/3417/655
f 3477/3315/655 3494/3302/655 3520/3362/655
f 3504/3374/655 3477/3315/655 3520/3362/655
f 3449/3254/655 3467/3241/655 3494/3302/655
f 3477/3315/655 3449/3254/655 3494/3302/655
f 3419/3193/655 3438/3180/655 3467/3241/655
f 3449/3254/655 3419/3193/655 3467/3241/655
f 3388/3132/1124 3408/3119/1124 3438/3180/1124
f 3419/3193/1027 3388/3132/1027 3438/3180/1027
f 3355/3071/1135 3376/3058/1135 3408/3119/1135
f 3388/3132/1200 3355/3071/1200 3408/3119/1200
f 3321/3010/655 3343/2997/655 3376/3058/655
f 3355/3071/655 3321/3010/655 3376/3058/655
f 3285/2949/655 3308/2936/655 3343/2997/655
f 3321/3010/655 3285/2949/655 3343/2997/655
f 3248/2888/655 3272/2875/655 3308/2936/655
f 3285/2949/655 3248/2888/655 3308/2936/655
f 3209/2827/655 3234/2814/655 3272/2875/655
f 3248/2888/655 3209/2827/655 3272/2875/655
f 3168/2766/655 3194/2753/655 3234/2814/655
f 3209/2827/655 3168/2766/655 3234/2814/655
f 3126/2705/655 3153/2692/655 3194/2753/655
f 3168/2766/655 3126/2705/655 3194/2753/655
f 3082/2644/655 3110/2631/655 3153/2692/655
f 3126/2705/655 3082/2644/655 3153/2692/655
f 3037/2583/751 3066/2570/751 3110/2631/751
f 3082/2644/677 3037/2583/677 3110/2631/677
f 2990/2522/954 3020/2509/954 3066/2570/954
f 3037/2583/848 2990/2522/848 3066/2570/848
f 2942/2461/1023 2973/2448/1023 3020/2509/1023
f 2990/2522/1011 2942/2461/1011 3020/2509/1011
f 2892/2400/980 2924/2387/980 2973/2448/980
f 2942/2461/1014 2892/2400/1014 2973/2448/1014
f 2841/2339/771 2874/2326/771 2924/2387/771
f 2892/2400/879 2841/2339/879 2924/2387/879
f 2788/2278/629 2822/2265/629 2874/2326/629
f 2841/2339/711 2788/2278/711 2874/2326/711
f 2734/2217/590 2769/2204/590 2822/2265/590
f 2788/2278/721 2734/2217/721 2822/2265/721
f 2678/2156/438 2714/2143/438 2769/2204/438
f 2734/2217/497 2678/2156/497 2769/2204/497
f 2621/2095/442 2658/2082/442 2714/2143/442
f 2678/2156/411 2621/2095/411 2714/2143/411
f 2562/2034/551 2600/2021/551 2658/2082/551
f 2621/2095/455 2562/2034/455 2658/2082/455
f 2501/1973/703 2540/1960/703 2600/2021/703
f 2562/2034/622 2501/1973/622 2600/2021/622
f 2440/1912/748 2479/1899/748 2540/1960/748
f 2501/1973/724 2440/1912/724 2540/1960/724
f 2379/1851/723 2418/1838/723 2479/1899/723
f 2440/1912/768 2379/1851/768 2479/1899/768
f 2318/1790/595 2357/1777/595 2418/1838/595
f 2379/1851/679 2318/1790/679 2418/1838/679
f 2257/1729/552 2296/1716/552 2357/1777/552
f 2318/1790/552 2257/1729/552 2357/1777/552
f 2196/1668/529 2235/1655/529 2296/1716/529
f 2257/1729/504 2196/1668/504 2296/1716/504
f 2135/1607/627 2174/1594/627 2235/1655/627
f 2196/1668/599 2135/1607/599 2235/1655/599
f 2074/1546/481 2113/1533/481 2174/1594/481
f 2135/1607/530 2074/1546/530 2174/1594/530
f 2013/1485/433 2052/1472/433 2113/1533/433
f 2074/1546/464 2013/1485/464 2113/1533/464
f 1952/1424/416 1991/1411/416 2052/1472/416
f 2013/1485/433 1952/1424/433 2052/1472/433
f 1891/1363/572 1930/1350/572 1991/1411/572
f 1952/1424/493 1891/1363/493 1991/1411/493
f 1830/1302/791 1869/1289/791 1930/1350/791
f 1891/1363/648 1830/1302/648 1930/1350/648
f 1769/1241/911 1808/1228/911 1869/1289/911
f 1830/1302/812 1769/1241/812 1869/1289/812
f 1708/1180/881 1747/1167/881 1808/1228/881
f 1769/1241/881 1708/1180/881 1808/1228/881
f 1647/1119/896 1686/1106/896 1747/1167/896
f 1708/1180/913 1647/1119/913 1747/1167/913
f 1586/1058/858 1625/1045/858 1686/1106/858
f 1647/1119/896 1586/1058/896 1686/1106/896
f 1525/997/814 1564/984/814 1625/1045/814
f 1586/1058/858 1525/997/858 1625/1045/858
f 1464/936/770 1503/923/770 1564/984/770
f 1525/997/814 1464/936/814 1564/984/814
f 1403/875/750 1442/862/750 1503/923/750
f 1464/936/751 1403/875/751 1503/923/751
f 1342/814/684 1381/801/684 1442/862/684
f 1403/875/684 1342/814/684 1442/862/684
f 1281/753/634 1320/740/634 1381/801/634
f 1342/814/634 1281/753/634 1381/801/634
f 1220/692/660 1259/679/660 1320/740/660
f 1281/753/661 1220/692/661 1320/740/661
f 1159/631/655 1198/618/655 1259/679/655
f 1220/692/681 1159/631/681 1259/679/681
f 1100/570/655 1138/557/655 1198/618/655
f 1159/631/655 1100/570/655 1198/618/655
f 1043/509/1235 1080/496/1235 1138/557/1235
f 1100/570/401 1043/509/401 1138/557/401
f 987/448/537 1023/435/537 1080/496/537
f 1043/509/1227 987/448/1227 1080/496/1227
f 933/387/655 968/374/655 1023/435/655
f 987/448/1009 933/387/1009 1023/435/1009
f 880/330/655 914/318/655 968/374/655
f 933/387/655 880/330/655 968/374/655
f 829/277/655 862/266/655 914/318/655
f 880/330/655 829/277/655 914/318/655
f 779/229/655 811/219/655 862/266/655
f 829/277/655 779/229/655 862/266/655
f 731/185/655 762/176/655 811/219/655
f 779/229/655 731/185/655 811/219/655
f 684/146/655 714/138/655 762/176/655
f 731/185/655 684/146/655 762/176/655
f 639/112/655 668/105/655 714/138/655
f 684/146/655 639/112/655 714/138/655
f 595/82/655 623/76/655 668/105/655
f 639/112/655 595/82/655 668/105/655
f 553/57/655 580/52/655 623/76/655
f 595/82/655 553/57/655 623/76/655
f 3538/3488/655 3553/3478/655 3575/3523/655
f 3561/3532/655 3538/3488/655 3575/3523/655
f 3513/3439/655 3529/3428/655 3553/3478/655
f 3538/3488/655 3513/3439/655 3553/3478/655
f 3487/3386/655 3504/3374/655 3529/3428/655
f 3513/3439/655 3487/3386/655 3529/3428/655
f 3459/3328/655 3477/3315/655 3504/3374/655
f 3487/3386/655 3459/3328/655 3504/3374/655
f 3430/3267/655 3449/3254/655 3477/3315/655
f 3459/3328/655 3430/3267/655 3477/3315/655
f 3399/3206/655 3419/3193/655 3449/3254/655
f 3430/3267/655 3399/3206/655 3449/3254/655
f 3367/3145/1184 3388/3132/1184 3419/3193/1184
f 3399/3206/1076 3367/3145/1076 3419/3193/1076
f 3333/3084/1113 3355/3071/1113 3388/3132/1113
f 3367/3145/1209 3333/3084/1209 3388/3132/1209
f 3298/3023/655 3321/3010/655 3355/3071/655
f 3333/3084/655 3298/3023/655 3355/3071/655
f 3261/2962/655 3285/2949/655 3321/3010/655
f 3298/3023/655 3261/2962/655 3321/3010/655
f 3223/2901/655 3248/2888/655 3285/2949/655
f 3261/2962/655 3223/2901/655 3285/2949/655
f 3183/2840/655 3209/2827/655 3248/2888/655
f 3223/2901/655 3183/2840/655 3248/2888/655
f 3141/2779/655 3168/2766/655 3209/2827/655
f 3183/2840/655 3141/2779/655 3209/2827/655
f 3098/2718/680 3126/2705/680 3168/2766/680
f 3141/2779/655 3098/2718/655 3168/2766/655
f 3053/2657/728 3082/2644/728 3126/2705/728
f 3098/2718/704 3053/2657/704 3126/2705/704
f 3007/2596/855 3037/2583/855 3082/2644/855
f 3053/2657/768 3007/2596/768 3082/2644/768
f 2959/2535/981 2990/2522/981 3037/2583/981
f 3007/2596/935 2959/2535/935 3037/2583/935
f 2910/2474/1011 2942/2461/1011 2990/2522/1011
f 2959/2535/1012 2910/2474/1012 2990/2522/1012
f 2859/2413/886 2892/2400/886 2942/2461/886
f 2910/2474/967 2859/2413/967 2942/2461/967
f 2807/2352/681 2841/2339/681 2892/2400/681
f 2859/2413/777 2807/2352/777 2892/2400/777
f 2753/2291/660 2788/2278/660 2841/2339/660
f 2807/2352/632 2753/2291/632 2841/2339/632
f 2698/2230/490 2734/2217/490 2788/2278/490
f 2753/2291/705 2698/2230/705 2788/2278/705
f 2641/2169/426 2678/2156/426 2734/2217/426
f 2698/2230/440 2641/2169/440 2734/2217/440
f 2583/2108/477 2621/2095/477 2678/2156/477
f 2641/2169/426 2583/2108/426 2678/2156/426
f 2523/2047/626 2562/2034/626 2621/2095/626
f 2583/2108/519 2523/2047/519 2621/2095/519
f 2462/1986/594 2501/1973/594 2562/2034/594
f 2523/2047/652 2462/1986/652 2562/2034/652
f 2401/1925/569 2440/1912/569 2501/1973/569
f 2462/1986/594 2401/1925/594 2501/1973/594
f 2340/1864/594 2379/1851/594 2440/1912/594
f 2401/1925/568 2340/1864/568 2440/1912/568
f 2279/1803/520 2318/1790/520 2379/1851/520
f 2340/1864/549 2279/1803/549 2379/1851/549
f 2218/1742/500 2257/1729/500 2318/1790/500
f 2279/1803/477 2218/1742/477 2318/1790/477
f 2157/1681/528 2196/1668/528 2257/1729/528
f 2218/1742/480 2157/1681/480 2257/1729/480
f 2096/1620/574 2135/1607/574 2196/1668/574
f 2157/1681/599 2096/1620/599 2196/1668/599
f 2035/1559/482 2074/1546/482 2135/1607/482
f 2096/1620/505 2035/1559/505 2135/1607/505
f 1974/1498/447 2013/1485/447 2074/1546/447
f 2035/1559/465 1974/1498/465 2074/1546/465
f 1913/1437/530 1952/1424/530 2013/1485/530
f 1974/1498/462 1913/1437/462 2013/1485/462
f 1852/1376/623 1891/1363/623 1952/1424/623
f 1913/1437/652 1852/1376/652 1952/1424/652
f 1791/1315/766 1830/1302/766 1891/1363/766
f 1852/1376/696 1791/1315/696 1891/1363/696
f 1730/1254/874 1769/1241/874 1830/1302/874
f 1791/1315/767 1730/1254/767 1830/1302/767
f 1669/1193/842 1708/1180/842 1769/1241/842
f 1730/1254/819 1669/1193/819 1769/1241/819
f 1608/1132/912 1647/1119/912 1708/1180/912
f 1669/1193/878 1608/1132/878 1708/1180/878
f 1547/1071/878 1586/1058/878 1647/1119/878
f 1608/1132/897 1547/1071/897 1647/1119/897
f 1486/1010/794 1525/997/794 1586/1058/794
f 1547/1071/879 1486/1010/879 1586/1058/879
f 1425/949/750 1464/936/750 1525/997/750
f 1486/1010/815 1425/949/815 1525/997/815
f 1364/888/727 1403/875/727 1464/936/727
f 1425/949/751 1364/888/751 1464/936/751
f 1303/827/659 1342/814/659 1403/875/659
f 1364/888/660 1303/827/660 1403/875/660
f 1242/766/606 1281/753/606 1342/814/606
f 1303/827/606 1242/766/606 1342/814/606
f 1181/705/660 1220/692/660 1281/753/660
f 1242/766/632 1181/705/632 1281/753/632
f 1121/644/628 1159/631/628 1220/692/628
f 1181/705/682 1121/644/682 1220/692/682
f 1063/583/655 1100/570/655 1159/631/655
f 1121/644/655 1063/583/655 1159/631/655
f 1007/522/1052 1043/509/1052 1100/570/1052
f 1063/583/655 1007/522/655 1100/570/655
f 952/461/1232 987/448/1232 1043/509/1232
f 1007/522/1021 952/461/1021 1043/509/1021
f 899/400/1082 933/387/1082 987/448/1082
f 952/461/1254 899/400/1254 987/448/1254
f 847/342/655 880/330/655 933/387/655
f 899/400/1070 847/342/1070 933/387/1070
f 797/288/655 829/277/655 880/330/655
f 847/342/655 797/288/655 880/330/655
f 748/239/655 779/229/655 829/277/655
f 797/288/655 748/239/655 829/277/655
f 701/194/655 731/185/655 779/229/655
f 748/239/655 701/194/655 779/229/655
f 655/154/655 684/146/655 731/185/655
f 701/194/655 655/154/655 731/185/655
f 611/119/655 639/112/655 684/146/655
f 655/154/655 611/119/655 684/146/655
f 568/88/655 595/82/655 639/112/655
f 611/119/655 568/88/655 639/112/655
f 527/62/655 553/57/655 595/82/655
f 568/88/655 527/62/655 595/82/655
f 3522/3498/655 3538/3488/655 3561/3532/655
f 3546/3541/655 3522/3498/655 3561/3532/655
f 3496/3450/655 3513/3439/655 3538/3488/655
f 3522/3498/655 3496/3450/655 3538/3488/655
f 3469/3398/655 3487/3386/655 3513/3439/655
f 3496/3450/655 3469/3398/655 3513/3439/655
f 3440/3341/655 3459/3328/655 3487/3386/655
f 3469/3398/655 3440/3341/655 3487/3386/655
f 3410/3280/655 3430/3267/655 3459/3328/655
f 3440/3341/655 3410/3280/655 3459/3328/655
f 3378/3219/655 3399/3206/655 3430/3267/655
f 3410/3280/655 3378/3219/655 3430/3267/655
f 3345/3158/1190 3367/3145/1190 3399/3206/1190
f 3378/3219/1099 3345/3158/1099 3399/3206/1099
f 3310/3097/1083 3333/3084/1083 3367/3145/1083
f 3345/3158/1172 3310/3097/1172 3367/3145/1172
f 3274/3036/655 3298/3023/655 3333/3084/655
f 3310/3097/655 3274/3036/655 3333/3084/655
f 3236/2975/655 3261/2962/655 3298/3023/655
f 3274/3036/655 3236/2975/655 3298/3023/655
f 3197/2914/655 3223/2901/655 3261/2962/655
f 3236/2975/655 3197/2914/655 3261/2962/655
f 3156/2853/679 3183/2840/679 3223/2901/679
f 3197/2914/655 3156/2853/655 3223/2901/655
f 3113/2792/705 3141/2779/705 3183/2840/705
f 3156/2853/679 3113/2792/679 3183/2840/679
f 3069/2731/751 3098/2718/751 3141/2779/751
f 3113/2792/704 3069/2731/704 3141/2779/704
f 3023/2670/814 3053/2657/814 3098/2718/814
f 3069/2731/770 3023/2670/770 3098/2718/770
f 2976/2609/922 3007/2596/922 3053/2657/922
f 3023/2670/872 2976/2609/872 3053/2657/872
f 2927/2548/980 2959/2535/980 3007/2596/980
f 2976/2609/980 2927/2548/980 3007/2596/980
f 2877/2487/979 2910/2474/979 2959/2535/979
f 2927/2548/1003 2877/2487/1003 2959/2535/1003
f 2825/2426/786 2859/2413/786 2910/2474/786
f 2877/2487/890 2825/2426/890 2910/2474/890
f 2772/2365/602 2807/2352/602 2859/2413/602
f 2825/2426/685 2772/2365/685 2859/2413/685
f 2717/2304/685 2753/2291/685 2807/2352/685
f 2772/2365/630 2717/2304/630 2807/2352/630
f 2661/2243/473 2698/2230/473 2753/2291/473
f 2717/2304/684 2661/2243/684 2753/2291/684
f 2603/2182/475 2641/2169/475 2698/2230/475
f 2661/2243/456 2603/2182/456 2698/2230/456
f 2544/2121/599 2583/2108/599 2641/2169/599
f 2603/2182/495 2544/2121/495 2641/2169/495
f 2483/2060/749 2523/2047/749 2583/2108/749
f 2544/2121/675 2483/2060/675 2583/2108/675
f 2422/1999/652 2462/1986/652 2523/2047/652
f 2483/2060/727 2422/1999/727 2523/2047/727
f 2361/1938/594 2401/1925/594 2462/1986/594
f 2422/1999/653 2361/1938/653 2462/1986/653
f 2300/1877/650 2340/1864/650 2401/1925/650
f 2361/1938/621 2300/1877/621 2401/1925/621
f 2239/1816/521 2279/1803/521 2340/1864/521
f 2300/1877/575 2239/1816/575 2340/1864/575
f 2178/1755/500 2218/1742/500 2279/1803/500
f 2239/1816/499 2178/1755/499 2279/1803/499
f 2117/1694/527 2157/1681/527 2218/1742/527
f 2178/1755/501 2117/1694/501 2218/1742/501
f 2056/1633/550 2096/1620/550 2157/1681/550
f 2117/1694/575 2056/1633/575 2157/1681/575
f 1995/1572/464 2035/1559/464 2096/1620/464
f 2056/1633/483 1995/1572/483 2096/1620/483
f 1934/1511/465 1974/1498/465 2035/1559/465
f 1995/1572/464 1934/1511/464 2035/1559/464
f 1873/1450/605 1913/1437/605 1974/1498/605
f 1934/1511/526 1873/1450/526 1974/1498/526
f 1812/1389/652 1852/1376/652 1913/1437/652
f 1873/1450/704 1812/1389/704 1913/1437/704
f 1751/1328/718 1791/1315/718 1852/1376/718
f 1812/1389/718 1751/1328/718 1852/1376/718
f 1690/1267/787 1730/1254/787 1791/1315/787
f 1751/1328/697 1690/1267/697 1791/1315/697
f 1629/1206/755 1669/1193/755 1730/1254/755
f 1690/1267/708 1629/1206/708 1730/1254/708
f 1568/1145/878 1608/1132/878 1669/1193/878
f 1629/1206/792 1568/1145/792 1669/1193/792
f 1507/1084/860 1547/1071/860 1608/1132/860
f 1568/1145/860 1507/1084/860 1608/1132/860
f 1446/1023/776 1486/1010/776 1547/1071/776
f 1507/1084/842 1446/1023/842 1547/1071/842
f 1385/962/728 1425/949/728 1486/1010/728
f 1446/1023/795 1385/962/795 1486/1010/795
f 1324/901/705 1364/888/705 1425/949/705
f 1385/962/728 1324/901/728 1425/949/728
f 1263/840/631 1303/827/631 1364/888/631
f 1324/901/659 1263/840/659 1364/888/659
f 1202/779/581 1242/766/581 1303/827/581
f 1263/840/582 1202/779/582 1303/827/582
f 1142/718/660 1181/705/660 1242/766/660
f 1202/779/630 1142/718/630 1242/766/630
f 1083/657/629 1121/644/629 1181/705/629
f 1142/718/683 1083/657/683 1181/705/683
f 1026/596/655 1063/583/655 1121/644/655
f 1083/657/655 1026/596/655 1121/644/655
f 971/535/655 1007/522/655 1063/583/655
f 1026/596/655 971/535/655 1063/583/655
f 917/474/1129 952/461/1129 1007/522/1129
f 971/535/655 917/474/655 1007/522/655
f 865/413/1241 899/400/1241 952/461/1241
f 917/474/1138 865/413/1138 952/461/1138
f 814/354/1115 847/342/1115 899/400/1115
f 865/413/1245 814/354/1245 899/400/1245
f 765/299/655 797/288/655 847/342/655
f 814/354/1105 765/299/1105 847/342/1105
f 717/249/655 748/239/655 797/288/655
f 765/299/655 717/249/655 797/288/655
f 671/203/655 701/194/655 748/239/655
f 717/249/655 671/203/655 748/239/655
f 626/162/655 655/154/655 701/194/655
f 671/203/655 626/162/655 701/194/655
f 583/126/655 611/119/655 655/154/655
f 626/162/655 583/126/655 655/154/655
f 541/94/655 568/88/655 611/119/655
f 583/126/655 541/94/655 611/119/655
f 501/67/655 527/62/655 568/88/655
f 541/94/655 501/67/655 568/88/655
f 3506/3508/655 3522/3498/655 3546/3541/655
f 3531/3550/655 3506/3508/655 3546/3541/655
f 3479/3461/655 3496/3450/655 3522/3498/655
f 3506/3508/655 3479/3461/655 3522/3498/655
f 3451/3410/655 3469/3398/655 3496/3450/655
f 3479/3461/655 3451/3410/655 3496/3450/655
f 3421/3354/655 3440/3341/655 3469/3398/655
f 3451/3410/655 3421/3354/655 3469/3398/655
f 3390/3293/655 3410/3280/655 3440/3341/655
f 3421/3354/655 3390/3293/655 3440/3341/655
f 3357/3232/655 3378/3219/655 3410/3280/655
f 3390/3293/655 3357/3232/655 3410/3280/655
f 3323/3171/1174 3345/3158/1174 3378/3219/1174
f 3357/3232/1119 3323/3171/1119 3378/3219/1119
f 3287/3110/1047 3310/3097/1047 3345/3158/1047
f 3323/3171/1118 3287/3110/1118 3345/3158/1118
f 3250/3049/655 3274/3036/655 3310/3097/655
f 3287/3110/655 3250/3049/655 3310/3097/655
f 3211/2988/655 3236/2975/655 3274/3036/655
f 3250/3049/655 3211/2988/655 3274/3036/655
f 3171/2927/655 3197/2914/655 3236/2975/655
f 3211/2988/655 3171/2927/655 3236/2975/655
f 3129/2866/679 3156/2853/679 3197/2914/679
f 3171/2927/654 3129/2866/654 3197/2914/654
f 3085/2805/727 3113/2792/727 3156/2853/727
f 3129/2866/703 3085/2805/703 3156/2853/703
f 3040/2744/792 3069/2731/792 3113/2792/792
f 3085/2805/749 3040/2744/749 3113/2792/749
f 2993/2683/891 3023/2670/891 3069/2731/891
f 3040/2744/831 2993/2683/831 3069/2731/831
f 2945/2622/967 2976/2609/967 3023/2670/967
f 2993/2683/920 2945/2622/920 3023/2670/920
f 2895/2561/980 2927/2548/980 2976/2609/980
f 2945/2622/994 2895/2561/994 2976/2609/994
f 2844/2500/951 2877/2487/951 2927/2548/951
f 2895/2561/992 2844/2500/992 2927/2548/992
f 2791/2439/768 2825/2426/768 2877/2487/768
f 2844/2500/855 2791/2439/855 2877/2487/855
f 2737/2378/632 2772/2365/632 2825/2426/632
f 2791/2439/661 2737/2378/661 2825/2426/661
f 2681/2317/709 2717/2304/709 2772/2365/709
f 2737/2378/658 2681/2317/658 2772/2365/658
f 2624/2256/502 2661/2243/502 2717/2304/502
f 2681/2317/663 2624/2256/663 2717/2304/663
f 2565/2195/550 2603/2182/550 2661/2243/550
f 2624/2256/549 2565/2195/549 2661/2243/549
f 2505/2134/678 2544/2121/678 2603/2182/678
f 2565/2195/594 2505/2134/594 2603/2182/594
f 2444/2073/769 2483/2060/769 2544/2121/769
f 2505/2134/722 2444/2073/722 2544/2121/722
f 2383/2012/704 2422/1999/704 2483/2060/704
f 2444/2073/751 2383/2012/751 2483/2060/751
f 2322/1951/703 2361/1938/703 2422/1999/703
f 2383/2012/726 2322/1951/726 2422/1999/726
f 2261/1890/745 2300/1877/745 2361/1938/745
f 2322/1951/722 2261/1890/722 2361/1938/722
f 2200/1829/628 2239/1816/628 2300/1877/628
f 2261/1890/658 2200/1829/658 2300/1877/658
f 2139/1768/601 2178/1755/601 2239/1816/601
f 2200/1829/601 2139/1768/601 2239/1816/601
f 2078/1707/578 2117/1694/578 2178/1755/578
f 2139/1768/578 2078/1707/578 2178/1755/578
f 2017/1646/575 2056/1633/575 2117/1694/575
f 2078/1707/600 2017/1646/600 2117/1694/600
f 1956/1585/483 1995/1572/483 2056/1633/483
f 2017/1646/484 1956/1585/484 2056/1633/484
f 1895/1524/484 1934/1511/484 1995/1572/484
f 1956/1585/484 1895/1524/484 1995/1572/484
f 1834/1463/631 1873/1450/631 1934/1511/631
f 1895/1524/552 1834/1463/552 1934/1511/552
f 1773/1402/654 1812/1389/654 1873/1450/654
f 1834/1463/679 1773/1402/679 1873/1450/679
f 1712/1341/719 1751/1328/719 1812/1389/719
f 1773/1402/719 1712/1341/719 1812/1389/719
f 1651/1280/719 1690/1267/719 1751/1328/719
f 1712/1341/719 1651/1280/719 1751/1328/719
f 1590/1219/682 1629/1206/682 1690/1267/682
f 1651/1280/628 1590/1219/628 1690/1267/628
f 1529/1158/814 1568/1145/814 1629/1206/814
f 1590/1219/747 1529/1158/747 1629/1206/747
f 1468/1097/817 1507/1084/817 1568/1145/817
f 1529/1158/795 1468/1097/795 1568/1145/795
f 1407/1036/733 1446/1023/733 1507/1084/733
f 1468/1097/779 1407/1036/779 1507/1084/779
f 1346/975/706 1385/962/706 1446/1023/706
f 1407/1036/754 1346/975/754 1446/1023/754
f 1285/914/656 1324/901/656 1385/962/656
f 1346/975/707 1285/914/707 1385/962/707
f 1224/853/602 1263/840/602 1324/901/602
f 1285/914/603 1224/853/603 1324/901/603
f 1163/792/557 1202/779/557 1263/840/557
f 1224/853/557 1163/792/557 1263/840/557
f 1104/731/659 1142/718/659 1202/779/659
f 1163/792/629 1104/731/629 1202/779/629
f 1046/670/658 1083/657/658 1142/718/658
f 1104/731/659 1046/670/659 1142/718/659
f 990/609/655 1026/596/655 1083/657/655
f 1046/670/681 990/609/681 1083/657/681
f 936/548/655 971/535/655 1026/596/655
f 990/609/655 936/548/655 1026/596/655
f 883/487/655 917/474/655 971/535/655
f 936/548/655 883/487/655 971/535/655
f 832/426/1110 865/413/1110 917/474/1110
f 883/487/655 832/426/655 917/474/655
f 782/366/1185 814/354/1185 865/413/1185
f 832/426/1095 782/366/1095 865/413/1095
f 734/310/316 765/299/316 814/354/316
f 782/366/1177 734/310/1177 814/354/1177
f 687/259/655 717/249/655 765/299/655
f 734/310/776 687/259/776 765/299/776
f 642/212/655 671/203/655 717/249/655
f 687/259/655 642/212/655 717/249/655
f 598/170/655 626/162/655 671/203/655
f 642/212/655 598/170/655 671/203/655
f 556/133/655 583/126/655 626/162/655
f 598/170/655 556/133/655 626/162/655
f 515/100/655 541/94/655 583/126/655
f 556/133/655 515/100/655 583/126/655
f 476/72/655 501/67/655 541/94/655
f 515/100/655 476/72/655 541/94/655
f 3489/3518/655 3506/3508/655 3531/3550/655
f 3515/3559/655 3489/3518/655 3531/3550/655
f 3461/3472/655 3479/3461/655 3506/3508/655
f 3489/3518/655 3461/3472/655 3506/3508/655
f 3432/3422/655 3451/3410/655 3479/3461/655
f 3461/3472/655 3432/3422/655 3479/3461/655
f 3401/3367/655 3421/3354/655 3451/3410/655
f 3432/3422/655 3401/3367/655 3451/3410/655
f 3369/3307/655 3390/3293/655 3421/3354/655
f 3401/3367/655 3369/3307/655 3421/3354/655
f 3335/3246/1085 3357/3232/1085 3390/3293/1085
f 3369/3307/932 3335/3246/932 3390/3293/932
f 3300/3185/1158 3323/3171/1158 3357/3232/1158
f 3335/3246/1167 3300/3185/1167 3357/3232/1167
f 3263/3124/977 3287/3110/977 3323/3171/977
f 3300/3185/1072 3263/3124/1072 3323/3171/1072
f 3225/3063/655 3250/3049/655 3287/3110/655
f 3263/3124/655 3225/3063/655 3287/3110/655
f 3185/3002/655 3211/2988/655 3250/3049/655
f 3225/3063/655 3185/3002/655 3250/3049/655
f 3144/2941/655 3171/2927/655 3211/2988/655
f 3185/3002/655 3144/2941/655 3211/2988/655
f 3101/2880/679 3129/2866/679 3171/2927/679
f 3144/2941/678 3101/2880/678 3171/2927/678
f 3056/2819/771 3085/2805/771 3129/2866/771
f 3101/2880/702 3056/2819/702 3129/2866/702
f 3010/2758/834 3040/2744/834 3085/2805/834
f 3056/2819/769 3010/2758/769 3085/2805/769
f 2962/2697/907 2993/2683/907 3040/2744/907
f 3010/2758/872 2962/2697/872 3040/2744/872
f 2913/2636/966 2945/2622/966 2993/2683/966
f 2962/2697/937 2913/2636/937 2993/2683/937
f 2862/2575/994 2895/2561/994 2945/2622/994
f 2913/2636/993 2862/2575/993 2945/2622/993
f 2810/2514/952 2844/2500/952 2895/2561/952
f 2862/2575/994 2810/2514/994 2895/2561/994
f 2756/2453/771 2791/2439/771 2844/2500/771
f 2810/2514/837 2756/2453/837 2844/2500/837
f 2701/2392/661 2737/2378/661 2791/2439/661
f 2756/2453/687 2701/2392/687 2791/2439/687
f 2644/2331/658 2681/2317/658 2737/2378/658
f 2701/2392/708 2644/2331/708 2737/2378/708
f 2586/2270/634 2624/2256/634 2681/2317/634
f 2644/2331/606 2586/2270/606 2681/2317/606
f 2526/2209/655 2565/2195/655 2624/2256/655
f 2586/2270/706 2526/2209/706 2624/2256/706
f 2465/2148/676 2505/2134/676 2565/2195/676
f 2526/2209/702 2465/2148/702 2565/2195/702
f 2404/2087/721 2444/2073/721 2505/2134/721
f 2465/2148/698 2404/2087/698 2505/2134/698
f 2343/2026/727 2383/2012/727 2444/2073/727
f 2404/2087/677 2343/2026/677 2444/2073/677
f 2282/1965/750 2322/1951/750 2383/2012/750
f 2343/2026/749 2282/1965/749 2383/2012/749
f 2221/1904/767 2261/1890/767 2322/1951/767
f 2282/1965/788 2221/1904/788 2322/1951/788
f 2160/1843/754 2200/1829/754 2261/1890/754
f 2221/1904/706 2160/1843/706 2261/1890/706
f 2099/1782/731 2139/1768/731 2200/1829/731
f 2160/1843/755 2099/1782/755 2200/1829/755
f 2038/1721/603 2078/1707/603 2139/1768/603
f 2099/1782/686 2038/1721/686 2139/1768/686
f 1977/1660/628 2017/1646/628 2078/1707/628
f 2038/1721/657 1977/1660/657 2078/1707/657
f 1916/1599/506 1956/1585/506 2017/1646/506
f 1977/1660/559 1916/1599/559 2017/1646/559
f 1855/1538/506 1895/1524/506 1956/1585/506
f 1916/1599/507 1855/1538/507 1956/1585/507
f 1794/1477/577 1834/1463/577 1895/1524/577
f 1855/1538/576 1794/1477/576 1895/1524/576
f 1733/1416/654 1773/1402/654 1834/1463/654
f 1794/1477/625 1733/1416/625 1834/1463/625
f 1672/1355/742 1712/1341/742 1773/1402/742
f 1733/1416/742 1672/1355/742 1773/1402/742
f 1611/1294/743 1651/1280/743 1712/1341/743
f 1672/1355/743 1611/1294/743 1712/1341/743
f 1550/1233/657 1590/1219/657 1651/1280/657
f 1611/1294/628 1550/1233/628 1651/1280/628
f 1489/1172/769 1529/1158/769 1590/1219/769
f 1550/1233/723 1489/1172/723 1590/1219/723
f 1428/1111/775 1468/1097/775 1529/1158/775
f 1489/1172/728 1428/1111/728 1529/1158/728
f 1367/1050/712 1407/1036/712 1468/1097/712
f 1428/1111/735 1367/1050/735 1468/1097/735
f 1306/989/682 1346/975/682 1407/1036/682
f 1367/1050/731 1306/989/731 1407/1036/731
f 1245/928/628 1285/914/628 1346/975/628
f 1306/989/683 1245/928/683 1346/975/683
f 1184/867/554 1224/853/554 1285/914/554
f 1245/928/579 1184/867/579 1285/914/579
f 1124/806/581 1163/792/581 1224/853/581
f 1184/867/528 1124/806/528 1224/853/528
f 1066/745/658 1104/731/658 1163/792/658
f 1124/806/629 1066/745/629 1163/792/629
f 1009/684/683 1046/670/683 1104/731/683
f 1066/745/658 1009/684/658 1104/731/658
f 954/623/656 990/609/656 1046/670/656
f 1009/684/707 954/623/707 1046/670/707
f 901/562/655 936/548/655 990/609/655
f 954/623/655 901/562/655 990/609/655
f 849/501/655 883/487/655 936/548/655
f 901/562/655 849/501/655 936/548/655
f 799/440/655 832/426/655 883/487/655
f 849/501/655 799/440/655 883/487/655
f 750/379/1147 782/366/1147 832/426/1147
f 799/440/579 750/379/579 832/426/579
f 703/322/263 734/310/263 782/366/263
f 750/379/1080 703/322/1080 782/366/1080
f 657/270/629 687/259/629 734/310/629
f 703/322/1036 657/270/1036 734/310/1036
f 613/222/655 642/212/655 687/259/655
f 657/270/655 613/222/655 687/259/655
f 570/179/655 598/170/655 642/212/655
f 613/222/655 570/179/655 642/212/655
f 529/141/655 556/133/655 598/170/655
f 570/179/655 529/141/655 598/170/655
f 489/107/655 515/100/655 556/133/655
f 529/141/655 489/107/655 556/133/655
f 451/78/655 476/72/655 515/100/655
f 489/107/655 451/78/655 515/100/655
f 3471/3527/655 3489/3518/655 3515/3559/655
f 3498/3567/655 3471/3527/655 3515/3559/655
f 3442/3482/655 3461/3472/655 3489/3518/655
f 3471/3527/655 3442/3482/655 3489/3518/655
f 3412/3433/655 3432/3422/655 3461/3472/655
f 3442/3482/655 3412/3433/655 3461/3472/655
f 3380/3379/655 3401/3367/655 3432/3422/655
f 3412/3433/655 3380/3379/655 3432/3422/655
f 3347/3320/655 3369/3307/655 3401/3367/655
f 3380/3379/655 3347/3320/655 3401/3367/655
f 3312/3259/1191 3335/3246/1191 3369/3307/1191
f 3347/3320/1068 3312/3259/1068 3369/3307/1068
f 3276/3198/1137 3300/3185/1137 3335/3246/1137
f 3312/3259/1223 3276/3198/1223 3335/3246/1223
f 3238/3137/803 3263/3124/803 3300/3185/803
f 3276/3198/1028 3238/3137/1028 3300/3185/1028
f 3199/3076/655 3225/3063/655 3263/3124/655
f 3238/3137/655 3199/3076/655 3263/3124/655
f 3158/3015/655 3185/3002/655 3225/3063/655
f 3199/3076/655 3158/3015/655 3225/3063/655
f 3116/2954/655 3144/2941/655 3185/3002/655
f 3158/3015/655 3116/2954/655 3185/3002/655
f 3072/2893/679 3101/2880/679 3144/2941/679
f 3116/2954/678 3072/2893/678 3144/2941/678
f 3026/2832/770 3056/2819/770 3101/2880/770
f 3072/2893/723 3026/2832/723 3101/2880/723
f 2979/2771/873 3010/2758/873 3056/2819/873
f 3026/2832/809 2979/2771/809 3056/2819/809
f 2930/2710/888 2962/2697/888 3010/2758/888
f 2979/2771/889 2930/2710/889 3010/2758/889
f 2880/2649/937 2913/2636/937 2962/2697/937
f 2930/2710/903 2880/2649/903 2962/2697/903
f 2828/2588/994 2862/2575/994 2913/2636/994
f 2880/2649/965 2828/2588/965 2913/2636/965
f 2775/2527/902 2810/2514/902 2862/2575/902
f 2828/2588/981 2775/2527/981 2862/2575/981
f 2720/2466/752 2756/2453/752 2810/2514/752
f 2775/2527/795 2720/2466/795 2810/2514/795
f 2664/2405/662 2701/2392/662 2756/2453/662
f 2720/2466/687 2664/2405/687 2756/2453/687
f 2606/2344/576 2644/2331/576 2701/2392/576
f 2664/2405/685 2606/2344/685 2701/2392/685
f 2547/2283/713 2586/2270/713 2644/2331/713
f 2606/2344/553 2547/2283/553 2644/2331/553
f 2486/2222/681 2526/2209/681 2586/2270/681
f 2547/2283/754 2486/2222/754 2586/2270/754
f 2425/2161/623 2465/2148/623 2526/2209/623
f 2486/2222/704 2425/2161/704 2526/2209/704
f 2364/2100/648 2404/2087/648 2465/2148/648
f 2425/2161/649 2364/2100/649 2465/2148/649
f 2303/2039/749 2343/2026/749 2404/2087/749
f 2364/2100/621 2303/2039/621 2404/2087/621
f 2242/1978/771 2282/1965/771 2343/2026/771
f 2303/2039/749 2242/1978/749 2343/2026/749
f 2181/1917/700 2221/1904/700 2282/1965/700
f 2242/1978/790 2181/1917/790 2282/1965/790
f 2120/1856/838 2160/1843/838 2221/1904/838
f 2181/1917/676 2120/1856/676 2221/1904/676
f 2059/1795/777 2099/1782/777 2160/1843/777
f 2120/1856/798 2059/1795/798 2160/1843/798
f 1998/1734/604 2038/1721/604 2099/1782/604
f 2059/1795/737 1998/1734/737 2099/1782/737
f 1937/1673/707 1977/1660/707 2038/1721/707
f 1998/1734/656 1937/1673/656 2038/1721/656
f 1876/1612/531 1916/1599/531 1977/1660/531
f 1937/1673/586 1876/1612/586 1977/1660/586
f 1815/1551/484 1855/1538/484 1916/1599/484
f 1876/1612/508 1815/1551/508 1916/1599/508
f 1754/1490/601 1794/1477/601 1855/1538/601
f 1815/1551/551 1754/1490/551 1855/1538/551
f 1693/1429/679 1733/1416/679 1794/1477/679
f 1754/1490/653 1693/1429/653 1794/1477/653
f 1632/1368/763 1672/1355/763 1733/1416/763
f 1693/1429/764 1632/1368/764 1733/1416/764
f 1571/1307/697 1611/1294/697 1672/1355/697
f 1632/1368/744 1571/1307/744 1672/1355/744
f 1510/1246/656 1550/1233/656 1611/1294/656
f 1571/1307/598 1510/1246/598 1611/1294/598
f 1449/1185/768 1489/1172/768 1550/1233/768
f 1510/1246/722 1449/1185/722 1550/1233/722
f 1388/1124/794 1428/1111/794 1489/1172/794
f 1449/1185/726 1388/1124/726 1489/1172/726
f 1327/1063/758 1367/1050/758 1428/1111/758
f 1388/1124/735 1327/1063/735 1428/1111/735
f 1266/1002/755 1306/989/755 1367/1050/755
f 1327/1063/777 1266/1002/777 1367/1050/777
f 1205/941/629 1245/928/629 1306/989/629
f 1266/1002/733 1205/941/733 1306/989/733
f 1145/880/502 1184/867/502 1245/928/502
f 1205/941/581 1145/880/581 1245/928/581
f 1086/819/605 1124/806/605 1184/867/605
f 1145/880/502 1086/819/502 1184/867/502
f 1029/758/658 1066/745/658 1124/806/658
f 1086/819/657 1029/758/657 1124/806/657
f 973/697/708 1009/684/708 1066/745/708
f 1029/758/657 973/697/657 1066/745/657
f 919/636/682 954/623/682 1009/684/682
f 973/697/707 919/636/707 1009/684/707
f 867/575/655 901/562/655 954/623/655
f 919/636/706 867/575/706 954/623/706
f 816/514/655 849/501/655 901/562/655
f 867/575/655 816/514/655 901/562/655
f 767/453/655 799/440/655 849/501/655
f 816/514/655 767/453/655 849/501/655
f 719/392/863 750/379/863 799/440/863
f 767/453/655 719/392/655 799/440/655
f 673/334/232 703/322/232 750/379/232
f 719/392/200 673/334/200 750/379/200
f 628/281/448 657/270/448 703/322/448
f 673/334/1032 628/281/1032 703/322/1032
f 585/232/655 613/222/655 657/270/655
f 628/281/655 585/232/655 657/270/655
f 543/188/655 570/179/655 613/222/655
f 585/232/655 543/188/655 613/222/655
f 503/149/655 529/141/655 570/179/655
f 543/188/655 503/149/655 570/179/655
f 464/114/655 489/107/655 529/141/655
f 503/149/655 464/114/655 529/141/655
f 427/84/655 451/78/655 489/107/655
f 464/114/655 427/84/655 489/107/655
f 3453/3536/655 3471/3527/655 3498/3567/655
f 3481/3575/655 3453/3536/655 3498/3567/655
f 3423/3492/655 3442/3482/655 3471/3527/655
f 3453/3536/655 3423/3492/655 3471/3527/655
f 3392/3444/655 3412/3433/655 3442/3482/655
f 3423/3492/655 3392/3444/655 3442/3482/655
f 3359/3391/655 3380/3379/655 3412/3433/655
f 3392/3444/655 3359/3391/655 3412/3433/655
f 3325/3333/1145 3347/3320/1145 3380/3379/1145
f 3359/3391/1039 3325/3333/1039 3380/3379/1039
f 3289/3272/1210 3312/3259/1210 3347/3320/1210
f 3325/3333/1192 3289/3272/1192 3347/3320/1192
f 3252/3211/1092 3276/3198/1092 3312/3259/1092
f 3289/3272/1197 3252/3211/1197 3312/3259/1197
f 3213/3150/700 3238/3137/700 3276/3198/700
f 3252/3211/856 3213/3150/856 3276/3198/856
f 3173/3089/655 3199/3076/655 3238/3137/655
f 3213/3150/655 3173/3089/655 3238/3137/655
f 3131/3028/655 3158/3015/655 3199/3076/655
f 3173/3089/655 3131/3028/655 3199/3076/655
f 3088/2967/655 3116/2954/655 3158/3015/655
f 3131/3028/655 3088/2967/655 3158/3015/655
f 3043/2906/678 3072/2893/678 3116/2954/678
f 3088/2967/677 3043/2906/677 3116/2954/677
f 2996/2845/789 3026/2832/789 3072/2893/789
f 3043/2906/745 2996/2845/745 3072/2893/745
f 2948/2784/906 2979/2771/906 3026/2832/906
f 2996/2845/829 2948/2784/829 3026/2832/829
f 2898/2723/830 2930/2710/830 2979/2771/830
f 2948/2784/890 2898/2723/890 2979/2771/890
f 2847/2662/903 2880/2649/903 2930/2710/903
f 2898/2723/868 2847/2662/868 2930/2710/868
f 2794/2601/965 2828/2588/965 2880/2649/965
f 2847/2662/934 2794/2601/934 2880/2649/934
f 2740/2540/828 2775/2527/828 2828/2588/828
f 2794/2601/906 2740/2540/906 2828/2588/906
f 2684/2479/707 2720/2466/707 2775/2527/707
f 2740/2540/730 2684/2479/730 2775/2527/730
f 2627/2418/662 2664/2405/662 2720/2466/662
f 2684/2479/662 2627/2418/662 2720/2466/662
f 2568/2357/554 2606/2344/554 2664/2405/554
f 2627/2418/635 2568/2357/635 2664/2405/635
f 2508/2296/756 2547/2283/756 2606/2344/756
f 2568/2357/599 2508/2296/599 2606/2344/599
f 2447/2235/683 2486/2222/683 2547/2283/683
f 2508/2296/756 2447/2235/756 2547/2283/756
f 2386/2174/625 2425/2161/625 2486/2222/625
f 2447/2235/706 2386/2174/706 2486/2222/706
f 2325/2113/649 2364/2100/649 2425/2161/649
f 2386/2174/674 2325/2113/674 2425/2161/674
f 2264/2052/788 2303/2039/788 2364/2100/788
f 2325/2113/671 2264/2052/671 2364/2100/671
f 2203/1991/770 2242/1978/770 2303/2039/770
f 2264/2052/770 2203/1991/770 2303/2039/770
f 2142/1930/652 2181/1917/652 2242/1978/652
f 2203/1991/751 2142/1930/751 2242/1978/751
f 2081/1869/854 2120/1856/854 2181/1917/854
f 2142/1930/697 2081/1869/697 2181/1917/697
f 2020/1808/777 2059/1795/777 2120/1856/777
f 2081/1869/798 2020/1808/798 2120/1856/798
f 1959/1747/558 1998/1734/558 2059/1795/558
f 2020/1808/690 1959/1747/690 2059/1795/690
f 1898/1686/706 1937/1673/706 1998/1734/706
f 1959/1747/655 1898/1686/655 1998/1734/655
f 1837/1625/509 1876/1612/509 1937/1673/509
f 1898/1686/587 1837/1625/587 1937/1673/587
f 1776/1564/466 1815/1551/466 1876/1612/466
f 1837/1625/509 1776/1564/509 1876/1612/509
f 1715/1503/628 1754/1490/628 1815/1551/628
f 1776/1564/574 1715/1503/574 1815/1551/574
f 1654/1442/726 1693/1429/726 1754/1490/726
f 1715/1503/677 1654/1442/677 1754/1490/677
f 1593/1381/784 1632/1368/784 1693/1429/784
f 1654/1442/784 1593/1381/784 1693/1429/784
f 1532/1320/698 1571/1307/698 1632/1368/698
f 1593/1381/746 1532/1320/746 1632/1368/746
f 1471/1259/705 1510/1246/705 1571/1307/705
f 1532/1320/653 1471/1259/653 1571/1307/653
f 1410/1198/809 1449/1185/809 1510/1246/809
f 1471/1259/766 1410/1198/766 1510/1246/766
f 1349/1137/813 1388/1124/813 1449/1185/813
f 1410/1198/771 1349/1137/771 1449/1185/771
f 1288/1076/779 1327/1063/779 1388/1124/779
f 1349/1137/757 1288/1076/757 1388/1124/757
f 1227/1015/733 1266/1002/733 1327/1063/733
f 1288/1076/779 1227/1015/779 1327/1063/779
f 1166/954/603 1205/941/603 1266/1002/603
f 1227/1015/713 1166/954/713 1266/1002/713
f 1107/893/482 1145/880/482 1205/941/482
f 1166/954/558 1107/893/558 1205/941/558
f 1049/832/603 1086/819/603 1145/880/603
f 1107/893/524 1049/832/524 1145/880/524
f 993/771/657 1029/758/657 1086/819/657
f 1049/832/629 993/771/629 1086/819/629
f 938/710/682 973/697/682 1029/758/682
f 993/771/656 938/710/656 1029/758/656
f 885/649/730 919/636/730 973/697/730
f 938/710/681 885/649/681 973/697/681
f 834/588/681 867/575/681 919/636/681
f 885/649/730 834/588/730 919/636/730
f 784/527/655 816/514/655 867/575/655
f 834/588/680 784/527/680 867/575/680
f 736/466/655 767/453/655 816/514/655
f 784/527/655 736/466/655 816/514/655
f 689/405/655 719/392/655 767/453/655
f 736/466/655 689/405/655 767/453/655
f 644/346/234 673/334/234 719/392/234
f 689/405/196 644/346/196 719/392/196
f 600/292/320 628/281/320 673/334/320
f 644/346/899 600/292/899 673/334/899
f 558/242/655 585/232/655 628/281/655
f 600/292/655 558/242/655 628/281/655
f 517/197/655 543/188/655 585/232/655
f 558/242/655 517/197/655 585/232/655
f 478/157/655 503/149/655 543/188/655
f 517/197/655 478/157/655 543/188/655
f 440/121/655 464/114/655 503/149/655
f 478/157/655 440/121/655 503/149/655
f 404/90/655 427/84/655 464/114/655
f 440/121/655 404/90/655 464/114/655
f 3434/3545/655 3453/3536/655 3481/3575/655
f 3463/3583/655 3434/3545/655 3481/3575/655
f 3403/3502/655 3423/3492/655 3453/3536/655
f 3434/3545/655 3403/3502/655 3453/3536/655
f 3371/3455/655 3392/3444/655 3423/3492/655
f 3403/3502/655 3371/3455/655 3423/3492/655
f 3337/3403/1056 3359/3391/1056 3392/3444/1056
f 3371/3455/864 3337/3403/864 3392/3444/864
f 3302/3346/1231 3325/3333/1231 3359/3391/1231
f 3337/3403/1128 3302/3346/1128 3359/3391/1128
f 3265/3285/1173 3289/3272/1173 3325/3333/1173
f 3302/3346/1236 3265/3285/1236 3325/3333/1236
f 3227/3224/1046 3252/3211/1046 3289/3272/1046
f 3265/3285/1130 3227/3224/1130 3289/3272/1130
f 3187/3163/678 3213/3150/678 3252/3211/678
f 3227/3224/705 3187/3163/705 3252/3211/705
f 3146/3102/655 3173/3089/655 3213/3150/655
f 3187/3163/655 3146/3102/655 3213/3150/655
f 3103/3041/655 3131/3028/655 3173/3089/655
f 3146/3102/655 3103/3041/655 3173/3089/655
f 3059/2980/655 3088/2967/655 3131/3028/655
f 3103/3041/655 3059/2980/655 3131/3028/655
f 3013/2919/703 3043/2906/703 3088/2967/703
f 3059/2980/677 3013/2919/677 3088/2967/677
f 2965/2858/787 2996/2845/787 3043/2906/787
f 3013/2919/743 2965/2858/743 3043/2906/743
f 2916/2797/887 2948/2784/887 2996/2845/887
f 2965/2858/827 2916/2797/827 2996/2845/827
f 2865/2736/769 2898/2723/769 2948/2784/769
f 2916/2797/834 2865/2736/834 2948/2784/834
f 2813/2675/826 2847/2662/826 2898/2723/826
f 2865/2736/846 2813/2675/846 2898/2723/846
f 2759/2614/866 2794/2601/866 2847/2662/866
f 2813/2675/865 2759/2614/865 2847/2662/865
f 2704/2553/721 2740/2540/721 2794/2601/721
f 2759/2614/789 2704/2553/789 2794/2601/789
f 2647/2492/657 2684/2479/657 2740/2540/657
f 2704/2553/629 2647/2492/629 2740/2540/629
f 2589/2431/634 2627/2418/634 2684/2479/634
f 2647/2492/604 2589/2431/604 2684/2479/604
f 2529/2370/606 2568/2357/606 2627/2418/606
f 2589/2431/635 2529/2370/635 2627/2418/635
f 2468/2309/752 2508/2296/752 2568/2357/752
f 2529/2370/704 2468/2309/704 2568/2357/704
f 2407/2248/684 2447/2235/684 2508/2296/684
f 2468/2309/711 2407/2248/711 2508/2296/711
f 2346/2187/656 2386/2174/656 2447/2235/656
f 2407/2248/707 2346/2187/707 2447/2235/707
f 2285/2126/722 2325/2113/722 2386/2174/722
f 2346/2187/722 2285/2126/722 2386/2174/722
f 2224/2065/829 2264/2052/829 2325/2113/829
f 2285/2126/763 2224/2065/763 2325/2113/763
f 2163/2004/770 2203/1991/770 2264/2052/770
f 2224/2065/790 2163/2004/790 2264/2052/790
f 2102/1943/680 2142/1930/680 2203/1991/680
f 2163/2004/752 2102/1943/752 2203/1991/752
f 2041/1882/850 2081/1869/850 2142/1930/850
f 2102/1943/783 2041/1882/783 2142/1930/783
f 1980/1821/710 2020/1808/710 2081/1869/710
f 2041/1882/733 1980/1821/733 2081/1869/733
f 1919/1760/510 1959/1747/510 2020/1808/510
f 1980/1821/588 1919/1760/588 2020/1808/588
f 1858/1699/679 1898/1686/679 1959/1747/679
f 1919/1760/655 1858/1699/655 1959/1747/655
f 1797/1638/510 1837/1625/510 1898/1686/510
f 1858/1699/534 1797/1638/534 1898/1686/534
f 1736/1577/532 1776/1564/532 1837/1625/532
f 1797/1638/532 1736/1577/532 1837/1625/532
f 1675/1516/680 1715/1503/680 1776/1564/680
f 1736/1577/655 1675/1516/655 1776/1564/655
f 1614/1455/748 1654/1442/748 1715/1503/748
f 1675/1516/724 1614/1455/724 1715/1503/724
f 1553/1394/828 1593/1381/828 1654/1442/828
f 1614/1455/806 1553/1394/806 1654/1442/806
f 1492/1333/767 1532/1320/767 1593/1381/767
f 1553/1394/788 1492/1333/788 1593/1381/788
f 1431/1272/771 1471/1259/771 1532/1320/771
f 1492/1333/749 1431/1272/749 1532/1320/749
f 1370/1211/830 1410/1198/830 1471/1259/830
f 1431/1272/808 1370/1211/808 1471/1259/808
f 1309/1150/791 1349/1137/791 1410/1198/791
f 1370/1211/791 1309/1150/791 1410/1198/791
f 1248/1089/734 1288/1076/734 1349/1137/734
f 1309/1150/733 1248/1089/733 1349/1137/733
f 1187/1028/685 1227/1015/685 1288/1076/685
f 1248/1089/735 1187/1028/735 1288/1076/735
f 1127/967/557 1166/954/557 1227/1015/557
f 1187/1028/637 1127/967/637 1227/1015/637
f 1069/906/506 1107/893/506 1166/954/506
f 1127/967/531 1069/906/531 1166/954/531
f 1012/845/601 1049/832/601 1107/893/601
f 1069/906/575 1012/845/575 1107/893/575
f 957/784/629 993/771/629 1049/832/629
f 1012/845/628 957/784/628 1049/832/628
f 903/723/681 938/710/681 993/771/681
f 957/784/656 903/723/656 993/771/656
f 851/662/729 885/649/729 938/710/729
f 903/723/680 851/662/680 938/710/680
f 801/601/707 834/588/707 885/649/707
f 851/662/708 801/601/708 885/649/708
f 752/540/656 784/527/656 834/588/656
f 801/601/707 752/540/707 834/588/707
f 705/479/655 736/466/655 784/527/655
f 752/540/655 705/479/655 784/527/655
f 659/418/655 689/405/655 736/466/655
f 705/479/655 659/418/655 736/466/655
f 615/358/233 644/346/233 689/405/233
f 659/418/202 615/358/202 689/405/202
f 572/303/298 600/292/298 644/346/298
f 615/358/536 572/303/536 644/346/536
f 531/252/655 558/242/655 600/292/655
f 572/303/655 531/252/655 600/292/655
f 491/206/655 517/197/655 558/242/655
f 531/252/655 491/206/655 558/242/655
f 453/165/655 478/157/655 517/197/655
f 491/206/655 453/165/655 517/197/655
f 416/128/655 440/121/655 478/157/655
f 453/165/655 416/128/655 478/157/655
f 381/96/655 404/90/655 440/121/655
f 416/128/655 381/96/655 440/121/655
f 3414/3554/655 3434/3545/655 3463/3583/655
f 3444/3591/655 3414/3554/655 3463/3583/655
f 3382/3512/655 3403/3502/655 3434/3545/655
f 3414/3554/655 3382/3512/655 3434/3545/655
f 3349/3466/655 3371/3455/655 3403/3502/655
f 3382/3512/655 3349/3466/655 3403/3502/655
f 3314/3415/1195 3337/3403/1195 3371/3455/1195
f 3349/3466/1064 3314/3415/1064 3371/3455/1064
f 3278/3359/1207 3302/3346/1207 3337/3403/1207
f 3314/3415/1225 3278/3359/1225 3337/3403/1225
f 3240/3299/1089 3265/3285/1089 3302/3346/1089
f 3278/3359/1163 3240/3299/1163 3302/3346/1163
f 3201/3238/864 3227/3224/864 3265/3285/864
f 3240/3299/1051 3201/3238/1051 3265/3285/1051
f 3160/3177/655 3187/3163/655 3227/3224/655
f 3201/3238/655 3160/3177/655 3227/3224/655
f 3118/3116/655 3146/3102/655 3187/3163/655
f 3160/3177/655 3118/3116/655 3187/3163/655
f 3074/3055/655 3103/3041/655 3146/3102/655
f 3118/3116/655 3074/3055/655 3146/3102/655
f 3029/2994/655 3059/2980/655 3103/3041/655
f 3074/3055/655 3029/2994/655 3103/3041/655
f 2982/2933/703 3013/2919/703 3059/2980/703
f 3029/2994/677 2982/2933/677 3059/2980/677
f 2933/2872/786 2965/2858/786 3013/2919/786
f 2982/2933/764 2933/2872/764 3013/2919/764
f 2883/2811/827 2916/2797/827 2965/2858/827
f 2933/2872/826 2883/2811/826 2965/2858/826
f 2831/2750/703 2865/2736/703 2916/2797/703
f 2883/2811/751 2831/2750/751 2916/2797/751
f 2778/2689/740 2813/2675/740 2865/2736/740
f 2831/2750/783 2778/2689/783 2865/2736/783
f 2723/2628/739 2759/2614/739 2813/2675/739
f 2778/2689/761 2723/2628/761 2813/2675/761
f 2667/2567/650 2704/2553/650 2759/2614/650
f 2723/2628/650 2667/2567/650 2759/2614/650
f 2609/2506/600 2647/2492/600 2704/2553/600
f 2667/2567/575 2609/2506/575 2704/2553/575
f 2550/2445/633 2589/2431/633 2647/2492/633
f 2609/2506/554 2550/2445/554 2647/2492/554
f 2489/2384/714 2529/2370/714 2589/2431/714
f 2550/2445/633 2489/2384/633 2589/2431/633
f 2428/2323/751 2468/2309/751 2529/2370/751
f 2489/2384/773 2428/2323/773 2529/2370/773
f 2367/2262/660 2407/2248/660 2468/2309/660
f 2428/2323/686 2367/2262/686 2468/2309/686
f 2306/2201/657 2346/2187/657 2407/2248/657
f 2367/2262/682 2306/2201/682 2407/2248/682
f 2245/2140/788 2285/2126/788 2346/2187/788
f 2306/2201/744 2245/2140/744 2346/2187/744
f 2184/2079/869 2224/2065/869 2285/2126/869
f 2245/2140/847 2184/2079/847 2285/2126/847
f 2123/2018/790 2163/2004/790 2224/2065/790
f 2184/2079/812 2123/2018/812 2224/2065/812
f 2062/1957/706 2102/1943/706 2163/2004/706
f 2123/2018/730 2062/1957/730 2163/2004/730
f 2001/1896/741 2041/1882/741 2102/1943/741
f 2062/1957/785 2001/1896/785 2102/1943/785
f 1940/1835/579 1980/1821/579 2041/1882/579
f 2001/1896/579 1940/1835/579 2041/1882/579
f 1879/1774/488 1919/1760/488 1980/1821/488
f 1940/1835/488 1879/1774/488 1980/1821/488
f 1818/1713/597 1858/1699/597 1919/1760/597
f 1879/1774/655 1818/1713/655 1919/1760/655
f 1757/1652/534 1797/1638/534 1858/1699/534
f 1818/1713/486 1757/1652/486 1858/1699/486
f 1696/1591/638 1736/1577/638 1797/1638/638
f 1757/1652/584 1696/1591/584 1797/1638/584
f 1635/1530/727 1675/1516/727 1736/1577/727
f 1696/1591/752 1635/1530/752 1736/1577/752
f 1574/1469/811 1614/1455/811 1675/1516/811
f 1635/1530/768 1574/1469/768 1675/1516/768
f 1513/1408/869 1553/1394/869 1614/1455/869
f 1574/1469/848 1513/1408/848 1614/1455/848
f 1452/1347/831 1492/1333/831 1553/1394/831
f 1513/1408/832 1452/1347/832 1553/1394/832
f 1391/1286/791 1431/1272/791 1492/1333/791
f 1452/1347/791 1391/1286/791 1492/1333/791
f 1330/1225/786 1370/1211/786 1431/1272/786
f 1391/1286/831 1330/1225/831 1431/1272/831
f 1269/1164/725 1309/1150/725 1370/1211/725
f 1330/1225/749 1269/1164/749 1370/1211/749
f 1208/1103/710 1248/1089/710 1309/1150/710
f 1269/1164/659 1208/1103/659 1309/1150/659
f 1148/1042/633 1187/1028/633 1248/1089/633
f 1208/1103/663 1148/1042/663 1248/1089/663
f 1089/981/531 1127/967/531 1187/1028/531
f 1148/1042/584 1089/981/584 1187/1028/584
f 1032/920/531 1069/906/531 1127/967/531
f 1089/981/531 1032/920/531 1127/967/531
f 976/859/628 1012/845/628 1069/906/628
f 1032/920/600 976/859/600 1069/906/600
f 922/798/628 957/784/628 1012/845/628
f 976/859/628 922/798/628 1012/845/628
f 869/737/680 903/723/680 957/784/680
f 922/798/655 869/737/655 957/784/655
f 818/676/706 851/662/706 903/723/706
f 869/737/679 818/676/679 903/723/679
f 769/615/708 801/601/708 851/662/708
f 818/676/682 769/615/682 851/662/682
f 721/554/657 752/540/657 801/601/657
f 769/615/683 721/554/683 801/601/683
f 675/493/655 705/479/655 752/540/655
f 721/554/680 675/493/680 752/540/680
f 630/432/655 659/418/655 705/479/655
f 675/493/655 630/432/655 705/479/655
f 587/371/229 615/358/229 659/418/229
f 630/432/209 587/371/209 659/418/209
f 545/315/282 572/303/282 615/358/282
f 587/371/326 545/315/326 615/358/326
f 505/263/655 531/252/655 572/303/655
f 545/315/655 505/263/655 572/303/655
f 466/216/655 491/206/655 531/252/655
f 505/263/655 466/216/655 531/252/655
f 429/174/655 453/165/655 491/206/655
f 466/216/655 429/174/655 491/206/655
f 393/136/655 416/128/655 453/165/655
f 429/174/655 393/136/655 453/165/655
f 359/103/655 381/96/655 416/128/655
f 393/136/655 359/103/655 416/128/655
f 3394/3562/655 3414/3554/655 3444/3591/655
f 3425/3598/655 3394/3562/655 3444/3591/655
f 3361/3521/655 3382/3512/655 3414/3554/655
f 3394/3562/655 3361/3521/655 3414/3554/655
f 3327/3476/655 3349/3466/655 3382/3512/655
f 3361/3521/655 3327/3476/655 3382/3512/655
f 3291/3426/1193 3314/3415/1193 3349/3466/1193
f 3327/3476/1096 3291/3426/1096 3349/3466/1096
f 3254/3371/1121 3278/3359/1121 3314/3415/1121
f 3291/3426/1183 3254/3371/1183 3314/3415/1183
f 3215/3312/933 3240/3299/933 3278/3359/933
f 3254/3371/1059 3215/3312/1059 3278/3359/1059
f 3175/3251/678 3201/3238/678 3240/3299/678
f 3215/3312/751 3175/3251/751 3240/3299/751
f 3133/3190/655 3160/3177/655 3201/3238/655
f 3175/3251/655 3133/3190/655 3201/3238/655
f 3090/3129/655 3118/3116/655 3160/3177/655
f 3133/3190/655 3090/3129/655 3160/3177/655
f 3045/3068/655 3074/3055/655 3118/3116/655
f 3090/3129/655 3045/3068/655 3118/3116/655
f 2999/3007/655 3029/2994/655 3074/3055/655
f 3045/3068/655 2999/3007/655 3074/3055/655
f 2951/2946/702 2982/2933/702 3029/2994/702
f 2999/3007/677 2951/2946/677 3029/2994/677
f 2901/2885/785 2933/2872/785 2982/2933/785
f 2951/2946/763 2901/2885/763 2982/2933/763
f 2850/2824/783 2883/2811/783 2933/2872/783
f 2901/2885/805 2850/2824/805 2933/2872/805
f 2797/2763/625 2831/2750/625 2883/2811/625
f 2850/2824/680 2797/2763/680 2883/2811/680
f 2743/2702/645 2778/2689/645 2831/2750/645
f 2797/2763/696 2743/2702/696 2831/2750/696
f 2687/2641/641 2723/2628/641 2778/2689/641
f 2743/2702/693 2687/2641/693 2778/2689/693
f 2630/2580/650 2667/2567/650 2723/2628/650
f 2687/2641/566 2630/2580/566 2723/2628/566
f 2571/2519/551 2609/2506/551 2667/2567/551
f 2630/2580/575 2571/2519/575 2667/2567/575
f 2511/2458/603 2550/2445/603 2609/2506/603
f 2571/2519/552 2511/2458/552 2609/2506/552
f 2450/2397/735 2489/2384/735 2550/2445/735
f 2511/2458/602 2450/2397/602 2550/2445/602
f 2389/2336/728 2428/2323/728 2489/2384/728
f 2450/2397/775 2389/2336/775 2489/2384/775
f 2328/2275/633 2367/2262/633 2428/2323/633
f 2389/2336/662 2328/2275/662 2428/2323/662
f 2267/2214/629 2306/2201/629 2367/2262/629
f 2328/2275/658 2267/2214/658 2367/2262/658
f 2206/2153/786 2245/2140/786 2306/2201/786
f 2267/2214/743 2206/2153/743 2306/2201/743
f 2145/2092/847 2184/2079/847 2245/2140/847
f 2206/2153/826 2145/2092/826 2245/2140/826
f 2084/2031/749 2123/2018/749 2184/2079/749
f 2145/2092/771 2084/2031/771 2184/2079/771
f 2023/1970/600 2062/1957/600 2123/2018/600
f 2084/2031/684 2023/1970/684 2123/2018/684
f 1962/1909/565 2001/1896/565 2062/1957/565
f 2023/1970/699 1962/1909/699 2062/1957/699
f 1901/1848/479 1940/1835/479 2001/1896/479
f 1962/1909/443 1901/1848/443 2001/1896/443
f 1840/1787/487 1879/1774/487 1940/1835/487
f 1901/1848/435 1840/1787/435 1940/1835/435
f 1779/1726/549 1818/1713/549 1879/1774/549
f 1840/1787/600 1779/1726/600 1879/1774/600
f 1718/1665/585 1757/1652/585 1818/1713/585
f 1779/1726/463 1718/1665/463 1818/1713/463
f 1657/1604/689 1696/1591/689 1757/1652/689
f 1718/1665/607 1657/1604/607 1757/1652/607
f 1596/1543/728 1635/1530/728 1696/1591/728
f 1657/1604/775 1596/1543/775 1696/1591/775
f 1535/1482/852 1574/1469/852 1635/1530/852
f 1596/1543/787 1535/1482/787 1635/1530/787
f 1474/1421/886 1513/1408/886 1574/1469/886
f 1535/1482/886 1474/1421/886 1574/1469/886
f 1413/1360/810 1452/1347/810 1513/1408/810
f 1474/1421/833 1413/1360/833 1513/1408/833
f 1352/1299/791 1391/1286/791 1452/1347/791
f 1413/1360/790 1352/1299/790 1452/1347/790
f 1291/1238/745 1330/1225/745 1391/1286/745
f 1352/1299/811 1291/1238/811 1391/1286/811
f 1230/1177/653 1269/1164/653 1330/1225/653
f 1291/1238/704 1230/1177/704 1330/1225/704
f 1169/1116/709 1208/1103/709 1269/1164/709
f 1230/1177/600 1169/1116/600 1269/1164/600
f 1110/1055/606 1148/1042/606 1208/1103/606
f 1169/1116/664 1110/1055/664 1208/1103/664
f 1052/994/532 1089/981/532 1148/1042/532
f 1110/1055/561 1052/994/561 1148/1042/561
f 996/933/559 1032/920/559 1089/981/559
f 1052/994/558 996/933/558 1089/981/558
f 941/872/629 976/859/629 1032/920/629
f 996/933/629 941/872/629 1032/920/629
f 888/811/628 922/798/628 976/859/628
f 941/872/628 888/811/628 976/859/628
f 836/750/655 869/737/655 922/798/655
f 888/811/655 836/750/655 922/798/655
f 786/689/679 818/676/679 869/737/679
f 836/750/655 786/689/655 869/737/655
f 738/628/682 769/615/682 818/676/682
f 786/689/657 738/628/657 818/676/657
f 691/567/658 721/554/658 769/615/658
f 738/628/658 691/567/658 769/615/658
f 646/506/655 675/493/655 721/554/655
f 691/567/680 646/506/680 721/554/680
f 602/445/655 630/432/655 675/493/655
f 646/506/655 602/445/655 675/493/655
f 560/384/222 587/371/222 630/432/222
f 602/445/211 560/384/211 630/432/211
f 519/327/275 545/315/275 587/371/275
f 560/384/292 519/327/292 587/371/292
f 480/274/655 505/263/655 545/315/655
f 519/327/655 480/274/655 545/315/655
f 442/226/655 466/216/655 505/263/655
f 480/274/655 442/226/655 505/263/655
f 406/183/655 429/174/655 466/216/655
f 442/226/655 406/183/655 466/216/655
f 371/144/655 393/136/655 429/174/655
f 406/183/655 371/144/655 429/174/655
f 338/110/655 359/103/655 393/136/655
f 371/144/655 338/110/655 393/136/655
f 3373/3570/655 3394/3562/655 3425/3598/655
f 3405/3605/655 3373/3570/655 3425/3598/655
f 3339/3530/655 3361/3521/655 3394/3562/655
f 3373/3570/655 3339/3530/655 3394/3562/655
f 3304/3486/655 3327/3476/655 3361/3521/655
f 3339/3530/655 3304/3486/655 3361/3521/655
f 3267/3437/1141 3291/3426/1141 3327/3476/1141
f 3304/3486/1104 3267/3437/1104 3327/3476/1104
f 3229/3383/1055 3254/3371/1055 3291/3426/1055
f 3267/3437/1094 3229/3383/1094 3291/3426/1094
f 3189/3325/678 3215/3312/678 3254/3371/678
f 3229/3383/751 3189/3325/751 3254/3371/751
f 3148/3264/655 3175/3251/655 3215/3312/655
f 3189/3325/655 3148/3264/655 3215/3312/655
f 3105/3203/655 3133/3190/655 3175/3251/655
f 3148/3264/655 3105/3203/655 3175/3251/655
f 3061/3142/655 3090/3129/655 3133/3190/655
f 3105/3203/655 3061/3142/655 3133/3190/655
f 3015/3081/655 3045/3068/655 3090/3129/655
f 3061/3142/655 3015/3081/655 3090/3129/655
f 2968/3020/655 2999/3007/655 3045/3068/655
f 3015/3081/655 2968/3020/655 3045/3068/655
f 2919/2959/702 2951/2946/702 2999/3007/702
f 2968/3020/677 2919/2959/677 2999/3007/677
f 2868/2898/783 2901/2885/783 2951/2946/783
f 2919/2959/762 2868/2898/762 2951/2946/762
f 2816/2837/762 2850/2824/762 2901/2885/762
f 2868/2898/783 2816/2837/783 2901/2885/783
f 2762/2776/574 2797/2763/574 2850/2824/574
f 2816/2837/629 2762/2776/629 2850/2824/629
f 2707/2715/617 2743/2702/617 2797/2763/617
f 2762/2776/672 2707/2715/672 2797/2763/672
f 2650/2654/614 2687/2641/614 2743/2702/614
f 2707/2715/667 2650/2654/667 2743/2702/667
f 2592/2593/620 2630/2580/620 2687/2641/620
f 2650/2654/565 2592/2593/565 2687/2641/565
f 2532/2532/523 2571/2519/523 2630/2580/523
f 2592/2593/523 2532/2532/523 2630/2580/523
f 2471/2471/552 2511/2458/552 2571/2519/552
f 2532/2532/500 2471/2471/500 2571/2519/500
f 2410/2410/709 2450/2397/709 2511/2458/709
f 2471/2471/574 2410/2410/574 2511/2458/574
f 2349/2349/681 2389/2336/681 2450/2397/681
f 2410/2410/707 2349/2349/707 2450/2397/707
f 2288/2288/605 2328/2275/605 2389/2336/605
f 2349/2349/634 2288/2288/634 2389/2336/634
f 2227/2227/629 2267/2214/629 2328/2275/629
f 2288/2288/659 2227/2227/659 2328/2275/659
f 2166/2166/764 2206/2153/764 2267/2214/764
f 2227/2227/742 2166/2166/742 2267/2214/742
f 2105/2105/782 2145/2092/782 2206/2153/782
f 2166/2166/782 2105/2105/782 2206/2153/782
f 2044/2044/653 2084/2031/653 2145/2092/653
f 2105/2105/679 2044/2044/679 2145/2092/679
f 1983/1983/479 2023/1970/479 2084/2031/479
f 2044/2044/579 1983/1983/579 2084/2031/579
f 1922/1922/451 1962/1909/451 2023/1970/451
f 1983/1983/570 1922/1922/570 2023/1970/570
f 1861/1861/430 1901/1848/430 1962/1909/430
f 1922/1922/395 1861/1861/395 1962/1909/395
f 1800/1800/467 1840/1787/467 1901/1848/467
f 1861/1861/400 1800/1800/400 1901/1848/400
f 1739/1739/551 1779/1726/551 1840/1787/551
f 1800/1800/576 1739/1739/576 1840/1787/576
f 1678/1678/635 1718/1665/635 1779/1726/635
f 1739/1739/503 1678/1678/503 1779/1726/503
f 1617/1617/715 1657/1604/715 1718/1665/715
f 1678/1678/662 1617/1617/662 1718/1665/662
f 1556/1556/730 1596/1543/730 1657/1604/730
f 1617/1617/776 1556/1556/776 1657/1604/776
f 1495/1495/851 1535/1482/851 1596/1543/851
f 1556/1556/808 1495/1495/808 1596/1543/808
f 1434/1434/848 1474/1421/848 1535/1482/848
f 1495/1495/869 1434/1434/869 1535/1482/869
f 1373/1373/748 1413/1360/748 1474/1421/748
f 1434/1434/791 1373/1373/791 1474/1421/791
f 1312/1312/770 1352/1299/770 1413/1360/770
f 1373/1373/748 1312/1312/748 1413/1360/748
f 1251/1251/723 1291/1238/723 1352/1299/723
f 1312/1312/770 1251/1251/770 1352/1299/770
f 1190/1190/654 1230/1177/654 1291/1238/654
f 1251/1251/679 1190/1190/679 1291/1238/679
f 1130/1129/730 1169/1116/730 1230/1177/730
f 1190/1190/626 1130/1129/626 1230/1177/626
f 1072/1068/607 1110/1055/607 1169/1116/607
f 1130/1129/637 1072/1068/637 1169/1116/637
f 1015/1007/532 1052/994/532 1110/1055/532
f 1072/1068/562 1015/1007/562 1110/1055/562
f 960/946/559 996/933/559 1052/994/559
f 1015/1007/559 960/946/559 1052/994/559
f 906/885/629 941/872/629 996/933/629
f 960/946/629 906/885/629 996/933/629
f 854/824/628 888/811/628 941/872/628
f 906/885/628 854/824/628 941/872/628
f 803/763/655 836/750/655 888/811/655
f 854/824/655 803/763/655 888/811/655
f 754/702/655 786/689/655 836/750/655
f 803/763/655 754/702/655 836/750/655
f 707/641/657 738/628/657 786/689/657
f 754/702/628 707/641/628 786/689/628
f 661/580/630 691/567/630 738/628/630
f 707/641/630 661/580/630 738/628/630
f 617/519/656 646/506/656 691/567/656
f 661/580/656 617/519/656 691/567/656
f 574/458/655 602/445/655 646/506/655
f 617/519/655 574/458/655 646/506/655
f 533/397/215 560/384/215 602/445/215
f 574/458/212 533/397/212 602/445/212
f 493/339/270 519/327/270 560/384/270
f 533/397/276 493/339/276 560/384/276
f 455/285/655 480/274/655 519/327/655
f 493/339/655 455/285/655 519/327/655
f 418/236/655 442/226/655 480/274/655
f 455/285/655 418/236/655 480/274/655
f 383/192/655 406/183/655 442/226/655
f 418/236/655 383/192/655 442/226/655
f 349/152/655 371/144/655 406/183/655
f 383/192/655 349/152/655 406/183/655
f 317/117/655 338/110/655 371/144/655
f 349/152/655 317/117/655 371/144/655
f 3351/3578/655 3373/3570/655 3405/3605/655
f 3384/3612/655 3351/3578/655 3405/3605/655
f 3316/3539/655 3339/3530/655 3373/3570/655
f 3351/3578/655 3316/3539/655 3373/3570/655
f 3280/3496/655 3304/3486/655 3339/3530/655
f 3316/3539/655 3280/3496/655 3339/3530/655
f 3242/3448/1057 3267/3437/1057 3304/3486/1057
f 3280/3496/1096 3242/3448/1096 3304/3486/1096
f 3203/3395/1038 3229/3383/1038 3267/3437/1038
f 3242/3448/535 3203/3395/535 3267/3437/535
f 3162/3338/655 3189/3325/655 3229/3383/655
f 3203/3395/572 3162/3338/572 3229/3383/572
f 3120/3277/655 3148/3264/655 3189/3325/655
f 3162/3338/655 3120/3277/655 3189/3325/655
f 3076/3216/655 3105/3203/655 3148/3264/655
f 3120/3277/655 3076/3216/655 3148/3264/655
f 3031/3155/655 3061/3142/655 3105/3203/655
f 3076/3216/655 3031/3155/655 3105/3203/655
f 2984/3094/655 3015/3081/655 3061/3142/655
f 3031/3155/655 2984/3094/655 3061/3142/655
f 2936/3033/655 2968/3020/655 3015/3081/655
f 2984/3094/655 2936/3033/655 3015/3081/655
f 2886/2972/677 2919/2959/677 2968/3020/677
f 2936/3033/677 2886/2972/677 2968/3020/677
f 2834/2911/741 2868/2898/741 2919/2959/741
f 2886/2972/741 2834/2911/741 2919/2959/741
f 2781/2850/741 2816/2837/741 2868/2898/741
f 2834/2911/741 2781/2850/741 2868/2898/741
f 2726/2789/629 2762/2776/629 2816/2837/629
f 2781/2850/628 2726/2789/628 2816/2837/628
f 2670/2728/672 2707/2715/672 2762/2776/672
f 2726/2789/721 2670/2728/721 2762/2776/721
f 2612/2667/642 2650/2654/642 2707/2715/642
f 2670/2728/694 2612/2667/694 2707/2715/694
f 2553/2606/590 2592/2593/590 2650/2654/590
f 2612/2667/590 2553/2606/590 2650/2654/590
f 2492/2545/476 2532/2532/476 2592/2593/476
f 2553/2606/476 2492/2545/476 2592/2593/476
f 2431/2484/500 2471/2471/500 2532/2532/500
f 2492/2545/476 2431/2484/476 2532/2532/476
f 2370/2423/599 2410/2410/599 2471/2471/599
f 2431/2484/548 2370/2423/548 2471/2471/548
f 2309/2362/657 2349/2349/657 2410/2410/657
f 2370/2423/599 2309/2362/599 2410/2410/599
f 2248/2301/634 2288/2288/634 2349/2349/634
f 2309/2362/604 2248/2301/604 2349/2349/604
f 2187/2240/659 2227/2227/659 2288/2288/659
f 2248/2301/659 2187/2240/659 2288/2288/659
f 2126/2179/719 2166/2166/719 2227/2227/719
f 2187/2240/765 2126/2179/765 2227/2227/765
f 2065/2118/668 2105/2105/668 2166/2166/668
f 2126/2179/741 2065/2118/741 2166/2166/741
f 2004/2057/496 2044/2044/496 2105/2105/496
f 2065/2118/549 2004/2057/549 2105/2105/549
f 1943/1996/414 1983/1983/414 2044/2044/414
f 2004/2057/445 1943/1996/445 2044/2044/445
f 1882/1935/436 1922/1922/436 1983/1983/436
f 1943/1996/454 1882/1935/454 1983/1983/454
f 1821/1874/429 1861/1861/429 1922/1922/429
f 1882/1935/394 1821/1874/394 1922/1922/394
f 1760/1813/506 1800/1800/506 1861/1861/506
f 1821/1874/414 1760/1813/414 1861/1861/414
f 1699/1752/629 1739/1739/629 1800/1800/629
f 1760/1813/575 1699/1752/575 1800/1800/575
f 1638/1691/686 1678/1678/686 1739/1739/686
f 1699/1752/631 1638/1691/631 1739/1739/631
f 1577/1630/713 1617/1617/713 1678/1678/713
f 1638/1691/686 1577/1630/686 1678/1678/686
f 1516/1569/754 1556/1556/754 1617/1617/754
f 1577/1630/755 1516/1569/755 1617/1617/755
f 1455/1508/808 1495/1495/808 1556/1556/808
f 1516/1569/830 1455/1508/830 1556/1556/830
f 1394/1447/763 1434/1434/763 1495/1495/763
f 1455/1508/807 1394/1447/807 1495/1495/807
f 1333/1386/702 1373/1373/702 1434/1434/702
f 1394/1447/703 1333/1386/703 1434/1434/703
f 1272/1325/724 1312/1312/724 1373/1373/724
f 1333/1386/702 1272/1325/702 1373/1373/702
f 1211/1264/702 1251/1251/702 1312/1312/702
f 1272/1325/703 1211/1264/703 1312/1312/703
f 1151/1203/679 1190/1190/679 1251/1251/679
f 1211/1264/679 1151/1203/679 1251/1251/679
f 1092/1142/727 1130/1129/727 1190/1190/727
f 1151/1203/678 1092/1142/678 1190/1190/678
f 1035/1081/608 1072/1068/608 1130/1129/608
f 1092/1142/609 1035/1081/609 1130/1129/609
f 979/1020/533 1015/1007/533 1072/1068/533
f 1035/1081/587 979/1020/587 1072/1068/587
f 925/959/559 960/946/559 1015/1007/559
f 979/1020/559 925/959/559 1015/1007/559
f 872/898/629 906/885/629 960/946/629
f 925/959/629 872/898/629 960/946/629
f 821/837/628 854/824/628 906/885/628
f 872/898/628 821/837/628 906/885/628
f 771/776/627 803/763/627 854/824/627
f 821/837/627 771/776/627 854/824/627
f 723/715/627 754/702/627 803/763/627
f 771/776/627 723/715/627 803/763/627
f 677/654/628 707/641/628 754/702/628
f 723/715/627 677/654/627 754/702/627
f 632/593/601 661/580/601 707/641/601
f 677/654/601 632/593/601 707/641/601
f 589/532/628 617/519/628 661/580/628
f 632/593/628 589/532/628 661/580/628
f 547/471/655 574/458/655 617/519/655
f 589/532/655 547/471/655 617/519/655
f 507/410/208 533/397/208 574/458/208
f 547/471/211 507/410/211 574/458/211
f 468/351/271 493/339/271 533/397/271
f 507/410/266 468/351/266 533/397/266
f 431/296/655 455/285/655 493/339/655
f 468/351/655 431/296/655 493/339/655
f 395/246/655 418/236/655 455/285/655
f 431/296/655 395/246/655 455/285/655
f 361/201/655 383/192/655 418/236/655
f 395/246/655 361/201/655 418/236/655
f 328/160/655 349/152/655 383/192/655
f 361/201/655 328/160/655 383/192/655
f 297/124/655 317/117/655 349/152/655
f 328/160/655 297/124/655 349/152/655
f 3329/3586/655 3351/3578/655 3384/3612/655
f 3363/3619/655 3329/3586/655 3384/3612/655
f 3293/3548/655 3316/3539/655 3351/3578/655
f 3329/3586/655 3293/3548/655 3351/3578/655
f 3256/3506/655 3280/3496/655 3316/3539/655
f 3293/3548/655 3256/3506/655 3316/3539/655
f 3217/3459/246 3242/3448/246 3280/3496/246
f 3256/3506/1064 3217/3459/1064 3280/3496/1064
f 3177/3407/511 3203/3395/511 3242/3448/511
f 3217/3459/213 3177/3407/213 3242/3448/213
f 3135/3351/571 3162/3338/571 3203/3395/571
f 3177/3407/278 3135/3351/278 3203/3395/278
f 3092/3290/655 3120/3277/655 3162/3338/655
f 3135/3351/571 3092/3290/571 3162/3338/571
f 3047/3229/655 3076/3216/655 3120/3277/655
f 3092/3290/655 3047/3229/655 3120/3277/655
f 3001/3168/655 3031/3155/655 3076/3216/655
f 3047/3229/655 3001/3168/655 3076/3216/655
f 2953/3107/655 2984/3094/655 3031/3155/655
f 3001/3168/655 2953/3107/655 3031/3155/655
f 2904/3046/655 2936/3033/655 2984/3094/655
f 2953/3107/655 2904/3046/655 2984/3094/655
f 2853/2985/676 2886/2972/676 2936/3033/676
f 2904/3046/677 2853/2985/677 2936/3033/677
f 2800/2924/717 2834/2911/717 2886/2972/717
f 2853/2985/742 2800/2924/742 2886/2972/742
f 2746/2863/717 2781/2850/717 2834/2911/717
f 2800/2924/717 2746/2863/717 2834/2911/717
f 2690/2802/682 2726/2789/682 2781/2850/682
f 2746/2863/598 2690/2802/598 2781/2850/598
f 2633/2741/699 2670/2728/699 2726/2789/699
f 2690/2802/747 2633/2741/747 2726/2789/747
f 2574/2680/643 2612/2667/643 2670/2728/643
f 2633/2741/719 2574/2680/719 2670/2728/719
f 2514/2619/618 2553/2606/618 2612/2667/618
f 2574/2680/590 2514/2619/590 2612/2667/590
f 2453/2558/499 2492/2545/499 2553/2606/499
f 2514/2619/499 2453/2558/499 2553/2606/499
f 2392/2497/499 2431/2484/499 2492/2545/499
f 2453/2558/499 2392/2497/499 2492/2545/499
f 2331/2436/548 2370/2423/548 2431/2484/548
f 2392/2497/520 2331/2436/520 2431/2484/520
f 2270/2375/681 2309/2362/681 2370/2423/681
f 2331/2436/572 2270/2375/572 2370/2423/572
f 2209/2314/712 2248/2301/712 2309/2362/712
f 2270/2375/631 2209/2314/631 2309/2362/631
f 2148/2253/755 2187/2240/755 2248/2301/755
f 2209/2314/732 2148/2253/732 2248/2301/732
f 2087/2192/744 2126/2179/744 2187/2240/744
f 2148/2253/831 2087/2192/831 2187/2240/831
f 2026/2131/564 2065/2118/564 2126/2179/564
f 2087/2192/745 2026/2131/745 2126/2179/745
f 1965/2070/425 2004/2057/425 2065/2118/425
f 2026/2131/475 1965/2070/475 2065/2118/475
f 1904/2009/445 1943/1996/445 2004/2057/445
f 1965/2070/397 1904/2009/397 2004/2057/397
f 1843/1948/424 1882/1935/424 1943/1996/424
f 1904/2009/497 1843/1948/497 1943/1996/497
f 1782/1887/441 1821/1874/441 1882/1935/441
f 1843/1948/409 1782/1887/409 1882/1935/409
f 1721/1826/580 1760/1813/580 1821/1874/580
f 1782/1887/442 1721/1826/442 1821/1874/442
f 1660/1765/729 1699/1752/729 1760/1813/729
f 1721/1826/655 1660/1765/655 1760/1813/655
f 1599/1704/710 1638/1691/710 1699/1752/710
f 1660/1765/710 1599/1704/710 1699/1752/710
f 1538/1643/711 1577/1630/711 1638/1691/711
f 1599/1704/711 1538/1643/711 1638/1691/711
f 1477/1582/708 1516/1569/708 1577/1630/708
f 1538/1643/731 1477/1582/731 1577/1630/731
f 1416/1521/808 1455/1508/808 1516/1569/808
f 1477/1582/787 1416/1521/787 1516/1569/787
f 1355/1460/765 1394/1447/765 1455/1508/765
f 1416/1521/807 1355/1460/807 1455/1508/807
f 1294/1399/749 1333/1386/749 1394/1447/749
f 1355/1460/725 1294/1399/725 1394/1447/725
f 1233/1338/702 1272/1325/702 1333/1386/702
f 1294/1399/749 1233/1338/749 1333/1386/749
f 1172/1277/749 1211/1264/749 1272/1325/749
f 1233/1338/702 1172/1277/702 1272/1325/702
f 1113/1216/773 1151/1203/773 1211/1264/773
f 1172/1277/727 1113/1216/727 1211/1264/727
f 1055/1155/750 1092/1142/750 1151/1203/750
f 1113/1216/772 1055/1155/772 1151/1203/772
f 999/1094/584 1035/1081/584 1092/1142/584
f 1055/1155/610 999/1094/610 1092/1142/610
f 944/1033/534 979/1020/534 1035/1081/534
f 999/1094/562 944/1033/562 1035/1081/562
f 891/972/583 925/959/583 979/1020/583
f 944/1033/559 891/972/559 979/1020/559
f 839/911/629 872/898/629 925/959/629
f 891/972/658 839/911/658 925/959/658
f 789/850/628 821/837/628 872/898/628
f 839/911/628 789/850/628 872/898/628
f 740/789/627 771/776/627 821/837/627
f 789/850/627 740/789/627 821/837/627
f 693/728/626 723/715/626 771/776/626
f 740/789/627 693/728/627 771/776/627
f 648/667/599 677/654/599 723/715/599
f 693/728/599 648/667/599 723/715/599
f 604/606/601 632/593/601 677/654/601
f 648/667/576 604/606/576 677/654/576
f 562/545/656 589/532/656 632/593/656
f 604/606/627 562/545/627 632/593/627
f 521/484/655 547/471/655 589/532/655
f 562/545/655 521/484/655 589/532/655
f 482/423/198 507/410/198 547/471/198
f 521/484/209 482/423/209 547/471/209
f 444/363/270 468/351/270 507/410/270
f 482/423/259 444/363/259 507/410/259
f 408/307/655 431/296/655 468/351/655
f 444/363/655 408/307/655 468/351/655
f 373/256/655 395/246/655 431/296/655
f 408/307/655 373/256/655 431/296/655
f 340/210/655 361/201/655 395/246/655
f 373/256/655 340/210/655 395/246/655
f 308/168/655 328/160/655 361/201/655
f 340/210/655 308/168/655 361/201/655
f 278/131/655 297/124/655 328/160/655
f 308/168/655 278/131/655 328/160/655
f 3306/3594/655 3329/3586/655 3363/3619/655
f 3341/3626/655 3306/3594/655 3363/3619/655
f 3269/3557/655 3293/3548/655 3329/3586/655
f 3306/3594/655 3269/3557/655 3329/3586/655
f 3231/3516/655 3256/3506/655 3293/3548/655
f 3269/3557/655 3231/3516/655 3293/3548/655
f 3191/3470/143 3217/3459/143 3256/3506/143
f 3231/3516/864 3191/3470/864 3256/3506/864
f 3150/3419/205 3177/3407/205 3217/3459/205
f 3191/3470/164 3150/3419/164 3217/3459/164
f 3107/3364/286 3135/3351/286 3177/3407/286
f 3150/3419/170 3107/3364/170 3177/3407/170
f 3063/3304/677 3092/3290/677 3135/3351/677
f 3107/3364/287 3063/3304/287 3135/3351/287
f 3017/3243/655 3047/3229/655 3092/3290/655
f 3063/3304/655 3017/3243/655 3092/3290/655
f 2970/3182/655 3001/3168/655 3047/3229/655
f 3017/3243/655 2970/3182/655 3047/3229/655
f 2921/3121/655 2953/3107/655 3001/3168/655
f 2970/3182/655 2921/3121/655 3001/3168/655
f 2871/3060/655 2904/3046/655 2953/3107/655
f 2921/3121/655 2871/3060/655 2953/3107/655
f 2819/2999/676 2853/2985/676 2904/3046/676
f 2871/3060/677 2819/2999/677 2904/3046/677
f 2765/2938/670 2800/2924/670 2853/2985/670
f 2819/2999/720 2765/2938/720 2853/2985/720
f 2710/2877/669 2746/2863/669 2800/2924/669
f 2765/2938/670 2710/2877/670 2800/2924/670
f 2653/2816/705 2690/2802/705 2746/2863/705
f 2710/2877/571 2653/2816/571 2746/2863/571
f 2595/2755/675 2633/2741/675 2690/2802/675
f 2653/2816/724 2595/2755/724 2690/2802/724
f 2535/2694/590 2574/2680/590 2633/2741/590
f 2595/2755/699 2535/2694/699 2633/2741/699
f 2474/2633/618 2514/2619/618 2574/2680/618
f 2535/2694/590 2474/2633/590 2574/2680/590
f 2413/2572/499 2453/2558/499 2514/2619/499
f 2474/2633/523 2413/2572/523 2514/2619/523
f 2352/2511/499 2392/2497/499 2453/2558/499
f 2413/2572/499 2352/2511/499 2453/2558/499
f 2291/2450/548 2331/2436/548 2392/2497/548
f 2352/2511/547 2291/2450/547 2392/2497/547
f 2230/2389/704 2270/2375/704 2331/2436/704
f 2291/2450/593 2230/2389/593 2331/2436/593
f 2169/2328/756 2209/2314/756 2270/2375/756
f 2230/2389/682 2169/2328/682 2270/2375/682
f 2108/2267/777 2148/2253/777 2209/2314/777
f 2169/2328/776 2108/2267/776 2209/2314/776
f 2047/2206/767 2087/2192/767 2148/2253/767
f 2108/2267/834 2047/2206/834 2148/2253/834
f 1986/2145/515 2026/2131/515 2087/2192/515
f 2047/2206/727 1986/2145/727 2087/2192/727
f 1925/2084/409 1965/2070/409 2026/2131/409
f 1986/2145/442 1925/2084/442 2026/2131/442
f 1864/2023/502 1904/2009/502 1965/2070/502
f 1925/2084/393 1864/2023/393 1965/2070/393
f 1803/1962/408 1843/1948/408 1904/2009/408
f 1864/2023/501 1803/1962/501 1904/2009/501
f 1742/1901/456 1782/1887/456 1843/1948/456
f 1803/1962/408 1742/1901/408 1843/1948/408
f 1681/1840/658 1721/1826/658 1782/1887/658
f 1742/1901/472 1681/1840/472 1782/1887/472
f 1620/1779/793 1660/1765/793 1721/1826/793
f 1681/1840/725 1620/1779/725 1721/1826/725
f 1559/1718/732 1599/1704/732 1660/1765/732
f 1620/1779/732 1559/1718/732 1660/1765/732
f 1498/1657/711 1538/1643/711 1599/1704/711
f 1559/1718/712 1498/1657/712 1599/1704/712
f 1437/1596/683 1477/1582/683 1538/1643/683
f 1498/1657/710 1437/1596/710 1538/1643/710
f 1376/1535/808 1416/1521/808 1477/1582/808
f 1437/1596/786 1376/1535/786 1477/1582/786
f 1315/1474/766 1355/1460/766 1416/1521/766
f 1376/1535/808 1315/1474/808 1416/1521/808
f 1254/1413/790 1294/1399/790 1355/1460/790
f 1315/1474/747 1254/1413/747 1355/1460/747
f 1193/1352/677 1233/1338/677 1294/1399/677
f 1254/1413/751 1193/1352/751 1294/1399/751
f 1133/1291/769 1172/1277/769 1233/1338/769
f 1193/1352/700 1133/1291/700 1233/1338/700
f 1075/1230/814 1113/1216/814 1172/1277/814
f 1133/1291/749 1075/1230/749 1172/1277/749
f 1018/1169/750 1055/1155/750 1113/1216/750
f 1075/1230/794 1018/1169/794 1113/1216/794
f 963/1108/560 999/1094/560 1055/1155/560
f 1018/1169/611 963/1108/611 1055/1155/611
f 909/1047/534 944/1033/534 999/1094/534
f 963/1108/534 909/1047/534 999/1094/534
f 857/986/584 891/972/584 944/1033/584
f 909/1047/583 857/986/583 944/1033/583
f 806/925/629 839/911/629 891/972/629
f 857/986/659 806/925/659 891/972/659
f 757/864/628 789/850/628 839/911/628
f 806/925/628 757/864/628 839/911/628
f 709/803/627 740/789/627 789/850/627
f 757/864/628 709/803/628 789/850/628
f 663/742/598 693/728/598 740/789/598
f 709/803/627 663/742/627 740/789/627
f 619/681/575 648/667/575 693/728/575
f 663/742/575 619/681/575 693/728/575
f 576/620/600 604/606/600 648/667/600
f 619/681/551 576/620/551 648/667/551
f 535/559/655 562/545/655 604/606/655
f 576/620/626 535/559/626 604/606/626
f 495/498/655 521/484/655 562/545/655
f 535/559/655 495/498/655 562/545/655
f 457/437/181 482/423/181 521/484/181
f 495/498/202 457/437/202 521/484/202
f 420/376/275 444/363/275 482/423/275
f 457/437/253 420/376/253 482/423/253
f 385/319/655 408/307/655 444/363/655
f 420/376/655 385/319/655 444/363/655
f 351/267/655 373/256/655 408/307/655
f 385/319/655 351/267/655 408/307/655
f 319/220/655 340/210/655 373/256/655
f 351/267/655 319/220/655 373/256/655
f 288/177/655 308/168/655 340/210/655
f 319/220/655 288/177/655 340/210/655
f 259/139/655 278/131/655 308/168/655
f 288/177/655 259/139/655 308/168/655
f 3282/3601/655 3306/3594/655 3341/3626/655
f 3318/3632/655 3282/3601/655 3341/3626/655
f 3244/3565/655 3269/3557/655 3306/3594/655
f 3282/3601/655 3244/3565/655 3306/3594/655
f 3205/3525/655 3231/3516/655 3269/3557/655
f 3244/3565/655 3205/3525/655 3269/3557/655
f 3164/3480/279 3191/3470/279 3231/3516/279
f 3205/3525/655 3164/3480/655 3231/3516/655
f 3122/3430/126 3150/3419/126 3191/3470/126
f 3164/3480/339 3122/3430/339 3191/3470/339
f 3078/3376/223 3107/3364/223 3150/3419/223
f 3122/3430/123 3078/3376/123 3150/3419/123
f 3033/3317/801 3063/3304/801 3107/3364/801
f 3078/3376/221 3033/3317/221 3107/3364/221
f 2986/3256/655 3017/3243/655 3063/3304/655
f 3033/3317/597 2986/3256/597 3063/3304/597
f 2938/3195/655 2970/3182/655 3017/3243/655
f 2986/3256/655 2938/3195/655 3017/3243/655
f 2888/3134/655 2921/3121/655 2970/3182/655
f 2938/3195/655 2888/3134/655 2970/3182/655
f 2837/3073/655 2871/3060/655 2921/3121/655
f 2888/3134/655 2837/3073/655 2921/3121/655
f 2784/3012/652 2819/2999/652 2871/3060/652
f 2837/3073/677 2784/3012/677 2871/3060/677
f 2729/2951/647 2765/2938/647 2819/2999/647
f 2784/3012/699 2729/2951/699 2819/2999/699
f 2673/2890/616 2710/2877/616 2765/2938/616
f 2729/2951/646 2673/2890/646 2765/2938/646
f 2615/2829/652 2653/2816/652 2710/2877/652
f 2673/2890/568 2615/2829/568 2710/2877/568
f 2556/2768/622 2595/2755/622 2653/2816/622
f 2615/2829/652 2556/2768/652 2653/2816/652
f 2495/2707/542 2535/2694/542 2595/2755/542
f 2556/2768/622 2495/2707/622 2595/2755/622
f 2434/2646/590 2474/2633/590 2535/2694/590
f 2495/2707/563 2434/2646/563 2535/2694/563
f 2373/2585/499 2413/2572/499 2474/2633/499
f 2434/2646/476 2373/2585/476 2474/2633/476
f 2312/2524/499 2352/2511/499 2413/2572/499
f 2373/2585/498 2312/2524/498 2413/2572/498
f 2251/2463/548 2291/2450/548 2352/2511/548
f 2312/2524/547 2251/2463/547 2352/2511/547
f 2190/2402/723 2230/2389/723 2291/2450/723
f 2251/2463/619 2190/2402/619 2291/2450/619
f 2129/2341/754 2169/2328/754 2230/2389/754
f 2190/2402/680 2129/2341/680 2230/2389/680
f 2068/2280/755 2108/2267/755 2169/2328/755
f 2129/2341/754 2068/2280/754 2169/2328/754
f 2007/2219/702 2047/2206/702 2108/2267/702
f 2068/2280/793 2007/2219/793 2108/2267/793
f 1946/2158/473 1986/2145/473 2047/2206/473
f 2007/2219/630 1946/2158/630 2047/2206/630
f 1885/2097/394 1925/2084/394 1986/2145/394
f 1946/2158/430 1885/2097/430 1986/2145/430
f 1824/2036/476 1864/2023/476 1925/2084/476
f 1885/2097/425 1824/2036/425 1925/2084/425
f 1763/1975/383 1803/1962/383 1864/2023/383
f 1824/2036/445 1763/1975/445 1864/2023/445
f 1702/1914/455 1742/1901/455 1803/1962/455
f 1763/1975/406 1702/1914/406 1803/1962/406
f 1641/1853/703 1681/1840/703 1742/1901/703
f 1702/1914/490 1641/1853/490 1742/1901/490
f 1580/1792/791 1620/1779/791 1681/1840/791
f 1641/1853/723 1580/1792/723 1681/1840/723
f 1519/1731/732 1559/1718/732 1620/1779/732
f 1580/1792/732 1519/1731/732 1620/1779/732
f 1458/1670/712 1498/1657/712 1559/1718/712
f 1519/1731/712 1458/1670/712 1559/1718/712
f 1397/1609/685 1437/1596/685 1498/1657/685
f 1458/1670/711 1397/1609/711 1498/1657/711
f 1336/1548/807 1376/1535/807 1437/1596/807
f 1397/1609/807 1336/1548/807 1437/1596/807
f 1275/1487/745 1315/1474/745 1376/1535/745
f 1336/1548/788 1275/1487/788 1376/1535/788
f 1214/1426/747 1254/1413/747 1315/1474/747
f 1275/1487/723 1214/1426/723 1315/1474/723
f 1154/1365/627 1193/1352/627 1254/1413/627
f 1214/1426/707 1154/1365/707 1254/1413/707
f 1095/1304/746 1133/1291/746 1193/1352/746
f 1154/1365/699 1095/1304/699 1193/1352/699
f 1038/1243/770 1075/1230/770 1133/1291/770
f 1095/1304/724 1038/1243/724 1133/1291/724
f 982/1182/705 1018/1169/705 1075/1230/705
f 1038/1243/729 982/1182/729 1075/1230/729
f 928/1121/533 963/1108/533 1018/1169/533
f 982/1182/562 928/1121/562 1018/1169/562
f 875/1060/562 909/1047/562 963/1108/562
f 928/1121/534 875/1060/534 963/1108/534
f 824/999/608 857/986/608 909/1047/608
f 875/1060/583 824/999/583 909/1047/583
f 774/938/602 806/925/602 857/986/602
f 824/999/660 774/938/660 857/986/660
f 726/877/628 757/864/628 806/925/628
f 774/938/629 726/877/629 806/925/629
f 679/816/599 709/803/599 757/864/599
f 726/877/628 679/816/628 757/864/628
f 634/755/574 663/742/574 709/803/574
f 679/816/575 634/755/575 709/803/575
f 591/694/575 619/681/575 663/742/575
f 634/755/551 591/694/551 663/742/551
f 549/633/628 576/620/628 619/681/628
f 591/694/574 549/633/574 619/681/574
f 509/572/655 535/559/655 576/620/655
f 549/633/655 509/572/655 576/620/655
f 470/511/655 495/498/655 535/559/655
f 509/572/655 470/511/655 535/559/655
f 433/450/163 457/437/163 495/498/163
f 470/511/196 433/450/196 495/498/196
f 397/389/282 420/376/282 457/437/282
f 433/450/250 397/389/250 457/437/250
f 363/331/655 385/319/655 420/376/655
f 397/389/655 363/331/655 420/376/655
f 330/278/655 351/267/655 385/319/655
f 363/331/655 330/278/655 385/319/655
f 299/230/655 319/220/655 351/267/655
f 330/278/655 299/230/655 351/267/655
f 269/186/655 288/177/655 319/220/655
f 299/230/655 269/186/655 319/220/655
f 241/147/655 259/139/655 288/177/655
f 269/186/655 241/147/655 288/177/655
f 3258/3608/655 3282/3601/655 3318/3632/655
f 3295/3638/655 3258/3608/655 3318/3632/655
f 3219/3573/655 3244/3565/655 3282/3601/655
f 3258/3608/655 3219/3573/655 3282/3601/655
f 3179/3534/655 3205/3525/655 3244/3565/655
f 3219/3573/655 3179/3534/655 3244/3565/655
f 3137/3490/655 3164/3480/655 3205/3525/655
f 3179/3534/655 3137/3490/655 3205/3525/655
f 3094/3441/187 3122/3430/187 3164/3480/187
f 3137/3490/655 3094/3441/655 3164/3480/655
f 3049/3388/177 3078/3376/177 3122/3430/177
f 3094/3441/217 3049/3388/217 3122/3430/217
f 3003/3330/1026 3033/3317/1026 3078/3376/1026
f 3049/3388/186 3003/3330/186 3078/3376/186
f 2955/3269/678 2986/3256/678 3033/3317/678
f 3003/3330/491 2955/3269/491 3033/3317/491
f 2906/3208/655 2938/3195/655 2986/3256/655
f 2955/3269/655 2906/3208/655 2986/3256/655
f 2855/3147/655 2888/3134/655 2938/3195/655
f 2906/3208/655 2855/3147/655 2938/3195/655
f 2803/3086/655 2837/3073/655 2888/3134/655
f 2855/3147/655 2803/3086/655 2888/3134/655
f 2749/3025/653 2784/3012/653 2837/3073/653
f 2803/3086/678 2749/3025/678 2837/3073/678
f 2693/2964/620 2729/2951/620 2784/3012/620
f 2749/3025/675 2693/2964/675 2784/3012/675
f 2636/2903/589 2673/2890/589 2729/2951/589
f 2693/2964/647 2636/2903/647 2729/2951/647
f 2577/2842/568 2615/2829/568 2673/2890/568
f 2636/2903/543 2577/2842/543 2673/2890/543
f 2517/2781/545 2556/2768/545 2615/2829/545
f 2577/2842/546 2517/2781/546 2615/2829/546
f 2456/2720/492 2495/2707/492 2556/2768/492
f 2517/2781/545 2456/2720/545 2556/2768/545
f 2395/2659/539 2434/2646/539 2495/2707/539
f 2456/2720/539 2395/2659/539 2495/2707/539
f 2334/2598/476 2373/2585/476 2434/2646/476
f 2395/2659/440 2334/2598/440 2434/2646/440
f 2273/2537/498 2312/2524/498 2373/2585/498
f 2334/2598/475 2273/2537/475 2373/2585/475
f 2212/2476/572 2251/2463/572 2312/2524/572
f 2273/2537/546 2212/2476/546 2312/2524/546
f 2151/2415/698 2190/2402/698 2251/2463/698
f 2212/2476/647 2151/2415/647 2251/2463/647
f 2090/2354/706 2129/2341/706 2190/2402/706
f 2151/2415/625 2090/2354/625 2190/2402/625
f 2029/2293/683 2068/2280/683 2129/2341/683
f 2090/2354/682 2029/2293/682 2129/2341/682
f 1968/2232/597 2007/2219/597 2068/2280/597
f 2029/2293/707 1968/2232/707 2068/2280/707
f 1907/2171/442 1946/2158/442 2007/2219/442
f 1968/2232/527 1907/2171/527 2007/2219/527
f 1846/2110/412 1885/2097/412 1946/2158/412
f 1907/2171/431 1846/2110/431 1946/2158/431
f 1785/2049/425 1824/2036/425 1885/2097/425
f 1846/2110/439 1785/2049/439 1885/2097/439
f 1724/1988/360 1763/1975/360 1824/2036/360
f 1785/2049/372 1724/1988/372 1824/2036/372
f 1663/1927/454 1702/1914/454 1763/1975/454
f 1724/1988/422 1663/1927/422 1763/1975/422
f 1602/1866/673 1641/1853/673 1702/1914/673
f 1663/1927/512 1602/1866/512 1702/1914/512
f 1541/1805/768 1580/1792/768 1641/1853/768
f 1602/1866/673 1541/1805/673 1641/1853/673
f 1480/1744/710 1519/1731/710 1580/1792/710
f 1541/1805/683 1480/1744/683 1580/1792/683
f 1419/1683/734 1458/1670/734 1519/1731/734
f 1480/1744/711 1419/1683/711 1519/1731/711
f 1358/1622/733 1397/1609/733 1458/1670/733
f 1419/1683/733 1358/1622/733 1458/1670/733
f 1297/1561/765 1336/1548/765 1397/1609/765
f 1358/1622/830 1297/1561/830 1397/1609/830
f 1236/1500/650 1275/1487/650 1336/1548/650
f 1297/1561/724 1236/1500/724 1336/1548/724
f 1175/1439/675 1214/1426/675 1275/1487/675
f 1236/1500/650 1175/1439/650 1275/1487/650
f 1116/1378/628 1154/1365/628 1214/1426/628
f 1175/1439/599 1116/1378/599 1214/1426/599
f 1058/1317/698 1095/1304/698 1154/1365/698
f 1116/1378/699 1058/1317/699 1154/1365/699
f 1002/1256/676 1038/1243/676 1095/1304/676
f 1058/1317/651 1002/1256/651 1095/1304/651
f 947/1195/600 982/1182/600 1038/1243/600
f 1002/1256/600 947/1195/600 1038/1243/600
f 894/1134/562 928/1121/562 982/1182/562
f 947/1195/509 894/1134/509 982/1182/509
f 842/1073/562 875/1060/562 928/1121/562
f 894/1134/562 842/1073/562 928/1121/562
f 792/1012/583 824/999/583 875/1060/583
f 842/1073/608 792/1012/608 875/1060/608
f 743/951/603 774/938/603 824/999/603
f 792/1012/632 743/951/632 824/999/632
f 696/890/600 726/877/600 774/938/600
f 743/951/629 696/890/629 774/938/629
f 650/829/575 679/816/575 726/877/575
f 696/890/600 650/829/600 726/877/600
f 606/768/551 634/755/551 679/816/551
f 650/829/575 606/768/575 679/816/575
f 564/707/600 591/694/600 634/755/600
f 606/768/574 564/707/574 634/755/574
f 523/646/655 549/633/655 591/694/655
f 564/707/626 523/646/626 591/694/626
f 484/585/655 509/572/655 549/633/655
f 523/646/655 484/585/655 549/633/655
f 446/524/655 470/511/655 509/572/655
f 484/585/655 446/524/655 509/572/655
f 410/463/146 433/450/146 470/511/146
f 446/524/184 410/463/184 470/511/184
f 375/402/298 397/389/298 433/450/298
f 410/463/248 375/402/248 433/450/248
f 342/343/655 363/331/655 397/389/655
f 375/402/655 342/343/655 397/389/655
f 310/289/655 330/278/655 363/331/655
f 342/343/655 310/289/655 363/331/655
f 280/240/655 299/230/655 330/278/655
f 310/289/655 280/240/655 330/278/655
f 251/195/655 269/186/655 299/230/655
f 280/240/655 251/195/655 299/230/655
f 224/155/655 241/147/655 269/186/655
f 251/195/655 224/155/655 269/186/655
f 3233/3615/655 3258/3608/655 3295/3638/655
f 3271/3644/655 3233/3615/655 3295/3638/655
f 3193/3581/655 3219/3573/655 3258/3608/655
f 3233/3615/655 3193/3581/655 3258/3608/655
f 3152/3543/655 3179/3534/655 3219/3573/655
f 3193/3581/655 3152/3543/655 3219/3573/655
f 3109/3500/655 3137/3490/655 3179/3534/655
f 3152/3543/655 3109/3500/655 3179/3534/655
f 3065/3452/655 3094/3441/655 3137/3490/655
f 3109/3500/655 3065/3452/655 3137/3490/655
f 3019/3400/153 3049/3388/153 3094/3441/153
f 3065/3452/932 3019/3400/932 3094/3441/932
f 2972/3343/1058 3003/3330/1058 3049/3388/1058
f 3019/3400/219 2972/3343/219 3049/3388/219
f 2923/3282/700 2955/3269/700 3003/3330/700
f 2972/3343/352 2923/3282/352 3003/3330/352
f 2873/3221/655 2906/3208/655 2955/3269/655
f 2923/3282/655 2873/3221/655 2955/3269/655
f 2821/3160/655 2855/3147/655 2906/3208/655
f 2873/3221/655 2821/3160/655 2906/3208/655
f 2768/3099/655 2803/3086/655 2855/3147/655
f 2821/3160/655 2768/3099/655 2855/3147/655
f 2713/3038/653 2749/3025/653 2803/3086/653
f 2768/3099/678 2713/3038/678 2803/3086/678
f 2656/2977/621 2693/2964/621 2749/3025/621
f 2713/3038/676 2656/2977/676 2749/3025/676
f 2598/2916/541 2636/2903/541 2693/2964/541
f 2656/2977/620 2598/2916/620 2693/2964/620
f 2538/2855/516 2577/2842/516 2636/2903/516
f 2598/2916/516 2538/2855/516 2636/2903/516
f 2477/2794/518 2517/2781/518 2577/2842/518
f 2538/2855/494 2477/2794/494 2577/2842/494
f 2416/2733/493 2456/2720/493 2517/2781/493
f 2477/2794/518 2416/2733/518 2517/2781/518
f 2355/2672/539 2395/2659/539 2456/2720/539
f 2416/2733/564 2355/2672/564 2456/2720/564
f 2294/2611/475 2334/2598/475 2395/2659/475
f 2355/2672/439 2294/2611/439 2395/2659/439
f 2233/2550/523 2273/2537/523 2334/2598/523
f 2294/2611/497 2233/2550/497 2334/2598/497
f 2172/2489/652 2212/2476/652 2273/2537/652
f 2233/2550/570 2172/2489/570 2273/2537/570
f 2111/2428/590 2151/2415/590 2212/2476/590
f 2172/2489/673 2111/2428/673 2212/2476/673
f 2050/2367/654 2090/2354/654 2151/2415/654
f 2111/2428/545 2050/2367/545 2151/2415/545
f 1989/2306/731 2029/2293/731 2090/2354/731
f 2050/2367/627 1989/2306/627 2090/2354/627
f 1928/2245/476 1968/2232/476 2029/2293/476
f 1989/2306/687 1928/2245/687 2029/2293/687
f 1867/2184/414 1907/2171/414 1968/2232/414
f 1928/2245/445 1867/2184/445 1968/2232/445
f 1806/2123/413 1846/2110/413 1907/2171/413
f 1867/2184/431 1806/2123/431 1907/2171/431
f 1745/2062/408 1785/2049/408 1846/2110/408
f 1806/2123/427 1745/2062/427 1846/2110/427
f 1684/2001/372 1724/1988/372 1785/2049/372
f 1745/2062/371 1684/2001/371 1785/2049/371
f 1623/1940/471 1663/1927/471 1724/1988/471
f 1684/2001/436 1623/1940/436 1724/1988/436
f 1562/1879/617 1602/1866/617 1663/1927/617
f 1623/1940/538 1562/1879/538 1663/1927/538
f 1501/1818/721 1541/1805/721 1602/1866/721
f 1562/1879/617 1501/1818/617 1602/1866/617
f 1440/1757/683 1480/1744/683 1541/1805/683
f 1501/1818/629 1440/1757/629 1541/1805/629
f 1379/1696/711 1419/1683/711 1480/1744/711
f 1440/1757/660 1379/1696/660 1480/1744/660
f 1318/1635/685 1358/1622/685 1419/1683/685
f 1379/1696/711 1318/1635/711 1419/1683/711
f 1257/1574/649 1297/1561/649 1358/1622/649
f 1318/1635/749 1257/1574/749 1358/1622/749
f 1196/1513/570 1236/1500/570 1297/1561/570
f 1257/1574/595 1196/1513/595 1297/1561/595
f 1136/1452/700 1175/1439/700 1236/1500/700
f 1196/1513/619 1136/1452/619 1236/1500/619
f 1078/1391/753 1116/1378/753 1175/1439/753
f 1136/1452/654 1078/1391/654 1175/1439/654
f 1021/1330/721 1058/1317/721 1116/1378/721
f 1078/1391/790 1021/1330/790 1116/1378/790
f 966/1269/545 1002/1256/545 1058/1317/545
f 1021/1330/678 966/1269/678 1058/1317/678
f 912/1208/575 947/1195/575 1002/1256/575
f 966/1269/521 912/1208/521 1002/1256/521
f 860/1147/509 894/1134/509 947/1195/509
f 912/1208/485 860/1147/485 947/1195/485
f 809/1086/533 842/1073/533 894/1134/533
f 860/1147/509 809/1086/509 894/1134/509
f 760/1025/559 792/1012/559 842/1073/559
f 809/1086/559 760/1025/559 842/1073/559
f 712/964/554 743/951/554 792/1012/554
f 760/1025/604 712/964/604 792/1012/604
f 666/903/576 696/890/576 743/951/576
f 712/964/576 666/903/576 743/951/576
f 621/842/551 650/829/551 696/890/551
f 666/903/576 621/842/576 696/890/576
f 578/781/600 606/768/600 650/829/600
f 621/842/575 578/781/575 650/829/575
f 537/720/656 564/707/656 606/768/656
f 578/781/598 537/720/598 606/768/598
f 497/659/655 523/646/655 564/707/655
f 537/720/655 497/659/655 564/707/655
f 459/598/655 484/585/655 523/646/655
f 497/659/655 459/598/655 523/646/655
f 422/537/392 446/524/392 484/585/392
f 459/598/579 422/537/579 484/585/579
f 387/476/134 410/463/134 446/524/134
f 422/537/157 387/476/157 446/524/157
f 353/415/320 375/402/320 410/463/320
f 387/476/254 353/415/254 410/463/254
f 321/355/655 342/343/655 375/402/655
f 353/415/655 321/355/655 375/402/655
f 290/300/655 310/289/655 342/343/655
f 321/355/655 290/300/655 342/343/655
f 261/250/655 280/240/655 310/289/655
f 290/300/655 261/250/655 310/289/655
f 233/204/655 251/195/655 280/240/655
f 261/250/655 233/204/655 280/240/655
f 207/163/655 224/155/655 251/195/655
f 233/204/655 207/163/655 251/195/655
f 3207/3622/655 3233/3615/655 3271/3644/655
f 3246/3650/655 3207/3622/655 3271/3644/655
f 3166/3589/655 3193/3581/655 3233/3615/655
f 3207/3622/655 3166/3589/655 3233/3615/655
f 3124/3552/655 3152/3543/655 3193/3581/655
f 3166/3589/655 3124/3552/655 3193/3581/655
f 3080/3510/655 3109/3500/655 3152/3543/655
f 3124/3552/655 3080/3510/655 3152/3543/655
f 3035/3463/655 3065/3452/655 3109/3500/655
f 3080/3510/655 3035/3463/655 3109/3500/655
f 2988/3412/255 3019/3400/255 3065/3452/255
f 3035/3463/655 2988/3412/655 3065/3452/655
f 2940/3356/1071 2972/3343/1071 3019/3400/1071
f 2988/3412/1049 2940/3356/1049 3019/3400/1049
f 2890/3296/803 2923/3282/803 2972/3343/803
f 2940/3356/288 2890/3296/288 2972/3343/288
f 2839/3235/655 2873/3221/655 2923/3282/655
f 2890/3296/655 2839/3235/655 2923/3282/655
f 2786/3174/655 2821/3160/655 2873/3221/655
f 2839/3235/655 2786/3174/655 2873/3221/655
f 2732/3113/655 2768/3099/655 2821/3160/655
f 2786/3174/655 2732/3113/655 2821/3160/655
f 2676/3052/653 2713/3038/653 2768/3099/653
f 2732/3113/654 2676/3052/654 2768/3099/654
f 2618/2991/594 2656/2977/594 2713/3038/594
f 2676/3052/653 2618/2991/653 2713/3038/653
f 2559/2930/491 2598/2916/491 2656/2977/491
f 2618/2991/594 2559/2930/594 2656/2977/594
f 2498/2869/468 2538/2855/468 2598/2916/468
f 2559/2930/492 2498/2869/492 2598/2916/492
f 2437/2808/471 2477/2794/471 2538/2855/471
f 2498/2869/453 2437/2808/453 2538/2855/453
f 2376/2747/493 2416/2733/493 2477/2794/493
f 2437/2808/470 2376/2747/470 2477/2794/470
f 2315/2686/539 2355/2672/539 2416/2733/539
f 2376/2747/540 2315/2686/540 2416/2733/540
f 2254/2625/521 2294/2611/521 2355/2672/521
f 2315/2686/454 2254/2625/454 2355/2672/454
f 2193/2564/574 2233/2550/574 2294/2611/574
f 2254/2625/520 2193/2564/520 2294/2611/520
f 2132/2503/701 2172/2489/701 2233/2550/701
f 2193/2564/650 2132/2503/650 2233/2550/650
f 2071/2442/567 2111/2428/567 2172/2489/567
f 2132/2503/702 2071/2442/702 2172/2489/702
f 2010/2381/652 2050/2367/652 2111/2428/652
f 2071/2442/567 2010/2381/567 2111/2428/567
f 1949/2320/773 1989/2306/773 2050/2367/773
f 2010/2381/652 1949/2320/652 2050/2367/652
f 1888/2259/461 1928/2245/461 1989/2306/461
f 1949/2320/665 1888/2259/665 1989/2306/665
f 1827/2198/445 1867/2184/445 1928/2245/445
f 1888/2259/461 1827/2198/461 1928/2245/461
f 1766/2137/444 1806/2123/444 1867/2184/444
f 1827/2198/460 1766/2137/460 1867/2184/460
f 1705/2076/440 1745/2062/440 1806/2123/440
f 1766/2137/476 1705/2076/476 1806/2123/476
f 1644/2015/445 1684/2001/445 1745/2062/445
f 1705/2076/414 1644/2015/414 1745/2062/414
f 1583/1954/545 1623/1940/545 1684/2001/545
f 1644/2015/517 1583/1954/517 1684/2001/517
f 1522/1893/615 1562/1879/615 1623/1940/615
f 1583/1954/615 1522/1893/615 1623/1940/615
f 1461/1832/696 1501/1818/696 1562/1879/696
f 1522/1893/615 1461/1832/615 1562/1879/615
f 1400/1771/657 1440/1757/657 1501/1818/657
f 1461/1832/598 1400/1771/598 1501/1818/598
f 1339/1710/660 1379/1696/660 1440/1757/660
f 1400/1771/631 1339/1710/631 1440/1757/631
f 1278/1649/604 1318/1635/604 1379/1696/604
f 1339/1710/633 1278/1649/633 1379/1696/633
f 1217/1588/570 1257/1574/570 1318/1635/570
f 1278/1649/679 1217/1588/679 1318/1635/679
f 1157/1527/595 1196/1513/595 1257/1574/595
f 1217/1588/570 1157/1527/570 1257/1574/570
f 1098/1466/766 1136/1452/766 1196/1513/766
f 1157/1527/670 1098/1466/670 1196/1513/670
f 1041/1405/836 1078/1391/836 1136/1452/836
f 1098/1466/747 1041/1405/747 1136/1452/747
f 985/1344/701 1021/1330/701 1078/1391/701
f 1041/1405/837 985/1344/837 1078/1391/837
f 931/1283/473 966/1269/473 1021/1330/473
f 985/1344/629 931/1283/629 1021/1330/629
f 878/1222/549 912/1208/549 966/1269/549
f 931/1283/473 878/1222/473 966/1269/473
f 827/1161/485 860/1147/485 912/1208/485
f 878/1222/464 827/1161/464 912/1208/464
f 777/1100/509 809/1086/509 860/1147/509
f 827/1161/485 777/1100/485 860/1147/485
f 729/1039/559 760/1025/559 809/1086/559
f 777/1100/531 729/1039/531 809/1086/531
f 682/978/528 712/964/528 760/1025/528
f 729/1039/581 682/978/581 760/1025/581
f 637/917/576 666/903/576 712/964/576
f 682/978/552 637/917/552 712/964/552
f 593/856/576 621/842/576 666/903/576
f 637/917/576 593/856/576 666/903/576
f 551/795/628 578/781/628 621/842/628
f 593/856/598 551/795/598 621/842/598
f 511/734/655 537/720/655 578/781/655
f 551/795/655 511/734/655 578/781/655
f 472/673/655 497/659/655 537/720/655
f 511/734/655 472/673/655 537/720/655
f 435/612/655 459/598/655 497/659/655
f 472/673/655 435/612/655 497/659/655
f 399/551/120 422/537/120 459/598/120
f 435/612/271 399/551/271 459/598/271
f 365/490/138 387/476/138 422/537/138
f 399/551/90 365/490/90 422/537/90
f 332/429/448 353/415/448 387/476/448
f 365/490/277 332/429/277 387/476/277
f 301/368/655 321/355/655 353/415/655
f 332/429/655 301/368/655 353/415/655
f 271/312/655 290/300/655 321/355/655
f 301/368/655 271/312/655 321/355/655
f 243/261/655 261/250/655 290/300/655
f 271/312/655 243/261/655 290/300/655
f 216/214/655 233/204/655 261/250/655
f 243/261/655 216/214/655 261/250/655
f 191/172/655 207/163/655 233/204/655
f 216/214/655 191/172/655 233/204/655
f 3181/3628/655 3207/3622/655 3246/3650/655
f 3221/3655/655 3181/3628/655 3246/3650/655
f 3139/3596/655 3166/3589/655 3207/3622/655
f 3181/3628/655 3139/3596/655 3207/3622/655
f 3096/3560/655 3124/3552/655 3166/3589/655
f 3139/3596/655 3096/3560/655 3166/3589/655
f 3051/3519/655 3080/3510/655 3124/3552/655
f 3096/3560/655 3051/3519/655 3124/3552/655
f 3005/3473/655 3035/3463/655 3080/3510/655
f 3051/3519/655 3005/3473/655 3080/3510/655
f 2957/3423/655 2988/3412/655 3035/3463/655
f 3005/3473/655 2957/3423/655 3035/3463/655
f 2908/3368/1010 2940/3356/1010 2988/3412/1010
f 2957/3423/1099 2908/3368/1099 2988/3412/1099
f 2857/3309/977 2890/3296/977 2940/3356/977
f 2908/3368/257 2857/3309/257 2940/3356/257
f 2805/3248/655 2839/3235/655 2890/3296/655
f 2857/3309/655 2805/3248/655 2890/3296/655
f 2751/3187/655 2786/3174/655 2839/3235/655
f 2805/3248/655 2751/3187/655 2839/3235/655
f 2696/3126/655 2732/3113/655 2786/3174/655
f 2751/3187/655 2696/3126/655 2786/3174/655
f 2639/3065/626 2676/3052/626 2732/3113/626
f 2696/3126/655 2639/3065/655 2732/3113/655
f 2580/3004/571 2618/2991/571 2676/3052/571
f 2639/3065/626 2580/3004/626 2676/3052/626
f 2520/2943/493 2559/2930/493 2618/2991/493
f 2580/3004/571 2520/2943/571 2618/2991/571
f 2459/2882/451 2498/2869/451 2559/2930/451
f 2520/2943/493 2459/2882/493 2559/2930/493
f 2398/2821/453 2437/2808/453 2498/2869/453
f 2459/2882/436 2398/2821/436 2498/2869/436
f 2337/2760/471 2376/2747/471 2437/2808/471
f 2398/2821/452 2337/2760/452 2437/2808/452
f 2276/2699/540 2315/2686/540 2376/2747/540
f 2337/2760/513 2276/2699/513 2376/2747/513
f 2215/2638/547 2254/2625/547 2315/2686/547
f 2276/2699/471 2215/2638/471 2315/2686/471
f 2154/2577/625 2193/2564/625 2254/2625/625
f 2215/2638/547 2154/2577/547 2254/2625/547
f 2093/2516/722 2132/2503/722 2193/2564/722
f 2154/2577/673 2093/2516/673 2193/2564/673
f 2032/2455/623 2071/2442/623 2132/2503/623
f 2093/2516/678 2032/2455/678 2132/2503/678
f 1971/2394/722 2010/2381/722 2071/2442/722
f 2032/2455/648 1971/2394/648 2071/2442/648
f 1910/2333/791 1949/2320/791 2010/2381/791
f 1971/2394/701 1910/2333/701 2010/2381/701
f 1849/2272/509 1888/2259/509 1949/2320/509
f 1910/2333/612 1849/2272/612 1949/2320/612
f 1788/2211/581 1827/2198/581 1888/2259/581
f 1849/2272/556 1788/2211/556 1888/2259/556
f 1727/2150/579 1766/2137/579 1827/2198/579
f 1788/2211/580 1727/2150/580 1827/2198/580
f 1666/2089/576 1705/2076/576 1766/2137/576
f 1727/2150/629 1666/2089/629 1766/2137/629
f 1605/2028/579 1644/2015/579 1705/2076/579
f 1666/2089/554 1605/2028/554 1705/2076/554
f 1544/1967/651 1583/1954/651 1644/2015/651
f 1605/2028/676 1544/1967/676 1644/2015/676
f 1483/1906/668 1522/1893/668 1583/1954/668
f 1544/1967/717 1483/1906/717 1583/1954/717
f 1422/1845/668 1461/1832/668 1522/1893/668
f 1483/1906/668 1422/1845/668 1522/1893/668
f 1361/1784/599 1400/1771/599 1461/1832/599
f 1422/1845/549 1361/1784/549 1461/1832/549
f 1300/1723/578 1339/1710/578 1400/1771/578
f 1361/1784/553 1300/1723/553 1400/1771/553
f 1239/1662/528 1278/1649/528 1339/1710/528
f 1300/1723/556 1239/1662/556 1339/1710/556
f 1178/1601/573 1217/1588/573 1278/1649/573
f 1239/1662/598 1178/1601/598 1278/1649/598
f 1119/1540/702 1157/1527/702 1217/1588/702
f 1178/1601/622 1119/1540/622 1217/1588/622
f 1061/1479/828 1098/1466/828 1157/1527/828
f 1119/1540/782 1061/1479/782 1157/1527/782
f 1005/1418/747 1041/1405/747 1098/1466/747
f 1061/1479/770 1005/1418/770 1098/1466/770
f 950/1357/521 985/1344/521 1041/1405/521
f 1005/1418/683 950/1357/683 1041/1405/683
f 897/1296/441 931/1283/441 985/1344/441
f 950/1357/500 897/1296/500 985/1344/500
f 845/1235/495 878/1222/495 931/1283/495
f 897/1296/472 845/1235/472 931/1283/472
f 795/1174/447 827/1161/447 878/1222/447
f 845/1235/433 795/1174/433 878/1222/433
f 746/1113/486 777/1100/486 827/1161/486
f 795/1174/447 746/1113/447 827/1161/447
f 699/1052/559 729/1039/559 777/1100/559
f 746/1113/506 699/1052/506 777/1100/506
f 653/991/529 682/978/529 729/1039/529
f 699/1052/557 653/991/557 729/1039/557
f 609/930/576 637/917/576 682/978/576
f 653/991/577 609/930/577 682/978/577
f 566/869/600 593/856/600 637/917/600
f 609/930/576 566/869/576 637/917/576
f 525/808/655 551/795/655 593/856/655
f 566/869/626 525/808/626 593/856/626
f 486/747/655 511/734/655 551/795/655
f 525/808/655 486/747/655 551/795/655
f 448/686/655 472/673/655 511/734/655
f 486/747/655 448/686/655 511/734/655
f 412/625/159 435/612/159 472/673/159
f 448/686/297 412/625/297 472/673/297
f 377/564/71 399/551/71 435/612/71
f 412/625/115 377/564/115 435/612/115
f 344/503/206 365/490/206 399/551/206
f 377/564/76 344/503/76 399/551/76
f 312/442/629 332/429/629 365/490/629
f 344/503/497 312/442/497 365/490/497
f 282/381/655 301/368/655 332/429/655
f 312/442/655 282/381/655 332/429/655
f 253/324/655 271/312/655 301/368/655
f 282/381/655 253/324/655 301/368/655
f 226/272/655 243/261/655 271/312/655
f 253/324/655 226/272/655 271/312/655
f 200/224/655 216/214/655 243/261/655
f 226/272/655 200/224/655 243/261/655
f 176/181/655 191/172/655 216/214/655
f 200/224/655 176/181/655 216/214/655
f 3154/3634/655 3181/3628/655 3221/3655/655
f 3195/3660/655 3154/3634/655 3221/3655/655
f 3111/3603/655 3139/3596/655 3181/3628/655
f 3154/3634/655 3111/3603/655 3181/3628/655
f 3067/3568/655 3096/3560/655 3139/3596/655
f 3111/3603/655 3067/3568/655 3139/3596/655
f 3021/3528/655 3051/3519/655 3096/3560/655
f 3067/3568/655 3021/3528/655 3096/3560/655
f 2974/3483/655 3005/3473/655 3051/3519/655
f 3021/3528/655 2974/3483/655 3051/3519/655
f 2925/3434/655 2957/3423/655 3005/3473/655
f 2974/3483/655 2925/3434/655 3005/3473/655
f 2875/3380/264 2908/3368/264 2957/3423/264
f 2925/3434/1076 2875/3380/1076 2957/3423/1076
f 2823/3322/1047 2857/3309/1047 2908/3368/1047
f 2875/3380/231 2823/3322/231 2908/3368/231
f 2770/3261/655 2805/3248/655 2857/3309/655
f 2823/3322/655 2770/3261/655 2857/3309/655
f 2715/3200/655 2751/3187/655 2805/3248/655
f 2770/3261/655 2715/3200/655 2805/3248/655
f 2659/3139/655 2696/3126/655 2751/3187/655
f 2715/3200/655 2659/3139/655 2751/3187/655
f 2601/3078/654 2639/3065/654 2696/3126/654
f 2659/3139/655 2601/3078/655 2696/3126/655
f 2541/3017/597 2580/3004/597 2639/3065/597
f 2601/3078/627 2541/3017/627 2639/3065/627
f 2480/2956/546 2520/2943/546 2580/3004/546
f 2541/3017/597 2480/2956/597 2580/3004/597
f 2419/2895/470 2459/2882/470 2520/2943/470
f 2480/2956/520 2419/2895/520 2520/2943/520
f 2358/2834/453 2398/2821/453 2459/2882/453
f 2419/2895/470 2358/2834/470 2459/2882/470
f 2297/2773/470 2337/2760/470 2398/2821/470
f 2358/2834/469 2297/2773/469 2398/2821/469
f 2236/2712/539 2276/2699/539 2337/2760/539
f 2297/2773/539 2236/2712/539 2337/2760/539
f 2175/2651/545 2215/2638/545 2276/2699/545
f 2236/2712/492 2175/2651/492 2276/2699/492
f 2114/2590/595 2154/2577/595 2215/2638/595
f 2175/2651/545 2114/2590/545 2215/2638/545
f 2053/2529/673 2093/2516/673 2154/2577/673
f 2114/2590/648 2053/2529/648 2154/2577/648
f 1992/2468/726 2032/2455/726 2093/2516/726
f 2053/2529/651 1992/2468/651 2093/2516/651
f 1931/2407/808 1971/2394/808 2032/2455/808
f 1992/2468/785 1931/2407/785 2032/2455/785
f 1870/2346/768 1910/2333/768 1971/2394/768
f 1931/2407/789 1870/2346/789 1971/2394/789
f 1809/2285/639 1849/2272/639 1910/2333/639
f 1870/2346/587 1809/2285/587 1910/2333/587
f 1748/2224/758 1788/2211/758 1849/2272/758
f 1809/2285/711 1748/2224/711 1849/2272/711
f 1687/2163/757 1727/2150/757 1788/2211/757
f 1748/2224/758 1687/2163/758 1788/2211/758
f 1626/2102/776 1666/2089/776 1727/2150/776
f 1687/2163/776 1626/2102/776 1727/2150/776
f 1565/2041/711 1605/2028/711 1666/2089/711
f 1626/2102/734 1565/2041/734 1666/2089/734
f 1504/1980/748 1544/1967/748 1605/2028/748
f 1565/2041/791 1504/1980/791 1605/2028/791
f 1443/1919/695 1483/1906/695 1544/1967/695
f 1504/1980/785 1443/1919/785 1544/1967/785
f 1382/1858/668 1422/1845/668 1483/1906/668
f 1443/1919/695 1382/1858/695 1483/1906/695
f 1321/1797/549 1361/1784/549 1422/1845/549
f 1382/1858/548 1321/1797/548 1422/1845/548
f 1260/1736/525 1300/1723/525 1361/1784/525
f 1321/1797/525 1260/1736/525 1361/1784/525
f 1199/1675/529 1239/1662/529 1300/1723/529
f 1260/1736/503 1199/1675/503 1300/1723/503
f 1139/1614/680 1178/1601/680 1239/1662/680
f 1199/1675/625 1139/1614/625 1239/1662/625
f 1081/1553/789 1119/1540/789 1178/1601/789
f 1139/1614/744 1081/1553/744 1178/1601/744
f 1024/1492/694 1061/1479/694 1119/1540/694
f 1081/1553/807 1024/1492/807 1119/1540/807
f 969/1431/470 1005/1418/470 1061/1479/470
f 1024/1492/597 969/1431/597 1061/1479/597
f 915/1370/411 950/1357/411 1005/1418/411
f 969/1431/412 915/1370/412 1005/1418/412
f 863/1309/429 897/1296/429 950/1357/429
f 915/1370/411 863/1309/411 950/1357/411
f 812/1248/423 845/1235/423 897/1296/423
f 863/1309/454 812/1248/454 897/1296/454
f 763/1187/417 795/1174/417 845/1235/417
f 812/1248/371 763/1187/371 845/1235/371
f 715/1126/484 746/1113/484 795/1174/484
f 763/1187/416 715/1126/416 795/1174/416
f 669/1065/558 699/1052/558 746/1113/558
f 715/1126/504 669/1065/504 746/1113/504
f 624/1004/582 653/991/582 699/1052/582
f 669/1065/557 624/1004/557 699/1052/557
f 581/943/577 609/930/577 653/991/577
f 624/1004/630 581/943/630 653/991/630
f 539/882/629 566/869/629 609/930/629
f 581/943/599 539/882/599 609/930/599
f 499/821/655 525/808/655 566/869/655
f 539/882/655 499/821/655 566/869/655
f 461/760/655 486/747/655 525/808/655
f 499/821/655 461/760/655 525/808/655
f 424/699/132 448/686/132 486/747/132
f 461/760/283 424/699/283 486/747/283
f 389/638/34 412/625/34 448/686/34
f 424/699/100 389/638/100 448/686/100
f 355/577/117 377/564/117 412/625/117
f 389/638/41 355/577/41 412/625/41
f 323/516/303 344/503/303 377/564/303
f 355/577/171 323/516/171 377/564/171
f 292/455/655 312/442/655 344/503/655
f 323/516/655 292/455/655 344/503/655
f 263/394/655 282/381/655 312/442/655
f 292/455/655 263/394/655 312/442/655
f 235/336/655 253/324/655 282/381/655
f 263/394/655 235/336/655 282/381/655
f 209/283/655 226/272/655 253/324/655
f 235/336/655 209/283/655 253/324/655
f 184/234/655 200/224/655 226/272/655
f 209/283/655 184/234/655 226/272/655
f 161/190/655 176/181/655 200/224/655
f 184/234/655 161/190/655 200/224/655
f 3127/3640/655 3154/3634/655 3195/3660/655
f 3169/3665/655 3127/3640/655 3195/3660/655
f 3083/3610/655 3111/3603/655 3154/3634/655
f 3127/3640/655 3083/3610/655 3154/3634/655
f 3038/3576/655 3067/3568/655 3111/3603/655
f 3083/3610/655 3038/3576/655 3111/3603/655
f 2991/3537/655 3021/3528/655 3067/3568/655
f 3038/3576/655 2991/3537/655 3067/3568/655
f 2943/3493/655 2974/3483/655 3021/3528/655
f 2991/3537/655 2943/3493/655 3021/3528/655
f 2893/3445/655 2925/3434/655 2974/3483/655
f 2943/3493/655 2893/3445/655 2974/3483/655
f 2842/3392/188 2875/3380/188 2925/3434/188
f 2893/3445/1027 2842/3392/1027 2925/3434/1027
f 2789/3335/1083 2823/3322/1083 2875/3380/1083
f 2842/3392/244 2789/3335/244 2875/3380/244
f 2735/3274/655 2770/3261/655 2823/3322/655
f 2789/3335/655 2735/3274/655 2823/3322/655
f 2679/3213/655 2715/3200/655 2770/3261/655
f 2735/3274/655 2679/3213/655 2770/3261/655
f 2622/3152/655 2659/3139/655 2715/3200/655
f 2679/3213/655 2622/3152/655 2715/3200/655
f 2563/3091/655 2601/3078/655 2659/3139/655
f 2622/3152/655 2563/3091/655 2659/3139/655
f 2502/3030/655 2541/3017/655 2601/3078/655
f 2563/3091/655 2502/3030/655 2601/3078/655
f 2441/2969/626 2480/2956/626 2541/3017/626
f 2502/3030/655 2441/2969/655 2541/3017/655
f 2380/2908/547 2419/2895/547 2480/2956/547
f 2441/2969/626 2380/2908/626 2480/2956/626
f 2319/2847/493 2358/2834/493 2419/2895/493
f 2380/2908/547 2319/2847/547 2419/2895/547
f 2258/2786/516 2297/2773/516 2358/2834/516
f 2319/2847/516 2258/2786/516 2358/2834/516
f 2197/2725/513 2236/2712/513 2297/2773/513
f 2258/2786/541 2197/2725/541 2297/2773/541
f 2136/2664/492 2175/2651/492 2236/2712/492
f 2197/2725/491 2136/2664/491 2236/2712/491
f 2075/2603/493 2114/2590/493 2175/2651/493
f 2136/2664/492 2075/2603/492 2175/2651/492
f 2014/2542/591 2053/2529/591 2114/2590/591
f 2075/2603/541 2014/2542/541 2114/2590/541
f 1953/2481/812 1992/2468/812 2053/2529/812
f 2014/2542/617 1953/2481/617 2053/2529/617
f 1892/2420/871 1931/2407/871 1992/2468/871
f 1953/2481/850 1892/2420/850 1992/2468/850
f 1831/2359/769 1870/2346/769 1931/2407/769
f 1892/2420/833 1831/2359/833 1931/2407/833
f 1770/2298/691 1809/2285/691 1870/2346/691
f 1831/2359/610 1770/2298/610 1870/2346/610
f 1709/2237/821 1748/2224/821 1809/2285/821
f 1770/2298/778 1709/2237/778 1809/2285/778
f 1648/2176/843 1687/2163/843 1748/2224/843
f 1709/2237/842 1648/2176/842 1748/2224/842
f 1587/2115/880 1626/2102/880 1687/2163/880
f 1648/2176/880 1587/2115/880 1687/2163/880
f 1526/2054/779 1565/2041/779 1626/2102/779
f 1587/2115/844 1526/2054/844 1626/2102/844
f 1465/1993/791 1504/1980/791 1565/2041/791
f 1526/2054/836 1465/1993/836 1565/2041/836
f 1404/1932/697 1443/1919/697 1504/1980/697
f 1465/1993/810 1404/1932/810 1504/1980/810
f 1343/1871/644 1382/1858/644 1443/1919/644
f 1404/1932/696 1343/1871/696 1443/1919/696
f 1282/1810/549 1321/1797/549 1382/1858/549
f 1343/1871/548 1282/1810/548 1382/1858/548
f 1221/1749/552 1260/1736/552 1321/1797/552
f 1282/1810/524 1221/1749/524 1321/1797/524
f 1160/1688/605 1199/1675/605 1260/1736/605
f 1221/1749/526 1160/1688/526 1260/1736/526
f 1101/1627/704 1139/1614/704 1199/1675/704
f 1160/1688/679 1101/1627/679 1199/1675/679
f 1044/1566/698 1081/1553/698 1139/1614/698
f 1101/1627/746 1044/1566/746 1139/1614/746
f 988/1505/450 1024/1492/450 1081/1553/450
f 1044/1566/652 988/1505/652 1081/1553/652
f 934/1444/344 969/1431/344 1024/1492/344
f 988/1505/393 934/1444/393 1024/1492/393
f 881/1383/349 915/1370/349 969/1431/349
f 934/1444/336 881/1383/336 969/1431/336
f 830/1322/394 863/1309/394 915/1370/394
f 881/1383/357 830/1322/357 915/1370/357
f 780/1261/356 812/1248/356 863/1309/356
f 830/1322/409 780/1261/409 863/1309/409
f 732/1200/386 763/1187/386 812/1248/386
f 780/1261/338 732/1200/338 812/1248/338
f 685/1139/462 715/1126/462 763/1187/462
f 732/1200/396 685/1139/396 763/1187/396
f 640/1078/556 669/1065/556 715/1126/556
f 685/1139/461 640/1078/461 715/1126/461
f 596/1017/581 624/1004/581 669/1065/581
f 640/1078/556 596/1017/556 669/1065/556
f 554/956/577 581/943/577 624/1004/577
f 596/1017/603 554/956/603 624/1004/603
f 513/895/628 539/882/628 581/943/628
f 554/956/599 513/895/599 581/943/599
f 474/834/655 499/821/655 539/882/655
f 513/895/655 474/834/655 539/882/655
f 437/773/251 461/760/251 499/821/251
f 474/834/401 437/773/401 499/821/401
f 401/712/24 424/699/24 461/760/24
f 437/773/127 401/712/127 461/760/127
f 367/651/139 389/638/139 424/699/139
f 401/712/38 367/651/38 424/699/38
f 334/590/362 355/577/362 389/638/362
f 367/651/230 334/590/230 389/638/230
f 303/529/655 323/516/655 355/577/655
f 334/590/655 303/529/655 355/577/655
f 273/468/655 292/455/655 323/516/655
f 303/529/655 273/468/655 323/516/655
f 245/407/655 263/394/655 292/455/655
f 273/468/655 245/407/655 292/455/655
f 218/348/655 235/336/655 263/394/655
f 245/407/655 218/348/655 263/394/655
f 193/294/655 209/283/655 235/336/655
f 218/348/655 193/294/655 235/336/655
f 169/244/655 184/234/655 209/283/655
f 193/294/655 169/244/655 209/283/655
f 147/199/655 161/190/655 184/234/655
f 169/244/655 147/199/655 184/234/655
f 3099/3646/655 3127/3640/655 3169/3665/655
f 3142/3670/655 3099/3646/655 3169/3665/655
f 3054/3617/655 3083/3610/655 3127/3640/655
f 3099/3646/655 3054/3617/655 3127/3640/655
f 3008/3584/655 3038/3576/655 3083/3610/655
f 3054/3617/655 3008/3584/655 3083/3610/655
f 2960/3546/655 2991/3537/655 3038/3576/655
f 3008/3584/655 2960/3546/655 3038/3576/655
f 2911/3503/655 2943/3493/655 2991/3537/655
f 2960/3546/655 2911/3503/655 2991/3537/655
f 2860/3456/655 2893/3445/655 2943/3493/655
f 2911/3503/655 2860/3456/655 2943/3493/655
f 2808/3404/210 2842/3392/210 2893/3445/210
f 2860/3456/654 2808/3404/654 2893/3445/654
f 2754/3348/1113 2789/3335/1113 2842/3392/1113
f 2808/3404/931 2754/3348/931 2842/3392/931
f 2699/3287/655 2735/3274/655 2789/3335/655
f 2754/3348/655 2699/3287/655 2789/3335/655
f 2642/3226/655 2679/3213/655 2735/3274/655
f 2699/3287/655 2642/3226/655 2735/3274/655
f 2584/3165/655 2622/3152/655 2679/3213/655
f 2642/3226/655 2584/3165/655 2679/3213/655
f 2524/3104/655 2563/3091/655 2622/3152/655
f 2584/3165/655 2524/3104/655 2622/3152/655
f 2463/3043/655 2502/3030/655 2563/3091/655
f 2524/3104/655 2463/3043/655 2563/3091/655
f 2402/2982/655 2441/2969/655 2502/3030/655
f 2463/3043/655 2402/2982/655 2502/3030/655
f 2341/2921/654 2380/2908/654 2441/2969/654
f 2402/2982/655 2341/2921/655 2441/2969/655
f 2280/2860/571 2319/2847/571 2380/2908/571
f 2341/2921/654 2280/2860/654 2380/2908/654
f 2219/2799/544 2258/2786/544 2319/2847/544
f 2280/2860/570 2219/2799/570 2319/2847/570
f 2158/2738/514 2197/2725/514 2258/2786/514
f 2219/2799/566 2158/2738/566 2258/2786/566
f 2097/2677/491 2136/2664/491 2197/2725/491
f 2158/2738/491 2097/2677/491 2197/2725/491
f 2036/2616/470 2075/2603/470 2136/2664/470
f 2097/2677/470 2036/2616/470 2136/2664/470
f 1975/2555/565 2014/2542/565 2075/2603/565
f 2036/2616/514 1975/2555/514 2075/2603/514
f 1914/2494/849 1953/2481/849 2014/2542/849
f 1975/2555/640 1914/2494/640 2014/2542/640
f 1853/2433/850 1892/2420/850 1953/2481/850
f 1914/2494/850 1853/2433/850 1953/2481/850
f 1792/2372/702 1831/2359/702 1892/2420/702
f 1853/2433/793 1792/2372/793 1892/2420/793
f 1731/2311/585 1770/2298/585 1831/2359/585
f 1792/2372/559 1731/2311/559 1831/2359/559
f 1670/2250/710 1709/2237/710 1770/2298/710
f 1731/2311/683 1670/2250/683 1770/2298/683
f 1609/2189/757 1648/2176/757 1709/2237/757
f 1670/2250/710 1609/2189/710 1709/2237/710
f 1548/2128/860 1587/2115/860 1648/2176/860
f 1609/2189/795 1548/2128/795 1648/2176/795
f 1487/2067/823 1526/2054/823 1587/2115/823
f 1548/2128/823 1487/2067/823 1587/2115/823
f 1426/2006/814 1465/1993/814 1526/2054/814
f 1487/2067/878 1426/2006/878 1526/2054/878
f 1365/1945/675 1404/1932/675 1465/1993/675
f 1426/2006/814 1365/1945/814 1465/1993/814
f 1304/1884/646 1343/1871/646 1404/1932/646
f 1365/1945/719 1304/1884/719 1404/1932/719
f 1243/1823/548 1282/1810/548 1343/1871/548
f 1304/1884/548 1243/1823/548 1343/1871/548
f 1182/1762/552 1221/1749/552 1282/1810/552
f 1243/1823/524 1182/1762/524 1282/1810/524
f 1122/1701/603 1160/1688/603 1221/1749/603
f 1182/1762/552 1122/1701/552 1221/1749/552
f 1064/1640/626 1101/1627/626 1160/1688/626
f 1122/1701/679 1064/1640/679 1160/1688/679
f 1008/1579/568 1044/1566/568 1101/1627/568
f 1064/1640/652 1008/1579/652 1101/1627/652
f 953/1518/363 988/1505/363 1044/1566/363
f 1008/1579/498 953/1518/498 1044/1566/498
f 900/1457/324 934/1444/324 988/1505/324
f 953/1518/348 900/1457/348 988/1505/348
f 848/1396/336 881/1383/336 934/1444/336
f 900/1457/324 848/1396/324 934/1444/324
f 798/1335/367 830/1322/367 881/1383/367
f 848/1396/345 798/1335/345 881/1383/345
f 749/1274/346 780/1261/346 830/1322/346
f 798/1335/367 749/1274/367 830/1322/367
f 702/1213/384 732/1200/384 780/1261/384
f 749/1274/347 702/1213/347 780/1261/347
f 656/1152/459 685/1139/459 732/1200/459
f 702/1213/394 656/1152/394 732/1200/394
f 612/1091/527 640/1078/527 685/1139/527
f 656/1152/459 612/1091/459 685/1139/459
f 569/1030/556 596/1017/556 640/1078/556
f 612/1091/528 569/1030/528 640/1078/528
f 528/969/578 554/956/578 596/1017/578
f 569/1030/578 528/969/578 596/1017/578
f 488/908/656 513/895/656 554/956/656
f 528/969/626 488/908/626 554/956/626
f 450/847/655 474/834/655 513/895/655
f 488/908/655 450/847/655 513/895/655
f 414/786/39 437/773/39 474/834/39
f 450/847/197 414/786/197 474/834/197
f 379/725/151 401/712/151 437/773/151
f 414/786/28 379/725/28 437/773/28
f 346/664/532 367/651/532 401/712/532
f 379/725/307 346/664/307 401/712/307
f 314/603/655 334/590/655 367/651/655
f 346/664/655 314/603/655 367/651/655
f 284/542/655 303/529/655 334/590/655
f 314/603/655 284/542/655 334/590/655
f 255/481/655 273/468/655 303/529/655
f 284/542/655 255/481/655 303/529/655
f 228/420/655 245/407/655 273/468/655
f 255/481/655 228/420/655 273/468/655
f 202/360/655 218/348/655 245/407/655
f 228/420/655 202/360/655 245/407/655
f 178/305/655 193/294/655 218/348/655
f 202/360/655 178/305/655 218/348/655
f 155/254/655 169/244/655 193/294/655
f 178/305/655 155/254/655 193/294/655
f 134/208/655 147/199/655 169/244/655
f 155/254/655 134/208/655 169/244/655
f 3070/3652/655 3099/3646/655 3142/3670/655
f 3114/3675/655 3070/3652/655 3142/3670/655
f 3024/3624/655 3054/3617/655 3099/3646/655
f 3070/3652/655 3024/3624/655 3099/3646/655
f 2977/3592/655 3008/3584/655 3054/3617/655
f 3024/3624/655 2977/3592/655 3054/3617/655
f 2928/3555/655 2960/3546/655 3008/3584/655
f 2977/3592/655 2928/3555/655 3008/3584/655
f 2878/3513/655 2911/3503/655 2960/3546/655
f 2928/3555/655 2878/3513/655 2960/3546/655
f 2826/3467/655 2860/3456/655 2911/3503/655
f 2878/3513/655 2826/3467/655 2911/3503/655
f 2773/3416/597 2808/3404/597 2860/3456/597
f 2826/3467/655 2773/3416/655 2860/3456/655
f 2718/3361/1135 2754/3348/1135 2808/3404/1135
f 2773/3416/1133 2718/3361/1133 2808/3404/1133
f 2662/3301/655 2699/3287/655 2754/3348/655
f 2718/3361/655 2662/3301/655 2754/3348/655
f 2604/3240/655 2642/3226/655 2699/3287/655
f 2662/3301/655 2604/3240/655 2699/3287/655
f 2545/3179/655 2584/3165/655 2642/3226/655
f 2604/3240/655 2545/3179/655 2642/3226/655
f 2484/3118/655 2524/3104/655 2584/3165/655
f 2545/3179/655 2484/3118/655 2584/3165/655
f 2423/3057/655 2463/3043/655 2524/3104/655
f 2484/3118/655 2423/3057/655 2524/3104/655
f 2362/2996/655 2402/2982/655 2463/3043/655
f 2423/3057/655 2362/2996/655 2463/3043/655
f 2301/2935/655 2341/2921/655 2402/2982/655
f 2362/2996/655 2301/2935/655 2402/2982/655
f 2240/2874/626 2280/2860/626 2341/2921/626
f 2301/2935/655 2240/2874/655 2341/2921/655
f 2179/2813/570 2219/2799/570 2280/2860/570
f 2240/2874/653 2179/2813/653 2280/2860/653
f 2118/2752/541 2158/2738/541 2219/2799/541
f 2179/2813/592 2118/2752/592 2219/2799/592
f 2057/2691/516 2097/2677/516 2158/2738/516
f 2118/2752/516 2057/2691/516 2158/2738/516
f 1996/2630/517 2036/2616/517 2097/2677/517
f 2057/2691/517 1996/2630/517 2097/2677/517
f 1935/2569/590 1975/2555/590 2036/2616/590
f 1996/2630/565 1935/2569/565 2036/2616/565
f 1874/2508/761 1914/2494/761 1975/2555/761
f 1935/2569/692 1874/2508/692 1975/2555/692
f 1813/2447/696 1853/2433/696 1914/2494/696
f 1874/2508/697 1813/2447/697 1914/2494/697
f 1752/2386/474 1792/2372/474 1853/2433/474
f 1813/2447/575 1752/2386/575 1853/2433/575
f 1691/2325/434 1731/2311/434 1792/2372/434
f 1752/2386/418 1691/2325/418 1792/2372/418
f 1630/2264/500 1670/2250/500 1731/2311/500
f 1691/2325/477 1630/2264/477 1731/2311/477
f 1569/2203/553 1609/2189/553 1670/2250/553
f 1630/2264/500 1569/2203/500 1670/2250/500
f 1508/2142/681 1548/2128/681 1609/2189/681
f 1569/2203/597 1508/2142/597 1609/2189/597
f 1447/2081/736 1487/2067/736 1548/2128/736
f 1508/2142/632 1447/2081/632 1548/2128/632
f 1386/2020/816 1426/2006/816 1487/2067/816
f 1447/2081/816 1386/2020/816 1487/2067/816
f 1325/1959/678 1365/1945/678 1426/2006/678
f 1386/2020/817 1325/1959/817 1426/2006/817
f 1264/1898/647 1304/1884/647 1365/1945/647
f 1325/1959/722 1264/1898/722 1365/1945/722
f 1203/1837/548 1243/1823/548 1304/1884/548
f 1264/1898/573 1203/1837/573 1304/1884/573
f 1143/1776/524 1182/1762/524 1243/1823/524
f 1203/1837/524 1143/1776/524 1243/1823/524
f 1084/1715/552 1122/1701/552 1182/1762/552
f 1143/1776/524 1084/1715/524 1182/1762/524
f 1027/1654/521 1064/1640/521 1122/1701/521
f 1084/1715/574 1027/1654/574 1122/1701/574
f 972/1593/470 1008/1579/470 1064/1640/470
f 1027/1654/520 972/1593/520 1064/1640/520
f 918/1532/347 953/1518/347 1008/1579/347
f 972/1593/412 918/1532/412 1008/1579/412
f 866/1471/330 900/1457/330 953/1518/330
f 918/1532/338 866/1471/338 953/1518/338
f 815/1410/335 848/1396/335 900/1457/335
f 866/1471/328 815/1410/328 900/1457/328
f 766/1349/365 798/1335/365 848/1396/365
f 815/1410/344 766/1349/344 848/1396/344
f 718/1288/367 749/1274/367 798/1335/367
f 766/1349/357 718/1288/357 798/1335/357
f 672/1227/410 702/1213/410 749/1274/410
f 718/1288/380 672/1227/380 749/1274/380
f 627/1166/458 656/1152/458 702/1213/458
f 672/1227/409 627/1166/409 702/1213/409
f 584/1105/501 612/1091/501 656/1152/501
f 627/1166/458 584/1105/458 656/1152/458
f 542/1044/503 569/1030/503 612/1091/503
f 584/1105/480 542/1044/480 612/1091/480
f 502/983/578 528/969/578 569/1030/578
f 542/1044/525 502/983/525 569/1030/525
f 463/922/655 488/908/655 528/969/655
f 502/983/655 463/922/655 528/969/655
f 426/861/323 450/847/323 488/908/323
f 463/922/558 426/861/558 488/908/558
f 391/800/102 414/786/102 450/847/102
f 426/861/145 391/800/145 450/847/145
f 357/739/294 379/725/294 414/786/294
f 391/800/152 357/739/152 414/786/152
f 325/678/655 346/664/655 379/725/655
f 357/739/655 325/678/655 379/725/655
f 294/617/655 314/603/655 346/664/655
f 325/678/655 294/617/655 346/664/655
f 265/556/655 284/542/655 314/603/655
f 294/617/655 265/556/655 314/603/655
f 237/495/655 255/481/655 284/542/655
f 265/556/655 237/495/655 284/542/655
f 211/434/655 228/420/655 255/481/655
f 237/495/655 211/434/655 255/481/655
f 186/373/655 202/360/655 228/420/655
f 211/434/655 186/373/655 228/420/655
f 163/317/655 178/305/655 202/360/655
f 186/373/655 163/317/655 202/360/655
f 141/265/655 155/254/655 178/305/655
f 163/317/655 141/265/655 178/305/655
f 121/218/655 134/208/655 155/254/655
f 141/265/655 121/218/655 155/254/655
f 3041/3657/655 3070/3652/655 3114/3675/655
f 3086/3679/655 3041/3657/655 3114/3675/655
f 2994/3630/655 3024/3624/655 3070/3652/655
f 3041/3657/655 2994/3630/655 3070/3652/655
f 2946/3599/655 2977/3592/655 3024/3624/655
f 2994/3630/655 2946/3599/655 3024/3624/655
f 2896/3563/655 2928/3555/655 2977/3592/655
f 2946/3599/655 2896/3563/655 2977/3592/655
f 2845/3522/655 2878/3513/655 2928/3555/655
f 2896/3563/655 2845/3522/655 2928/3555/655
f 2792/3477/655 2826/3467/655 2878/3513/655
f 2845/3522/655 2792/3477/655 2878/3513/655
f 2738/3427/655 2773/3416/655 2826/3467/655
f 2792/3477/655 2738/3427/655 2826/3467/655
f 2682/3373/293 2718/3361/293 2773/3416/293
f 2738/3427/1103 2682/3373/1103 2773/3416/1103
f 2625/3314/655 2662/3301/655 2718/3361/655
f 2682/3373/162 2625/3314/162 2718/3361/162
f 2566/3253/655 2604/3240/655 2662/3301/655
f 2625/3314/655 2566/3253/655 2662/3301/655
f 2506/3192/655 2545/3179/655 2604/3240/655
f 2566/3253/655 2506/3192/655 2604/3240/655
f 2445/3131/655 2484/3118/655 2545/3179/655
f 2506/3192/655 2445/3131/655 2545/3179/655
f 2384/3070/655 2423/3057/655 2484/3118/655
f 2445/3131/655 2384/3070/655 2484/3118/655
f 2323/3009/655 2362/2996/655 2423/3057/655
f 2384/3070/655 2323/3009/655 2423/3057/655
f 2262/2948/655 2301/2935/655 2362/2996/655
f 2323/3009/655 2262/2948/655 2362/2996/655
f 2201/2887/655 2240/2874/655 2301/2935/655
f 2262/2948/655 2201/2887/655 2301/2935/655
f 2140/2826/596 2179/2813/596 2240/2874/596
f 2201/2887/655 2140/2826/655 2240/2874/655
f 2079/2765/567 2118/2752/567 2179/2813/567
f 2140/2826/622 2079/2765/622 2179/2813/622
f 2018/2704/568 2057/2691/568 2118/2752/568
f 2079/2765/543 2018/2704/543 2118/2752/543
f 1957/2643/593 1996/2630/593 2057/2691/593
f 2018/2704/568 1957/2643/568 2057/2691/568
f 1896/2582/671 1935/2569/671 1996/2630/671
f 1957/2643/646 1896/2582/646 1996/2630/646
f 1835/2521/613 1874/2508/613 1935/2569/613
f 1896/2582/716 1835/2521/716 1935/2569/716
f 1774/2460/450 1813/2447/450 1874/2508/450
f 1835/2521/490 1774/2460/490 1874/2508/490
f 1713/2399/357 1752/2386/357 1813/2447/357
f 1774/2460/382 1713/2399/382 1813/2447/382
f 1652/2338/373 1691/2325/373 1752/2386/373
f 1713/2399/332 1652/2338/332 1752/2386/332
f 1591/2277/411 1630/2264/411 1691/2325/411
f 1652/2338/411 1591/2277/411 1691/2325/411
f 1530/2216/428 1569/2203/428 1630/2264/428
f 1591/2277/410 1530/2216/410 1630/2264/410
f 1469/2155/455 1508/2142/455 1569/2203/455
f 1530/2216/454 1469/2155/454 1569/2203/454
f 1408/2094/632 1447/2081/632 1508/2142/632
f 1469/2155/456 1408/2094/456 1508/2142/456
f 1347/2033/774 1386/2020/774 1447/2081/774
f 1408/2094/704 1347/2033/704 1447/2081/704
f 1286/1972/682 1325/1959/682 1386/2020/682
f 1347/2033/755 1286/1972/755 1386/2020/755
f 1225/1911/674 1264/1898/674 1325/1959/674
f 1286/1972/747 1225/1911/747 1325/1959/747
f 1164/1850/521 1203/1837/521 1264/1898/521
f 1225/1911/600 1164/1850/600 1264/1898/600
f 1105/1789/442 1143/1776/442 1203/1837/442
f 1164/1850/478 1105/1789/478 1203/1837/478
f 1047/1728/458 1084/1715/458 1143/1776/458
f 1105/1789/457 1047/1728/457 1143/1776/457
f 991/1667/497 1027/1654/497 1084/1715/497
f 1047/1728/475 991/1667/475 1084/1715/475
f 937/1606/437 972/1593/437 1027/1654/437
f 991/1667/497 937/1606/497 1027/1654/497
f 884/1545/359 918/1532/359 972/1593/359
f 937/1606/385 884/1545/385 972/1593/385
f 833/1484/338 866/1471/338 918/1532/338
f 884/1545/350 833/1484/350 918/1532/350
f 783/1423/357 815/1410/357 866/1471/357
f 833/1484/357 783/1423/357 866/1471/357
f 735/1362/377 766/1349/377 815/1410/377
f 783/1423/364 735/1362/364 815/1410/364
f 688/1301/409 718/1288/409 766/1349/409
f 735/1362/378 688/1301/378 766/1349/378
f 643/1240/440 672/1227/440 718/1288/440
f 688/1301/426 643/1240/426 718/1288/426
f 599/1179/457 627/1166/457 672/1227/457
f 643/1240/440 599/1179/440 672/1227/440
f 557/1118/458 584/1105/458 627/1166/458
f 599/1179/457 557/1118/457 627/1166/457
f 516/1057/480 542/1044/480 584/1105/480
f 557/1118/443 516/1057/443 584/1105/443
f 477/996/602 502/983/602 542/1044/602
f 516/1057/523 477/996/523 542/1044/523
f 439/935/655 463/922/655 502/983/655
f 477/996/655 439/935/655 502/983/655
f 403/874/83 426/861/83 463/922/83
f 439/935/237 403/874/237 463/922/237
f 369/813/165 391/800/165 426/861/165
f 403/874/65 369/813/65 426/861/65
f 336/752/655 357/739/655 391/800/655
f 369/813/655 336/752/655 391/800/655
f 305/691/655 325/678/655 357/739/655
f 336/752/655 305/691/655 357/739/655
f 275/630/655 294/617/655 325/678/655
f 305/691/655 275/630/655 325/678/655
f 247/569/655 265/556/655 294/617/655
f 275/630/655 247/569/655 294/617/655
f 220/508/655 237/495/655 265/556/655
f 247/569/655 220/508/655 265/556/655
f 195/447/655 211/434/655 237/495/655
f 220/508/655 195/447/655 237/495/655
f 171/386/655 186/373/655 211/434/655
f 195/447/655 171/386/655 211/434/655
f 149/329/655 163/317/655 186/373/655
f 171/386/655 149/329/655 186/373/655
f 128/276/655 141/265/655 163/317/655
f 149/329/655 128/276/655 163/317/655
f 109/228/655 121/218/655 141/265/655
f 128/276/655 109/228/655 141/265/655
f 3011/3662/655 3041/3657/655 3086/3679/655
f 3057/3683/655 3011/3662/655 3086/3679/655
f 2963/3636/655 2994/3630/655 3041/3657/655
f 3011/3662/655 2963/3636/655 3041/3657/655
f 2914/3606/655 2946/3599/655 2994/3630/655
f 2963/3636/655 2914/3606/655 2994/3630/655
f 2863/3571/655 2896/3563/655 2946/3599/655
f 2914/3606/655 2863/3571/655 2946/3599/655
f 2811/3531/655 2845/3522/655 2896/3563/655
f 2863/3571/655 2811/3531/655 2896/3563/655
f 2757/3487/655 2792/3477/655 2845/3522/655
f 2811/3531/655 2757/3487/655 2845/3522/655
f 2702/3438/655 2738/3427/655 2792/3477/655
f 2757/3487/655 2702/3438/655 2792/3477/655
f 2645/3385/96 2682/3373/96 2738/3427/96
f 2702/3438/964 2645/3385/964 2738/3427/964
f 2587/3327/1043 2625/3314/1043 2682/3373/1043
f 2645/3385/103 2587/3327/103 2682/3373/103
f 2527/3266/655 2566/3253/655 2625/3314/655
f 2587/3327/655 2527/3266/655 2625/3314/655
f 2466/3205/655 2506/3192/655 2566/3253/655
f 2527/3266/655 2466/3205/655 2566/3253/655
f 2405/3144/655 2445/3131/655 2506/3192/655
f 2466/3205/655 2405/3144/655 2506/3192/655
f 2344/3083/655 2384/3070/655 2445/3131/655
f 2405/3144/655 2344/3083/655 2445/3131/655
f 2283/3022/655 2323/3009/655 2384/3070/655
f 2344/3083/655 2283/3022/655 2384/3070/655
f 2222/2961/655 2262/2948/655 2323/3009/655
f 2283/3022/655 2222/2961/655 2323/3009/655
f 2161/2900/655 2201/2887/655 2262/2948/655
f 2222/2961/655 2161/2900/655 2262/2948/655
f 2100/2839/655 2140/2826/655 2201/2887/655
f 2161/2900/655 2100/2839/655 2201/2887/655
f 2039/2778/569 2079/2765/569 2140/2826/569
f 2100/2839/653 2039/2778/653 2140/2826/653
f 1978/2717/568 2018/2704/568 2079/2765/568
f 2039/2778/568 1978/2717/568 2079/2765/568
f 1917/2656/592 1957/2643/592 2018/2704/592
f 1978/2717/567 1917/2656/567 2018/2704/567
f 1856/2595/646 1896/2582/646 1957/2643/646
f 1917/2656/617 1856/2595/617 1957/2643/617
f 1795/2534/449 1835/2521/449 1896/2582/449
f 1856/2595/645 1795/2534/645 1896/2582/645
f 1734/2473/341 1774/2460/341 1835/2521/341
f 1795/2534/388 1734/2473/388 1835/2521/388
f 1673/2412/314 1713/2399/314 1774/2460/314
f 1734/2473/319 1673/2412/319 1774/2460/319
f 1612/2351/351 1652/2338/351 1713/2399/351
f 1673/2412/312 1612/2351/312 1713/2399/312
f 1551/2290/368 1591/2277/368 1652/2338/368
f 1612/2351/368 1551/2290/368 1652/2338/368
f 1490/2229/381 1530/2216/381 1591/2277/381
f 1551/2290/381 1490/2229/381 1591/2277/381
f 1429/2168/391 1469/2155/391 1530/2216/391
f 1490/2229/407 1429/2168/407 1530/2216/407
f 1368/2107/549 1408/2094/549 1469/2155/549
f 1429/2168/405 1368/2107/405 1469/2155/405
f 1307/2046/678 1347/2033/678 1408/2094/678
f 1368/2107/594 1307/2046/594 1408/2094/594
f 1246/1985/630 1286/1972/630 1347/2033/630
f 1307/2046/630 1246/1985/630 1347/2033/630
f 1185/1924/701 1225/1911/701 1286/1972/701
f 1246/1985/701 1185/1924/701 1286/1972/701
f 1125/1863/476 1164/1850/476 1225/1911/476
f 1185/1924/603 1125/1863/603 1225/1911/603
f 1067/1802/382 1105/1789/382 1164/1850/382
f 1125/1863/444 1067/1802/444 1164/1850/444
f 1010/1741/458 1047/1728/458 1105/1789/458
f 1067/1802/408 1010/1741/408 1105/1789/408
f 955/1680/475 991/1667/475 1047/1728/475
f 1010/1741/474 955/1680/474 1047/1728/474
f 902/1619/408 937/1606/408 991/1667/408
f 955/1680/458 902/1619/458 991/1667/458
f 850/1558/360 884/1545/360 937/1606/360
f 902/1619/371 850/1558/371 937/1606/371
f 800/1497/384 833/1484/384 884/1545/384
f 850/1558/369 800/1497/369 884/1545/369
f 751/1436/409 783/1423/409 833/1484/409
f 800/1497/409 751/1436/409 833/1484/409
f 704/1375/424 735/1362/424 783/1423/424
f 751/1436/424 704/1375/424 783/1423/424
f 658/1314/438 688/1301/438 735/1362/438
f 704/1375/424 658/1314/424 735/1362/424
f 614/1253/456 643/1240/456 688/1301/456
f 658/1314/439 614/1253/439 688/1301/439
f 571/1192/456 599/1179/456 643/1240/456
f 614/1253/456 571/1192/456 643/1240/456
f 530/1131/458 557/1118/458 599/1179/458
f 571/1192/441 530/1131/441 599/1179/441
f 490/1070/526 516/1057/526 557/1118/526
f 530/1131/442 490/1070/442 557/1118/442
f 452/1009/628 477/996/628 516/1057/628
f 490/1070/573 452/1009/573 516/1057/573
f 415/948/655 439/935/655 477/996/655
f 452/1009/655 415/948/655 477/996/655
f 380/887/69 403/874/69 439/935/69
f 415/948/169 380/887/169 439/935/169
f 347/826/243 369/813/243 403/874/243
f 380/887/91 347/826/91 403/874/91
f 315/765/655 336/752/655 369/813/655
f 347/826/655 315/765/655 369/813/655
f 285/704/655 305/691/655 336/752/655
f 315/765/655 285/704/655 336/752/655
f 256/643/655 275/630/655 305/691/655
f 285/704/655 256/643/655 305/691/655
f 229/582/655 247/569/655 275/630/655
f 256/643/655 229/582/655 275/630/655
f 203/521/655 220/508/655 247/569/655
f 229/582/655 203/521/655 247/569/655
f 179/460/655 195/447/655 220/508/655
f 203/521/655 179/460/655 220/508/655
f 156/399/655 171/386/655 195/447/655
f 179/460/655 156/399/655 195/447/655
f 135/341/655 149/329/655 171/386/655
f 156/399/655 135/341/655 171/386/655
f 115/287/655 128/276/655 149/329/655
f 135/341/655 115/287/655 149/329/655
f 97/238/655 109/228/655 128/276/655
f 115/287/655 97/238/655 128/276/655
f 2980/3667/655 3011/3662/655 3057/3683/655
f 3027/3687/655 2980/3667/655 3057/3683/655
f 2931/3642/655 2963/3636/655 3011/3662/655
f 2980/3667/655 2931/3642/655 3011/3662/655
f 2881/3613/655 2914/3606/655 2963/3636/655
f 2931/3642/655 2881/3613/655 2963/3636/655
f 2829/3579/655 2863/3571/655 2914/3606/655
f 2881/3613/655 2829/3579/655 2914/3606/655
f 2776/3540/655 2811/3531/655 2863/3571/655
f 2829/3579/655 2776/3540/655 2863/3571/655
f 2721/3497/655 2757/3487/655 2811/3531/655
f 2776/3540/655 2721/3497/655 2811/3531/655
f 2665/3449/655 2702/3438/655 2757/3487/655
f 2721/3497/655 2665/3449/655 2757/3487/655
f 2607/3397/249 2645/3385/249 2702/3438/249
f 2665/3449/655 2607/3397/655 2702/3438/655
f 2548/3340/178 2587/3327/178 2645/3385/178
f 2607/3397/738 2548/3340/738 2645/3385/738
f 2487/3279/655 2527/3266/655 2587/3327/655
f 2548/3340/124 2487/3279/124 2587/3327/124
f 2426/3218/655 2466/3205/655 2527/3266/655
f 2487/3279/655 2426/3218/655 2527/3266/655
f 2365/3157/655 2405/3144/655 2466/3205/655
f 2426/3218/655 2365/3157/655 2466/3205/655
f 2304/3096/655 2344/3083/655 2405/3144/655
f 2365/3157/655 2304/3096/655 2405/3144/655
f 2243/3035/655 2283/3022/655 2344/3083/655
f 2304/3096/655 2243/3035/655 2344/3083/655
f 2182/2974/655 2222/2961/655 2283/3022/655
f 2243/3035/655 2182/2974/655 2283/3022/655
f 2121/2913/655 2161/2900/655 2222/2961/655
f 2182/2974/655 2121/2913/655 2222/2961/655
f 2060/2852/655 2100/2839/655 2161/2900/655
f 2121/2913/655 2060/2852/655 2161/2900/655
f 1999/2791/596 2039/2778/596 2100/2839/596
f 2060/2852/655 1999/2791/655 2100/2839/655
f 1938/2730/544 1978/2717/544 2039/2778/544
f 1999/2791/594 1938/2730/594 2039/2778/594
f 1877/2669/516 1917/2656/516 1978/2717/516
f 1938/2730/544 1877/2669/544 1978/2717/544
f 1816/2608/513 1856/2595/513 1917/2656/513
f 1877/2669/541 1816/2608/541 1917/2656/541
f 1755/2547/375 1795/2534/375 1856/2595/375
f 1816/2608/468 1755/2547/468 1856/2595/468
f 1694/2486/321 1734/2473/321 1795/2534/321
f 1755/2547/333 1694/2486/333 1795/2534/333
f 1633/2425/311 1673/2412/311 1734/2473/311
f 1694/2486/308 1633/2425/308 1734/2473/308
f 1572/2364/337 1612/2351/337 1673/2412/337
f 1633/2425/313 1572/2364/313 1673/2412/313
f 1511/2303/358 1551/2290/358 1612/2351/358
f 1572/2364/347 1511/2303/347 1612/2351/347
f 1450/2242/381 1490/2229/381 1551/2290/381
f 1511/2303/357 1450/2242/357 1551/2290/357
f 1389/2181/379 1429/2168/379 1490/2229/379
f 1450/2242/392 1389/2181/392 1490/2229/392
f 1328/2120/470 1368/2107/470 1429/2168/470
f 1389/2181/419 1328/2120/419 1429/2168/419
f 1267/2059/518 1307/2046/518 1368/2107/518
f 1328/2120/469 1267/2059/469 1368/2107/469
f 1206/1998/525 1246/1985/525 1307/2046/525
f 1267/2059/476 1206/1998/476 1307/2046/476
f 1146/1937/594 1185/1924/594 1246/1985/594
f 1206/1998/594 1146/1937/594 1246/1985/594
f 1087/1876/430 1125/1863/430 1185/1924/430
f 1146/1937/482 1087/1876/482 1185/1924/482
f 1030/1815/385 1067/1802/385 1125/1863/385
f 1087/1876/415 1030/1815/415 1125/1863/415
f 974/1754/456 1010/1741/456 1067/1802/456
f 1030/1815/424 974/1754/424 1067/1802/424
f 920/1693/439 955/1680/439 1010/1741/439
f 974/1754/457 920/1693/457 1010/1741/457
f 868/1632/393 902/1619/393 955/1680/393
f 920/1693/429 868/1632/429 955/1680/429
f 817/1571/398 850/1558/398 902/1619/398
f 868/1632/370 817/1571/370 902/1619/370
f 768/1510/443 800/1497/443 850/1558/443
f 817/1571/411 768/1510/411 850/1558/411
f 720/1449/498 751/1436/498 800/1497/498
f 768/1510/475 720/1449/475 800/1497/475
f 674/1388/495 704/1375/495 751/1436/495
f 720/1449/497 674/1388/497 751/1436/497
f 629/1327/473 658/1314/473 704/1375/473
f 674/1388/495 629/1327/495 704/1375/495
f 586/1266/474 614/1253/474 658/1314/474
f 629/1327/456 586/1266/456 658/1314/456
f 544/1205/474 571/1192/474 614/1253/474
f 586/1266/474 544/1205/474 614/1253/474
f 504/1144/499 530/1131/499 571/1192/499
f 544/1205/457 504/1144/457 571/1192/457
f 465/1083/629 490/1070/629 530/1131/629
f 504/1144/521 465/1083/521 530/1131/521
f 428/1022/655 452/1009/655 490/1070/655
f 465/1083/655 428/1022/655 490/1070/655
f 392/961/425 415/948/425 452/1009/425
f 428/1022/603 392/961/603 452/1009/603
f 358/900/141 380/887/141 415/948/141
f 392/961/149 358/900/149 415/948/149
f 326/839/510 347/826/510 380/887/510
f 358/900/299 326/839/299 380/887/299
f 295/778/655 315/765/655 347/826/655
f 326/839/655 295/778/655 347/826/655
f 266/717/655 285/704/655 315/765/655
f 295/778/655 266/717/655 315/765/655
f 238/656/655 256/643/655 285/704/655
f 266/717/655 238/656/655 285/704/655
f 212/595/655 229/582/655 256/643/655
f 238/656/655 212/595/655 256/643/655
f 187/534/655 203/521/655 229/582/655
f 212/595/655 187/534/655 229/582/655
f 164/473/655 179/460/655 203/521/655
f 187/534/655 164/473/655 203/521/655
f 142/412/655 156/399/655 179/460/655
f 164/473/655 142/412/655 179/460/655
f 122/353/655 135/341/655 156/399/655
f 142/412/655 122/353/655 156/399/655
f 103/298/655 115/287/655 135/341/655
f 122/353/655 103/298/655 135/341/655
f 86/248/655 97/238/655 115/287/655
f 103/298/655 86/248/655 115/287/655
f 2949/3672/655 2980/3667/655 3027/3687/655
f 2997/3691/655 2949/3672/655 3027/3687/655
f 2899/3648/655 2931/3642/655 2980/3667/655
f 2949/3672/655 2899/3648/655 2980/3667/655
f 2848/3620/655 2881/3613/655 2931/3642/655
f 2899/3648/655 2848/3620/655 2931/3642/655
f 2795/3587/655 2829/3579/655 2881/3613/655
f 2848/3620/655 2795/3587/655 2881/3613/655
f 2741/3549/655 2776/3540/655 2829/3579/655
f 2795/3587/655 2741/3549/655 2829/3579/655
f 2685/3507/655 2721/3497/655 2776/3540/655
f 2741/3549/655 2685/3507/655 2776/3540/655
f 2628/3460/655 2665/3449/655 2721/3497/655
f 2685/3507/655 2628/3460/655 2721/3497/655
f 2569/3409/655 2607/3397/655 2665/3449/655
f 2628/3460/655 2569/3409/655 2665/3449/655
f 2509/3353/89 2548/3340/89 2607/3397/89
f 2569/3409/655 2509/3353/655 2607/3397/655
f 2448/3292/85 2487/3279/85 2548/3340/85
f 2509/3353/77 2448/3292/77 2548/3340/77
f 2387/3231/185 2426/3218/185 2487/3279/185
f 2448/3292/86 2387/3231/86 2487/3279/86
f 2326/3170/262 2365/3157/262 2426/3218/262
f 2387/3231/201 2326/3170/201 2426/3218/201
f 2265/3109/290 2304/3096/290 2365/3157/290
f 2326/3170/269 2265/3109/269 2365/3157/269
f 2204/3048/626 2243/3035/626 2304/3096/626
f 2265/3109/304 2204/3048/304 2304/3096/304
f 2143/2987/655 2182/2974/655 2243/3035/655
f 2204/3048/626 2143/2987/626 2243/3035/626
f 2082/2926/655 2121/2913/655 2182/2974/655
f 2143/2987/655 2082/2926/655 2182/2974/655
f 2021/2865/655 2060/2852/655 2121/2913/655
f 2082/2926/655 2021/2865/655 2121/2913/655
f 1960/2804/626 1999/2791/626 2060/2852/626
f 2021/2865/655 1960/2804/655 2060/2852/655
f 1899/2743/545 1938/2730/545 1999/2791/545
f 1960/2804/653 1899/2743/653 1999/2791/653
f 1838/2682/469 1877/2669/469 1938/2730/469
f 1899/2743/545 1838/2682/545 1938/2730/545
f 1777/2621/402 1816/2608/402 1877/2669/402
f 1838/2682/469 1777/2621/469 1877/2669/469
f 1716/2560/342 1755/2547/342 1816/2608/342
f 1777/2621/376 1716/2560/376 1816/2608/376
f 1655/2499/322 1694/2486/322 1755/2547/322
f 1716/2560/333 1655/2499/333 1755/2547/333
f 1594/2438/329 1633/2425/329 1694/2486/329
f 1655/2499/318 1594/2438/318 1694/2486/318
f 1533/2377/346 1572/2364/346 1633/2425/346
f 1594/2438/328 1533/2377/328 1633/2425/328
f 1472/2316/367 1511/2303/367 1572/2364/367
f 1533/2377/346 1472/2316/346 1572/2364/346
f 1411/2255/393 1450/2242/393 1511/2303/393
f 1472/2316/366 1411/2255/366 1511/2303/366
f 1350/2194/408 1389/2181/408 1450/2242/408
f 1411/2255/407 1350/2194/407 1450/2242/407
f 1289/2133/420 1328/2120/420 1389/2181/420
f 1350/2194/451 1289/2133/451 1389/2181/451
f 1228/2072/404 1267/2059/404 1328/2120/404
f 1289/2133/421 1228/2072/421 1328/2120/421
f 1167/2011/427 1206/1998/427 1267/2059/427
f 1228/2072/379 1167/2011/379 1267/2059/379
f 1108/1950/452 1146/1937/452 1206/1998/452
f 1167/2011/470 1108/1950/470 1206/1998/470
f 1050/1889/399 1087/1876/399 1146/1937/399
f 1108/1950/386 1050/1889/386 1146/1937/386
f 994/1828/415 1030/1815/415 1087/1876/415
f 1050/1889/398 994/1828/398 1087/1876/398
f 939/1767/438 974/1754/438 1030/1815/438
f 994/1828/473 939/1767/473 1030/1815/473
f 886/1706/409 920/1693/409 974/1754/409
f 939/1767/427 886/1706/427 974/1754/427
f 835/1645/395 868/1632/395 920/1693/395
f 886/1706/394 835/1645/394 920/1693/394
f 785/1584/444 817/1571/444 868/1632/444
f 835/1645/395 785/1584/395 868/1632/395
f 737/1523/552 768/1510/552 817/1571/552
f 785/1584/476 737/1523/476 817/1571/476
f 690/1462/598 720/1449/598 768/1510/598
f 737/1523/574 690/1462/574 768/1510/574
f 645/1401/597 674/1388/597 720/1449/597
f 690/1462/598 645/1401/598 720/1449/598
f 601/1340/548 629/1327/548 674/1388/548
f 645/1401/598 601/1340/598 674/1388/598
f 559/1279/549 586/1266/549 629/1327/549
f 601/1340/549 559/1279/549 629/1327/549
f 518/1218/574 544/1205/574 586/1266/574
f 559/1279/549 518/1218/549 586/1266/549
f 479/1157/628 504/1144/628 544/1205/628
f 518/1218/573 479/1157/573 544/1205/573
f 441/1096/655 465/1083/655 504/1144/655
f 479/1157/627 441/1096/627 504/1144/627
f 405/1035/655 428/1022/655 465/1083/655
f 441/1096/655 405/1035/655 465/1083/655
f 370/974/81 392/961/81 428/1022/81
f 405/1035/236 370/974/236 428/1022/236
f 337/913/161 358/900/161 392/961/161
f 370/974/62 337/913/62 392/961/62
f 306/852/655 326/839/655 358/900/655
f 337/913/655 306/852/655 358/900/655
f 276/791/655 295/778/655 326/839/655
f 306/852/655 276/791/655 326/839/655
f 248/730/655 266/717/655 295/778/655
f 276/791/655 248/730/655 295/778/655
f 221/669/655 238/656/655 266/717/655
f 248/730/655 221/669/655 266/717/655
f 196/608/655 212/595/655 238/656/655
f 221/669/655 196/608/655 238/656/655
f 172/547/655 187/534/655 212/595/655
f 196/608/655 172/547/655 212/595/655
f 150/486/655 164/473/655 187/534/655
f 172/547/655 150/486/655 187/534/655
f 129/425/655 142/412/655 164/473/655
f 150/486/655 129/425/655 164/473/655
f 110/365/655 122/353/655 142/412/655
f 129/425/655 110/365/655 142/412/655
f 92/309/655 103/298/655 122/353/655
f 110/365/655 92/309/655 122/353/655
f 76/258/655 86/248/655 103/298/655
f 92/309/655 76/258/655 103/298/655
f 2917/3677/655 2949/3672/655 2997/3691/655
f 2966/3695/655 2917/3677/655 2997/3691/655
f 2866/3654/655 2899/3648/655 2949/3672/655
f 2917/3677/655 2866/3654/655 2949/3672/655
f 2814/3627/655 2848/3620/655 2899/3648/655
f 2866/3654/655 2814/3627/655 2899/3648/655
f 2760/3595/655 2795/3587/655 2848/3620/655
f 2814/3627/655 2760/3595/655 2848/3620/655
f 2705/3558/655 2741/3549/655 2795/3587/655
f 2760/3595/655 2705/3558/655 2795/3587/655
f 2648/3517/655 2685/3507/655 2741/3549/655
f 2705/3558/655 2648/3517/655 2741/3549/655
f 2590/3471/655 2628/3460/655 2685/3507/655
f 2648/3517/655 2590/3471/655 2685/3507/655
f 2530/3421/655 2569/3409/655 2628/3460/655
f 2590/3471/655 2530/3421/655 2628/3460/655
f 2469/3366/655 2509/3353/655 2569/3409/655
f 2530/3421/655 2469/3366/655 2569/3409/655
f 2408/3306/119 2448/3292/119 2509/3353/119
f 2469/3366/655 2408/3306/655 2509/3353/655
f 2347/3245/40 2387/3231/40 2448/3292/40
f 2408/3306/98 2347/3245/98 2448/3292/98
f 2286/3184/43 2326/3170/43 2387/3231/43
f 2347/3245/25 2286/3184/25 2387/3231/25
f 2225/3123/80 2265/3109/80 2326/3170/80
f 2286/3184/49 2225/3123/49 2326/3170/49
f 2164/3062/158 2204/3048/158 2265/3109/158
f 2225/3123/97 2164/3062/97 2265/3109/97
f 2103/3001/655 2143/2987/655 2204/3048/655
f 2164/3062/189 2103/3001/189 2204/3048/189
f 2042/2940/655 2082/2926/655 2143/2987/655
f 2103/3001/655 2042/2940/655 2143/2987/655
f 1981/2879/655 2021/2865/655 2082/2926/655
f 2042/2940/655 1981/2879/655 2082/2926/655
f 1920/2818/655 1960/2804/655 2021/2865/655
f 1981/2879/655 1920/2818/655 2021/2865/655
f 1859/2757/596 1899/2743/596 1960/2804/596
f 1920/2818/655 1859/2757/655 1960/2804/655
f 1798/2696/493 1838/2682/493 1899/2743/493
f 1859/2757/597 1798/2696/597 1899/2743/597
f 1737/2635/403 1777/2621/403 1838/2682/403
f 1798/2696/494 1737/2635/494 1838/2682/494
f 1676/2574/355 1716/2560/355 1777/2621/355
f 1737/2635/390 1676/2574/390 1777/2621/390
f 1615/2513/343 1655/2499/343 1716/2560/343
f 1676/2574/343 1615/2513/343 1716/2560/343
f 1554/2452/357 1594/2438/357 1655/2499/357
f 1615/2513/334 1554/2452/334 1655/2499/334
f 1493/2391/379 1533/2377/379 1594/2438/379
f 1554/2452/365 1493/2391/365 1594/2438/365
f 1432/2330/393 1472/2316/393 1533/2377/393
f 1493/2391/379 1432/2330/379 1533/2377/379
f 1371/2269/426 1411/2255/426 1472/2316/426
f 1432/2330/408 1371/2269/408 1472/2316/408
f 1310/2208/455 1350/2194/455 1411/2255/455
f 1371/2269/438 1310/2208/438 1411/2255/438
f 1249/2147/420 1289/2133/420 1350/2194/420
f 1310/2208/470 1249/2147/470 1350/2194/470
f 1188/2086/376 1228/2072/376 1289/2133/376
f 1249/2147/422 1188/2086/422 1289/2133/422
f 1128/2025/379 1167/2011/379 1228/2072/379
f 1188/2086/364 1128/2025/364 1228/2072/364
f 1070/1964/355 1108/1950/355 1167/2011/355
f 1128/2025/390 1070/1964/390 1167/2011/390
f 1013/1903/361 1050/1889/361 1108/1950/361
f 1070/1964/331 1013/1903/331 1108/1950/331
f 958/1842/432 994/1828/432 1050/1889/432
f 1013/1903/369 958/1842/369 1050/1889/369
f 904/1781/438 939/1767/438 994/1828/438
f 958/1842/456 904/1781/456 994/1828/456
f 852/1720/410 886/1706/410 939/1767/410
f 904/1781/410 852/1720/410 939/1767/410
f 802/1659/442 835/1645/442 886/1706/442
f 852/1720/410 802/1659/410 886/1706/410
f 753/1598/525 785/1584/525 835/1645/525
f 802/1659/457 753/1598/457 835/1645/457
f 706/1537/628 737/1523/628 785/1584/628
f 753/1598/573 706/1537/573 785/1584/573
f 660/1476/655 690/1462/655 737/1523/655
f 706/1537/627 660/1476/627 737/1523/627
f 616/1415/655 645/1401/655 690/1462/655
f 660/1476/655 616/1415/655 690/1462/655
f 573/1354/655 601/1340/655 645/1401/655
f 616/1415/655 573/1354/655 645/1401/655
f 532/1293/655 559/1279/655 601/1340/655
f 573/1354/655 532/1293/655 601/1340/655
f 492/1232/655 518/1218/655 559/1279/655
f 532/1293/655 492/1232/655 559/1279/655
f 454/1171/655 479/1157/655 518/1218/655
f 492/1232/655 454/1171/655 518/1218/655
f 417/1110/655 441/1096/655 479/1157/655
f 454/1171/655 417/1110/655 479/1157/655
f 382/1049/392 405/1035/392 441/1096/392
f 417/1110/579 382/1049/579 441/1096/579
f 348/988/63 370/974/63 405/1035/63
f 382/1049/150 348/988/150 405/1035/150
f 316/927/241 337/913/241 370/974/241
f 348/988/82 316/927/82 370/974/82
f 286/866/655 306/852/655 337/913/655
f 316/927/655 286/866/655 337/913/655
f 257/805/655 276/791/655 306/852/655
f 286/866/655 257/805/655 306/852/655
f 230/744/655 248/730/655 276/791/655
f 257/805/655 230/744/655 276/791/655
f 204/683/655 221/669/655 248/730/655
f 230/744/655 204/683/655 248/730/655
f 180/622/655 196/608/655 221/669/655
f 204/683/655 180/622/655 221/669/655
f 157/561/655 172/547/655 196/608/655
f 180/622/655 157/561/655 196/608/655
f 136/500/655 150/486/655 172/547/655
f 157/561/655 136/500/655 172/547/655
f 116/439/655 129/425/655 150/486/655
f 136/500/655 116/439/655 150/486/655
f 98/378/655 110/365/655 129/425/655
f 116/439/655 98/378/655 129/425/655
f 81/321/655 92/309/655 110/365/655
f 98/378/655 81/321/655 110/365/655
f 66/269/655 76/258/655 92/309/655
f 81/321/655 66/269/655 92/309/655
f 2884/3681/655 2917/3677/655 2966/3695/655
f 2934/3698/655 2884/3681/655 2966/3695/655
f 2832/3659/655 2866/3654/655 2917/3677/655
f 2884/3681/655 2832/3659/655 2917/3677/655
f 2779/3633/655 2814/3627/655 2866/3654/655
f 2832/3659/655 2779/3633/655 2866/3654/655
f 2724/3602/655 2760/3595/655 2814/3627/655
f 2779/3633/655 2724/3602/655 2814/3627/655
f 2668/3566/655 2705/3558/655 2760/3595/655
f 2724/3602/655 2668/3566/655 2760/3595/655
f 2610/3526/655 2648/3517/655 2705/3558/655
f 2668/3566/655 2610/3526/655 2705/3558/655
f 2551/3481/655 2590/3471/655 2648/3517/655
f 2610/3526/655 2551/3481/655 2648/3517/655
f 2490/3432/655 2530/3421/655 2590/3471/655
f 2551/3481/655 2490/3432/655 2590/3471/655
f 2429/3378/655 2469/3366/655 2530/3421/655
f 2490/3432/655 2429/3378/655 2530/3421/655
f 2368/3319/655 2408/3306/655 2469/3366/655
f 2429/3378/655 2368/3319/655 2469/3366/655
f 2307/3258/518 2347/3245/518 2408/3306/518
f 2368/3319/655 2307/3258/655 2408/3306/655
f 2246/3197/203 2286/3184/203 2347/3245/203
f 2307/3258/496 2246/3197/496 2347/3245/496
f 2185/3136/107 2225/3123/107 2286/3184/107
f 2246/3197/174 2185/3136/174 2286/3184/174
f 2124/3075/121 2164/3062/121 2225/3123/121
f 2185/3136/114 2124/3075/114 2225/3123/114
f 2063/3014/340 2103/3001/340 2164/3062/340
f 2124/3075/130 2063/3014/130 2164/3062/130
f 2002/2953/655 2042/2940/655 2103/3001/655
f 2063/3014/280 2002/2953/280 2103/3001/280
f 1941/2892/655 1981/2879/655 2042/2940/655
f 2002/2953/655 1941/2892/655 2042/2940/655
f 1880/2831/655 1920/2818/655 1981/2879/655
f 1941/2892/655 1880/2831/655 1981/2879/655
f 1819/2770/655 1859/2757/655 1920/2818/655
f 1880/2831/655 1819/2770/655 1920/2818/655
f 1758/2709/597 1798/2696/597 1859/2757/597
f 1819/2770/655 1758/2709/655 1859/2757/655
f 1697/2648/494 1737/2635/494 1798/2696/494
f 1758/2709/598 1697/2648/598 1798/2696/598
f 1636/2587/423 1676/2574/423 1737/2635/423
f 1697/2648/473 1636/2587/473 1737/2635/473
f 1575/2526/406 1615/2513/406 1676/2574/406
f 1636/2587/424 1575/2526/424 1676/2574/424
f 1514/2465/426 1554/2452/426 1615/2513/426
f 1575/2526/407 1514/2465/407 1615/2513/407
f 1453/2404/439 1493/2391/439 1554/2452/439
f 1514/2465/425 1453/2404/425 1554/2452/425
f 1392/2343/474 1432/2330/474 1493/2391/474
f 1453/2404/439 1392/2343/439 1493/2391/439
f 1331/2282/496 1371/2269/496 1432/2330/496
f 1392/2343/473 1331/2282/473 1432/2330/473
f 1270/2221/496 1310/2208/496 1371/2269/496
f 1331/2282/496 1270/2221/496 1371/2269/496
f 1209/2160/453 1249/2147/453 1310/2208/453
f 1270/2221/495 1209/2160/495 1310/2208/495
f 1149/2099/389 1188/2086/389 1249/2147/389
f 1209/2160/437 1149/2099/437 1249/2147/437
f 1090/2038/364 1128/2025/364 1188/2086/364
f 1149/2099/378 1090/2038/378 1188/2086/378
f 1033/1977/333 1070/1964/333 1128/2025/333
f 1090/2038/364 1033/1977/364 1128/2025/364
f 977/1916/359 1013/1903/359 1070/1964/359
f 1033/1977/325 977/1916/325 1070/1964/325
f 923/1855/430 958/1842/430 1013/1903/430
f 977/1916/367 923/1855/367 1013/1903/367
f 870/1794/456 904/1781/456 958/1842/456
f 923/1855/456 870/1794/456 958/1842/456
f 819/1733/476 852/1720/476 904/1781/476
f 870/1794/440 819/1733/440 904/1781/440
f 770/1672/524 802/1659/524 852/1720/524
f 819/1733/475 770/1672/475 852/1720/475
f 722/1611/600 753/1598/600 802/1659/600
f 770/1672/549 722/1611/549 802/1659/549
f 676/1550/655 706/1537/655 753/1598/655
f 722/1611/627 676/1550/627 753/1598/627
f 631/1489/655 660/1476/655 706/1537/655
f 676/1550/655 631/1489/655 706/1537/655
f 588/1428/655 616/1415/655 660/1476/655
f 631/1489/655 588/1428/655 660/1476/655
f 546/1367/655 573/1354/655 616/1415/655
f 588/1428/655 546/1367/655 616/1415/655
f 506/1306/655 532/1293/655 573/1354/655
f 546/1367/655 506/1306/655 573/1354/655
f 467/1245/655 492/1232/655 532/1293/655
f 506/1306/655 467/1245/655 532/1293/655
f 430/1184/655 454/1171/655 492/1232/655
f 467/1245/655 430/1184/655 492/1232/655
f 394/1123/334 417/1110/334 454/1171/334
f 430/1184/558 394/1123/558 454/1171/558
f 360/1062/21 382/1049/21 417/1110/21
f 394/1123/172 360/1062/172 417/1110/172
f 327/1001/156 348/988/156 382/1049/156
f 360/1062/15 327/1001/15 382/1049/15
f 296/940/629 316/927/629 348/988/629
f 327/1001/496 296/940/496 348/988/496
f 267/879/655 286/866/655 316/927/655
f 296/940/655 267/879/655 316/927/655
f 239/818/655 257/805/655 286/866/655
f 267/879/655 239/818/655 286/866/655
f 213/757/655 230/744/655 257/805/655
f 239/818/655 213/757/655 257/805/655
f 188/696/655 204/683/655 230/744/655
f 213/757/655 188/696/655 230/744/655
f 165/635/655 180/622/655 204/683/655
f 188/696/655 165/635/655 204/683/655
f 143/574/655 157/561/655 180/622/655
f 165/635/655 143/574/655 180/622/655
f 123/513/655 136/500/655 157/561/655
f 143/574/655 123/513/655 157/561/655
f 104/452/655 116/439/655 136/500/655
f 123/513/655 104/452/655 136/500/655
f 87/391/655 98/378/655 116/439/655
f 104/452/655 87/391/655 116/439/655
f 71/333/655 81/321/655 98/378/655
f 87/391/655 71/333/655 98/378/655
f 57/280/655 66/269/655 81/321/655
f 71/333/655 57/280/655 81/321/655
f 2851/3685/655 2884/3681/655 2934/3698/655
f 2902/3701/655 2851/3685/655 2934/3698/655
f 2798/3664/655 2832/3659/655 2884/3681/655
f 2851/3685/655 2798/3664/655 2884/3681/655
f 2744/3639/655 2779/3633/655 2832/3659/655
f 2798/3664/655 2744/3639/655 2832/3659/655
f 2688/3609/655 2724/3602/655 2779/3633/655
f 2744/3639/655 2688/3609/655 2779/3633/655
f 2631/3574/655 2668/3566/655 2724/3602/655
f 2688/3609/655 2631/3574/655 2724/3602/655
f 2572/3535/655 2610/3526/655 2668/3566/655
f 2631/3574/655 2572/3535/655 2668/3566/655
f 2512/3491/655 2551/3481/655 2610/3526/655
f 2572/3535/655 2512/3491/655 2610/3526/655
f 2451/3443/655 2490/3432/655 2551/3481/655
f 2512/3491/655 2451/3443/655 2551/3481/655
f 2390/3390/655 2429/3378/655 2490/3432/655
f 2451/3443/655 2390/3390/655 2490/3432/655
f 2329/3332/655 2368/3319/655 2429/3378/655
f 2390/3390/655 2329/3332/655 2429/3378/655
f 2268/3271/655 2307/3258/655 2368/3319/655
f 2329/3332/655 2268/3271/655 2368/3319/655
f 2207/3210/655 2246/3197/655 2307/3258/655
f 2268/3271/655 2207/3210/655 2307/3258/655
f 2146/3149/493 2185/3136/493 2246/3197/493
f 2207/3210/655 2146/3149/655 2246/3197/655
f 2085/3088/147 2124/3075/147 2185/3136/147
f 2146/3149/666 2085/3088/666 2185/3136/666
f 2024/3027/227 2063/3014/227 2124/3075/227
f 2085/3088/183 2024/3027/183 2124/3075/183
f 1963/2966/864 2002/2953/864 2063/3014/864
f 2024/3027/194 1963/2966/194 2063/3014/194
f 1902/2905/655 1941/2892/655 2002/2953/655
f 1963/2966/655 1902/2905/655 2002/2953/655
f 1841/2844/655 1880/2831/655 1941/2892/655
f 1902/2905/655 1841/2844/655 1941/2892/655
f 1780/2783/655 1819/2770/655 1880/2831/655
f 1841/2844/655 1780/2783/655 1880/2831/655
f 1719/2722/655 1758/2709/655 1819/2770/655
f 1780/2783/655 1719/2722/655 1819/2770/655
f 1658/2661/655 1697/2648/655 1758/2709/655
f 1719/2722/655 1658/2661/655 1758/2709/655
f 1597/2600/626 1636/2587/626 1697/2648/626
f 1658/2661/655 1597/2600/655 1697/2648/655
f 1536/2539/573 1575/2526/573 1636/2587/573
f 1597/2600/598 1536/2539/598 1636/2587/598
f 1475/2478/548 1514/2465/548 1575/2526/548
f 1536/2539/573 1475/2478/573 1575/2526/573
f 1414/2417/548 1453/2404/548 1514/2465/548
f 1475/2478/549 1414/2417/549 1514/2465/549
f 1353/2356/549 1392/2343/549 1453/2404/549
f 1414/2417/548 1353/2356/548 1453/2404/548
f 1292/2295/548 1331/2282/548 1392/2343/548
f 1353/2356/548 1292/2295/548 1392/2343/548
f 1231/2234/548 1270/2221/548 1331/2282/548
f 1292/2295/548 1231/2234/548 1331/2282/548
f 1170/2173/472 1209/2160/472 1270/2221/472
f 1231/2234/548 1170/2173/548 1270/2221/548
f 1111/2112/424 1149/2099/424 1209/2160/424
f 1170/2173/474 1111/2112/474 1209/2160/474
f 1053/2051/408 1090/2038/408 1149/2099/408
f 1111/2112/426 1053/2051/426 1149/2099/426
f 997/1990/391 1033/1977/391 1090/2038/391
f 1053/2051/408 997/1990/408 1090/2038/408
f 942/1929/427 977/1916/427 1033/1977/427
f 997/1990/379 942/1929/379 1033/1977/379
f 889/1868/499 923/1855/499 977/1916/499
f 942/1929/439 889/1868/439 977/1916/439
f 837/1807/522 870/1794/522 923/1855/522
f 889/1868/497 837/1807/497 923/1855/497
f 787/1746/574 819/1733/574 870/1794/574
f 837/1807/522 787/1746/522 870/1794/522
f 739/1685/627 770/1672/627 819/1733/627
f 787/1746/598 739/1685/598 819/1733/598
f 692/1624/655 722/1611/655 770/1672/655
f 739/1685/627 692/1624/627 770/1672/627
f 647/1563/655 676/1550/655 722/1611/655
f 692/1624/655 647/1563/655 722/1611/655
f 603/1502/655 631/1489/655 676/1550/655
f 647/1563/655 603/1502/655 676/1550/655
f 561/1441/655 588/1428/655 631/1489/655
f 603/1502/655 561/1441/655 631/1489/655
f 520/1380/655 546/1367/655 588/1428/655
f 561/1441/655 520/1380/655 588/1428/655
f 481/1319/655 506/1306/655 546/1367/655
f 520/1380/655 481/1319/655 546/1367/655
f 443/1258/573 467/1245/573 506/1306/573
f 481/1319/628 443/1258/628 506/1306/628
f 407/1197/87 430/1184/87 467/1245/87
f 443/1258/242 407/1197/242 467/1245/242
f 372/1136/4 394/1123/4 430/1184/4
f 407/1197/64 372/1136/64 430/1184/64
f 339/1075/110 360/1062/110 394/1123/110
f 372/1136/5 339/1075/5 394/1123/5
f 307/1014/305 327/1001/305 360/1062/305
f 339/1075/176 307/1014/176 360/1062/176
f 277/953/655 296/940/655 327/1001/655
f 307/1014/655 277/953/655 327/1001/655
f 249/892/655 267/879/655 296/940/655
f 277/953/655 249/892/655 296/940/655
f 222/831/655 239/818/655 267/879/655
f 249/892/655 222/831/655 267/879/655
f 197/770/655 213/757/655 239/818/655
f 222/831/655 197/770/655 239/818/655
f 173/709/655 188/696/655 213/757/655
f 197/770/655 173/709/655 213/757/655
f 151/648/655 165/635/655 188/696/655
f 173/709/655 151/648/655 188/696/655
f 130/587/655 143/574/655 165/635/655
f 151/648/655 130/587/655 165/635/655
f 111/526/655 123/513/655 143/574/655
f 130/587/655 111/526/655 143/574/655
f 93/465/655 104/452/655 123/513/655
f 111/526/655 93/465/655 123/513/655
f 77/404/655 87/391/655 104/452/655
f 93/465/655 77/404/655 104/452/655
f 62/345/655 71/333/655 87/391/655
f 77/404/655 62/345/655 87/391/655
f 49/291/655 57/280/655 71/333/655
f 62/345/655 49/291/655 71/333/655
f 2817/3689/655 2851/3685/655 2902/3701/655
f 2869/3704/655 2817/3689/655 2902/3701/655
f 2763/3669/655 2798/3664/655 2851/3685/655
f 2817/3689/655 2763/3669/655 2851/3685/655
f 2708/3645/655 2744/3639/655 2798/3664/655
f 2763/3669/655 2708/3645/655 2798/3664/655
f 2651/3616/655 2688/3609/655 2744/3639/655
f 2708/3645/655 2651/3616/655 2744/3639/655
f 2593/3582/655 2631/3574/655 2688/3609/655
f 2651/3616/655 2593/3582/655 2688/3609/655
f 2533/3544/655 2572/3535/655 2631/3574/655
f 2593/3582/655 2533/3544/655 2631/3574/655
f 2472/3501/655 2512/3491/655 2572/3535/655
f 2533/3544/655 2472/3501/655 2572/3535/655
f 2411/3454/655 2451/3443/655 2512/3491/655
f 2472/3501/655 2411/3454/655 2512/3491/655
f 2350/3402/655 2390/3390/655 2451/3443/655
f 2411/3454/655 2350/3402/655 2451/3443/655
f 2289/3345/655 2329/3332/655 2390/3390/655
f 2350/3402/655 2289/3345/655 2390/3390/655
f 2228/3284/655 2268/3271/655 2329/3332/655
f 2289/3345/655 2228/3284/655 2329/3332/655
f 2167/3223/655 2207/3210/655 2268/3271/655
f 2228/3284/655 2167/3223/655 2268/3271/655
f 2106/3162/655 2146/3149/655 2207/3210/655
f 2167/3223/655 2106/3162/655 2207/3210/655
f 2045/3101/289 2085/3088/289 2146/3149/289
f 2106/3162/655 2045/3101/655 2146/3149/655
f 1984/3040/179 2024/3027/179 2085/3088/179
f 2045/3101/781 1984/3040/781 2085/3088/781
f 1923/2979/315 1963/2966/315 2024/3027/315
f 1984/3040/168 1923/2979/168 2024/3027/168
f 1862/2918/655 1902/2905/655 1963/2966/655
f 1923/2979/261 1862/2918/261 1963/2966/261
f 1801/2857/655 1841/2844/655 1902/2905/655
f 1862/2918/655 1801/2857/655 1902/2905/655
f 1740/2796/655 1780/2783/655 1841/2844/655
f 1801/2857/655 1740/2796/655 1841/2844/655
f 1679/2735/655 1719/2722/655 1780/2783/655
f 1740/2796/655 1679/2735/655 1780/2783/655
f 1618/2674/655 1658/2661/655 1719/2722/655
f 1679/2735/655 1618/2674/655 1719/2722/655
f 1557/2613/655 1597/2600/655 1658/2661/655
f 1618/2674/655 1557/2613/655 1658/2661/655
f 1496/2552/655 1536/2539/655 1597/2600/655
f 1557/2613/655 1496/2552/655 1597/2600/655
f 1435/2491/655 1475/2478/655 1536/2539/655
f 1496/2552/655 1435/2491/655 1536/2539/655
f 1374/2430/654 1414/2417/654 1475/2478/654
f 1435/2491/655 1374/2430/655 1475/2478/655
f 1313/2369/626 1353/2356/626 1414/2417/626
f 1374/2430/627 1313/2369/627 1414/2417/627
f 1252/2308/597 1292/2295/597 1353/2356/597
f 1313/2369/626 1252/2308/626 1353/2356/626
f 1191/2247/597 1231/2234/597 1292/2295/597
f 1252/2308/598 1191/2247/598 1292/2295/598
f 1131/2186/548 1170/2173/548 1231/2234/548
f 1191/2247/574 1131/2186/574 1231/2234/574
f 1073/2125/549 1111/2112/549 1170/2173/549
f 1131/2186/549 1073/2125/549 1170/2173/549
f 1016/2064/574 1053/2051/574 1111/2112/574
f 1073/2125/549 1016/2064/549 1111/2112/549
f 961/2003/574 997/1990/574 1053/2051/574
f 1016/2064/573 961/2003/573 1053/2051/573
f 907/1942/599 942/1929/599 997/1990/599
f 961/2003/598 907/1942/598 997/1990/598
f 855/1881/627 889/1868/627 942/1929/627
f 907/1942/626 855/1881/626 942/1929/626
f 804/1820/655 837/1807/655 889/1868/655
f 855/1881/627 804/1820/627 889/1868/627
f 755/1759/655 787/1746/655 837/1807/655
f 804/1820/655 755/1759/655 837/1807/655
f 708/1698/655 739/1685/655 787/1746/655
f 755/1759/655 708/1698/655 787/1746/655
f 662/1637/655 692/1624/655 739/1685/655
f 708/1698/655 662/1637/655 739/1685/655
f 618/1576/655 647/1563/655 692/1624/655
f 662/1637/655 618/1576/655 692/1624/655
f 575/1515/655 603/1502/655 647/1563/655
f 618/1576/655 575/1515/655 647/1563/655
f 534/1454/655 561/1441/655 603/1502/655
f 575/1515/655 534/1454/655 603/1502/655
f 494/1393/655 520/1380/655 561/1441/655
f 534/1454/655 494/1393/655 561/1441/655
f 456/1332/104 481/1319/104 520/1380/104
f 494/1393/260 456/1332/260 520/1380/260
f 419/1271/2 443/1258/2 481/1319/2
f 456/1332/74 419/1271/74 481/1319/74
f 384/1210/53 407/1197/53 443/1258/53
f 419/1271/2 384/1210/2 443/1258/2
f 350/1149/225 372/1136/225 407/1197/225
f 384/1210/73 350/1149/73 407/1197/73
f 318/1088/602 339/1075/602 372/1136/602
f 350/1149/439 318/1088/439 372/1136/439
f 287/1027/655 307/1014/655 339/1075/655
f 318/1088/655 287/1027/655 339/1075/655
f 258/966/655 277/953/655 307/1014/655
f 287/1027/655 258/966/655 307/1014/655
f 231/905/655 249/892/655 277/953/655
f 258/966/655 231/905/655 277/953/655
f 205/844/655 222/831/655 249/892/655
f 231/905/655 205/844/655 249/892/655
f 181/783/655 197/770/655 222/831/655
f 205/844/655 181/783/655 222/831/655
f 158/722/655 173/709/655 197/770/655
f 181/783/655 158/722/655 197/770/655
f 137/661/655 151/648/655 173/709/655
f 158/722/655 137/661/655 173/709/655
f 117/600/655 130/587/655 151/648/655
f 137/661/655 117/600/655 151/648/655
f 99/539/655 111/526/655 130/587/655
f 117/600/655 99/539/655 130/587/655
f 82/478/655 93/465/655 111/526/655
f 99/539/655 82/478/655 111/526/655
f 67/417/655 77/404/655 93/465/655
f 82/478/655 67/417/655 93/465/655
f 53/357/655 62/345/655 77/404/655
f 67/417/655 53/357/655 77/404/655
f 41/302/655 49/291/655 62/345/655
f 53/357/655 41/302/655 62/345/655
f 2782/3693/655 2817/3689/655 2869/3704/655
f 2835/3707/655 2782/3693/655 2869/3704/655
f 2727/3674/655 2763/3669/655 2817/3689/655
f 2782/3693/655 2727/3674/655 2817/3689/655
f 2671/3651/655 2708/3645/655 2763/3669/655
f 2727/3674/655 2671/3651/655 2763/3669/655
f 2613/3623/655 2651/3616/655 2708/3645/655
f 2671/3651/655 2613/3623/655 2708/3645/655
f 2554/3590/655 2593/3582/655 2651/3616/655
f 2613/3623/655 2554/3590/655 2651/3616/655
f 2493/3553/655 2533/3544/655 2593/3582/655
f 2554/3590/655 2493/3553/655 2593/3582/655
f 2432/3511/655 2472/3501/655 2533/3544/655
f 2493/3553/655 2432/3511/655 2533/3544/655
f 2371/3465/655 2411/3454/655 2472/3501/655
f 2432/3511/655 2371/3465/655 2472/3501/655
f 2310/3414/655 2350/3402/655 2411/3454/655
f 2371/3465/655 2310/3414/655 2411/3454/655
f 2249/3358/655 2289/3345/655 2350/3402/655
f 2310/3414/655 2249/3358/655 2350/3402/655
f 2188/3298/655 2228/3284/655 2289/3345/655
f 2249/3358/655 2188/3298/655 2289/3345/655
f 2127/3237/655 2167/3223/655 2228/3284/655
f 2188/3298/655 2127/3237/655 2228/3284/655
f 2066/3176/655 2106/3162/655 2167/3223/655
f 2127/3237/655 2066/3176/655 2167/3223/655
f 2005/3115/655 2045/3101/655 2106/3162/655
f 2066/3176/655 2005/3115/655 2106/3162/655
f 1944/3054/154 1984/3040/154 2045/3101/154
f 2005/3115/802 1944/3054/802 2045/3101/802
f 1883/2993/136 1923/2979/136 1984/3040/136
f 1944/3054/173 1883/2993/173 1984/3040/173
f 1822/2932/144 1862/2918/144 1923/2979/144
f 1883/2993/118 1822/2932/118 1923/2979/118
f 1761/2871/140 1801/2857/140 1862/2918/140
f 1822/2932/133 1761/2871/133 1862/2918/133
f 1700/2810/122 1740/2796/122 1801/2857/122
f 1761/2871/131 1700/2810/131 1801/2857/131
f 1639/2749/129 1679/2735/129 1740/2796/129
f 1700/2810/125 1639/2749/125 1740/2796/125
f 1578/2688/256 1618/2674/256 1679/2735/256
f 1639/2749/148 1578/2688/148 1679/2735/148
f 1517/2627/655 1557/2613/655 1618/2674/655
f 1578/2688/274 1517/2627/274 1618/2674/274
f 1456/2566/655 1496/2552/655 1557/2613/655
f 1517/2627/655 1456/2566/655 1557/2613/655
f 1395/2505/655 1435/2491/655 1496/2552/655
f 1456/2566/655 1395/2505/655 1496/2552/655
f 1334/2444/655 1374/2430/655 1435/2491/655
f 1395/2505/655 1334/2444/655 1435/2491/655
f 1273/2383/655 1313/2369/655 1374/2430/655
f 1334/2444/655 1273/2383/655 1374/2430/655
f 1212/2322/655 1252/2308/655 1313/2369/655
f 1273/2383/655 1212/2322/655 1313/2369/655
f 1152/2261/627 1191/2247/627 1252/2308/627
f 1212/2322/655 1152/2261/655 1252/2308/655
f 1093/2200/655 1131/2186/655 1191/2247/655
f 1152/2261/627 1093/2200/627 1191/2247/627
f 1036/2139/655 1073/2125/655 1131/2186/655
f 1093/2200/655 1036/2139/655 1131/2186/655
f 980/2078/655 1016/2064/655 1073/2125/655
f 1036/2139/655 980/2078/655 1073/2125/655
f 926/2017/655 961/2003/655 1016/2064/655
f 980/2078/655 926/2017/655 1016/2064/655
f 873/1956/655 907/1942/655 961/2003/655
f 926/2017/655 873/1956/655 961/2003/655
f 822/1895/655 855/1881/655 907/1942/655
f 873/1956/655 822/1895/655 907/1942/655
f 772/1834/655 804/1820/655 855/1881/655
f 822/1895/655 772/1834/655 855/1881/655
f 724/1773/655 755/1759/655 804/1820/655
f 772/1834/655 724/1773/655 804/1820/655
f 678/1712/655 708/1698/655 755/1759/655
f 724/1773/655 678/1712/655 755/1759/655
f 633/1651/655 662/1637/655 708/1698/655
f 678/1712/655 633/1651/655 708/1698/655
f 590/1590/655 618/1576/655 662/1637/655
f 633/1651/655 590/1590/655 662/1637/655
f 548/1529/655 575/1515/655 618/1576/655
f 590/1590/655 548/1529/655 618/1576/655
f 508/1468/655 534/1454/655 575/1515/655
f 548/1529/655 508/1468/655 575/1515/655
f 469/1407/78 494/1393/78 534/1454/78
f 508/1468/240 469/1407/240 534/1454/240
f 432/1346/36 456/1332/36 494/1393/36
f 469/1407/58 432/1346/58 494/1393/58
f 396/1285/216 419/1271/216 456/1332/216
f 432/1346/59 396/1285/59 456/1332/59
f 362/1224/628 384/1210/628 419/1271/628
f 396/1285/573 362/1224/573 419/1271/573
f 329/1163/655 350/1149/655 384/1210/655
f 362/1224/655 329/1163/655 384/1210/655
f 298/1102/655 318/1088/655 350/1149/655
f 329/1163/655 298/1102/655 350/1149/655
f 268/1041/655 287/1027/655 318/1088/655
f 298/1102/655 268/1041/655 318/1088/655
f 240/980/655 258/966/655 287/1027/655
f 268/1041/655 240/980/655 287/1027/655
f 214/919/655 231/905/655 258/966/655
f 240/980/655 214/919/655 258/966/655
f 189/858/655 205/844/655 231/905/655
f 214/919/655 189/858/655 231/905/655
f 166/797/655 181/783/655 205/844/655
f 189/858/655 166/797/655 205/844/655
f 144/736/655 158/722/655 181/783/655
f 166/797/655 144/736/655 181/783/655
f 124/675/655 137/661/655 158/722/655
f 144/736/655 124/675/655 158/722/655
f 105/614/655 117/600/655 137/661/655
f 124/675/655 105/614/655 137/661/655
f 88/553/655 99/539/655 117/600/655
f 105/614/655 88/553/655 117/600/655
f 72/492/655 82/478/655 99/539/655
f 88/553/655 72/492/655 99/539/655
f 58/431/655 67/417/655 82/478/655
f 72/492/655 58/431/655 82/478/655
f 45/370/655 53/357/655 67/417/655
f 58/431/655 45/370/655 67/417/655
f 34/314/655 41/302/655 53/357/655
f 45/370/655 34/314/655 53/357/655
f 2747/3696/655 2782/3693/655 2835/3707/655
f 2801/3709/655 2747/3696/655 2835/3707/655
f 2691/3678/655 2727/3674/655 2782/3693/655
f 2747/3696/655 2691/3678/655 2782/3693/655
f 2634/3656/655 2671/3651/655 2727/3674/655
f 2691/3678/655 2634/3656/655 2727/3674/655
f 2575/3629/655 2613/3623/655 2671/3651/655
f 2634/3656/655 2575/3629/655 2671/3651/655
f 2515/3597/655 2554/3590/655 2613/3623/655
f 2575/3629/655 2515/3597/655 2613/3623/655
f 2454/3561/655 2493/3553/655 2554/3590/655
f 2515/3597/655 2454/3561/655 2554/3590/655
f 2393/3520/655 2432/3511/655 2493/3553/655
f 2454/3561/655 2393/3520/655 2493/3553/655
f 2332/3475/655 2371/3465/655 2432/3511/655
f 2393/3520/655 2332/3475/655 2432/3511/655
f 2271/3425/655 2310/3414/655 2371/3465/655
f 2332/3475/655 2271/3425/655 2371/3465/655
f 2210/3370/655 2249/3358/655 2310/3414/655
f 2271/3425/655 2210/3370/655 2310/3414/655
f 2149/3311/655 2188/3298/655 2249/3358/655
f 2210/3370/655 2149/3311/655 2249/3358/655
f 2088/3250/655 2127/3237/655 2188/3298/655
f 2149/3311/655 2088/3250/655 2188/3298/655
f 2027/3189/655 2066/3176/655 2127/3237/655
f 2088/3250/655 2027/3189/655 2127/3237/655
f 1966/3128/655 2005/3115/655 2066/3176/655
f 2027/3189/655 1966/3128/655 2066/3176/655
f 1905/3067/296 1944/3054/296 2005/3115/296
f 1966/3128/655 1905/3067/655 2005/3115/655
f 1844/3006/116 1883/2993/116 1944/3054/116
f 1905/3067/302 1844/3006/302 1944/3054/302
f 1783/2945/70 1822/2932/70 1883/2993/70
f 1844/3006/95 1783/2945/95 1883/2993/95
f 1722/2884/30 1761/2871/30 1822/2932/30
f 1783/2945/52 1722/2884/52 1822/2932/52
f 1661/2823/37 1700/2810/37 1761/2871/37
f 1722/2884/29 1661/2823/29 1761/2871/29
f 1600/2762/35 1639/2749/35 1700/2810/35
f 1661/2823/42 1600/2762/42 1700/2810/42
f 1539/2701/12 1578/2688/12 1639/2749/12
f 1600/2762/32 1539/2701/32 1639/2749/32
f 1478/2640/14 1517/2627/14 1578/2688/14
f 1539/2701/9 1478/2640/9 1578/2688/9
f 1417/2579/251 1456/2566/251 1517/2627/251
f 1478/2640/48 1417/2579/48 1517/2627/48
f 1356/2518/655 1395/2505/655 1456/2566/655
f 1417/2579/268 1356/2518/268 1456/2566/268
f 1295/2457/655 1334/2444/655 1395/2505/655
f 1356/2518/655 1295/2457/655 1395/2505/655
f 1234/2396/655 1273/2383/655 1334/2444/655
f 1295/2457/655 1234/2396/655 1334/2444/655
f 1173/2335/655 1212/2322/655 1273/2383/655
f 1234/2396/655 1173/2335/655 1273/2383/655
f 1114/2274/655 1152/2261/655 1212/2322/655
f 1173/2335/655 1114/2274/655 1212/2322/655
f 1056/2213/655 1093/2200/655 1152/2261/655
f 1114/2274/655 1056/2213/655 1152/2261/655
f 1000/2152/655 1036/2139/655 1093/2200/655
f 1056/2213/655 1000/2152/655 1093/2200/655
f 945/2091/655 980/2078/655 1036/2139/655
f 1000/2152/655 945/2091/655 1036/2139/655
f 892/2030/655 926/2017/655 980/2078/655
f 945/2091/655 892/2030/655 980/2078/655
f 840/1969/655 873/1956/655 926/2017/655
f 892/2030/655 840/1969/655 926/2017/655
f 790/1908/655 822/1895/655 873/1956/655
f 840/1969/655 790/1908/655 873/1956/655
f 741/1847/655 772/1834/655 822/1895/655
f 790/1908/655 741/1847/655 822/1895/655
f 694/1786/655 724/1773/655 772/1834/655
f 741/1847/655 694/1786/655 772/1834/655
f 649/1725/655 678/1712/655 724/1773/655
f 694/1786/655 649/1725/655 724/1773/655
f 605/1664/655 633/1651/655 678/1712/655
f 649/1725/655 605/1664/655 678/1712/655
f 563/1603/655 590/1590/655 633/1651/655
f 605/1664/655 563/1603/655 633/1651/655
f 522/1542/655 548/1529/655 590/1590/655
f 563/1603/655 522/1542/655 590/1590/655
f 483/1481/160 508/1468/160 548/1529/160
f 522/1542/301 483/1481/301 548/1529/301
f 445/1420/58 469/1407/58 508/1468/58
f 483/1481/105 445/1420/105 508/1468/105
f 409/1359/239 432/1346/239 469/1407/239
f 445/1420/78 409/1359/78 469/1407/78
f 374/1298/655 396/1285/655 432/1346/655
f 409/1359/655 374/1298/655 432/1346/655
f 341/1237/655 362/1224/655 396/1285/655
f 374/1298/655 341/1237/655 396/1285/655
f 309/1176/655 329/1163/655 362/1224/655
f 341/1237/655 309/1176/655 362/1224/655
f 279/1115/655 298/1102/655 329/1163/655
f 309/1176/655 279/1115/655 329/1163/655
f 250/1054/655 268/1041/655 298/1102/655
f 279/1115/655 250/1054/655 298/1102/655
f 223/993/655 240/980/655 268/1041/655
f 250/1054/655 223/993/655 268/1041/655
f 198/932/655 214/919/655 240/980/655
f 223/993/655 198/932/655 240/980/655
f 174/871/655 189/858/655 214/919/655
f 198/932/655 174/871/655 214/919/655
f 152/810/655 166/797/655 189/858/655
f 174/871/655 152/810/655 189/858/655
f 131/749/655 144/736/655 166/797/655
f 152/810/655 131/749/655 166/797/655
f 112/688/655 124/675/655 144/736/655
f 131/749/655 112/688/655 144/736/655
f 94/627/655 105/614/655 124/675/655
f 112/688/655 94/627/655 124/675/655
f 78/566/655 88/553/655 105/614/655
f 94/627/655 78/566/655 105/614/655
f 63/505/655 72/492/655 88/553/655
f 78/566/655 63/505/655 88/553/655
f 50/444/655 58/431/655 72/492/655
f 63/505/655 50/444/655 72/492/655
f 38/383/655 45/370/655 58/431/655
f 50/444/655 38/383/655 58/431/655
f 28/326/655 34/314/655 45/370/655
f 38/383/655 28/326/655 45/370/655
f 2711/3699/655 2747/3696/655 2801/3709/655
f 2766/3711/655 2711/3699/655 2801/3709/655
f 2654/3682/655 2691/3678/655 2747/3696/655
f 2711/3699/655 2654/3682/655 2747/3696/655
f 2596/3661/655 2634/3656/655 2691/3678/655
f 2654/3682/655 2596/3661/655 2691/3678/655
f 2536/3635/655 2575/3629/655 2634/3656/655
f 2596/3661/655 2536/3635/655 2634/3656/655
f 2475/3604/655 2515/3597/655 2575/3629/655
f 2536/3635/655 2475/3604/655 2575/3629/655
f 2414/3569/655 2454/3561/655 2515/3597/655
f 2475/3604/655 2414/3569/655 2515/3597/655
f 2353/3529/655 2393/3520/655 2454/3561/655
f 2414/3569/655 2353/3529/655 2454/3561/655
f 2292/3485/655 2332/3475/655 2393/3520/655
f 2353/3529/655 2292/3485/655 2393/3520/655
f 2231/3436/655 2271/3425/655 2332/3475/655
f 2292/3485/655 2231/3436/655 2332/3475/655
f 2170/3382/655 2210/3370/655 2271/3425/655
f 2231/3436/655 2170/3382/655 2271/3425/655
f 2109/3324/655 2149/3311/655 2210/3370/655
f 2170/3382/655 2109/3324/655 2210/3370/655
f 2048/3263/655 2088/3250/655 2149/3311/655
f 2109/3324/655 2048/3263/655 2149/3311/655
f 1987/3202/655 2027/3189/655 2088/3250/655
f 2048/3263/655 1987/3202/655 2088/3250/655
f 1926/3141/655 1966/3128/655 2027/3189/655
f 1987/3202/655 1926/3141/655 2027/3189/655
f 1865/3080/655 1905/3067/655 1966/3128/655
f 1926/3141/655 1865/3080/655 1966/3128/655
f 1804/3019/281 1844/3006/281 1905/3067/281
f 1865/3080/655 1804/3019/655 1905/3067/655
f 1743/2958/235 1783/2945/235 1844/3006/235
f 1804/3019/267 1743/2958/267 1844/3006/267
f 1682/2897/309 1722/2884/309 1783/2945/309
f 1743/2958/226 1682/2897/226 1783/2945/226
f 1621/2836/603 1661/2823/603 1722/2884/603
f 1682/2897/439 1621/2836/439 1722/2884/439
f 1560/2775/655 1600/2762/655 1661/2823/655
f 1621/2836/655 1560/2775/655 1661/2823/655
f 1499/2714/655 1539/2701/655 1600/2762/655
f 1560/2775/655 1499/2714/655 1600/2762/655
f 1438/2653/247 1478/2640/247 1539/2701/247
f 1499/2714/655 1438/2653/655 1539/2701/655
f 1377/2592/44 1417/2579/44 1478/2640/44
f 1438/2653/224 1377/2592/224 1478/2640/224
f 1316/2531/272 1356/2518/272 1417/2579/272
f 1377/2592/50 1316/2531/50 1417/2579/50
f 1255/2470/655 1295/2457/655 1356/2518/655
f 1316/2531/273 1255/2470/273 1356/2518/273
f 1194/2409/655 1234/2396/655 1295/2457/655
f 1255/2470/655 1194/2409/655 1295/2457/655
f 1134/2348/655 1173/2335/655 1234/2396/655
f 1194/2409/655 1134/2348/655 1234/2396/655
f 1076/2287/655 1114/2274/655 1173/2335/655
f 1134/2348/655 1076/2287/655 1173/2335/655
f 1019/2226/655 1056/2213/655 1114/2274/655
f 1076/2287/655 1019/2226/655 1114/2274/655
f 964/2165/655 1000/2152/655 1056/2213/655
f 1019/2226/655 964/2165/655 1056/2213/655
f 910/2104/238 945/2091/238 1000/2152/238
f 964/2165/374 910/2104/374 1000/2152/374
f 858/2043/20 892/2030/20 945/2091/20
f 910/2104/135 858/2043/135 945/2091/135
f 807/1982/1 840/1969/1 892/2030/1
f 858/2043/13 807/1982/13 892/2030/13
f 758/1921/6 790/1908/6 840/1969/6
f 807/1982/3 758/1921/3 840/1969/3
f 710/1860/75 741/1847/75 790/1908/75
f 758/1921/17 710/1860/17 790/1908/17
f 664/1799/573 694/1786/573 741/1847/573
f 710/1860/101 664/1799/101 741/1847/101
f 620/1738/655 649/1725/655 694/1786/655
f 664/1799/596 620/1738/596 694/1786/596
f 577/1677/655 605/1664/655 649/1725/655
f 620/1738/655 577/1677/655 649/1725/655
f 536/1616/655 563/1603/655 605/1664/655
f 577/1677/655 536/1616/655 605/1664/655
f 496/1555/549 522/1542/549 563/1603/549
f 536/1616/629 496/1555/629 563/1603/629
f 458/1494/22 483/1481/22 522/1542/22
f 496/1555/166 458/1494/166 522/1542/166
f 421/1433/193 445/1420/193 483/1481/193
f 458/1494/26 421/1433/26 483/1481/26
f 386/1372/655 409/1359/655 445/1420/655
f 421/1433/655 386/1372/655 445/1420/655
f 352/1311/655 374/1298/655 409/1359/655
f 386/1372/655 352/1311/655 409/1359/655
f 320/1250/655 341/1237/655 374/1298/655
f 352/1311/655 320/1250/655 374/1298/655
f 289/1189/655 309/1176/655 341/1237/655
f 320/1250/655 289/1189/655 341/1237/655
f 260/1128/655 279/1115/655 309/1176/655
f 289/1189/655 260/1128/655 309/1176/655
f 232/1067/655 250/1054/655 279/1115/655
f 260/1128/655 232/1067/655 279/1115/655
f 206/1006/655 223/993/655 250/1054/655
f 232/1067/655 206/1006/655 250/1054/655
f 182/945/655 198/932/655 223/993/655
f 206/1006/655 182/945/655 223/993/655
f 159/884/655 174/871/655 198/932/655
f 182/945/655 159/884/655 198/932/655
f 138/823/655 152/810/655 174/871/655
f 159/884/655 138/823/655 174/871/655
f 118/762/655 131/749/655 152/810/655
f 138/823/655 118/762/655 152/810/655
f 100/701/655 112/688/655 131/749/655
f 118/762/655 100/701/655 131/749/655
f 83/640/655 94/627/655 112/688/655
f 100/701/655 83/640/655 112/688/655
f 68/579/655 78/566/655 94/627/655
f 83/640/655 68/579/655 94/627/655
f 54/518/655 63/505/655 78/566/655
f 68/579/655 54/518/655 78/566/655
f 42/457/655 50/444/655 63/505/655
f 54/518/655 42/457/655 63/505/655
f 31/396/655 38/383/655 50/444/655
f 42/457/655 31/396/655 50/444/655
f 22/338/655 28/326/655 38/383/655
f 31/396/655 22/338/655 38/383/655
f 2674/3702/655 2711/3699/655 2766/3711/655
f 2730/3713/655 2674/3702/655 2766/3711/655
f 2616/3686/655 2654/3682/655 2711/3699/655
f 2674/3702/655 2616/3686/655 2711/3699/655
f 2557/3666/655 2596/3661/655 2654/3682/655
f 2616/3686/655 2557/3666/655 2654/3682/655
f 2496/3641/655 2536/3635/655 2596/3661/655
f 2557/3666/655 2496/3641/655 2596/3661/655
f 2435/3611/655 2475/3604/655 2536/3635/655
f 2496/3641/655 2435/3611/655 2536/3635/655
f 2374/3577/655 2414/3569/655 2475/3604/655
f 2435/3611/655 2374/3577/655 2475/3604/655
f 2313/3538/655 2353/3529/655 2414/3569/655
f 2374/3577/655 2313/3538/655 2414/3569/655
f 2252/3495/655 2292/3485/655 2353/3529/655
f 2313/3538/655 2252/3495/655 2353/3529/655
f 2191/3447/655 2231/3436/655 2292/3485/655
f 2252/3495/655 2191/3447/655 2292/3485/655
f 2130/3394/655 2170/3382/655 2231/3436/655
f 2191/3447/655 2130/3394/655 2231/3436/655
f 2069/3337/655 2109/3324/655 2170/3382/655
f 2130/3394/655 2069/3337/655 2170/3382/655
f 2008/3276/655 2048/3263/655 2109/3324/655
f 2069/3337/655 2008/3276/655 2109/3324/655
f 1947/3215/655 1987/3202/655 2048/3263/655
f 2008/3276/655 1947/3215/655 2048/3263/655
f 1886/3154/655 1926/3141/655 1987/3202/655
f 1947/3215/655 1886/3154/655 1987/3202/655
f 1825/3093/655 1865/3080/655 1926/3141/655
f 1886/3154/655 1825/3093/655 1926/3141/655
f 1764/3032/655 1804/3019/655 1865/3080/655
f 1825/3093/655 1764/3032/655 1865/3080/655
f 1703/2971/655 1743/2958/655 1804/3019/655
f 1764/3032/655 1703/2971/655 1804/3019/655
f 1642/2910/655 1682/2897/655 1743/2958/655
f 1703/2971/655 1642/2910/655 1743/2958/655
f 1581/2849/655 1621/2836/655 1682/2897/655
f 1642/2910/655 1581/2849/655 1682/2897/655
f 1520/2788/655 1560/2775/655 1621/2836/655
f 1581/2849/655 1520/2788/655 1621/2836/655
f 1459/2727/655 1499/2714/655 1560/2775/655
f 1520/2788/655 1459/2727/655 1560/2775/655
f 1398/2666/655 1438/2653/655 1499/2714/655
f 1459/2727/655 1398/2666/655 1499/2714/655
f 1337/2605/655 1377/2592/655 1438/2653/655
f 1398/2666/655 1337/2605/655 1438/2653/655
f 1276/2544/57 1316/2531/57 1377/2592/57
f 1337/2605/742 1276/2544/742 1377/2592/742
f 1215/2483/884 1255/2470/884 1316/2531/884
f 1276/2544/61 1215/2483/61 1316/2531/61
f 1155/2422/655 1194/2409/655 1255/2470/655
f 1215/2483/654 1155/2422/654 1255/2470/654
f 1096/2361/655 1134/2348/655 1194/2409/655
f 1155/2422/655 1096/2361/655 1194/2409/655
f 1039/2300/655 1076/2287/655 1134/2348/655
f 1096/2361/655 1039/2300/655 1134/2348/655
f 983/2239/655 1019/2226/655 1076/2287/655
f 1039/2300/655 983/2239/655 1076/2287/655
f 929/2178/176 964/2165/176 1019/2226/176
f 983/2239/305 929/2178/305 1019/2226/305
f 876/2117/7 910/2104/7 964/2165/7
f 929/2178/109 876/2117/109 964/2165/109
f 825/2056/112 858/2043/112 910/2104/112
f 876/2117/8 825/2056/8 910/2104/8
f 775/1995/291 807/1982/291 858/2043/291
f 825/2056/167 775/1995/167 858/2043/167
f 727/1934/300 758/1921/300 807/1982/300
f 775/1995/497 727/1934/497 807/1982/497
f 680/1873/106 710/1860/106 758/1921/106
f 727/1934/285 680/1873/285 758/1921/285
f 635/1812/46 664/1799/46 710/1860/46
f 680/1873/93 635/1812/93 710/1860/93
f 592/1751/220 620/1738/220 664/1799/220
f 635/1812/56 592/1751/56 664/1799/56
f 550/1690/655 577/1677/655 620/1738/655
f 592/1751/245 550/1690/245 620/1738/245
f 510/1629/425 536/1616/425 577/1677/425
f 550/1690/603 510/1629/603 577/1677/603
f 471/1568/54 496/1555/54 536/1616/54
f 510/1629/207 471/1568/207 536/1616/207
f 434/1507/137 458/1494/137 496/1555/137
f 471/1568/31 434/1507/31 496/1555/31
f 398/1446/489 421/1433/489 458/1494/489
f 434/1507/284 398/1446/284 458/1494/284
f 364/1385/655 386/1372/655 421/1433/655
f 398/1446/655 364/1385/655 421/1433/655
f 331/1324/655 352/1311/655 386/1372/655
f 364/1385/655 331/1324/655 386/1372/655
f 300/1263/655 320/1250/655 352/1311/655
f 331/1324/655 300/1263/655 352/1311/655
f 270/1202/655 289/1189/655 320/1250/655
f 300/1263/655 270/1202/655 320/1250/655
f 242/1141/655 260/1128/655 289/1189/655
f 270/1202/655 242/1141/655 289/1189/655
f 215/1080/655 232/1067/655 260/1128/655
f 242/1141/655 215/1080/655 260/1128/655
f 190/1019/655 206/1006/655 232/1067/655
f 215/1080/655 190/1019/655 232/1067/655
f 167/958/655 182/945/655 206/1006/655
f 190/1019/655 167/958/655 206/1006/655
f 145/897/655 159/884/655 182/945/655
f 167/958/655 145/897/655 182/945/655
f 125/836/655 138/823/655 159/884/655
f 145/897/655 125/836/655 159/884/655
f 106/775/655 118/762/655 138/823/655
f 125/836/655 106/775/655 138/823/655
f 89/714/655 100/701/655 118/762/655
f 106/775/655 89/714/655 118/762/655
f 73/653/655 83/640/655 100/701/655
f 89/714/655 73/653/655 100/701/655
f 59/592/655 68/579/655 83/640/655
f 73/653/655 59/592/655 83/640/655
f 46/531/655 54/518/655 68/579/655
f 59/592/655 46/531/655 68/579/655
f 35/470/655 42/457/655 54/518/655
f 46/531/655 35/470/655 54/518/655
f 25/409/655 31/396/655 42/457/655
f 35/470/655 25/409/655 42/457/655
f 17/350/655 22/338/655 31/396/655
f 25/409/655 17/350/655 31/396/655
f 2637/3705/655 2674/3702/655 2730/3713/655
f 2694/3715/655 2637/3705/655 2730/3713/655
f 2578/3690/655 2616/3686/655 2674/3702/655
f 2637/3705/655 2578/3690/655 2674/3702/655
f 2518/3671/655 2557/3666/655 2616/3686/655
f 2578/3690/655 2518/3671/655 2616/3686/655
f 2457/3647/655 2496/3641/655 2557/3666/655
f 2518/3671/655 2457/3647/655 2557/3666/655
f 2396/3618/655 2435/3611/655 2496/3641/655
f 2457/3647/655 2396/3618/655 2496/3641/655
f 2335/3585/655 2374/3577/655 2435/3611/655
f 2396/3618/655 2335/3585/655 2435/3611/655
f 2274/3547/655 2313/3538/655 2374/3577/655
f 2335/3585/655 2274/3547/655 2374/3577/655
f 2213/3505/655 2252/3495/655 2313/3538/655
f 2274/3547/655 2213/3505/655 2313/3538/655
f 2152/3458/655 2191/3447/655 2252/3495/655
f 2213/3505/655 2152/3458/655 2252/3495/655
f 2091/3406/655 2130/3394/655 2191/3447/655
f 2152/3458/655 2091/3406/655 2191/3447/655
f 2030/3350/655 2069/3337/655 2130/3394/655
f 2091/3406/655 2030/3350/655 2130/3394/655
f 1969/3289/655 2008/3276/655 2069/3337/655
f 2030/3350/655 1969/3289/655 2069/3337/655
f 1908/3228/655 1947/3215/655 2008/3276/655
f 1969/3289/655 1908/3228/655 2008/3276/655
f 1847/3167/655 1886/3154/655 1947/3215/655
f 1908/3228/655 1847/3167/655 1947/3215/655
f 1786/3106/655 1825/3093/655 1886/3154/655
f 1847/3167/655 1786/3106/655 1886/3154/655
f 1725/3045/655 1764/3032/655 1825/3093/655
f 1786/3106/655 1725/3045/655 1825/3093/655
f 1664/2984/655 1703/2971/655 1764/3032/655
f 1725/3045/655 1664/2984/655 1764/3032/655
f 1603/2923/655 1642/2910/655 1703/2971/655
f 1664/2984/655 1603/2923/655 1703/2971/655
f 1542/2862/655 1581/2849/655 1642/2910/655
f 1603/2923/655 1542/2862/655 1642/2910/655
f 1481/2801/655 1520/2788/655 1581/2849/655
f 1542/2862/655 1481/2801/655 1581/2849/655
f 1420/2740/655 1459/2727/655 1520/2788/655
f 1481/2801/655 1420/2740/655 1520/2788/655
f 1359/2679/655 1398/2666/655 1459/2727/655
f 1420/2740/655 1359/2679/655 1459/2727/655
f 1298/2618/655 1337/2605/655 1398/2666/655
f 1359/2679/655 1298/2618/655 1398/2666/655
f 1237/2557/354 1276/2544/354 1337/2605/354
f 1298/2618/655 1237/2557/655 1337/2605/655
f 1176/2496/72 1215/2483/72 1276/2544/72
f 1237/2557/845 1176/2496/845 1276/2544/845
f 1117/2435/655 1155/2422/655 1215/2483/655
f 1176/2496/67 1117/2435/67 1215/2483/67
f 1059/2374/655 1096/2361/655 1155/2422/655
f 1117/2435/655 1059/2374/655 1155/2422/655
f 1003/2313/655 1039/2300/655 1096/2361/655
f 1059/2374/655 1003/2313/655 1096/2361/655
f 948/2252/175 983/2239/175 1039/2300/175
f 1003/2313/306 948/2252/306 1039/2300/306
f 895/2191/10 929/2178/10 983/2239/10
f 948/2252/108 895/2191/108 983/2239/108
f 843/2130/191 876/2117/191 929/2178/191
f 895/2191/18 843/2130/18 929/2178/18
f 793/2069/655 825/2056/655 876/2117/655
f 843/2130/655 793/2069/655 876/2117/655
f 744/2008/655 775/1995/655 825/2056/655
f 793/2069/655 744/2008/655 825/2056/655
f 697/1947/655 727/1934/655 775/1995/655
f 744/2008/655 697/1947/655 775/1995/655
f 651/1886/655 680/1873/655 727/1934/655
f 697/1947/655 651/1886/655 727/1934/655
f 607/1825/214 635/1812/214 680/1873/214
f 651/1886/655 607/1825/655 680/1873/655
f 565/1764/51 592/1751/51 635/1812/51
f 607/1825/192 565/1764/192 635/1812/192
f 524/1703/60 550/1690/60 592/1751/60
f 565/1764/27 524/1703/27 592/1751/27
f 485/1642/23 510/1629/23 550/1690/23
f 524/1703/45 485/1642/45 550/1690/45
f 447/1581/79 471/1568/79 510/1629/79
f 485/1642/16 447/1581/16 510/1629/16
f 411/1520/265 434/1507/265 471/1568/265
f 447/1581/111 411/1520/111 471/1568/111
f 376/1459/655 398/1446/655 434/1507/655
f 411/1520/655 376/1459/655 434/1507/655
f 343/1398/655 364/1385/655 398/1446/655
f 376/1459/655 343/1398/655 398/1446/655
f 311/1337/655 331/1324/655 364/1385/655
f 343/1398/655 311/1337/655 364/1385/655
f 281/1276/655 300/1263/655 331/1324/655
f 311/1337/655 281/1276/655 331/1324/655
f 252/1215/655 270/1202/655 300/1263/655
f 281/1276/655 252/1215/655 300/1263/655
f 225/1154/655 242/1141/655 270/1202/655
f 252/1215/655 225/1154/655 270/1202/655
f 199/1093/655 215/1080/655 242/1141/655
f 225/1154/655 199/1093/655 242/1141/655
f 175/1032/655 190/1019/655 215/1080/655
f 199/1093/655 175/1032/655 215/1080/655
f 153/971/655 167/958/655 190/1019/655
f 175/1032/655 153/971/655 190/1019/655
f 132/910/655 145/897/655 167/958/655
f 153/971/655 132/910/655 167/958/655
f 113/849/655 125/836/655 145/897/655
f 132/910/655 113/849/655 145/897/655
f 95/788/655 106/775/655 125/836/655
f 113/849/655 95/788/655 125/836/655
f 79/727/655 89/714/655 106/775/655
f 95/788/655 79/727/655 106/775/655
f 64/666/655 73/653/655 89/714/655
f 79/727/655 64/666/655 89/714/655
f 51/605/655 59/592/655 73/653/655
f 64/666/655 51/605/655 73/653/655
f 39/544/655 46/531/655 59/592/655
f 51/605/655 39/544/655 59/592/655
f 29/483/655 35/470/655 46/531/655
f 39/544/655 29/483/655 46/531/655
f 20/422/655 25/409/655 35/470/655
f 29/483/655 20/422/655 35/470/655
f 13/362/655 17/350/655 25/409/655
f 20/422/655 13/362/655 25/409/655
f 2599/3708/655 2637/3705/655 2694/3715/655
f 2657/3717/655 2599/3708/655 2694/3715/655
f 2539/3694/655 2578/3690/655 2637/3705/655
f 2599/3708/655 2539/3694/655 2637/3705/655
f 2478/3676/655 2518/3671/655 2578/3690/655
f 2539/3694/655 2478/3676/655 2578/3690/655
f 2417/3653/655 2457/3647/655 2518/3671/655
f 2478/3676/655 2417/3653/655 2518/3671/655
f 2356/3625/655 2396/3618/655 2457/3647/655
f 2417/3653/655 2356/3625/655 2457/3647/655
f 2295/3593/655 2335/3585/655 2396/3618/655
f 2356/3625/655 2295/3593/655 2396/3618/655
f 2234/3556/655 2274/3547/655 2335/3585/655
f 2295/3593/655 2234/3556/655 2335/3585/655
f 2173/3515/655 2213/3505/655 2274/3547/655
f 2234/3556/655 2173/3515/655 2274/3547/655
f 2112/3469/655 2152/3458/655 2213/3505/655
f 2173/3515/655 2112/3469/655 2213/3505/655
f 2051/3418/655 2091/3406/655 2152/3458/655
f 2112/3469/655 2051/3418/655 2152/3458/655
f 1990/3363/655 2030/3350/655 2091/3406/655
f 2051/3418/655 1990/3363/655 2091/3406/655
f 1929/3303/655 1969/3289/655 2030/3350/655
f 1990/3363/655 1929/3303/655 2030/3350/655
f 1868/3242/655 1908/3228/655 1969/3289/655
f 1929/3303/655 1868/3242/655 1969/3289/655
f 1807/3181/655 1847/3167/655 1908/3228/655
f 1868/3242/655 1807/3181/655 1908/3228/655
f 1746/3120/655 1786/3106/655 1847/3167/655
f 1807/3181/655 1746/3120/655 1847/3167/655
f 1685/3059/655 1725/3045/655 1786/3106/655
f 1746/3120/655 1685/3059/655 1786/3106/655
f 1624/2998/655 1664/2984/655 1725/3045/655
f 1685/3059/655 1624/2998/655 1725/3045/655
f 1563/2937/655 1603/2923/655 1664/2984/655
f 1624/2998/655 1563/2937/655 1664/2984/655
f 1502/2876/655 1542/2862/655 1603/2923/655
f 1563/2937/655 1502/2876/655 1603/2923/655
f 1441/2815/655 1481/2801/655 1542/2862/655
f 1502/2876/655 1441/2815/655 1542/2862/655
f 1380/2754/655 1420/2740/655 1481/2801/655
f 1441/2815/655 1380/2754/655 1481/2801/655
f 1319/2693/655 1359/2679/655 1420/2740/655
f 1380/2754/655 1319/2693/655 1420/2740/655
f 1258/2632/655 1298/2618/655 1359/2679/655
f 1319/2693/655 1258/2632/655 1359/2679/655
f 1197/2571/655 1237/2557/655 1298/2618/655
f 1258/2632/655 1197/2571/655 1298/2618/655
f 1137/2510/195 1176/2496/195 1237/2557/195
f 1197/2571/655 1137/2510/655 1237/2557/655
f 1079/2449/55 1117/2435/55 1176/2496/55
f 1137/2510/182 1079/2449/182 1176/2496/182
f 1022/2388/99 1059/2374/99 1117/2435/99
f 1079/2449/33 1022/2388/33 1117/2435/33
f 967/2327/68 1003/2313/68 1059/2374/68
f 1022/2388/92 967/2327/92 1059/2374/92
f 913/2266/11 948/2252/11 1003/2313/11
f 967/2327/47 913/2266/47 1003/2313/47
f 861/2205/190 895/2191/190 948/2252/190
f 913/2266/19 861/2205/19 948/2252/19
f 810/2144/655 843/2130/655 895/2191/655
f 861/2205/655 810/2144/655 895/2191/655
f 761/2083/655 793/2069/655 843/2130/655
f 810/2144/655 761/2083/655 843/2130/655
f 713/2022/655 744/2008/655 793/2069/655
f 761/2083/655 713/2022/655 793/2069/655
f 667/1961/655 697/1947/655 744/2008/655
f 713/2022/655 667/1961/655 744/2008/655
f 622/1900/655 651/1886/655 697/1947/655
f 667/1961/655 622/1900/655 697/1947/655
f 579/1839/655 607/1825/655 651/1886/655
f 622/1900/655 579/1839/655 651/1886/655
f 538/1778/353 565/1764/353 607/1825/353
f 579/1839/655 538/1778/655 607/1825/655
f 498/1717/128 524/1703/128 565/1764/128
f 538/1778/317 498/1717/317 565/1764/317
f 460/1656/142 485/1642/142 524/1703/142
f 498/1717/113 460/1656/113 524/1703/113
f 423/1595/295 447/1581/295 485/1642/295
f 460/1656/155 423/1595/155 485/1642/155
f 388/1534/655 411/1520/655 447/1581/655
f 423/1595/655 388/1534/655 447/1581/655
f 354/1473/655 376/1459/655 411/1520/655
f 388/1534/655 354/1473/655 411/1520/655
f 322/1412/655 343/1398/655 376/1459/655
f 354/1473/655 322/1412/655 376/1459/655
f 291/1351/655 311/1337/655 343/1398/655
f 322/1412/655 291/1351/655 343/1398/655
f 262/1290/655 281/1276/655 311/1337/655
f 291/1351/655 262/1290/655 311/1337/655
f 234/1229/655 252/1215/655 281/1276/655
f 262/1290/655 234/1229/655 281/1276/655
f 208/1168/655 225/1154/655 252/1215/655
f 234/1229/655 208/1168/655 252/1215/655
f 183/1107/655 199/1093/655 225/1154/655
f 208/1168/655 183/1107/655 225/1154/655
f 160/1046/655 175/1032/655 199/1093/655
f 183/1107/655 160/1046/655 199/1093/655
f 139/985/655 153/971/655 175/1032/655
f 160/1046/655 139/985/655 175/1032/655
f 119/924/655 132/910/655 153/971/655
f 139/985/655 119/924/655 153/971/655
f 101/863/655 113/849/655 132/910/655
f 119/924/655 101/863/655 132/910/655
f 84/802/655 95/788/655 113/849/655
f 101/863/655 84/802/655 113/849/655
f 69/741/655 79/727/655 95/788/655
f 84/802/655 69/741/655 95/788/655
f 55/680/655 64/666/655 79/727/655
f 69/741/655 55/680/655 79/727/655
f 43/619/655 51/605/655 64/666/655
f 55/680/655 43/619/655 64/666/655
f 32/558/655 39/544/655 51/605/655
f 43/619/655 32/558/655 51/605/655
f 23/497/655 29/483/655 39/544/655
f 32/558/655 23/497/655 39/544/655
f 15/436/655 20/422/655 29/483/655
f 23/497/655 15/436/655 29/483/655
f 9/375/655 13/362/655 20/422/655
f 15/436/655 9/375/655 20/422/655
f 2560/3710/655 2599/3708/655 2657/3717/655
f 2619/3718/655 2560/3710/655 2657/3717/655
f 2499/3697/655 2539/3694/655 2599/3708/655
f 2560/3710/655 2499/3697/655 2599/3708/655
f 2438/3680/655 2478/3676/655 2539/3694/655
f 2499/3697/655 2438/3680/655 2539/3694/655
f 2377/3658/655 2417/3653/655 2478/3676/655
f 2438/3680/655 2377/3658/655 2478/3676/655
f 2316/3631/655 2356/3625/655 2417/3653/655
f 2377/3658/655 2316/3631/655 2417/3653/655
f 2255/3600/655 2295/3593/655 2356/3625/655
f 2316/3631/655 2255/3600/655 2356/3625/655
f 2194/3564/655 2234/3556/655 2295/3593/655
f 2255/3600/655 2194/3564/655 2295/3593/655
f 2133/3524/655 2173/3515/655 2234/3556/655
f 2194/3564/655 2133/3524/655 2234/3556/655
f 2072/3479/655 2112/3469/655 2173/3515/655
f 2133/3524/655 2072/3479/655 2173/3515/655
f 2011/3429/655 2051/3418/655 2112/3469/655
f 2072/3479/655 2011/3429/655 2112/3469/655
f 1950/3375/655 1990/3363/655 2051/3418/655
f 2011/3429/655 1950/3375/655 2051/3418/655
f 1889/3316/655 1929/3303/655 1990/3363/655
f 1950/3375/655 1889/3316/655 1990/3363/655
f 1828/3255/655 1868/3242/655 1929/3303/655
f 1889/3316/655 1828/3255/655 1929/3303/655
f 1767/3194/655 1807/3181/655 1868/3242/655
f 1828/3255/655 1767/3194/655 1868/3242/655
f 1706/3133/655 1746/3120/655 1807/3181/655
f 1767/3194/655 1706/3133/655 1807/3181/655
f 1645/3072/655 1685/3059/655 1746/3120/655
f 1706/3133/655 1645/3072/655 1746/3120/655
f 1584/3011/655 1624/2998/655 1685/3059/655
f 1645/3072/655 1584/3011/655 1685/3059/655
f 1523/2950/655 1563/2937/655 1624/2998/655
f 1584/3011/655 1523/2950/655 1624/2998/655
f 1462/2889/655 1502/2876/655 1563/2937/655
f 1523/2950/655 1462/2889/655 1563/2937/655
f 1401/2828/655 1441/2815/655 1502/2876/655
f 1462/2889/655 1401/2828/655 1502/2876/655
f 1340/2767/655 1380/2754/655 1441/2815/655
f 1401/2828/655 1340/2767/655 1441/2815/655
f 1279/2706/655 1319/2693/655 1380/2754/655
f 1340/2767/655 1279/2706/655 1380/2754/655
f 1218/2645/655 1258/2632/655 1319/2693/655
f 1279/2706/655 1218/2645/655 1319/2693/655
f 1158/2584/655 1197/2571/655 1258/2632/655
f 1218/2645/655 1158/2584/655 1258/2632/655
f 1099/2523/655 1137/2510/655 1197/2571/655
f 1158/2584/655 1099/2523/655 1197/2571/655
f 1042/2462/228 1079/2449/228 1137/2510/228
f 1099/2523/655 1042/2462/655 1137/2510/655
f 986/2401/84 1022/2388/84 1079/2449/84
f 1042/2462/204 986/2401/204 1079/2449/204
f 932/2340/88 967/2327/88 1022/2388/88
f 986/2401/66 932/2340/66 1022/2388/66
f 879/2279/252 913/2266/252 967/2327/252
f 932/2340/94 879/2279/94 967/2327/94
f 828/2218/655 861/2205/655 913/2266/655
f 879/2279/655 828/2218/655 913/2266/655
f 778/2157/655 810/2144/655 861/2205/655
f 828/2218/655 778/2157/655 861/2205/655
f 730/2096/655 761/2083/655 810/2144/655
f 778/2157/655 730/2096/655 810/2144/655
f 683/2035/655 713/2022/655 761/2083/655
f 730/2096/655 683/2035/655 761/2083/655
f 638/1974/655 667/1961/655 713/2022/655
f 683/2035/655 638/1974/655 713/2022/655
f 594/1913/655 622/1900/655 667/1961/655
f 638/1974/655 594/1913/655 667/1961/655
f 552/1852/655 579/1839/655 622/1900/655
f 594/1913/655 552/1852/655 622/1900/655
f 512/1791/655 538/1778/655 579/1839/655
f 552/1852/655 512/1791/655 579/1839/655
f 473/1730/655 498/1717/655 538/1778/655
f 512/1791/655 473/1730/655 538/1778/655
f 436/1669/655 460/1656/655 498/1717/655
f 473/1730/655 436/1669/655 498/1717/655
f 400/1608/655 423/1595/655 460/1656/655
f 436/1669/655 400/1608/655 460/1656/655
f 366/1547/655 388/1534/655 423/1595/655
f 400/1608/655 366/1547/655 423/1595/655
f 333/1486/655 354/1473/655 388/1534/655
f 366/1547/655 333/1486/655 388/1534/655
f 302/1425/655 322/1412/655 354/1473/655
f 333/1486/655 302/1425/655 354/1473/655
f 272/1364/655 291/1351/655 322/1412/655
f 302/1425/655 272/1364/655 322/1412/655
f 244/1303/655 262/1290/655 291/1351/655
f 272/1364/655 244/1303/655 291/1351/655
f 217/1242/655 234/1229/655 262/1290/655
f 244/1303/655 217/1242/655 262/1290/655
f 192/1181/655 208/1168/655 234/1229/655
f 217/1242/655 192/1181/655 234/1229/655
f 168/1120/655 183/1107/655 208/1168/655
f 192/1181/655 168/1120/655 208/1168/655
f 146/1059/655 160/1046/655 183/1107/655
f 168/1120/655 146/1059/655 183/1107/655
f 126/998/655 139/985/655 160/1046/655
f 146/1059/655 126/998/655 160/1046/655
f 107/937/655 119/924/655 139/985/655
f 126/998/655 107/937/655 139/985/655
f 90/876/655 101/863/655 119/924/655
f 107/937/655 90/876/655 119/924/655
f 74/815/655 84/802/655 101/863/655
f 90/876/655 74/815/655 101/863/655
f 60/754/655 69/741/655 84/802/655
f 74/815/655 60/754/655 84/802/655
f 47/693/655 55/680/655 69/741/655
f 60/754/655 47/693/655 69/741/655
f 36/632/655 43/619/655 55/680/655
f 47/693/655 36/632/655 55/680/655
f 26/571/655 32/558/655 43/619/655
f 36/632/655 26/571/655 43/619/655
f 18/510/655 23/497/655 32/558/655
f 26/571/655 18/510/655 32/558/655
f 11/449/655 15/436/655 23/497/655
f 18/510/655 11/449/655 23/497/655
f 6/388/655 9/375/655 15/436/655
f 11/449/655 6/388/655 15/436/655
f 2521/3712/655 2560/3710/655 2619/3718/655
f 2581/3719/655 2521/3712/655 2619/3718/655
f 2460/3700/655 2499/3697/655 2560/3710/655
f 2521/3712/655 2460/3700/655 2560/3710/655
f 2399/3684/655 2438/3680/655 2499/3697/655
f 2460/3700/655 2399/3684/655 2499/3697/655
f 2338/3663/655 2377/3658/655 2438/3680/655
f 2399/3684/655 2338/3663/655 2438/3680/655
f 2277/3637/655 2316/3631/655 2377/3658/655
f 2338/3663/655 2277/3637/655 2377/3658/655
f 2216/3607/655 2255/3600/655 2316/3631/655
f 2277/3637/655 2216/3607/655 2316/3631/655
f 2155/3572/655 2194/3564/655 2255/3600/655
f 2216/3607/655 2155/3572/655 2255/3600/655
f 2094/3533/655 2133/3524/655 2194/3564/655
f 2155/3572/655 2094/3533/655 2194/3564/655
f 2033/3489/655 2072/3479/655 2133/3524/655
f 2094/3533/655 2033/3489/655 2133/3524/655
f 1972/3440/655 2011/3429/655 2072/3479/655
f 2033/3489/655 1972/3440/655 2072/3479/655
f 1911/3387/655 1950/3375/655 2011/3429/655
f 1972/3440/655 1911/3387/655 2011/3429/655
f 1850/3329/655 1889/3316/655 1950/3375/655
f 1911/3387/655 1850/3329/655 1950/3375/655
f 1789/3268/655 1828/3255/655 1889/3316/655
f 1850/3329/655 1789/3268/655 1889/3316/655
f 1728/3207/655 1767/3194/655 1828/3255/655
f 1789/3268/655 1728/3207/655 1828/3255/655
f 1667/3146/655 1706/3133/655 1767/3194/655
f 1728/3207/655 1667/3146/655 1767/3194/655
f 1606/3085/655 1645/3072/655 1706/3133/655
f 1667/3146/655 1606/3085/655 1706/3133/655
f 1545/3024/655 1584/3011/655 1645/3072/655
f 1606/3085/655 1545/3024/655 1645/3072/655
f 1484/2963/655 1523/2950/655 1584/3011/655
f 1545/3024/655 1484/2963/655 1584/3011/655
f 1423/2902/655 1462/2889/655 1523/2950/655
f 1484/2963/655 1423/2902/655 1523/2950/655
f 1362/2841/655 1401/2828/655 1462/2889/655
f 1423/2902/655 1362/2841/655 1462/2889/655
f 1301/2780/655 1340/2767/655 1401/2828/655
f 1362/2841/655 1301/2780/655 1401/2828/655
f 1240/2719/655 1279/2706/655 1340/2767/655
f 1301/2780/655 1240/2719/655 1340/2767/655
f 1179/2658/655 1218/2645/655 1279/2706/655
f 1240/2719/655 1179/2658/655 1279/2706/655
f 1120/2597/655 1158/2584/655 1218/2645/655
f 1179/2658/655 1120/2597/655 1218/2645/655
f 1062/2536/655 1099/2523/655 1158/2584/655
f 1120/2597/655 1062/2536/655 1158/2584/655
f 1006/2475/655 1042/2462/655 1099/2523/655
f 1062/2536/655 1006/2475/655 1099/2523/655
f 951/2414/655 986/2401/655 1042/2462/655
f 1006/2475/655 951/2414/655 1042/2462/655
f 898/2353/655 932/2340/655 986/2401/655
f 951/2414/655 898/2353/655 986/2401/655
f 846/2292/655 879/2279/655 932/2340/655
f 898/2353/655 846/2292/655 932/2340/655
f 796/2231/655 828/2218/655 879/2279/655
f 846/2292/655 796/2231/655 879/2279/655
f 747/2170/655 778/2157/655 828/2218/655
f 796/2231/655 747/2170/655 828/2218/655
f 700/2109/655 730/2096/655 778/2157/655
f 747/2170/655 700/2109/655 778/2157/655
f 654/2048/655 683/2035/655 730/2096/655
f 700/2109/655 654/2048/655 730/2096/655
f 610/1987/655 638/1974/655 683/2035/655
f 654/2048/655 610/1987/655 683/2035/655
f 567/1926/655 594/1913/655 638/1974/655
f 610/1987/655 567/1926/655 638/1974/655
f 526/1865/655 552/1852/655 594/1913/655
f 567/1926/655 526/1865/655 594/1913/655
f 487/1804/655 512/1791/655 552/1852/655
f 526/1865/655 487/1804/655 552/1852/655
f 449/1743/655 473/1730/655 512/1791/655
f 487/1804/655 449/1743/655 512/1791/655
f 413/1682/655 436/1669/655 473/1730/655
f 449/1743/655 413/1682/655 473/1730/655
f 378/1621/655 400/1608/655 436/1669/655
f 413/1682/655 378/1621/655 436/1669/655
f 345/1560/655 366/1547/655 400/1608/655
f 378/1621/655 345/1560/655 400/1608/655
f 313/1499/655 333/1486/655 366/1547/655
f 345/1560/655 313/1499/655 366/1547/655
f 283/1438/655 302/1425/655 333/1486/655
f 313/1499/655 283/1438/655 333/1486/655
f 254/1377/655 272/1364/655 302/1425/655
f 283/1438/655 254/1377/655 302/1425/655
f 227/1316/655 244/1303/655 272/1364/655
f 254/1377/655 227/1316/655 272/1364/655
f 201/1255/655 217/1242/655 244/1303/655
f 227/1316/655 201/1255/655 244/1303/655
f 177/1194/655 192/1181/655 217/1242/655
f 201/1255/655 177/1194/655 217/1242/655
f 154/1133/655 168/1120/655 192/1181/655
f 177/1194/655 154/1133/655 192/1181/655
f 133/1072/655 146/1059/655 168/1120/655
f 154/1133/655 133/1072/655 168/1120/655
f 114/1011/655 126/998/655 146/1059/655
f 133/1072/655 114/1011/655 146/1059/655
f 96/950/655 107/937/655 126/998/655
f 114/1011/655 96/950/655 126/998/655
f 80/889/655 90/876/655 107/937/655
f 96/950/655 80/889/655 107/937/655
f 65/828/655 74/815/655 90/876/655
f 80/889/655 65/828/655 90/876/655
f 52/767/655 60/754/655 74/815/655
f 65/828/655 52/767/655 74/815/655
f 40/706/655 47/693/655 60/754/655
f 52/767/655 40/706/655 60/754/655
f 30/645/655 36/632/655 47/693/655
f 40/706/655 30/645/655 47/693/655
f 21/584/655 26/571/655 36/632/655
f 30/645/655 21/584/655 36/632/655
f 14/523/655 18/510/655 26/571/655
f 21/584/655 14/523/655 26/571/655
f 8/462/655 11/449/655 18/510/655
f 14/523/655 8/462/655 18/510/655
f 4/401/655 6/388/655 11/449/655
f 8/462/655 4/401/655 11/449/655
f 2481/3714/655 2521/3712/655 2581/3719/655
f 2542/3720/655 2481/3714/655 2581/3719/655
f 2420/3703/655 2460/3700/655 2521/3712/655
f 2481/3714/655 2420/3703/655 2521/3712/655
f 2359/3688/655 2399/3684/655 2460/3700/655
f 2420/3703/655 2359/3688/655 2460/3700/655
f 2298/3668/655 2338/3663/655 2399/3684/655
f 2359/3688/655 2298/3668/655 2399/3684/655
f 2237/3643/655 2277/3637/655 2338/3663/655
f 2298/3668/655 2237/3643/655 2338/3663/655
f 2176/3614/655 2216/3607/655 2277/3637/655
f 2237/3643/655 2176/3614/655 2277/3637/655
f 2115/3580/655 2155/3572/655 2216/3607/655
f 2176/3614/655 2115/3580/655 2216/3607/655
f 2054/3542/655 2094/3533/655 2155/3572/655
f 2115/3580/655 2054/3542/655 2155/3572/655
f 1993/3499/655 2033/3489/655 2094/3533/655
f 2054/3542/655 1993/3499/655 2094/3533/655
f 1932/3451/655 1972/3440/655 2033/3489/655
f 1993/3499/655 1932/3451/655 2033/3489/655
f 1871/3399/655 1911/3387/655 1972/3440/655
f 1932/3451/655 1871/3399/655 1972/3440/655
f 1810/3342/655 1850/3329/655 1911/3387/655
f 1871/3399/655 1810/3342/655 1911/3387/655
f 1749/3281/655 1789/3268/655 1850/3329/655
f 1810/3342/655 1749/3281/655 1850/3329/655
f 1688/3220/655 1728/3207/655 1789/3268/655
f 1749/3281/655 1688/3220/655 1789/3268/655
f 1627/3159/655 1667/3146/655 1728/3207/655
f 1688/3220/655 1627/3159/655 1728/3207/655
f 1566/3098/655 1606/3085/655 1667/3146/655
f 1627/3159/655 1566/3098/655 1667/3146/655
f 1505/3037/655 1545/3024/655 1606/3085/655
f 1566/3098/655 1505/3037/655 1606/3085/655
f 1444/2976/655 1484/2963/655 1545/3024/655
f 1505/3037/655 1444/2976/655 1545/3024/655
f 1383/2915/655 1423/2902/655 1484/2963/655
f 1444/2976/655 1383/2915/655 1484/2963/655
f 1322/2854/655 1362/2841/655 1423/2902/655
f 1383/2915/655 1322/2854/655 1423/2902/655
f 1261/2793/655 1301/2780/655 1362/2841/655
f 1322/2854/655 1261/2793/655 1362/2841/655
f 1200/2732/655 1240/2719/655 1301/2780/655
f 1261/2793/655 1200/2732/655 1301/2780/655
f 1140/2671/655 1179/2658/655 1240/2719/655
f 1200/2732/655 1140/2671/655 1240/2719/655
f 1082/2610/655 1120/2597/655 1179/2658/655
f 1140/2671/655 1082/2610/655 1179/2658/655
f 1025/2549/655 1062/2536/655 1120/2597/655
f 1082/2610/655 1025/2549/655 1120/2597/655
f 970/2488/655 1006/2475/655 1062/2536/655
f 1025/2549/655 970/2488/655 1062/2536/655
f 916/2427/655 951/2414/655 1006/2475/655
f 970/2488/655 916/2427/655 1006/2475/655
f 864/2366/655 898/2353/655 951/2414/655
f 916/2427/655 864/2366/655 951/2414/655
f 813/2305/655 846/2292/655 898/2353/655
f 864/2366/655 813/2305/655 898/2353/655
f 764/2244/655 796/2231/655 846/2292/655
f 813/2305/655 764/2244/655 846/2292/655
f 716/2183/655 747/2170/655 796/2231/655
f 764/2244/655 716/2183/655 796/2231/655
f 670/2122/655 700/2109/655 747/2170/655
f 716/2183/655 670/2122/655 747/2170/655
f 625/2061/655 654/2048/655 700/2109/655
f 670/2122/655 625/2061/655 700/2109/655
f 582/2000/655 610/1987/655 654/2048/655
f 625/2061/655 582/2000/655 654/2048/655
f 540/1939/655 567/1926/655 610/1987/655
f 582/2000/655 540/1939/655 610/1987/655
f 500/1878/655 526/1865/655 567/1926/655
f 540/1939/655 500/1878/655 567/1926/655
f 462/1817/655 487/1804/655 526/1865/655
f 500/1878/655 462/1817/655 526/1865/655
f 425/1756/655 449/1743/655 487/1804/655
f 462/1817/655 425/1756/655 487/1804/655
f 390/1695/655 413/1682/655 449/1743/655
f 425/1756/655 390/1695/655 449/1743/655
f 356/1634/655 378/1621/655 413/1682/655
f 390/1695/655 356/1634/655 413/1682/655
f 324/1573/655 345/1560/655 378/1621/655
f 356/1634/655 324/1573/655 378/1621/655
f 293/1512/655 313/1499/655 345/1560/655
f 324/1573/655 293/1512/655 345/1560/655
f 264/1451/655 283/1438/655 313/1499/655
f 293/1512/655 264/1451/655 313/1499/655
f 236/1390/655 254/1377/655 283/1438/655
f 264/1451/655 236/1390/655 283/1438/655
f 210/1329/655 227/1316/655 254/1377/655
f 236/1390/655 210/1329/655 254/1377/655
f 185/1268/655 201/1255/655 227/1316/655
f 210/1329/655 185/1268/655 227/1316/655
f 162/1207/655 177/1194/655 201/1255/655
f 185/1268/655 162/1207/655 201/1255/655
f 140/1146/655 154/1133/655 177/1194/655
f 162/1207/655 140/1146/655 177/1194/655
f 120/1085/655 133/1072/655 154/1133/655
f 140/1146/655 120/1085/655 154/1133/655
f 102/1024/655 114/1011/655 133/1072/655
f 120/1085/655 102/1024/655 133/1072/655
f 85/963/655 96/950/655 114/1011/655
f 102/1024/655 85/963/655 114/1011/655
f 70/902/655 80/889/655 96/950/655
f 85/963/655 70/902/655 96/950/655
f 56/841/655 65/828/655 80/889/655
f 70/902/655 56/841/655 80/889/655
f 44/780/655 52/767/655 65/828/655
f 56/841/655 44/780/655 65/828/655
f 33/719/655 40/706/655 52/767/655
f 44/780/655 33/719/655 52/767/655
f 24/658/655 30/645/655 40/706/655
f 33/719/655 24/658/655 40/706/655
f 16/597/655 21/584/655 30/645/655
f 24/658/655 16/597/655 30/645/655
f 10/536/655 14/523/655 21/584/655
f 16/597/655 10/536/655 21/584/655
f 5/475/655 8/462/655 14/523/655
f 10/536/655 5/475/655 14/523/655
f 2/414/655 4/401/655 8/462/655
f 5/475/655 2/414/655 8/462/655
f 2442/3716/655 2481/3714/655 2542/3720/655
f 2503/3721/655 2442/3716/655 2542/3720/655
f 2381/3706/655 2420/3703/655 2481/3714/655
f 2442/3716/655 2381/3706/655 2481/3714/655
f 2320/3692/655 2359/3688/655 2420/3703/655
f 2381/3706/655 2320/3692/655 2420/3703/655
f 2259/3673/655 2298/3668/655 2359/3688/655
f 2320/3692/655 2259/3673/655 2359/3688/655
f 2198/3649/655 2237/3643/655 2298/3668/655
f 2259/3673/655 2198/3649/655 2298/3668/655
f 2137/3621/655 2176/3614/655 2237/3643/655
f 2198/3649/655 2137/3621/655 2237/3643/655
f 2076/3588/655 2115/3580/655 2176/3614/655
f 2137/3621/655 2076/3588/655 2176/3614/655
f 2015/3551/655 2054/3542/655 2115/3580/655
f 2076/3588/655 2015/3551/655 2115/3580/655
f 1954/3509/655 1993/3499/655 2054/3542/655
f 2015/3551/655 1954/3509/655 2054/3542/655
f 1893/3462/655 1932/3451/655 1993/3499/655
f 1954/3509/655 1893/3462/655 1993/3499/655
f 1832/3411/655 1871/3399/655 1932/3451/655
f 1893/3462/655 1832/3411/655 1932/3451/655
f 1771/3355/655 1810/3342/655 1871/3399/655
f 1832/3411/655 1771/3355/655 1871/3399/655
f 1710/3294/655 1749/3281/655 1810/3342/655
f 1771/3355/655 1710/3294/655 1810/3342/655
f 1649/3233/655 1688/3220/655 1749/3281/655
f 1710/3294/655 1649/3233/655 1749/3281/655
f 1588/3172/655 1627/3159/655 1688/3220/655
f 1649/3233/655 1588/3172/655 1688/3220/655
f 1527/3111/655 1566/3098/655 1627/3159/655
f 1588/3172/655 1527/3111/655 1627/3159/655
f 1466/3050/655 1505/3037/655 1566/3098/655
f 1527/3111/655 1466/3050/655 1566/3098/655
f 1405/2989/655 1444/2976/655 1505/3037/655
f 1466/3050/655 1405/2989/655 1505/3037/655
f 1344/2928/655 1383/2915/655 1444/2976/655
f 1405/2989/655 1344/2928/655 1444/2976/655
f 1283/2867/655 1322/2854/655 1383/2915/655
f 1344/2928/655 1283/2867/655 1383/2915/655
f 1222/2806/655 1261/2793/655 1322/2854/655
f 1283/2867/655 1222/2806/655 1322/2854/655
f 1161/2745/655 1200/2732/655 1261/2793/655
f 1222/2806/655 1161/2745/655 1261/2793/655
f 1102/2684/655 1140/2671/655 1200/2732/655
f 1161/2745/655 1102/2684/655 1200/2732/655
f 1045/2623/655 1082/2610/655 1140/2671/655
f 1102/2684/655 1045/2623/655 1140/2671/655
f 989/2562/655 1025/2549/655 1082/2610/655
f 1045/2623/655 989/2562/655 1082/2610/655
f 935/2501/655 970/2488/655 1025/2549/655
f 989/2562/655 935/2501/655 1025/2549/655
f 882/2440/655 916/2427/655 970/2488/655
f 935/2501/655 882/2440/655 970/2488/655
f 831/2379/655 864/2366/655 916/2427/655
f 882/2440/655 831/2379/655 916/2427/655
f 781/2318/655 813/2305/655 864/2366/655
f 831/2379/655 781/2318/655 864/2366/655
f 733/2257/655 764/2244/655 813/2305/655
f 781/2318/655 733/2257/655 813/2305/655
f 686/2196/655 716/2183/655 764/2244/655
f 733/2257/655 686/2196/655 764/2244/655
f 641/2135/655 670/2122/655 716/2183/655
f 686/2196/655 641/2135/655 716/2183/655
f 597/2074/655 625/2061/655 670/2122/655
f 641/2135/655 597/2074/655 670/2122/655
f 555/2013/655 582/2000/655 625/2061/655
f 597/2074/655 555/2013/655 625/2061/655
f 514/1952/655 540/1939/655 582/2000/655
f 555/2013/655 514/1952/655 582/2000/655
f 475/1891/655 500/1878/655 540/1939/655
f 514/1952/655 475/1891/655 540/1939/655
f 438/1830/655 462/1817/655 500/1878/655
f 475/1891/655 438/1830/655 500/1878/655
f 402/1769/655 425/1756/655 462/1817/655
f 438/1830/655 402/1769/655 462/1817/655
f 368/1708/655 390/1695/655 425/1756/655
f 402/1769/655 368/1708/655 425/1756/655
f 335/1647/655 356/1634/655 390/1695/655
f 368/1708/655 335/1647/655 390/1695/655
f 304/1586/655 324/1573/655 356/1634/655
f 335/1647/655 304/1586/655 356/1634/655
f 274/1525/655 293/1512/655 324/1573/655
f 304/1586/655 274/1525/655 324/1573/655
f 246/1464/655 264/1451/655 293/1512/655
f 274/1525/655 246/1464/655 293/1512/655
f 219/1403/655 236/1390/655 264/1451/655
f 246/1464/655 219/1403/655 264/1451/655
f 194/1342/655 210/1329/655 236/1390/655
f 219/1403/655 194/1342/655 236/1390/655
f 170/1281/655 185/1268/655 210/1329/655
f 194/1342/655 170/1281/655 210/1329/655
f 148/1220/655 162/1207/655 185/1268/655
f 170/1281/655 148/1220/655 185/1268/655
f 127/1159/655 140/1146/655 162/1207/655
f 148/1220/655 127/1159/655 162/1207/655
f 108/1098/655 120/1085/655 140/1146/655
f 127/1159/655 108/1098/655 140/1146/655
f 91/1037/655 102/1024/655 120/1085/655
f 108/1098/655 91/1037/655 120/1085/655
f 75/976/655 85/963/655 102/1024/655
f 91/1037/655 75/976/655 102/1024/655
f 61/915/655 70/902/655 85/963/655
f 75/976/655 61/915/655 85/963/655
f 48/854/655 56/841/655 70/902/655
f 61/915/655 48/854/655 70/902/655
f 37/793/655 44/780/655 56/841/655
f 48/854/655 37/793/655 56/841/655
f 27/732/655 33/719/655 44/780/655
f 37/793/655 27/732/655 44/780/655
f 19/671/655 24/658/655 33/719/655
f 27/732/655 19/671/655 33/719/655
f 12/610/655 16/597/655 24/658/655
f 19/671/655 12/610/655 24/658/655
f 7/549/655 10/536/655 16/597/655
f 12/610/655 7/549/655 16/597/655
f 3/488/655 5/475/655 10/536/655
f 7/549/655 3/488/655 10/536/655
f 1/427/655 2/414/655 5/475/655
f 3/488/655 1/427/655 5/475/655
